id,email,prefix,first_name,last_name,specialization,description,profile_picture,documents,status,license_number,phone,reviewed_by,review_notes,approved_provider_id,created_at,updated_at
00736a65-0360-401f-a653-616c5377e5cd,ssanchez@example.org,NP,Tracy,Dalton,Radiology,Seeking to join as a Pulmonology specialist,https://example.com/applications/8bf4e39b-0b86-434d-8b3d-2dadfb24521e.jpg,"[""license_9556.pdf"", ""cv_6551.pdf""]",pending_approval,LIC404028,(442) 404-2113,,Under review,,2025-05-15T08:31:17.029803,2025-09-12T15:28:17.029917
460dde85-5079-4115-8933-82bacf0f86f8,hulllaurie@example.com,PA,Joshua,Reyes,Hematology,Seeking to join as a Dermatology specialist,https://example.com/applications/4eb410cc-390b-4a03-8646-dece33d4374b.jpg,"[""license_1426.pdf"", ""cv_1329.pdf""]",active,LIC212899,(971) 333-4003,admin_002,Under review,,2025-06-06T22:29:17.030924,2025-09-18T14:46:17.030945
73d86d6e-4d4c-4757-8c77-1bcb864fb320,lebrent@example.org,NP,Marissa,Green,Geriatrics,Seeking to join as a General Practice specialist,https://example.com/applications/eadc9f07-2946-4a73-ba28-092528d30c6d.jpg,"[""license_9402.pdf"", ""cv_9584.pdf""]",suspended,LIC629915,(440) 605-2063,admin_002,,,2025-08-04T02:03:17.031545,2025-08-18T16:47:17.031564
4a4c8c79-20d8-4a90-94b4-6dcee2b09149,williamsbelinda@example.com,MD,Laura,Wright,Hematology,Seeking to join as a Pulmonology specialist,https://example.com/applications/06b47892-b1c3-48c0-89b1-9d81c1e345db.jpg,"[""license_1154.pdf"", ""cv_4925.pdf""]",active,LIC370748,(505) 753-5274,admin_001,,,2025-03-31T10:49:17.032158,2025-09-18T02:16:17.032166
fa749291-5483-4d3b-ad8f-6563a0aa082c,charleschen@example.net,Prof.,Daniel,Lee,Gastroenterology,Seeking to join as a Oncology specialist,https://example.com/applications/ebd06746-4495-496d-8c48-7426221cf8d6.jpg,"[""license_4808.pdf"", ""cv_9203.pdf""]",suspended,LIC955627,(903) 416-4563,admin_001,,,2025-05-17T03:36:17.032536,2025-08-30T11:34:17.032543
a3771446-ffbc-4a2f-a274-0af249228d89,gabrielschultz@example.com,Dr.,Christopher,Thompson,General Practice,Seeking to join as a General Practice specialist,https://example.com/applications/c4402ff1-e8e7-4821-8756-cf0c8cc6cfe4.jpg,"[""license_5579.pdf"", ""cv_7306.pdf""]",pending_approval,LIC293460,(925) 652-9349,admin_001,Needs additional documentation,47d69d9a-f64f-4c51-a0c7-6f43fd3b9246,2025-06-14T00:26:17.032989,2025-09-14T17:56:17.032996
eb6fe730-b701-4d31-820b-46b284827591,whiteheadmatthew@example.com,MD,Matthew,Jones,Urology,Seeking to join as a Pediatrics specialist,https://example.com/applications/d4ff0716-4943-4b02-97b3-4d78bf3bdd70.jpg,"[""license_7290.pdf"", ""cv_9074.pdf""]",pending_approval,LIC451609,(661) 732-5911,admin_001,Approved,,2025-08-03T18:44:17.033306,2025-09-17T22:46:17.033314
f48adc75-8af6-4add-b33a-03808402b0f5,joseph33@example.net,DO,Elizabeth,Miller,Neurology,Seeking to join as a Cardiology specialist,https://example.com/applications/559deebc-4852-4f4e-ad91-620fea4f780a.jpg,"[""license_6844.pdf"", ""cv_9570.pdf""]",suspended,LIC615060,(470) 672-2619,admin_002,Under review,,2025-04-10T08:09:17.033546,2025-09-06T02:13:17.033553
650b5d3c-7e05-41ef-b0d8-660b1d1d7a6e,taylormatthew@example.net,MD,James,Myers,Endocrinology,Seeking to join as a Gastroenterology specialist,https://example.com/applications/f024d9e7-a8f6-4f0d-a3c1-6388597831ac.jpg,"[""license_5185.pdf"", ""cv_7242.pdf""]",inactive,LIC435562,(513) 825-7498,,Under review,,2025-06-06T16:43:17.036245,2025-09-10T06:27:17.036314
2a7275e5-c1f0-47ce-a7ed-2af9d9921af8,uhorton@example.net,MD,Lauren,Jones,Hematology,Seeking to join as a Endocrinology specialist,https://example.com/applications/2c3b9915-8985-4199-abe9-06ae6d82946c.jpg,"[""license_2871.pdf"", ""cv_4309.pdf""]",pending_approval,LIC367024,(623) 547-3924,admin_001,Needs additional documentation,e03bf336-5cf7-4e3e-ad45-4e5610c47d95,2025-04-11T11:36:17.036983,2025-09-09T23:26:17.036992
e7339daa-564a-477e-8a98-04b4233fa1f3,estradajessica@example.net,PA,Darryl,Lucas,Pediatrics,Seeking to join as a Rheumatology specialist,https://example.com/applications/c6af8c16-160b-4cd4-8259-7a5a8bf815a3.jpg,"[""license_2671.pdf"", ""cv_1809.pdf""]",inactive,LIC691853,(228) 867-1190,,Approved,,2025-04-29T05:20:17.037323,2025-08-26T09:25:17.037330
97e96396-2f3b-426a-8d07-c78629d1a64d,gregory49@example.org,Dr.,George,Brown,General Practice,Seeking to join as a Oncology specialist,https://example.com/applications/5f14632a-4922-4d82-b70b-aa111202ed20.jpg,"[""license_7382.pdf"", ""cv_5416.pdf""]",suspended,LIC705363,(865) 228-4095,,Approved,46cc7f57-bbc1-47a1-b9d9-800f25e248ef,2025-08-04T22:16:17.037574,2025-08-25T17:39:17.037581
59815474-5fb0-4f25-8ff9-fed63b85310b,daycurtis@example.com,NP,George,Olsen,Cardiology,Seeking to join as a Gastroenterology specialist,https://example.com/applications/ab3224b5-a69c-46e0-8a98-7465f7489e72.jpg,"[""license_2542.pdf"", ""cv_8349.pdf""]",suspended,LIC606443,(213) 383-3919,,Approved,,2025-08-14T21:29:17.037935,2025-09-11T17:51:17.037941
aaf44853-89b2-49e3-8bea-6a1bbecc5fc6,william41@example.com,DO,Ernest,Aguilar,Hematology,Seeking to join as a Gastroenterology specialist,https://example.com/applications/1d76dc9e-be65-4264-ac66-85cb62fe1dc0.jpg,"[""license_9731.pdf"", ""cv_4898.pdf""]",inactive,LIC151433,(502) 569-3703,,Approved,,2025-06-04T20:47:17.038173,2025-08-22T15:49:17.038177
9a7206b4-6ab9-4d28-a64b-8f4a1185c11c,heather69@example.net,Dr.,Adam,Miller,Pediatrics,Seeking to join as a General Practice specialist,https://example.com/applications/bb9eb5cc-3331-41b4-837f-a6595c5bf31b.jpg,"[""license_8948.pdf"", ""cv_9647.pdf""]",inactive,LIC858848,(229) 478-8560,admin_001,Approved,,2025-05-16T09:34:17.038402,2025-09-09T07:18:17.038406
2e555b6c-5318-4639-bfa2-368b8aceecf9,robertmoore@example.org,Dr.,Jake,Martinez,Pulmonology,Seeking to join as a Orthopedics specialist,https://example.com/applications/4c2e1141-5a88-4ec3-b52f-ea0087baf982.jpg,"[""license_8569.pdf"", ""cv_9719.pdf""]",inactive,LIC925732,(551) 256-8783,admin_002,Approved,570c3725-4665-42a8-8fef-3bf4668c4a94,2025-09-11T06:32:17.038714,2025-08-30T22:20:17.038720
f5d491f9-e920-48ae-992e-9a8009eb3f10,rodriguezkevin@example.org,DO,Maria,Hoover,Psychiatry,Seeking to join as a Dermatology specialist,https://example.com/applications/98bd5d53-79d7-4f7a-a46c-90de8edef24b.jpg,"[""license_2939.pdf"", ""cv_8542.pdf""]",active,LIC423451,(419) 994-2172,,Approved,,2025-04-22T02:11:17.039001,2025-08-27T09:15:17.039006
c7ef98fe-aa06-4662-ab6c-6a772b68b521,jacqueline69@example.net,PA,Edwin,Harvey,Endocrinology,Seeking to join as a Dermatology specialist,https://example.com/applications/1135fd1e-176a-4085-b8e7-84445a19ecbc.jpg,"[""license_9693.pdf"", ""cv_2889.pdf""]",pending_approval,LIC341449,(908) 667-9032,,Approved,dcba8c47-9b70-43da-9d2a-dd31f7370c51,2025-05-04T18:59:17.039228,2025-08-28T10:18:17.039233
2ca251c2-ab27-4cde-bb5b-d2c9a7e766cf,tcox@example.net,PA,William,Meyer,Pulmonology,Seeking to join as a Neurology specialist,https://example.com/applications/6a19519c-573e-4b9e-a8e7-7065104a19ce.jpg,"[""license_5056.pdf"", ""cv_9937.pdf""]",suspended,LIC507612,(301) 525-7277,,Needs additional documentation,,2025-07-27T14:27:17.039474,2025-08-30T04:21:17.039480
83a79578-9a96-478b-b27e-f64b58285bbe,zlopez@example.net,NP,Charles,Daniels,Geriatrics,Seeking to join as a Neurology specialist,https://example.com/applications/1deb4f1e-521c-445b-814c-11b4f414c4c8.jpg,"[""license_6563.pdf"", ""cv_6102.pdf""]",inactive,LIC198048,(970) 313-9000,,Approved,,2025-08-10T19:47:17.039723,2025-09-06T10:06:17.039727
07573014-2900-48e1-a27a-e061b94b3bd8,ueaton@example.net,PA,David,Bates,Hematology,Seeking to join as a Pediatrics specialist,https://example.com/applications/e1350fa1-7191-4944-a7d0-143f546893b1.jpg,"[""license_7301.pdf"", ""cv_5358.pdf""]",inactive,LIC142330,(650) 958-8796,admin_002,Approved,7ec46d42-53a6-4eec-861e-d85eb8c3d963,2025-07-21T13:48:17.039969,2025-08-23T22:44:17.039974
6c0d91df-9009-4503-a588-db37f1740423,sue91@example.com,Prof.,Stephanie,Gentry,General Practice,Seeking to join as a Pulmonology specialist,https://example.com/applications/42504334-d409-43cb-8ce9-d00f58f7afea.jpg,"[""license_5860.pdf"", ""cv_4311.pdf""]",inactive,LIC767374,(325) 346-8736,admin_001,,de55d323-4a30-4913-8a51-bed58d389c10,2025-07-02T11:06:17.040193,2025-08-18T20:37:17.040198
843e5429-d3a4-4fca-a341-f9611766ee10,castroanthony@example.org,PA,James,Hernandez,Geriatrics,Seeking to join as a Cardiology specialist,https://example.com/applications/f8c99303-e8a8-4ea4-b041-455ca7b78f60.jpg,"[""license_4378.pdf"", ""cv_3577.pdf""]",pending_approval,LIC638281,(214) 797-2297,admin_001,,,2025-06-12T22:52:17.040490,2025-09-16T00:59:17.040495
a9158dfc-bce7-41ee-8e02-6b90fa3762d3,nicole31@example.com,MD,Corey,Brown,Dermatology,Seeking to join as a Pulmonology specialist,https://example.com/applications/fbe4871a-534f-4a75-92ac-c7fc12e5065f.jpg,"[""license_8567.pdf"", ""cv_6012.pdf""]",pending_approval,LIC262538,(228) 372-4103,admin_001,Under review,,2025-08-01T02:34:17.040765,2025-09-06T00:25:17.040771
92e197df-c9b1-4b5c-bd7e-95cf93ac5664,paigeyoung@example.org,MD,Richard,Rich,Hematology,Seeking to join as a Radiology specialist,https://example.com/applications/b9efdad7-683f-4a8e-bba0-d0e98b12913b.jpg,"[""license_9886.pdf"", ""cv_2698.pdf""]",active,LIC105850,(419) 467-5240,admin_002,Under review,4deb4d99-7b90-478e-ac82-d543eeaa8ad2,2025-07-21T04:45:17.041129,2025-08-26T11:33:17.041136
10a7ce58-2fee-4d7b-9623-1fcc2f929059,acostadylan@example.net,Dr.,Amy,Villa,Oncology,Seeking to join as a Hematology specialist,https://example.com/applications/ad150c8b-6052-4717-be1a-625f1a5a8714.jpg,"[""license_3836.pdf"", ""cv_9834.pdf""]",pending_approval,LIC599559,(321) 795-8116,,Under review,,2025-07-20T10:14:17.041457,2025-09-04T23:53:17.041462
f0714d39-406a-4ede-a4e5-8210b6194f56,zthompson@example.com,DO,Nancy,Morse,Psychiatry,Seeking to join as a Rheumatology specialist,https://example.com/applications/a0034567-f2ec-4cff-9a89-0de980c6410a.jpg,"[""license_6957.pdf"", ""cv_1892.pdf""]",pending_approval,LIC274460,(914) 512-9242,,Under review,412172fc-7d69-4e85-8bb6-1595ba3f7b8f,2025-06-29T19:22:17.041710,2025-08-18T20:59:17.041715
89e7213d-1773-4bcb-820d-fe21e4a4107a,alejandrotaylor@example.org,Dr.,Martha,Soto,Orthopedics,Seeking to join as a Rheumatology specialist,https://example.com/applications/1211116c-8520-4ac0-979a-633ed7f04a45.jpg,"[""license_5482.pdf"", ""cv_1143.pdf""]",pending_approval,LIC187691,(445) 247-3895,admin_001,Needs additional documentation,e2db7c7d-f140-4aaf-a64e-3cc2ed36bdb2,2025-05-21T08:32:17.041997,2025-09-01T08:37:17.042002
00c8af67-da02-4fe6-9287-eb6ea16c302a,erik86@example.com,DO,Sharon,Ponce,Hematology,Seeking to join as a Gastroenterology specialist,https://example.com/applications/07ab7684-2ef0-4f6b-b113-cd53de11a14e.jpg,"[""license_3033.pdf"", ""cv_9940.pdf""]",active,LIC594678,(935) 443-3067,admin_001,Needs additional documentation,993fccee-3328-4a13-b488-6bfe4ae2abc8,2025-04-18T05:29:17.042221,2025-09-05T22:22:17.042226
bd2c8550-35c1-405e-888f-b727c9eec95a,tcruz@example.org,PA,Lauren,Li,Geriatrics,Seeking to join as a Psychiatry specialist,https://example.com/applications/b3d81b1d-c28a-44d2-a5bc-152426ef029f.jpg,"[""license_4826.pdf"", ""cv_8905.pdf""]",inactive,LIC559650,(410) 669-1456,admin_002,Under review,3ad9d6da-b6d8-4c24-a67d-cee7d72ef8ef,2025-05-08T08:07:17.042478,2025-08-25T10:30:17.042483
974820da-6fa6-4ee8-a39f-e54177ff070b,bbowman@example.net,DO,Christine,Dennis,Orthopedics,Seeking to join as a Oncology specialist,https://example.com/applications/82fb57d4-4bee-4c06-81ac-130deb76191c.jpg,"[""license_3738.pdf"", ""cv_8020.pdf""]",pending_approval,LIC977847,(320) 223-5532,admin_001,Under review,ba7ee900-fd41-46b0-88cf-6a60d06e8ced,2025-03-21T23:19:17.042730,2025-08-22T08:01:17.042736
020d6973-0331-4bc0-9e7f-81f2059a3c8f,matajaclyn@example.com,DO,Randall,Harrison,Dermatology,Seeking to join as a General Practice specialist,https://example.com/applications/1f6f38e8-3cf9-43c3-9791-07bfa0b5c278.jpg,"[""license_4694.pdf"", ""cv_2417.pdf""]",pending_approval,LIC470971,(601) 839-3771,admin_001,Under review,,2025-08-24T10:54:17.043034,2025-09-11T09:29:17.043039
6d2bea9a-c995-47ad-aea1-bd281519ed9b,colematthew@example.com,Dr.,Tommy,Anderson,Pulmonology,Seeking to join as a Cardiology specialist,https://example.com/applications/4c095c64-9725-4a15-90c0-ba9cf61dc642.jpg,"[""license_5206.pdf"", ""cv_4163.pdf""]",suspended,LIC966466,(425) 560-9085,admin_002,Under review,,2025-06-22T02:52:17.043328,2025-09-01T16:33:17.043333
278de282-5be5-40bc-987c-df40973eb6f3,marissahale@example.com,NP,Megan,Williams,Dermatology,Seeking to join as a Hematology specialist,https://example.com/applications/b177f51b-8091-4cbf-9dc3-9bd34db89d15.jpg,"[""license_7202.pdf"", ""cv_1453.pdf""]",pending_approval,LIC223232,(858) 260-1687,admin_002,Under review,,2025-06-15T15:17:17.043638,2025-08-30T13:44:17.043650
d73fbbc3-ccd6-419a-b249-ff3f61423b2b,jlevy@example.com,Dr.,Melissa,Smith,Orthopedics,Seeking to join as a Rheumatology specialist,https://example.com/applications/65a0131b-9df8-47e6-a02c-87b49cadec61.jpg,"[""license_6785.pdf"", ""cv_4675.pdf""]",suspended,LIC742681,(734) 549-1784,,Approved,,2025-03-30T13:43:17.043901,2025-08-25T09:30:17.043906
faae64ee-421d-45ed-a6ab-388c84b87988,melvinwhite@example.com,MD,Lauren,Brock,General Practice,Seeking to join as a Orthopedics specialist,https://example.com/applications/ed60e3cb-27f9-41da-bc7d-3f2a5f22be69.jpg,"[""license_8258.pdf"", ""cv_7674.pdf""]",inactive,LIC872346,(940) 312-7423,,Needs additional documentation,,2025-06-07T13:59:17.044194,2025-08-24T12:50:17.044199
2b95b79a-480c-4f9a-a3f7-4da1eb2de11d,brittneywashington@example.com,Dr.,Keith,Brown,Urology,Seeking to join as a Geriatrics specialist,https://example.com/applications/017d7ee3-8da7-497a-85bc-c2f0c6e197ee.jpg,"[""license_9896.pdf"", ""cv_5036.pdf""]",pending_approval,LIC998090,(810) 318-8996,admin_001,Needs additional documentation,,2025-05-25T21:34:17.044521,2025-09-14T09:49:17.044526
ca738c39-2a54-4bca-a8e0-c8859e352f22,beverlyflores@example.org,Dr.,Karen,Ashley,Oncology,Seeking to join as a Psychiatry specialist,https://example.com/applications/d9d200e1-e4fa-48a1-ac99-d7aeafbd9fea.jpg,"[""license_9774.pdf"", ""cv_6181.pdf""]",active,LIC219421,(940) 223-7102,admin_002,Approved,,2025-06-12T21:34:17.044850,2025-08-20T18:48:17.044855
b15fb6ff-013d-4273-9859-380204aa0465,lauradixon@example.org,Prof.,Jeffrey,Sandoval,Hematology,Seeking to join as a Rheumatology specialist,https://example.com/applications/eb57568f-0bbc-4b42-a92b-9cd145677d36.jpg,"[""license_2063.pdf"", ""cv_7662.pdf""]",suspended,LIC916587,(917) 966-2642,admin_001,Approved,,2025-08-22T01:47:17.045160,2025-09-07T06:27:17.045164
eefcd7d2-44e4-4d7a-8c0d-65707ad3d60e,kimberlystevens@example.net,Dr.,Rebecca,Wong,Orthopedics,Seeking to join as a Oncology specialist,https://example.com/applications/325f97b0-2604-4b7a-a191-46c88eac4cfd.jpg,"[""license_1120.pdf"", ""cv_1313.pdf""]",suspended,LIC195875,(657) 433-4886,,Approved,7ec46d42-53a6-4eec-861e-d85eb8c3d963,2025-05-21T04:02:17.045447,2025-08-29T01:58:17.045451
bc121c63-0105-4274-b491-cf8d9bb527cf,hilldebra@example.org,PA,Ronald,Smith,General Practice,Seeking to join as a Endocrinology specialist,https://example.com/applications/c3b7476e-72ae-4ddf-b6e4-0cc989e6e189.jpg,"[""license_3223.pdf"", ""cv_5542.pdf""]",pending_approval,LIC167889,(607) 492-8781,admin_001,Needs additional documentation,,2025-07-16T18:24:17.045738,2025-09-14T02:30:17.045743
2cce5587-e2e3-4e55-be16-3bb32fab78d3,christianmendez@example.com,Dr.,Michael,Sloan,Urology,Seeking to join as a Pediatrics specialist,https://example.com/applications/b0819f93-24a8-4daf-82e7-99111d4c949d.jpg,"[""license_2832.pdf"", ""cv_2044.pdf""]",suspended,LIC411609,(442) 895-3209,admin_002,,,2025-08-29T06:33:17.046030,2025-09-15T18:42:17.046034
a3413551-3376-49d3-9392-933f58dde4d5,swansonerin@example.net,Prof.,Beth,Jones,Urology,Seeking to join as a Cardiology specialist,https://example.com/applications/61f5b5cf-d4f5-43b4-ad4b-c2aa04e91cf0.jpg,"[""license_8943.pdf"", ""cv_9193.pdf""]",pending_approval,LIC681083,(330) 863-1257,,Under review,,2025-06-14T14:04:17.046321,2025-09-05T23:30:17.046325
b253aa24-c6d2-4fd2-940b-230ba5679452,lucasedwards@example.com,NP,Jacob,Miller,Dermatology,Seeking to join as a Pulmonology specialist,https://example.com/applications/4fa85260-4bb1-4442-bfa5-22e858619519.jpg,"[""license_9377.pdf"", ""cv_8954.pdf""]",inactive,LIC322602,(319) 369-8635,admin_001,Approved,efea1502-98c7-4dbc-b34d-bcfc32f05568,2025-08-13T17:07:17.046615,2025-08-27T06:32:17.046624
182e896c-69ff-49e0-b0ac-98e538dd4627,plucero@example.org,PA,Jennifer,Reed,Hematology,Seeking to join as a Gastroenterology specialist,https://example.com/applications/f8b4a9b1-cd56-4da3-9324-222c0c381be0.jpg,"[""license_9548.pdf"", ""cv_5646.pdf""]",inactive,LIC699498,(606) 465-3408,admin_001,Needs additional documentation,296f9f52-6b6c-4aac-951b-7f8ad7777153,2025-08-07T21:49:17.046870,2025-09-03T12:19:17.046875
2da84034-1bf9-4724-87a4-d74a95ea1fe2,ashley99@example.net,DO,Tyler,Brooks,Pediatrics,Seeking to join as a Cardiology specialist,https://example.com/applications/99e64267-1cb9-4ad4-bd79-ffb176f2d72e.jpg,"[""license_3249.pdf"", ""cv_1849.pdf""]",pending_approval,LIC554029,(706) 971-3560,admin_002,Needs additional documentation,6da1b86b-fdc0-47fd-82e7-767e83b2d8bf,2025-05-30T01:49:17.047094,2025-08-27T01:25:17.047099
95f0b2fb-181a-499d-9d30-45d8d50eefda,stephen86@example.net,NP,Laura,Ross,Orthopedics,Seeking to join as a Hematology specialist,https://example.com/applications/34ff409d-963a-4eea-a520-50fcae24dc3d.jpg,"[""license_6886.pdf"", ""cv_4378.pdf""]",inactive,LIC967870,(240) 951-5177,admin_001,Approved,4711cd5d-fd30-4511-8449-442b529788c4,2025-07-29T17:55:17.047323,2025-08-23T10:11:17.047328
390ccce8-ec45-484a-bcf3-414e4fd7bb82,youngsarah@example.com,Prof.,Susan,Martinez,Pediatrics,Seeking to join as a Pulmonology specialist,https://example.com/applications/0f265f8b-d3e2-443d-a0a5-28842bbb981b.jpg,"[""license_8982.pdf"", ""cv_5872.pdf""]",inactive,LIC361616,(307) 799-6466,,,,2025-06-14T14:11:17.047616,2025-08-25T12:15:17.047621
838d3332-63a8-48b6-b10d-f9f031d25400,andrea54@example.net,MD,Rhonda,Howard,Neurology,Seeking to join as a Oncology specialist,https://example.com/applications/3678136d-237c-4cc9-aa7d-8aca369bc412.jpg,"[""license_1836.pdf"", ""cv_4404.pdf""]",active,LIC568114,(909) 817-2234,,Needs additional documentation,,2025-04-02T06:47:17.047839,2025-08-21T03:18:17.047844
f64ae6d5-7acb-4265-ace4-3b81a27f67b3,matthew33@example.net,Prof.,George,Mccullough,Pulmonology,Seeking to join as a Neurology specialist,https://example.com/applications/d0bd363a-5434-4f4c-b059-b8c850acd5d6.jpg,"[""license_9489.pdf"", ""cv_5493.pdf""]",suspended,LIC316389,(442) 584-7081,,Under review,,2025-08-24T17:56:17.048061,2025-08-19T02:31:17.048066
f37c902b-c904-44f4-aab7-3630788cbc76,bellcole@example.com,Prof.,Austin,Murphy,Cardiology,Seeking to join as a Cardiology specialist,https://example.com/applications/812be0c2-53c3-42a9-b13f-eda62a5dfa10.jpg,"[""license_4346.pdf"", ""cv_4892.pdf""]",active,LIC889078,(616) 516-3628,admin_002,Approved,,2025-07-09T07:37:17.048354,2025-08-31T00:21:17.048359
16bc15c0-8f9c-4d39-bf54-6e9104d1644a,mccalljane@example.org,NP,Jared,Barker,Dermatology,Seeking to join as a Orthopedics specialist,https://example.com/applications/5e23e3c0-b5b7-49c1-8f43-15ce33ad8b05.jpg,"[""license_3825.pdf"", ""cv_4313.pdf""]",active,LIC735930,(713) 878-6221,,Needs additional documentation,,2025-08-02T22:02:17.048653,2025-09-15T08:09:17.048658
22ad8559-0426-47b3-aa33-7bc265060b8e,matthew36@example.org,PA,Anthony,Jenkins,Geriatrics,Seeking to join as a Rheumatology specialist,https://example.com/applications/b5a361eb-50ac-4389-8676-7d30e8d28f14.jpg,"[""license_4008.pdf"", ""cv_4938.pdf""]",suspended,LIC966099,(737) 269-2734,admin_002,Approved,,2025-05-29T19:18:17.048879,2025-08-19T01:54:17.048884
989d2820-10a5-40e1-a24a-76934cec4cda,bendermatthew@example.org,PA,Richard,Kelly,Radiology,Seeking to join as a General Practice specialist,https://example.com/applications/ef9d3669-fd31-41f4-84ec-878c9849243e.jpg,"[""license_4222.pdf"", ""cv_4844.pdf""]",active,LIC656697,(380) 934-9493,,Needs additional documentation,cde37865-432a-4826-8c66-f32e9b0b5cad,2025-08-15T20:06:17.049182,2025-09-14T23:20:17.049187
873844b1-2c3d-49e9-80a7-f061b688350a,jandrade@example.org,NP,Johnathan,Henry,Psychiatry,Seeking to join as a Dermatology specialist,https://example.com/applications/610e3dc9-796e-4141-9d95-6380fc19c3a3.jpg,"[""license_2345.pdf"", ""cv_6477.pdf""]",active,LIC208377,(901) 609-4711,admin_001,Needs additional documentation,,2025-08-16T14:45:17.049432,2025-08-22T02:28:17.049438
a990b2a9-4d17-4643-809d-3747746e83e6,ybridges@example.com,NP,John,Taylor,Neurology,Seeking to join as a Neurology specialist,https://example.com/applications/e1383a26-24b1-4140-b852-e51097433d37.jpg,"[""license_4665.pdf"", ""cv_7689.pdf""]",inactive,LIC649301,(650) 284-9182,admin_001,,,2025-04-24T12:11:17.049688,2025-09-06T22:18:17.049710
9a904dc1-2b50-48e6-91f9-8f2d31226fa6,nicolemckenzie@example.org,PA,Miranda,Rosario,Pediatrics,Seeking to join as a Endocrinology specialist,https://example.com/applications/d4126aff-5f01-4ab9-8ffc-bd79004fe76c.jpg,"[""license_6129.pdf"", ""cv_4809.pdf""]",inactive,LIC753537,(308) 204-3820,admin_002,Approved,,2025-09-05T19:56:17.050093,2025-09-13T12:03:17.050100
bfc9ccf5-6928-4272-a4b5-4d6c28a36c58,taylorchristopher@example.org,MD,Jay,Petersen,Oncology,Seeking to join as a Radiology specialist,https://example.com/applications/fb900470-89ef-4cfb-a7bf-31ad5333d6f9.jpg,"[""license_2181.pdf"", ""cv_5601.pdf""]",suspended,LIC514560,(980) 947-6324,,Approved,,2025-06-29T17:21:17.050409,2025-09-03T18:23:17.050414
f836b1e4-b570-40ce-ab3e-268ffb94fe33,michaelvalencia@example.net,PA,Olivia,Marks,Endocrinology,Seeking to join as a Neurology specialist,https://example.com/applications/ea2aeb0a-c5df-4d67-b7b2-908141617cc4.jpg,"[""license_9508.pdf"", ""cv_2655.pdf""]",suspended,LIC166289,(715) 244-6740,,,6ef2b98b-deaa-43dc-a865-2e3325fa3787,2025-07-05T04:06:17.050726,2025-09-15T05:35:17.050732
d97c5a23-dbc7-4208-9e92-b14b6f7abf89,natalie11@example.org,PA,Scott,Fleming,Pediatrics,Seeking to join as a Orthopedics specialist,https://example.com/applications/b7eb5ce2-34d9-43ca-bc3d-2e63996ef5cf.jpg,"[""license_1979.pdf"", ""cv_5356.pdf""]",inactive,LIC119320,(810) 231-6824,admin_001,Under review,54705067-9223-4f5a-b893-3c0d28eafcd1,2025-05-16T11:51:17.050955,2025-08-25T07:16:17.050960
6c50a0f2-7091-4aa2-a7cc-bd35870274d9,fsanchez@example.org,PA,Scott,Stewart,Endocrinology,Seeking to join as a General Practice specialist,https://example.com/applications/2d5a10c5-8b89-4014-b6fe-965620e356c1.jpg,"[""license_7402.pdf"", ""cv_9565.pdf""]",pending_approval,LIC777286,(562) 440-8015,,Needs additional documentation,,2025-08-27T14:55:17.051202,2025-09-14T11:31:17.051207
3d507add-e5ff-4071-a06c-d97e7b83e422,johntravis@example.org,PA,Chad,Torres,Orthopedics,Seeking to join as a Endocrinology specialist,https://example.com/applications/6af82b9e-7fa4-4bd5-a02d-bf6f92db1d1d.jpg,"[""license_3096.pdf"", ""cv_5006.pdf""]",active,LIC622706,(213) 220-8980,,Under review,,2025-08-23T12:16:17.051502,2025-08-22T00:32:17.051507
14ff4384-0ffa-4d8c-a2ad-00490534a950,terribrown@example.com,Dr.,Wendy,Gordon,Neurology,Seeking to join as a Orthopedics specialist,https://example.com/applications/1322af10-62f3-4c79-8c41-abb8624eea09.jpg,"[""license_7198.pdf"", ""cv_2793.pdf""]",active,LIC871983,(380) 938-1057,admin_002,Approved,,2025-08-30T05:07:17.051806,2025-08-30T09:03:17.051811
1db124f5-7e58-473e-9448-cd1a8db6fd68,emily00@example.org,Dr.,Jessica,Cook,Pulmonology,Seeking to join as a Radiology specialist,https://example.com/applications/d1612e55-16ac-405d-bcbe-034076008d4a.jpg,"[""license_8596.pdf"", ""cv_6518.pdf""]",inactive,LIC719167,(316) 414-2347,,Needs additional documentation,2a2e66fa-7a9a-4bb2-a91c-31eec13fe2c0,2025-05-13T02:40:17.052042,2025-08-23T21:39:17.052047
fd9e3e8d-d793-4cc0-9b7f-0e48bdbcaa15,sanchezrobert@example.net,Prof.,Lisa,Patel,General Practice,Seeking to join as a Hematology specialist,https://example.com/applications/f4244d28-38e5-49d8-a882-d68cbc372cf3.jpg,"[""license_4447.pdf"", ""cv_2349.pdf""]",inactive,LIC459702,(715) 262-7182,admin_002,,4679723b-46ae-4a20-9f14-cd884165a798,2025-06-25T23:18:17.052351,2025-09-03T19:20:17.052357
134886cf-07fd-41eb-9811-ff26f13cfee4,hardindavid@example.net,Dr.,Stephanie,Espinoza,Oncology,Seeking to join as a Orthopedics specialist,https://example.com/applications/267be813-5253-47d0-baa0-9c02ea555475.jpg,"[""license_1883.pdf"", ""cv_8540.pdf""]",suspended,LIC647454,(409) 821-1295,admin_002,,,2025-06-03T15:56:17.052681,2025-09-12T10:38:17.052687
b8c95e65-c2b6-451f-8530-1d7dac056620,andrew17@example.org,MD,Eric,Jones,Rheumatology,Seeking to join as a Pediatrics specialist,https://example.com/applications/c9ab5a8e-555a-432f-a973-ccd37ec90f43.jpg,"[""license_2048.pdf"", ""cv_1683.pdf""]",pending_approval,LIC287158,(320) 773-3962,admin_001,Under review,,2025-07-29T11:06:17.052909,2025-09-09T15:23:17.052914
9be4254c-e489-4531-b36a-d606658d10b8,obrown@example.net,MD,Dennis,Green,Rheumatology,Seeking to join as a Dermatology specialist,https://example.com/applications/0237c66c-2157-4bbf-8d61-1559705cd63e.jpg,"[""license_5337.pdf"", ""cv_4383.pdf""]",pending_approval,LIC569063,(636) 497-2209,,Needs additional documentation,,2025-04-29T13:00:17.053155,2025-09-07T19:08:17.053159
3e3fdd59-8530-4cfc-838a-56af336e84b5,isaiahbrown@example.net,Dr.,Thomas,Griffin,Endocrinology,Seeking to join as a Radiology specialist,https://example.com/applications/e09a8b3f-6b50-4499-a3c3-e9aca2d0b447.jpg,"[""license_1261.pdf"", ""cv_9049.pdf""]",suspended,LIC739127,(973) 311-6884,admin_002,Needs additional documentation,,2025-07-22T14:06:17.053458,2025-08-26T22:11:17.053464
b24d6745-6d0c-4ee3-8fe2-ec607e446fbe,clarkdavid@example.org,Prof.,Catherine,Mendoza,Rheumatology,Seeking to join as a Oncology specialist,https://example.com/applications/9c598343-bb7d-4785-85e6-766a73cbec2b.jpg,"[""license_1582.pdf"", ""cv_9304.pdf""]",suspended,LIC564597,(430) 370-5064,admin_001,,842cf48a-4ab5-4f1c-bc4d-d264a3097224,2025-04-21T16:13:17.053764,2025-09-01T15:03:17.053769
9d5ec473-228e-4218-9550-77bb197b12c7,uscott@example.org,DO,Joshua,Newman,Urology,Seeking to join as a Endocrinology specialist,https://example.com/applications/838e021b-b117-4ffe-b849-68e2b8341d45.jpg,"[""license_4119.pdf"", ""cv_6769.pdf""]",inactive,LIC147854,(225) 269-5590,,Needs additional documentation,,2025-05-11T08:53:17.054013,2025-08-31T02:48:17.054018
80a78ece-4c79-4be4-a34d-70da5a5d5b5b,jenkinscarl@example.org,MD,Kristopher,Anderson,Urology,Seeking to join as a Geriatrics specialist,https://example.com/applications/ba49cc1c-8c15-4f97-80a7-961ff74ac7ad.jpg,"[""license_9659.pdf"", ""cv_5015.pdf""]",active,LIC341171,(505) 330-6232,,Under review,13fa5f66-c1e2-4319-8013-fe01512ae032,2025-07-07T10:27:17.054315,2025-08-29T11:49:17.054320
c609b39c-bc45-4744-8db1-0a4294ffa12d,asmith@example.net,DO,Linda,Phillips,Orthopedics,Seeking to join as a Gastroenterology specialist,https://example.com/applications/523ab710-995c-4383-be3a-f6bb8b44fd1a.jpg,"[""license_5558.pdf"", ""cv_7438.pdf""]",pending_approval,LIC163199,(608) 699-6418,admin_002,Approved,,2025-07-17T23:24:17.054567,2025-09-07T04:55:17.054572
82457549-9606-4d3c-abe2-d765747921f8,matthewcook@example.net,NP,Kelly,Gonzalez,Cardiology,Seeking to join as a Endocrinology specialist,https://example.com/applications/d0d00e88-cfe2-477d-9bef-9fb6bf6ccac7.jpg,"[""license_1064.pdf"", ""cv_6086.pdf""]",pending_approval,LIC620650,(940) 968-7176,admin_002,Approved,,2025-07-28T03:11:17.054925,2025-09-10T04:51:17.054932
03ae8097-e3f5-4d89-93be-408931f3f21a,lekathleen@example.org,NP,Spencer,Turner,Psychiatry,Seeking to join as a Orthopedics specialist,https://example.com/applications/c91eb0d5-76ad-411b-b7a2-00e9703efed5.jpg,"[""license_7665.pdf"", ""cv_6253.pdf""]",suspended,LIC182078,(406) 213-9407,admin_002,,5b13bed1-dd0f-40e0-84e9-cf267b6cf1df,2025-08-23T08:26:17.055239,2025-09-04T02:56:17.055245
b19703c3-855d-4226-bb47-6f4cdb391015,candicehoward@example.net,PA,Gabrielle,Anderson,Urology,Seeking to join as a Rheumatology specialist,https://example.com/applications/53eafcd8-e5d2-4ba1-ba7c-735a843b28cf.jpg,"[""license_4349.pdf"", ""cv_1699.pdf""]",active,LIC619954,(628) 528-7107,,,,2025-07-09T04:15:17.055548,2025-09-04T04:07:17.055553
c9b4b0ce-6cd7-4667-8793-5c544e0152d9,xgray@example.org,NP,Steven,Sandoval,Rheumatology,Seeking to join as a Psychiatry specialist,https://example.com/applications/9b29cf80-d680-48e4-9e75-d099b67cb050.jpg,"[""license_7266.pdf"", ""cv_2260.pdf""]",inactive,LIC955854,(262) 832-5190,admin_002,Under review,,2025-07-20T03:11:17.055805,2025-09-03T20:42:17.055811
971d2b0b-048c-476c-9d3b-ebd68c0795bb,despinoza@example.com,MD,Jennifer,Owen,Dermatology,Seeking to join as a Pediatrics specialist,https://example.com/applications/f19a3277-8d4d-443c-94d8-e53440d6d9f2.jpg,"[""license_9564.pdf"", ""cv_4725.pdf""]",suspended,LIC683635,(216) 351-8976,admin_002,Needs additional documentation,,2025-07-29T18:26:17.056062,2025-08-26T00:14:17.056067
26286dfe-2178-4a2f-a7b6-e8b33fef4a76,michelle38@example.com,MD,Rodney,Moss,Rheumatology,Seeking to join as a Psychiatry specialist,https://example.com/applications/0a3c1124-72e1-4d06-bbff-714ade5e5e20.jpg,"[""license_4141.pdf"", ""cv_2924.pdf""]",suspended,LIC121383,(564) 868-2430,,Under review,,2025-03-30T19:39:17.056295,2025-09-11T11:04:17.056301
c258457c-03e8-4b37-b2af-c3293f85c0ea,catherinemiller@example.net,PA,Steven,Jones,Endocrinology,Seeking to join as a Psychiatry specialist,https://example.com/applications/c6207ddd-3656-4895-ba78-23ddc28eb7be.jpg,"[""license_4049.pdf"", ""cv_1056.pdf""]",suspended,LIC976470,(219) 610-5585,,Approved,b885f00f-d46e-47ea-96e0-335877e7ed95,2025-04-16T15:08:17.056602,2025-09-01T15:31:17.056607
e22c5121-ca96-459b-921d-c35615aabcf0,bobbyhunter@example.org,MD,Jeffrey,Bryant,Neurology,Seeking to join as a Pulmonology specialist,https://example.com/applications/b0e4d60e-ca07-4e67-9a0f-9761ecccf2f0.jpg,"[""license_1121.pdf"", ""cv_5253.pdf""]",inactive,LIC917290,(636) 286-8096,admin_002,,4da35b8c-8048-4a67-a0df-dd614b9f8865,2025-05-08T01:22:17.056918,2025-09-04T23:39:17.056923
b49989d8-1e46-40c3-ba13-5f183798ae76,luis86@example.net,Dr.,Benjamin,Ward,Cardiology,Seeking to join as a Pediatrics specialist,https://example.com/applications/37289b12-0021-40fb-be87-392d4c0275a5.jpg,"[""license_1856.pdf"", ""cv_7001.pdf""]",suspended,LIC558293,(351) 613-2799,admin_001,Approved,,2025-08-25T13:52:17.057161,2025-08-26T16:57:17.057166
90453cf2-c91b-4ae4-b5fc-b6b65edef394,oclayton@example.com,DO,Lindsey,Miller,Pulmonology,Seeking to join as a Endocrinology specialist,https://example.com/applications/9f9da9e3-ef82-4808-92a1-fa84bbb3ce25.jpg,"[""license_4612.pdf"", ""cv_5152.pdf""]",suspended,LIC647005,(930) 382-4009,admin_001,Under review,58c4027e-5013-4f36-8277-f28ab692fabe,2025-04-22T14:27:17.057417,2025-09-15T01:45:17.057422
757233aa-1220-492b-bda7-41ca4aa801f5,jimenezterri@example.net,DO,Daniel,Peters,Dermatology,Seeking to join as a General Practice specialist,https://example.com/applications/3bff91b0-a91c-4799-817b-7db5e95dcb45.jpg,"[""license_3607.pdf"", ""cv_3734.pdf""]",inactive,LIC794528,(551) 484-5342,admin_002,Needs additional documentation,,2025-06-23T09:59:17.057741,2025-08-24T04:41:17.057746
6520bca4-b162-4d1f-b7b0-0cd246834811,wrightcynthia@example.org,NP,Richard,Collins,Orthopedics,Seeking to join as a Neurology specialist,https://example.com/applications/494f73fa-74ce-47d1-ab0b-4e4afba8814a.jpg,"[""license_3557.pdf"", ""cv_2455.pdf""]",suspended,LIC204608,(612) 883-9949,admin_002,Needs additional documentation,,2025-07-06T12:11:17.058048,2025-08-25T15:55:17.058054
c3899a37-ec55-4df4-b5c1-ae6cc8d506e8,william93@example.net,PA,Michael,Washington,Hematology,Seeking to join as a General Practice specialist,https://example.com/applications/068a52e3-d916-40d3-9e93-01dce8d43c8d.jpg,"[""license_2569.pdf"", ""cv_4076.pdf""]",suspended,LIC530947,(404) 937-2926,admin_001,Approved,402aac06-b115-4033-8021-9794a32999f0,2025-05-10T17:37:17.058302,2025-08-19T02:01:17.058307
84bec301-8c7e-4fbc-9fff-387f07f73fa6,john62@example.org,MD,Daniel,Rollins,General Practice,Seeking to join as a General Practice specialist,https://example.com/applications/43cc06d3-4943-4722-af74-16f84e5f782e.jpg,"[""license_4872.pdf"", ""cv_7548.pdf""]",active,LIC739963,(734) 395-4654,,,,2025-05-21T00:53:17.058555,2025-08-23T23:23:17.058560
0b4b1b49-a73d-4405-8d38-611b05c220f9,carolyn39@example.org,Dr.,Michael,Ramirez,Pulmonology,Seeking to join as a Dermatology specialist,https://example.com/applications/ff4069f0-1d42-4938-b6d3-6078a9d9aae7.jpg,"[""license_2194.pdf"", ""cv_4574.pdf""]",active,LIC775506,(971) 485-5421,admin_002,Needs additional documentation,e3166c94-ae56-4f97-9a4b-52309588e468,2025-09-17T04:24:17.058878,2025-08-21T17:51:17.058885
2ba92579-d8bd-4c7a-8079-4582f4ace9a1,johnathan63@example.net,Prof.,Shane,Craig,Cardiology,Seeking to join as a Oncology specialist,https://example.com/applications/3f11cf2d-9a3d-478e-a499-21aa7d92649a.jpg,"[""license_7651.pdf"", ""cv_7212.pdf""]",suspended,LIC983763,(715) 385-5452,,Under review,0e6419cc-f8f8-4db2-9384-bc256905cdc6,2025-04-15T05:49:17.059188,2025-09-15T10:46:17.059196
06107a03-ed28-4b9b-9d14-b39d6ab49cc1,dsmith@example.net,Prof.,Lee,Fisher,Radiology,Seeking to join as a Gastroenterology specialist,https://example.com/applications/590de0c6-dd6f-458d-bd0e-3b02f6bbf56d.jpg,"[""license_6783.pdf"", ""cv_6235.pdf""]",active,LIC691644,(225) 742-9638,admin_001,Under review,fd8475c7-56cb-42f3-b3da-b75cfd06bdfe,2025-05-27T03:53:17.059576,2025-08-26T17:53:17.059584
d20c41c8-ff94-476e-9c5c-938e8510c8dc,james84@example.org,Dr.,Taylor,Reid,Endocrinology,Seeking to join as a Dermatology specialist,https://example.com/applications/acdc42af-331f-4ce7-87bd-0f2f79bac8d4.jpg,"[""license_3214.pdf"", ""cv_1644.pdf""]",pending_approval,LIC264839,(305) 253-2383,admin_002,Under review,,2025-03-29T08:46:17.059821,2025-08-24T19:04:17.059826
ccac2d36-9fb5-4d15-b2d1-e70c329fc01d,faith55@example.org,NP,Brian,Woodard,Endocrinology,Seeking to join as a Neurology specialist,https://example.com/applications/8e093331-0bab-4b31-b814-0e0e49f6a84e.jpg,"[""license_7883.pdf"", ""cv_2835.pdf""]",active,LIC644557,(912) 603-3470,admin_002,Under review,f567ebce-3316-45c4-9d1d-bbae98b11f89,2025-06-02T13:21:17.060058,2025-09-01T21:48:17.060063
c2e79cc9-dc8b-459a-bdac-ffaa30fa8e18,colesheila@example.net,DO,Emily,Adams,Cardiology,Seeking to join as a Oncology specialist,https://example.com/applications/65431dc6-8475-4f91-a1fd-226ce7813295.jpg,"[""license_8131.pdf"", ""cv_8411.pdf""]",active,LIC398360,(631) 870-3247,admin_002,Approved,,2025-07-15T10:03:17.060369,2025-09-03T02:32:17.060375
294fd881-bcb4-4ba4-a219-ffb8bf196cd0,gmcdonald@example.net,Prof.,Jean,Byrd,Neurology,Seeking to join as a Psychiatry specialist,https://example.com/applications/fe045a38-5d3c-4f67-a473-f4fc49642d3b.jpg,"[""license_5471.pdf"", ""cv_9513.pdf""]",pending_approval,LIC569420,(606) 320-2589,admin_002,Needs additional documentation,,2025-05-27T19:11:17.060639,2025-09-05T21:00:17.060644
9a97f955-7a27-4c9a-b527-08f49f0ec339,dawnmerritt@example.org,NP,Amanda,Lang,Hematology,Seeking to join as a Radiology specialist,https://example.com/applications/d840965a-bcf5-447d-ad07-5269e18c3e88.jpg,"[""license_3832.pdf"", ""cv_2905.pdf""]",inactive,LIC890320,(774) 321-8864,,,,2025-05-20T21:27:17.060992,2025-08-22T04:56:17.060999
c826b5a9-4429-41d1-87df-a0d58dc5a6cb,yangstanley@example.org,PA,Theresa,Lloyd,Pulmonology,Seeking to join as a Radiology specialist,https://example.com/applications/37815fca-28ab-4c06-bbff-bb66eb538b23.jpg,"[""license_7161.pdf"", ""cv_7967.pdf""]",inactive,LIC506411,(712) 236-6295,admin_002,Approved,45b3488f-acbb-403c-9c50-7ccbdfec60b8,2025-08-20T19:29:17.061334,2025-09-09T18:14:17.061341
0a9a23a6-14bd-4fb4-8d1b-ffab34bf5a83,andrew94@example.com,PA,Erin,Smith,Psychiatry,Seeking to join as a Geriatrics specialist,https://example.com/applications/e0c9388a-46ef-4588-9abc-b0695143963e.jpg,"[""license_3048.pdf"", ""cv_1838.pdf""]",active,LIC717729,(253) 426-3825,admin_001,Needs additional documentation,,2025-05-29T22:09:17.061611,2025-09-02T15:19:17.061617
ce97c3f6-c5ac-4de1-84d0-4bf63498b7f6,caseykenneth@example.org,NP,Kathleen,Jones,Rheumatology,Seeking to join as a Hematology specialist,https://example.com/applications/27293f19-db60-4846-9dbe-910c46a24daa.jpg,"[""license_4362.pdf"", ""cv_5621.pdf""]",active,LIC361635,(256) 524-8245,admin_002,Under review,,2025-08-08T02:47:17.061956,2025-08-22T02:19:17.061962
e5843de9-2d93-4136-9ed3-2bc886b4cbd0,amedina@example.com,Prof.,Hailey,Richardson,Hematology,Seeking to join as a Geriatrics specialist,https://example.com/applications/ab5b2b03-7573-4e85-851b-e88790f6ca7c.jpg,"[""license_3856.pdf"", ""cv_5849.pdf""]",suspended,LIC891291,(908) 494-5131,admin_001,Needs additional documentation,,2025-04-26T02:15:17.062254,2025-09-16T02:53:17.062260
a21dd795-6965-4cee-85c5-791d41307f47,andrea67@example.org,DO,Cody,Barron,Urology,Seeking to join as a Dermatology specialist,https://example.com/applications/d8e3e419-0163-4525-bd36-f3e7cd3413f3.jpg,"[""license_5920.pdf"", ""cv_8710.pdf""]",pending_approval,LIC240630,(606) 591-8610,,Needs additional documentation,,2025-03-30T08:52:17.062512,2025-09-07T23:17:17.062517
fc2054d3-e998-471a-a275-19edd061eca0,eduardo62@example.com,Dr.,Alejandra,Scott,Urology,Seeking to join as a Oncology specialist,https://example.com/applications/f074f0e4-5274-44fe-a9fa-94ccbefc6762.jpg,"[""license_8435.pdf"", ""cv_4211.pdf""]",inactive,LIC223292,(845) 591-4149,admin_002,Needs additional documentation,48a0202a-3f8e-416e-a6f0-421c293ed510,2025-06-22T09:45:17.062887,2025-08-27T20:47:17.062897
6d7c69ce-5a7e-4039-8694-53a8cfe13bca,qbrown@example.net,MD,Kevin,Valentine,Rheumatology,Seeking to join as a Pulmonology specialist,https://example.com/applications/90de7cc9-7f4c-4f7b-883b-547e7a656870.jpg,"[""license_9340.pdf"", ""cv_8630.pdf""]",active,LIC974964,(202) 431-5167,,Under review,,2025-03-24T22:48:17.063184,2025-09-18T05:04:17.063189
94c4d8be-d81c-4e63-8396-cf7b94ac48f9,trujillotina@example.net,NP,Amy,Harrison,Cardiology,Seeking to join as a Oncology specialist,https://example.com/applications/5cd04c38-81bd-4148-8cf5-0e6bb890092b.jpg,"[""license_4649.pdf"", ""cv_9441.pdf""]",inactive,LIC755512,(559) 215-7926,admin_001,Under review,6d447861-ecc9-42a4-aaf9-86c8218fab42,2025-08-15T15:34:17.063519,2025-08-28T05:19:17.063524
769c1f61-032b-4c39-a82f-32fe71fb796a,johnnguyen@example.org,Prof.,Steven,Osborne,Urology,Seeking to join as a Psychiatry specialist,https://example.com/applications/ea81a02b-50b5-4f34-9b25-1cb75711eab7.jpg,"[""license_8481.pdf"", ""cv_3358.pdf""]",inactive,LIC238611,(520) 970-3276,admin_002,Needs additional documentation,,2025-08-10T20:22:17.063857,2025-08-21T06:50:17.063862
f0ac2c0a-0622-41e6-a901-76176730d72c,kristijohnson@example.org,Prof.,Heather,Keller,Hematology,Seeking to join as a Urology specialist,https://example.com/applications/0ab2a934-5807-4a3c-ac08-2dc8aa6dbaaa.jpg,"[""license_1910.pdf"", ""cv_5275.pdf""]",suspended,LIC682634,(701) 386-5829,admin_002,Needs additional documentation,,2025-06-29T17:18:17.064194,2025-09-06T09:48:17.064199
5d493452-7874-4399-ba1f-1fa6e96690ab,kbarton@example.net,NP,Dennis,Larsen,Psychiatry,Seeking to join as a Oncology specialist,https://example.com/applications/e8b5e47b-ede6-49f4-8dc7-5ce816c1db8e.jpg,"[""license_4555.pdf"", ""cv_1980.pdf""]",active,LIC891250,(743) 264-2221,admin_002,Approved,3dbbe3dc-df17-46dc-b895-8f0f59ea67f4,2025-08-24T10:59:17.064518,2025-09-09T21:07:17.064527
e2b399c4-8bc1-4132-acf3-1cd3744a6fd5,caroline03@example.net,Dr.,Nancy,Sandoval,Urology,Seeking to join as a Orthopedics specialist,https://example.com/applications/9ebf3819-fa30-4e62-9fac-8d2879bb99fb.jpg,"[""license_7081.pdf"", ""cv_9340.pdf""]",pending_approval,LIC937333,(619) 924-2213,admin_001,Approved,,2025-05-31T07:01:17.064948,2025-09-03T09:06:17.064979
6072625c-105d-4276-b52e-c19f790db257,williamgarcia@example.com,NP,Kimberly,Green,Radiology,Seeking to join as a Radiology specialist,https://example.com/applications/508edbb7-284e-4455-b94f-5d219392d3f4.jpg,"[""license_2406.pdf"", ""cv_3648.pdf""]",suspended,LIC723716,(252) 696-2834,,Under review,,2025-07-07T15:22:17.065588,2025-08-22T18:39:17.065604
9f36e3f0-bc17-409e-985a-875c382eab47,joseskinner@example.org,NP,Scott,Larson,Gastroenterology,Seeking to join as a Orthopedics specialist,https://example.com/applications/ca378897-262e-4b6f-a31d-68fe3c525066.jpg,"[""license_8388.pdf"", ""cv_9589.pdf""]",inactive,LIC332102,(312) 486-6635,admin_002,Needs additional documentation,,2025-06-13T22:31:17.066004,2025-08-22T21:55:17.066011
b68ab734-92ec-43f2-ac8f-48ae4e591447,garciasarah@example.org,PA,Justin,Johnson,General Practice,Seeking to join as a Orthopedics specialist,https://example.com/applications/4f82e145-a0ac-4267-9e11-072ff4dda3dd.jpg,"[""license_6621.pdf"", ""cv_3862.pdf""]",inactive,LIC382887,(212) 938-6395,admin_001,,51893f6b-91cd-4f54-b9f1-4ea8f94c22f0,2025-04-29T06:18:17.066358,2025-08-31T05:43:17.066365
1e5e0d38-48ca-404f-a209-1ddb67cc0b04,john31@example.com,Dr.,Brian,Hunt,Neurology,Seeking to join as a Pediatrics specialist,https://example.com/applications/dd544d09-c7db-46ad-97c8-d8a2a4a7b641.jpg,"[""license_8058.pdf"", ""cv_6143.pdf""]",inactive,LIC462716,(201) 647-7581,admin_002,Under review,,2025-08-05T23:49:17.066637,2025-08-18T16:10:17.066644
2fcc17f5-fa25-4cf9-8ea9-93da16f62503,collin12@example.com,Prof.,Sandra,Norris,Neurology,Seeking to join as a Pulmonology specialist,https://example.com/applications/7c193c11-8656-477a-afcf-bbc8232f9ed9.jpg,"[""license_9649.pdf"", ""cv_4442.pdf""]",inactive,LIC319257,(938) 288-8921,,Under review,5ec65c5d-6b69-43f5-a121-04dd5191ede5,2025-04-10T17:44:17.066972,2025-09-02T22:28:17.066981
645619fb-3611-4ce7-94c3-55ba81f606df,pbrown@example.com,Dr.,Michael,Miller,Pediatrics,Seeking to join as a Geriatrics specialist,https://example.com/applications/e1836366-e7cf-437f-b4bf-86dffc94f044.jpg,"[""license_7427.pdf"", ""cv_7097.pdf""]",suspended,LIC954714,(631) 955-6115,admin_002,Approved,55bf0ebf-bde4-46ea-82e5-a932c4e953aa,2025-09-12T06:19:17.067269,2025-08-20T20:58:17.067276
3c4895c4-a815-4e2d-afa3-faf8522e7438,james25@example.com,MD,John,Blake,Pulmonology,Seeking to join as a Endocrinology specialist,https://example.com/applications/9b1e661b-eae8-4e9a-8dee-f629201c5933.jpg,"[""license_1787.pdf"", ""cv_4042.pdf""]",pending_approval,LIC507169,(713) 455-7772,admin_001,Under review,562dbba1-978f-4576-8c32-ee037b61ac36,2025-05-30T08:16:17.067524,2025-09-11T07:27:17.067529
610dbb8d-8920-4adf-8db5-19a6d5280c81,comptonlaura@example.net,NP,Linda,Harrison,Dermatology,Seeking to join as a Endocrinology specialist,https://example.com/applications/2251dd90-96e9-494e-94b5-f90f00fd0b6b.jpg,"[""license_5065.pdf"", ""cv_5492.pdf""]",inactive,LIC470636,(605) 852-3743,admin_001,Needs additional documentation,6069f483-0327-47f7-9ef8-188bca72bd5c,2025-06-07T18:14:17.067850,2025-08-23T03:50:17.067855
297a6333-127b-4f28-90cf-be2d9583efc9,christopher23@example.org,NP,Mark,James,Psychiatry,Seeking to join as a Pulmonology specialist,https://example.com/applications/3113b8bf-194a-449d-bc43-3615bb5ee728.jpg,"[""license_5568.pdf"", ""cv_5837.pdf""]",inactive,LIC533180,(620) 357-2795,admin_002,,,2025-07-06T17:43:17.068093,2025-09-09T11:53:17.068098
992f63e4-16ae-4448-9f66-436b5098dc95,walshdaniel@example.org,Prof.,Charles,Rogers,Psychiatry,Seeking to join as a Oncology specialist,https://example.com/applications/2bb82453-02b2-4f08-bf8b-eb0244b40412.jpg,"[""license_3817.pdf"", ""cv_7891.pdf""]",inactive,LIC420817,(571) 314-8113,admin_001,,,2025-04-23T01:10:17.068422,2025-09-11T08:49:17.068427
fde79f82-e43d-4613-b615-bce75bfe3203,burnsjohn@example.com,PA,Danielle,Johnson,Pediatrics,Seeking to join as a Oncology specialist,https://example.com/applications/9a588ebd-7266-43f7-be0e-01034a2dec7a.jpg,"[""license_4746.pdf"", ""cv_7561.pdf""]",active,LIC767046,(601) 360-2277,,Approved,,2025-04-24T14:43:17.068747,2025-09-13T18:51:17.068753
8d3113b3-3a8d-4e35-88f5-652f6f18b501,warddavid@example.org,Dr.,Debra,Harris,Neurology,Seeking to join as a Hematology specialist,https://example.com/applications/ff370e62-2ab2-4dbc-b511-e1caf808ca50.jpg,"[""license_2505.pdf"", ""cv_7903.pdf""]",suspended,LIC793541,(918) 319-9629,admin_001,Needs additional documentation,,2025-07-12T05:54:17.069130,2025-09-01T19:27:17.069136
b6dee898-274f-43c9-806f-45810bcc5a46,deborahcoleman@example.com,NP,Tiffany,Parker,Pulmonology,Seeking to join as a Dermatology specialist,https://example.com/applications/6d61cdfa-d1de-41b7-aa44-e9440d570231.jpg,"[""license_9652.pdf"", ""cv_5797.pdf""]",active,LIC395682,(463) 253-8539,admin_001,Approved,23e26859-2f09-467d-b460-f2c7962312d2,2025-07-21T21:42:17.069461,2025-09-10T18:34:17.069466
0efd4cdf-3dd5-4411-baf8-a476ab41e1e8,lisa84@example.net,Dr.,Destiny,Shah,Pediatrics,Seeking to join as a Pediatrics specialist,https://example.com/applications/d2bd415d-72de-4e6e-a64e-6343808a7537.jpg,"[""license_8379.pdf"", ""cv_9919.pdf""]",suspended,LIC434341,(478) 407-6094,,Needs additional documentation,eb74e71f-2745-4d53-8b39-0cd1af16742a,2025-05-17T08:32:17.069718,2025-08-28T05:00:17.069723
393d8b53-6df2-4ef8-99b6-543b948f46ce,martinezrobert@example.net,PA,Derek,Hampton,Psychiatry,Seeking to join as a Cardiology specialist,https://example.com/applications/7307d03f-7498-4779-8a8d-2236e3d7aafa.jpg,"[""license_8106.pdf"", ""cv_7437.pdf""]",suspended,LIC843706,(860) 641-7899,admin_001,Approved,,2025-04-28T12:09:17.070034,2025-09-07T23:08:17.070040
9282de4c-3341-4976-a995-a23331685e29,joseph26@example.net,DO,Larry,Duran,Urology,Seeking to join as a Geriatrics specialist,https://example.com/applications/6002dbb4-e358-4b0a-9654-6ffd4357c640.jpg,"[""license_3000.pdf"", ""cv_1934.pdf""]",suspended,LIC604660,(540) 945-9759,admin_001,Approved,,2025-08-30T07:44:17.070291,2025-08-27T06:01:17.070297
913f8507-571a-427c-9a33-8c14b5711291,leonard75@example.net,PA,Christopher,Hill,Cardiology,Seeking to join as a Psychiatry specialist,https://example.com/applications/fb6359b3-5ea7-40a0-bd4d-636ad3db6cfb.jpg,"[""license_1695.pdf"", ""cv_4983.pdf""]",inactive,LIC901074,(734) 853-1872,,Needs additional documentation,,2025-07-08T11:24:17.070539,2025-08-29T00:33:17.070544
daf061ed-b793-4fbe-a4a8-02661e4a9440,jenniferweber@example.org,Dr.,Teresa,Morales,Rheumatology,Seeking to join as a Rheumatology specialist,https://example.com/applications/b0433a22-c279-4999-9b94-22e4ca358127.jpg,"[""license_4865.pdf"", ""cv_4727.pdf""]",suspended,LIC386330,(410) 890-6669,admin_001,,6b357cee-21ef-489a-8466-c98549d7f1f9,2025-04-29T03:32:17.070896,2025-08-25T22:44:17.070902
d5819c7e-a857-41d0-acfc-94e6a7ed0935,tammy23@example.org,DO,Amanda,Nelson,Dermatology,Seeking to join as a Hematology specialist,https://example.com/applications/fbfae07a-ec80-494f-9007-3f7ba793fed0.jpg,"[""license_5796.pdf"", ""cv_9487.pdf""]",active,LIC545906,(816) 207-7865,admin_001,,,2025-05-16T20:45:17.071152,2025-09-11T14:58:17.071157
79601754-abbc-4e8b-9000-698e0e4e2d06,margaretdixon@example.net,PA,James,Peters,Radiology,Seeking to join as a Radiology specialist,https://example.com/applications/b1682180-faae-49cc-ac52-ed6d3d12a353.jpg,"[""license_6796.pdf"", ""cv_4509.pdf""]",pending_approval,LIC330778,(918) 330-5775,admin_001,,,2025-05-31T14:38:17.071468,2025-08-31T03:23:17.071474
2f2fa7c6-2486-49ab-96a7-598d16424f76,nancy28@example.net,PA,Jamie,Caldwell,Gastroenterology,Seeking to join as a Urology specialist,https://example.com/applications/806fcb3e-42f9-4a07-be54-4b03bb6a8ab6.jpg,"[""license_6956.pdf"", ""cv_5175.pdf""]",pending_approval,LIC721972,(478) 646-6760,admin_002,Approved,,2025-04-02T06:54:17.071708,2025-08-30T14:22:17.071713
a94b6fff-5e6c-4207-af35-1eb86d44649b,fstewart@example.net,NP,Anthony,Johnson,Geriatrics,Seeking to join as a Rheumatology specialist,https://example.com/applications/c4e48d4e-9a3e-4e93-a97a-a19b652cf5df.jpg,"[""license_3312.pdf"", ""cv_2862.pdf""]",pending_approval,LIC365485,(717) 414-1655,admin_002,Under review,,2025-08-17T18:41:17.071968,2025-08-26T23:04:17.071973
d853f22c-69d9-4c30-ae73-cf274aee96bd,xstokes@example.com,DO,Elizabeth,Miller,Psychiatry,Seeking to join as a Gastroenterology specialist,https://example.com/applications/c1b2abbb-1526-4e19-9640-6b4c9d8cab0a.jpg,"[""license_6341.pdf"", ""cv_1146.pdf""]",suspended,LIC353082,(484) 473-3151,admin_002,,,2025-05-09T13:45:17.072254,2025-08-27T09:21:17.072261
ac697f9c-b81e-4c93-a565-db4137123c78,michaelramirez@example.net,Prof.,Kristina,Carson,Pulmonology,Seeking to join as a Hematology specialist,https://example.com/applications/e5031089-0235-4604-95ec-bb80870f0a5b.jpg,"[""license_4044.pdf"", ""cv_1228.pdf""]",pending_approval,LIC369928,(865) 511-6251,admin_002,Approved,,2025-05-20T10:19:17.072597,2025-09-03T23:27:17.072603
08cb63ef-a5cd-4fd2-b193-7678d0ffbf27,justin49@example.com,DO,Thomas,Burns,Radiology,Seeking to join as a Radiology specialist,https://example.com/applications/dae3a63a-e26b-4841-a334-2583fcf7f4ab.jpg,"[""license_9795.pdf"", ""cv_1115.pdf""]",suspended,LIC849304,(573) 806-4913,,,,2025-04-15T13:20:17.072884,2025-09-05T04:45:17.072891
dc7b14b8-abb5-45f9-8399-b1900ee207a4,torresjustin@example.org,NP,Joseph,Matthews,Dermatology,Seeking to join as a Psychiatry specialist,https://example.com/applications/b542d869-73fb-45dc-96d8-276cebaf19fe.jpg,"[""license_6741.pdf"", ""cv_9702.pdf""]",active,LIC368348,(208) 779-6156,admin_001,Needs additional documentation,80389eef-b7f3-4993-88e8-7866bf69e266,2025-03-25T15:06:17.073219,2025-09-14T10:49:17.073226
7dfa51d0-426b-4f3d-9bac-beab1a4501d9,peterpayne@example.org,NP,Brandon,Smith,Urology,Seeking to join as a General Practice specialist,https://example.com/applications/3deac0f8-409a-414b-a645-42e15d62d332.jpg,"[""license_9516.pdf"", ""cv_1516.pdf""]",active,LIC184381,(731) 316-1300,admin_002,,,2025-06-06T22:26:17.073562,2025-09-06T11:30:17.073567
d536831e-b810-42da-a035-69d9e0b3d52f,linda37@example.com,MD,Susan,Powers,Psychiatry,Seeking to join as a Cardiology specialist,https://example.com/applications/cf2b2bdd-3d7b-4e8d-9191-d681409d2554.jpg,"[""license_6198.pdf"", ""cv_1181.pdf""]",inactive,LIC425704,(952) 654-5323,admin_001,Approved,,2025-05-11T00:55:17.073802,2025-09-05T09:58:17.073807
df0e2cef-e941-41fc-981d-fd48b479431f,rebecca46@example.org,PA,Brittney,Glover,Cardiology,Seeking to join as a Geriatrics specialist,https://example.com/applications/2fcd1991-6bc7-4a1c-aa81-14365e210117.jpg,"[""license_1414.pdf"", ""cv_5280.pdf""]",suspended,LIC148248,(951) 367-5477,,Under review,,2025-04-14T14:48:17.074052,2025-09-06T18:05:17.074057
297d2ecc-bc9a-4025-9ab1-f42bb2ffc0d9,blackwelljonathan@example.com,NP,Brandi,Taylor,Geriatrics,Seeking to join as a Oncology specialist,https://example.com/applications/73fd9249-cbda-4968-b88d-9629f99b7492.jpg,"[""license_7883.pdf"", ""cv_3690.pdf""]",pending_approval,LIC497031,(586) 873-7495,admin_002,,d0460c46-ad32-4a38-acf8-443b7d2eb082,2025-03-22T12:04:17.074378,2025-08-28T10:31:17.074383
c2b9a5ed-ff11-40a0-823d-a5be83baf7c1,jessica96@example.org,PA,Eric,Ward,Orthopedics,Seeking to join as a Gastroenterology specialist,https://example.com/applications/52ad28f8-2ecc-4a3a-b95c-85e5a02525dd.jpg,"[""license_8283.pdf"", ""cv_4615.pdf""]",active,LIC356849,(513) 928-6974,,Under review,,2025-07-01T02:52:17.074616,2025-08-27T19:30:17.074621
385ff9bb-95b8-4c60-bf74-50579d9ffdcf,donaldchen@example.com,NP,Christopher,Hamilton,Hematology,Seeking to join as a Urology specialist,https://example.com/applications/d870135d-b0b1-4d45-af29-7f2c7444eed4.jpg,"[""license_6358.pdf"", ""cv_6814.pdf""]",pending_approval,LIC496098,(975) 834-2064,admin_002,Approved,,2025-03-29T10:17:17.074947,2025-09-17T18:55:17.074953
862d17e3-400b-480b-8cb6-677ea25ed706,randytaylor@example.net,DO,Taylor,Alexander,Pediatrics,Seeking to join as a Urology specialist,https://example.com/applications/21980a2d-2849-4ab8-9a9d-087149083ee6.jpg,"[""license_1254.pdf"", ""cv_3845.pdf""]",inactive,LIC772161,(646) 482-6618,,Needs additional documentation,983a1d10-cdd1-4955-b9dd-1d7df2cb6c44,2025-05-07T05:09:17.075285,2025-09-16T15:59:17.075291
fcb22ba8-8204-4c3e-9de6-da7f5bd2cbc9,hphillips@example.net,Dr.,Sharon,Bauer,Hematology,Seeking to join as a Pediatrics specialist,https://example.com/applications/d58ba299-8fca-4b7f-ab32-1bab94d60fa0.jpg,"[""license_9749.pdf"", ""cv_6506.pdf""]",pending_approval,LIC799680,(972) 659-3727,,Approved,960771d1-0f0c-4d65-a9c2-5016dfb546df,2025-05-27T16:35:17.075550,2025-09-06T23:10:17.075555
5c0b9389-4828-45c0-b357-fd47b64c510e,nathanbanks@example.org,DO,Phillip,Brown,Pulmonology,Seeking to join as a Radiology specialist,https://example.com/applications/266cc3f9-f713-4f81-9f4e-40022e05ce22.jpg,"[""license_1594.pdf"", ""cv_6962.pdf""]",active,LIC336128,(978) 256-9735,,Approved,,2025-04-04T20:01:17.075866,2025-08-28T10:18:17.075872
09487cc4-dce7-41f5-b5ef-535f09902d25,john98@example.net,NP,Kara,Good,Hematology,Seeking to join as a General Practice specialist,https://example.com/applications/c3549c25-692c-445d-8f85-c413c5a2d0bc.jpg,"[""license_6686.pdf"", ""cv_5404.pdf""]",inactive,LIC997586,(929) 483-8341,,,7830ba66-64ec-409e-ba3d-4a8d29c492ac,2025-04-09T15:39:17.076127,2025-09-02T21:03:17.076133
ad577d9d-acd5-4aba-8fed-69b824b55963,steveberry@example.org,Dr.,Jonathan,Adams,Psychiatry,Seeking to join as a Radiology specialist,https://example.com/applications/65aad6df-2f7f-4fc5-93b4-a8b0f8e7e49d.jpg,"[""license_5165.pdf"", ""cv_5336.pdf""]",pending_approval,LIC916917,(612) 777-3780,,Approved,afd50cdc-60f1-44e5-9655-6cdf4c43ad98,2025-05-11T22:18:17.076466,2025-08-19T18:38:17.076472
237b5fba-12fc-4fd4-8d53-6d526e2dbecb,hartmanvictor@example.com,NP,Gina,Sanchez,Oncology,Seeking to join as a Urology specialist,https://example.com/applications/1c009aaa-3b34-459d-957a-e5556c447252.jpg,"[""license_5178.pdf"", ""cv_1419.pdf""]",active,LIC149346,(479) 599-9475,admin_001,,,2025-05-19T15:07:17.076888,2025-09-01T00:56:17.076897
d626f8f5-0f3a-42da-9c9d-59cd6a1cc0a1,sara49@example.net,Dr.,Ashley,Swanson,Urology,Seeking to join as a Pediatrics specialist,https://example.com/applications/f1557756-050d-47d9-bb3d-dc3d1e8bfda9.jpg,"[""license_6244.pdf"", ""cv_7722.pdf""]",active,LIC620680,(757) 605-4706,admin_002,Under review,055be9f4-dfa5-498e-a2c9-d5fc6a0e5b4a,2025-05-11T23:31:17.077208,2025-09-14T10:24:17.077214
338118ec-efdf-4455-9a3c-5704225c6bdd,megan81@example.org,MD,Kaitlyn,Gomez,Geriatrics,Seeking to join as a Neurology specialist,https://example.com/applications/932ad4f7-55c9-4884-a23c-7f4db202f1bd.jpg,"[""license_9656.pdf"", ""cv_1280.pdf""]",pending_approval,LIC716642,(443) 237-8005,,,,2025-06-12T05:05:17.077458,2025-08-22T04:08:17.077464
2f71f680-b41f-46a4-bd7c-fe024639efe0,snydermorgan@example.net,DO,Shane,Lee,Pulmonology,Seeking to join as a Urology specialist,https://example.com/applications/1836d766-79f8-4ae6-a0c3-b8374b2b6e59.jpg,"[""license_2868.pdf"", ""cv_7758.pdf""]",active,LIC549060,(925) 484-5803,,Under review,b9f78827-8346-4e85-bdd1-c1bb3291ced3,2025-03-23T09:12:17.077794,2025-09-02T23:49:17.077799
a409112c-01a4-4542-812c-356d172c749d,scottrodriguez@example.org,PA,Jessica,Hopkins,General Practice,Seeking to join as a Psychiatry specialist,https://example.com/applications/a2f0ce54-0c76-4d43-822d-b8a064efa5aa.jpg,"[""license_1751.pdf"", ""cv_7384.pdf""]",pending_approval,LIC719489,(509) 779-2691,admin_002,Needs additional documentation,,2025-03-24T21:05:17.078135,2025-08-27T10:33:17.078141
139ee615-de80-4815-b750-b2ff053465a1,rachel23@example.net,NP,David,Thomas,Radiology,Seeking to join as a Radiology specialist,https://example.com/applications/2bf142f5-e354-49f0-aead-f9965a564014.jpg,"[""license_4907.pdf"", ""cv_9271.pdf""]",suspended,LIC124275,(802) 271-1925,admin_002,Needs additional documentation,46f923ee-1cd9-472f-aaf6-75443e4afd7b,2025-08-10T15:15:17.078396,2025-08-19T03:15:17.078402
7318d7d9-26e8-4357-9b94-3773afe5f721,thomasgarcia@example.com,Dr.,Tammie,Long,Dermatology,Seeking to join as a Geriatrics specialist,https://example.com/applications/56453b64-997b-4797-be27-f406c09cc5be.jpg,"[""license_5680.pdf"", ""cv_7175.pdf""]",pending_approval,LIC591423,(930) 737-6184,,Under review,,2025-07-13T07:00:17.078816,2025-08-30T14:08:17.078825
70813bf1-1d26-4639-b167-9de33be5e756,mirandajoshua@example.org,PA,Samantha,Nelson,Hematology,Seeking to join as a Urology specialist,https://example.com/applications/b5b7dc32-e792-4e9c-9240-a94800d4fb44.jpg,"[""license_9984.pdf"", ""cv_3103.pdf""]",pending_approval,LIC756103,(606) 986-5468,,Under review,,2025-04-30T00:52:17.079161,2025-08-21T10:15:17.079167
1d317ca8-aabc-47cf-a242-40cd48cbc9fb,elizabeth11@example.org,Prof.,Joshua,Leblanc,Pediatrics,Seeking to join as a Neurology specialist,https://example.com/applications/f39e7c5a-2589-401b-9a11-42dd63121bcc.jpg,"[""license_1505.pdf"", ""cv_6146.pdf""]",inactive,LIC419974,(763) 753-6470,admin_002,Approved,8de2da5d-1787-4b94-ad3b-1e78821d77a1,2025-07-14T22:45:17.079451,2025-09-10T15:19:17.079456
9ae56c50-ee3a-4a0d-b1cb-bc09041c9f63,kruegertammie@example.com,NP,Andrea,Hall,Hematology,Seeking to join as a General Practice specialist,https://example.com/applications/966d20b6-2d9c-4249-96c4-ce2e4080cf70.jpg,"[""license_5615.pdf"", ""cv_3000.pdf""]",pending_approval,LIC173588,(806) 274-8982,admin_001,Needs additional documentation,,2025-09-10T22:30:17.079794,2025-08-19T00:30:17.079806
2ad3aa41-a80e-4bba-9fbe-ca9c35f20dd4,amandamorrison@example.org,MD,Adam,Taylor,Cardiology,Seeking to join as a Geriatrics specialist,https://example.com/applications/7d1b0b46-5086-4a10-bb93-c5714b46d140.jpg,"[""license_2623.pdf"", ""cv_1261.pdf""]",suspended,LIC631992,(415) 407-2935,,Approved,,2025-05-17T17:20:17.080129,2025-08-27T10:24:17.080134
97f47405-82e3-4787-9250-6e2303570715,briana28@example.net,Dr.,Thomas,Santos,Hematology,Seeking to join as a Orthopedics specialist,https://example.com/applications/09ab3d48-c926-4108-9f73-b78269c6af2c.jpg,"[""license_6036.pdf"", ""cv_1514.pdf""]",suspended,LIC334813,(628) 252-4457,,Needs additional documentation,1de83349-7bc4-4f95-bca9-07d26af3061e,2025-04-29T02:35:17.080384,2025-09-10T09:15:17.080389
720b2dda-7d45-4263-b332-723bfe561fb0,yhenry@example.com,NP,Stacey,Ramos,Endocrinology,Seeking to join as a Neurology specialist,https://example.com/applications/09074b85-3574-4a14-86f4-73a14ac20a0a.jpg,"[""license_1540.pdf"", ""cv_8608.pdf""]",inactive,LIC555039,(870) 360-4365,admin_001,,,2025-05-07T13:26:17.080660,2025-09-16T18:19:17.080666
e429d6fd-4d69-42b1-bea7-a5e491bd879c,holly33@example.net,MD,Ian,Weber,Psychiatry,Seeking to join as a Dermatology specialist,https://example.com/applications/78be91d9-4c88-44da-80cc-531b917625d7.jpg,"[""license_8087.pdf"", ""cv_4995.pdf""]",active,LIC146521,(935) 565-8827,,Needs additional documentation,,2025-05-16T21:55:17.080948,2025-09-13T22:53:17.080958
91c319c3-7459-4df7-b3dd-970ca07f9edd,jennifermeyer@example.org,Dr.,Wanda,Bryant,Endocrinology,Seeking to join as a Orthopedics specialist,https://example.com/applications/b0edc1fd-01b4-4651-b06a-299607e29511.jpg,"[""license_6614.pdf"", ""cv_8594.pdf""]",inactive,LIC476701,(925) 236-9996,admin_001,Under review,,2025-06-11T18:21:17.081294,2025-08-19T09:24:17.081299
dc7991f2-93e6-4d45-a175-05c9a9e11a06,christophermullen@example.org,MD,Cathy,Carrillo,Gastroenterology,Seeking to join as a Neurology specialist,https://example.com/applications/efe882f3-b5c2-40cf-bdff-5faf2aeb18a3.jpg,"[""license_6795.pdf"", ""cv_2257.pdf""]",suspended,LIC510825,(717) 942-9483,admin_002,,9ca09d83-4538-4c27-a0f2-f70054ecfe12,2025-04-15T20:26:17.081649,2025-09-13T09:57:17.081661
9f1032f7-ad1f-42bc-b5c1-632d06b8eeba,burnskatherine@example.org,Dr.,Blake,Taylor,Pediatrics,Seeking to join as a Orthopedics specialist,https://example.com/applications/21e73c2c-e6a1-47ce-8b04-716fd960eb18.jpg,"[""license_4832.pdf"", ""cv_9947.pdf""]",active,LIC312801,(502) 377-8222,,Needs additional documentation,30d7aa6c-87af-4897-905a-588620659988,2025-05-27T10:26:17.082169,2025-08-19T14:20:17.082181
8fd1c2ad-e001-4e40-b107-6f536464c85b,stephanie86@example.net,Prof.,Jonathan,Shannon,Geriatrics,Seeking to join as a Orthopedics specialist,https://example.com/applications/62fd03b9-dc0c-4026-9057-db2f0b3cbf8d.jpg,"[""license_4050.pdf"", ""cv_6126.pdf""]",active,LIC132867,(865) 871-6015,admin_001,,,2025-08-25T15:39:17.082433,2025-09-12T06:33:17.082438
c6abbd26-4ca7-45e9-a196-525baa7d78e8,jay71@example.com,MD,Elizabeth,Reyes,Urology,Seeking to join as a Pulmonology specialist,https://example.com/applications/658faa08-5d6e-4aa1-9255-a9ee79e71d9f.jpg,"[""license_1422.pdf"", ""cv_1586.pdf""]",suspended,LIC767815,(475) 212-3341,,Under review,613cf31c-5410-490a-9142-e644bb860e04,2025-07-01T20:14:17.082680,2025-09-07T21:14:17.082686
e90c331c-0a2d-4ff9-845e-88f135dd5b41,montesmichael@example.org,DO,Rachel,Alvarez,Radiology,Seeking to join as a Pediatrics specialist,https://example.com/applications/49fa2dca-9317-4021-a45e-0c5fd3430b41.jpg,"[""license_1016.pdf"", ""cv_9209.pdf""]",suspended,LIC608791,(504) 893-6564,,Needs additional documentation,,2025-09-10T01:34:17.083011,2025-08-30T09:44:17.083017
46ab7eae-6e87-43a5-8618-9c0c68792d8e,hawkinsjeffrey@example.net,NP,Ann,Hansen,Radiology,Seeking to join as a Oncology specialist,https://example.com/applications/b9166172-306a-4fc8-9ddc-5c225a31c088.jpg,"[""license_2353.pdf"", ""cv_3343.pdf""]",active,LIC371699,(424) 303-8288,admin_002,Approved,,2025-07-23T23:36:17.083326,2025-08-25T07:17:17.083331
b5e781f6-d0d5-45b4-87c2-7a5302ea1768,alvarezjason@example.org,Dr.,Lisa,Mcneil,General Practice,Seeking to join as a Dermatology specialist,https://example.com/applications/7cda0f95-8bda-4dcc-9d62-f3dace4bc1f4.jpg,"[""license_3816.pdf"", ""cv_6629.pdf""]",suspended,LIC801652,(848) 486-4359,,Needs additional documentation,,2025-06-03T07:38:17.083638,2025-08-19T06:15:17.083643
7bb2f308-57cc-40f0-99b1-8be69097b20b,danielanderson@example.com,MD,Stuart,Horn,Pulmonology,Seeking to join as a Cardiology specialist,https://example.com/applications/89f30b38-19b6-480f-be51-eff3f3a1a47f.jpg,"[""license_8556.pdf"", ""cv_1964.pdf""]",suspended,LIC238096,(928) 295-2552,admin_002,Needs additional documentation,b3116c49-337c-427d-ae8b-7aca7f9e8c40,2025-07-08T07:55:17.083955,2025-09-15T11:36:17.083960
e36ddcc1-4abd-4b87-bf3b-0e1336cbe7fa,shelly48@example.com,PA,Vanessa,Small,Pulmonology,Seeking to join as a General Practice specialist,https://example.com/applications/9fcd7150-6a7f-417b-bd4b-4079e73b7676.jpg,"[""license_1080.pdf"", ""cv_4418.pdf""]",pending_approval,LIC251025,(917) 388-9654,admin_002,Needs additional documentation,,2025-04-10T23:38:17.084193,2025-09-05T23:21:17.084198
7a605490-26fa-4d41-beb9-ef5a2d0a4195,gabriellechavez@example.com,DO,Brett,Irwin,Oncology,Seeking to join as a Orthopedics specialist,https://example.com/applications/ccb2e1ff-8d63-4980-a2fe-9e2501f3d5ed.jpg,"[""license_4852.pdf"", ""cv_8180.pdf""]",active,LIC851792,(442) 656-6999,admin_001,,,2025-05-17T12:41:17.084509,2025-08-31T02:41:17.084514
a788a259-5fe3-4013-a9d4-2f0777329e81,foxrobert@example.net,NP,Catherine,Gallegos,Hematology,Seeking to join as a Oncology specialist,https://example.com/applications/166b134f-b35c-4d65-91fa-feca8e7386a6.jpg,"[""license_5902.pdf"", ""cv_4887.pdf""]",pending_approval,LIC323130,(925) 229-8828,admin_001,,,2025-08-10T05:32:17.084834,2025-08-31T18:28:17.084839
d49f1ae4-7e9d-4a4a-9eb4-4a534607bbb4,bhernandez@example.net,Dr.,Andrew,Lawson,Pediatrics,Seeking to join as a Cardiology specialist,https://example.com/applications/ee9974be-fa2d-4955-ba78-29db16912a6c.jpg,"[""license_6177.pdf"", ""cv_8158.pdf""]",active,LIC181019,(551) 510-1560,admin_001,Needs additional documentation,,2025-07-20T10:02:17.085096,2025-09-03T10:56:17.085102
fd354716-a87d-4f1c-b8cd-e0b247d72b6b,sherrymartinez@example.net,MD,Diana,Woods,Cardiology,Seeking to join as a Rheumatology specialist,https://example.com/applications/577e24a0-5b3f-41d0-bba6-205311e469b2.jpg,"[""license_2440.pdf"", ""cv_1925.pdf""]",inactive,LIC624502,(304) 516-3462,,Needs additional documentation,,2025-04-15T01:28:17.085466,2025-09-06T09:45:17.085472
0a3b5961-98e9-420d-aaa9-ad52aa90f146,hector95@example.net,Dr.,Megan,Cantrell,Gastroenterology,Seeking to join as a Rheumatology specialist,https://example.com/applications/90caee5f-8e46-488f-9881-419d4e46ecc6.jpg,"[""license_9434.pdf"", ""cv_7139.pdf""]",pending_approval,LIC487068,(608) 312-3087,,Under review,,2025-08-07T03:04:17.085722,2025-08-24T12:38:17.085727
5587a355-18e0-4baf-84b4-e1a235d07cc2,jasonhess@example.net,DO,Robert,Johnson,Pulmonology,Seeking to join as a Urology specialist,https://example.com/applications/740bcfa4-4394-451f-9652-60ed39d8bdf1.jpg,"[""license_1730.pdf"", ""cv_3346.pdf""]",inactive,LIC870074,(732) 619-2892,admin_002,Approved,,2025-06-15T23:35:17.086040,2025-09-12T10:17:17.086045
20a13880-1865-447c-9185-678d91648f29,hshah@example.com,Prof.,Rebecca,English,Rheumatology,Seeking to join as a Radiology specialist,https://example.com/applications/d71d7f14-c221-4789-9793-b7f7f89eb998.jpg,"[""license_8563.pdf"", ""cv_6079.pdf""]",suspended,LIC514475,(605) 392-9929,,Needs additional documentation,,2025-06-15T10:07:17.086307,2025-09-11T07:46:17.086317
68d2842f-13d0-4629-818a-62c6312600b6,gonzalezjames@example.net,DO,Michael,Clarke,Oncology,Seeking to join as a General Practice specialist,https://example.com/applications/1e3103a5-208c-4b9b-a24b-f4b99693b18f.jpg,"[""license_2558.pdf"", ""cv_2733.pdf""]",active,LIC488610,(360) 876-5221,,Approved,0393cb10-2775-4ef2-a61c-98e0d5602eb6,2025-08-02T01:33:17.086653,2025-08-31T06:31:17.086660
453fb9a3-92dc-4a1f-a660-9f1b295ca6f1,mshields@example.com,Dr.,Alicia,Brown,Radiology,Seeking to join as a Dermatology specialist,https://example.com/applications/610c1536-28c0-44dc-9154-be98ad0afa1e.jpg,"[""license_7676.pdf"", ""cv_4596.pdf""]",inactive,LIC617042,(339) 262-3394,admin_001,Needs additional documentation,,2025-07-13T05:00:17.086949,2025-08-28T01:42:17.086954
07d70591-b35e-4bd0-b831-6bb58cacc361,jacksonlaura@example.com,DO,Sheila,Marshall,Oncology,Seeking to join as a General Practice specialist,https://example.com/applications/d0823a06-9990-4420-a680-f1064c9e246a.jpg,"[""license_4608.pdf"", ""cv_9638.pdf""]",active,LIC794420,(212) 426-6624,admin_001,,,2025-07-02T04:57:17.087274,2025-08-21T06:15:17.087279
5c1a0dcb-1d7e-4224-9d1b-5590809b4f99,williamswilliam@example.net,Prof.,David,Walker,Radiology,Seeking to join as a Pulmonology specialist,https://example.com/applications/b9de34cc-41bf-4116-95bf-6456baa31a2b.jpg,"[""license_4764.pdf"", ""cv_6786.pdf""]",active,LIC934647,(445) 811-2880,admin_001,Under review,,2025-09-11T18:22:17.087596,2025-09-17T22:41:17.087601
89c3e293-7ded-4bb4-a5e8-b01fd53a5974,rnguyen@example.net,NP,Rodney,Banks,Radiology,Seeking to join as a Pediatrics specialist,https://example.com/applications/4b2b7117-d5e4-42be-998f-3d47b54043a7.jpg,"[""license_2732.pdf"", ""cv_8034.pdf""]",inactive,LIC333246,(229) 214-5313,,Under review,9eecc2f5-7658-4a55-9b80-1fb3cc1ac3c0,2025-05-16T21:06:17.087863,2025-08-23T08:18:17.087868
a45a7cb3-d5f4-434a-8c3e-1d25b367d8ca,bailey14@example.com,NP,Matthew,Ritter,Psychiatry,Seeking to join as a Geriatrics specialist,https://example.com/applications/f31a5d6a-39a6-4642-9266-7b12e4a760d4.jpg,"[""license_3747.pdf"", ""cv_2009.pdf""]",inactive,LIC209706,(425) 464-5389,admin_001,Under review,,2025-04-11T14:06:17.088121,2025-08-24T18:03:17.088126
c63ae178-c901-4822-806c-1caf317c367f,pthompson@example.com,PA,Bradley,Montgomery,Geriatrics,Seeking to join as a Oncology specialist,https://example.com/applications/481873b6-b0c9-44de-a5b2-93db3b4fe395.jpg,"[""license_1483.pdf"", ""cv_2320.pdf""]",active,LIC546220,(361) 596-8066,,Under review,,2025-08-08T09:31:17.088430,2025-09-08T12:37:17.088437
4c65b1a2-8332-4887-9736-b06a228ea824,landerson@example.net,Prof.,Robert,Carter,Rheumatology,Seeking to join as a Pediatrics specialist,https://example.com/applications/6854416e-967e-41bc-9366-c94424efb7fc.jpg,"[""license_5165.pdf"", ""cv_7087.pdf""]",pending_approval,LIC959430,(505) 217-3805,admin_001,Approved,,2025-05-28T10:06:17.088740,2025-09-10T20:39:17.088750
83275cae-d96b-43c9-9ac4-044b1dc901b6,robertshannah@example.org,Prof.,Ruben,Morgan,Dermatology,Seeking to join as a Psychiatry specialist,https://example.com/applications/e8acf3e1-b87a-476d-8391-9665b0d04a0d.jpg,"[""license_5712.pdf"", ""cv_3518.pdf""]",pending_approval,LIC569567,(928) 322-7111,admin_001,Approved,c411c93d-8fb9-4527-9637-b42ca0f0b687,2025-05-25T09:21:17.089146,2025-09-03T16:08:17.089156
f8e8b169-5eaa-41c6-8984-9fb3310dc2cb,denisenelson@example.net,DO,Kyle,Ponce,Orthopedics,Seeking to join as a Pulmonology specialist,https://example.com/applications/ffb1eb8b-988f-4409-a52b-c0426356a79a.jpg,"[""license_3061.pdf"", ""cv_5677.pdf""]",pending_approval,LIC850652,(870) 495-1944,admin_001,Approved,9ba3c002-170f-4e34-852d-bb46b65c28c9,2025-07-28T07:20:17.089508,2025-08-23T05:49:17.089515
9c9e6b7a-f753-483f-a83c-73ac8df303fb,rebecca21@example.com,PA,Mario,Williams,Psychiatry,Seeking to join as a Gastroenterology specialist,https://example.com/applications/37659731-313f-488b-ab5b-ef020493f8cb.jpg,"[""license_4082.pdf"", ""cv_4842.pdf""]",inactive,LIC383578,(445) 656-5631,admin_001,Under review,,2025-08-31T00:18:17.089806,2025-09-04T00:58:17.089811
4a683460-b10e-4634-be79-6fa7a07cd092,sarahjacobs@example.org,Dr.,Nancy,Green,Oncology,Seeking to join as a Urology specialist,https://example.com/applications/c44b0d47-2182-4473-80f7-372d7d601c76.jpg,"[""license_8882.pdf"", ""cv_5916.pdf""]",inactive,LIC815492,(913) 552-8718,admin_002,Approved,,2025-04-06T00:12:17.090145,2025-08-19T10:20:17.090152
dbf1e75b-a46b-4a23-9d10-71a0db6be897,simmonsnatasha@example.net,NP,Michele,Strong,Urology,Seeking to join as a Rheumatology specialist,https://example.com/applications/d569ca9d-1e4a-4dda-8123-fd10266c6e6f.jpg,"[""license_5224.pdf"", ""cv_8816.pdf""]",active,LIC474486,(984) 990-3923,,Approved,,2025-05-16T19:25:17.090474,2025-09-09T00:21:17.090482
41371ae6-f8ba-45fc-a509-8ec0d0e105d9,tanya78@example.net,Prof.,Karen,Gray,Hematology,Seeking to join as a Oncology specialist,https://example.com/applications/c998fb58-973a-4dcc-b223-38e5d61c9461.jpg,"[""license_5633.pdf"", ""cv_8293.pdf""]",suspended,LIC453298,(667) 849-2796,admin_001,Under review,eb74e71f-2745-4d53-8b39-0cd1af16742a,2025-06-06T07:54:17.090813,2025-08-21T22:35:17.090820
19a47fc1-6414-4da7-8ee5-301d26c02b02,velliott@example.net,Dr.,Anita,Wiley,Geriatrics,Seeking to join as a Psychiatry specialist,https://example.com/applications/4d342633-fb44-439e-a71e-a40d020fdc51.jpg,"[""license_4424.pdf"", ""cv_8098.pdf""]",active,LIC950331,(910) 628-7087,,Under review,,2025-04-25T08:47:17.091101,2025-08-30T06:11:17.091108
32cddca3-d5f4-4d72-8767-114245f76df9,sean91@example.org,DO,Rachel,Arroyo,Orthopedics,Seeking to join as a Gastroenterology specialist,https://example.com/applications/89d62cf0-d4e1-4598-bc5e-af189f33c488.jpg,"[""license_8959.pdf"", ""cv_4211.pdf""]",suspended,LIC280881,(947) 522-3741,,,,2025-07-04T14:05:17.091514,2025-08-25T22:58:17.091530
683aa389-b955-4256-92ab-4ce4b75f72dc,jellis@example.com,Dr.,Brian,Brewer,Rheumatology,Seeking to join as a Psychiatry specialist,https://example.com/applications/32be66f5-8802-444c-b533-3fd941f7d745.jpg,"[""license_7272.pdf"", ""cv_4112.pdf""]",pending_approval,LIC872283,(530) 512-4486,admin_002,Under review,,2025-09-03T16:09:17.091850,2025-09-17T07:07:17.091857
c1d3748c-b2c8-4b0f-ab8f-3b6f0479d0c9,pweber@example.net,Prof.,Keith,Davis,Geriatrics,Seeking to join as a Gastroenterology specialist,https://example.com/applications/1bcf51c5-b6a7-4fd2-af4a-162a9d3175e1.jpg,"[""license_7545.pdf"", ""cv_3126.pdf""]",suspended,LIC351240,(518) 757-6622,,Under review,,2025-04-02T23:57:17.092122,2025-08-29T12:20:17.092127
bad000cc-b805-426b-a201-e7b17bda3675,jay70@example.org,NP,Shannon,Carr,Hematology,Seeking to join as a Dermatology specialist,https://example.com/applications/1b3ecf07-ad60-47ef-b970-ba064b1f59ec.jpg,"[""license_9769.pdf"", ""cv_8942.pdf""]",suspended,LIC558115,(843) 619-4232,admin_002,Approved,,2025-08-23T12:17:17.092370,2025-09-03T22:53:17.092376
61b56ed2-26ad-4e92-8d7e-63bcb3454650,natasharodriguez@example.net,PA,Tammy,Ramirez,Oncology,Seeking to join as a General Practice specialist,https://example.com/applications/ae6f02f6-3100-44d7-bdaa-d6966eb09c26.jpg,"[""license_3985.pdf"", ""cv_4225.pdf""]",active,LIC420247,(463) 825-9091,admin_001,,848325da-f81e-4b7e-8c28-826a8cd1a70c,2025-05-30T00:23:17.092863,2025-09-03T05:42:17.092870
33c3ae77-1b4d-4902-8c0d-97f8caa828fd,saragreen@example.org,NP,Joseph,Lowe,Dermatology,Seeking to join as a General Practice specialist,https://example.com/applications/24510b14-17ea-4dae-9fe5-183740a08bbd.jpg,"[""license_3626.pdf"", ""cv_6438.pdf""]",active,LIC603060,(806) 674-3863,,Approved,,2025-06-09T19:09:17.093263,2025-09-10T15:56:17.093270
2abaad41-9025-4920-815e-526bcad861d7,nelsonaaron@example.org,DO,Valerie,Gonzales,Cardiology,Seeking to join as a Urology specialist,https://example.com/applications/bc7e39c2-c964-481d-a978-64a428e19ac6.jpg,"[""license_6543.pdf"", ""cv_1136.pdf""]",active,LIC866883,(984) 575-1391,admin_002,,,2025-05-22T01:14:17.093661,2025-09-03T18:41:17.093666
c9cfb2b4-0218-4795-ac45-a6606a5f00fd,zcooper@example.net,Dr.,Timothy,Lawrence,Pediatrics,Seeking to join as a Oncology specialist,https://example.com/applications/ec327329-f1bd-40e8-9d1b-82103682b7de.jpg,"[""license_2423.pdf"", ""cv_3964.pdf""]",inactive,LIC557815,(909) 535-6857,,Under review,bdbaafeb-0a69-4330-8b75-8fb5e3d9986c,2025-04-20T08:14:17.093956,2025-09-04T06:35:17.093964
680bf067-ad3e-48c5-baf4-c1c84676c019,valerieyoder@example.net,PA,Mary,Brooks,Pulmonology,Seeking to join as a Urology specialist,https://example.com/applications/8a607d0f-a551-43eb-808c-f1f889c1c96f.jpg,"[""license_1946.pdf"", ""cv_8345.pdf""]",suspended,LIC578230,(862) 313-6022,admin_002,,,2025-05-06T22:20:17.094355,2025-08-19T20:20:17.094362
ed782a0d-975d-4f76-9fea-3f47bb697497,elizabethfry@example.org,DO,Donald,Williams,Dermatology,Seeking to join as a Cardiology specialist,https://example.com/applications/f06413c8-62f8-46fc-a84f-481087a591fb.jpg,"[""license_9266.pdf"", ""cv_1266.pdf""]",inactive,LIC408455,(310) 778-7817,admin_002,Approved,,2025-08-18T08:44:17.094695,2025-09-08T10:42:17.094700
badcd034-d796-4249-9939-9e86218e9431,kimberly12@example.com,MD,Terrence,Clark,Orthopedics,Seeking to join as a Oncology specialist,https://example.com/applications/8975ae21-783b-4bc8-9db5-37e25d626ee9.jpg,"[""license_9019.pdf"", ""cv_8974.pdf""]",pending_approval,LIC625685,(510) 644-5825,,Needs additional documentation,,2025-06-02T16:24:17.095003,2025-08-26T22:59:17.095012
c7652f81-2457-40d5-93c7-7b836cc296bc,vanessamoore@example.org,PA,Pedro,Webb,Urology,Seeking to join as a Pulmonology specialist,https://example.com/applications/7c097f04-71b1-4bd5-addf-ac15e3e2ac03.jpg,"[""license_3069.pdf"", ""cv_5733.pdf""]",inactive,LIC936357,(918) 233-4198,,Needs additional documentation,3ff6f3b3-f8f7-4a37-b939-471bf3dac4b1,2025-07-08T03:40:17.095339,2025-09-12T06:53:17.095344
12e11522-9413-4157-bf61-ce6da682f295,stephen89@example.com,MD,Adam,Tran,Endocrinology,Seeking to join as a Urology specialist,https://example.com/applications/eb6e0795-c513-494e-9623-3fdb503de038.jpg,"[""license_5551.pdf"", ""cv_9934.pdf""]",pending_approval,LIC998798,(240) 673-5259,admin_002,Approved,a5584ac8-3136-44e6-8b60-e95c48400703,2025-04-12T11:11:17.095589,2025-08-27T09:52:17.095595
c8394cf8-3779-4b51-af26-02ea3bb6d049,donaldtorres@example.com,DO,Kristin,Wilson,Dermatology,Seeking to join as a Radiology specialist,https://example.com/applications/e1c938c4-0743-4aaf-9856-aa6cde83cd41.jpg,"[""license_5137.pdf"", ""cv_3233.pdf""]",pending_approval,LIC301274,(938) 459-8584,admin_001,Approved,6bf8ed3a-8324-4e3f-875d-54d7d36067aa,2025-09-07T08:46:17.096082,2025-09-01T01:06:17.096097
019c8346-6406-48d3-88d0-1307a68c09c2,carpenterkristen@example.org,MD,Kimberly,James,Cardiology,Seeking to join as a General Practice specialist,https://example.com/applications/78dcb028-477c-4443-b36a-8f9da5d1be95.jpg,"[""license_7210.pdf"", ""cv_3686.pdf""]",inactive,LIC638137,(251) 777-2750,admin_001,Needs additional documentation,,2025-06-16T21:41:17.096639,2025-09-07T10:40:17.096659
c68f5c91-959e-404e-93cb-7218557c48c4,nshepherd@example.com,MD,Nancy,Cook,Dermatology,Seeking to join as a Pulmonology specialist,https://example.com/applications/e589530b-2f16-46e8-81f1-e66c1ce64343.jpg,"[""license_9824.pdf"", ""cv_3322.pdf""]",active,LIC393490,(708) 307-7344,admin_002,,,2025-07-22T15:14:17.097309,2025-09-01T06:04:17.097330
55efb94c-073f-42d2-8a6e-8aafa3e90aa0,anthonywinters@example.com,PA,Denise,Williams,Gastroenterology,Seeking to join as a Neurology specialist,https://example.com/applications/fe7b456b-bb9b-4969-887c-5e15cd9bbdb9.jpg,"[""license_3451.pdf"", ""cv_1916.pdf""]",active,LIC260158,(408) 958-7150,,Approved,,2025-08-17T20:57:17.097775,2025-08-23T13:17:17.097783
31f87a7c-098e-4612-8e0e-8a97da8fd8b0,lydiasullivan@example.net,DO,Charles,Kent,Gastroenterology,Seeking to join as a Gastroenterology specialist,https://example.com/applications/c3f75491-fc05-44fc-a419-47d0e001b6bd.jpg,"[""license_1583.pdf"", ""cv_2964.pdf""]",active,LIC994404,(843) 663-5017,admin_002,Needs additional documentation,867acf07-d58a-42fc-b1dc-ee154d46a3e2,2025-04-10T09:23:17.098136,2025-09-12T18:57:17.098143
219fb58d-c06e-4913-ac6e-13b26865e9f2,ryan84@example.net,Dr.,Jaime,Chapman,Radiology,Seeking to join as a Rheumatology specialist,https://example.com/applications/e6666053-849d-40a6-8e13-06bfa57bd441.jpg,"[""license_4303.pdf"", ""cv_7002.pdf""]",suspended,LIC178166,(828) 359-2532,,Approved,,2025-08-28T07:24:17.098405,2025-09-11T20:52:17.098411
9d95fe15-4973-40e9-9d07-ef116a9d3244,zglenn@example.com,Dr.,Pamela,Guzman,Dermatology,Seeking to join as a Geriatrics specialist,https://example.com/applications/3d1bf428-3a66-4a8e-ba14-c88ed2589f44.jpg,"[""license_2932.pdf"", ""cv_7994.pdf""]",suspended,LIC123050,(407) 424-9815,,Under review,b7edf995-a5b6-4f73-aa27-7b5c7a08684f,2025-04-18T07:12:17.098698,2025-08-26T20:47:17.098704
3d6d764e-e05b-424e-beca-d330b115f3e5,bsolis@example.org,MD,Lisa,Johnson,Geriatrics,Seeking to join as a Neurology specialist,https://example.com/applications/7d4695b9-2a37-4f52-87a1-e38363ca0309.jpg,"[""license_9701.pdf"", ""cv_1088.pdf""]",suspended,LIC556356,(779) 723-7118,admin_002,Needs additional documentation,1de83349-7bc4-4f95-bca9-07d26af3061e,2025-07-21T21:40:17.099145,2025-09-11T05:25:17.099157
fc840f81-c964-400c-8d63-13e4c0b14155,rgarcia@example.org,MD,Angel,Nelson,Pulmonology,Seeking to join as a Radiology specialist,https://example.com/applications/5c8c2a1c-2e90-4634-916d-265660cc56c7.jpg,"[""license_4606.pdf"", ""cv_1031.pdf""]",inactive,LIC661204,(406) 315-1974,admin_001,,c42427d5-ede9-4aac-b803-ba4a3f963fe2,2025-05-22T16:32:17.099520,2025-08-29T01:36:17.099529
6f44dd54-78ea-4d04-93f1-2965cabfb54e,bowersjessica@example.org,Prof.,John,Wallace,Hematology,Seeking to join as a Gastroenterology specialist,https://example.com/applications/c1000f4a-3e2e-4e1f-b2aa-07aef043c192.jpg,"[""license_6927.pdf"", ""cv_4373.pdf""]",pending_approval,LIC243065,(941) 659-7665,admin_002,Needs additional documentation,,2025-05-08T01:02:17.099912,2025-09-14T10:12:17.099918
b1f9c85f-8809-4b2c-8555-c9a8f8983877,patricia43@example.com,NP,Jessica,Guerrero,General Practice,Seeking to join as a Psychiatry specialist,https://example.com/applications/e0aef4fc-849a-48d2-ae76-dd047778327c.jpg,"[""license_9997.pdf"", ""cv_8668.pdf""]",suspended,LIC294155,(720) 239-4067,admin_001,,,2025-06-21T11:21:17.100172,2025-09-02T09:48:17.100177
29d7354e-f6f5-44ad-be7f-7ae2f0684f6e,sallen@example.com,Prof.,Anita,Miller,General Practice,Seeking to join as a Orthopedics specialist,https://example.com/applications/e58ff668-ef90-420b-8f5b-66dc0aa76c52.jpg,"[""license_8778.pdf"", ""cv_1243.pdf""]",inactive,LIC970663,(231) 462-9246,admin_001,Needs additional documentation,393f67b5-e568-4cd6-8ffb-c8e775bb38e0,2025-07-25T04:31:17.100442,2025-09-11T09:31:17.100447
a091e854-b4d0-4e87-b413-24a529c1bda3,patricia74@example.org,PA,Samuel,Golden,Cardiology,Seeking to join as a Pediatrics specialist,https://example.com/applications/214f4f6b-5aab-4f8d-a03b-3c23eb5c4977.jpg,"[""license_4923.pdf"", ""cv_6504.pdf""]",active,LIC315670,(414) 580-3957,admin_002,Under review,,2025-08-05T15:29:17.100675,2025-08-27T11:46:17.100679
1d114067-29e5-4a79-a645-6e3476c88f05,martha66@example.org,PA,Jocelyn,Scott,Orthopedics,Seeking to join as a Neurology specialist,https://example.com/applications/3a35702a-73fd-4e12-ad33-d5c544837a9f.jpg,"[""license_2563.pdf"", ""cv_1206.pdf""]",pending_approval,LIC248144,(337) 274-5101,,,412172fc-7d69-4e85-8bb6-1595ba3f7b8f,2025-04-03T00:26:17.100901,2025-08-19T14:39:17.100906
52adf022-8488-4005-aa3a-8096b740e262,rparker@example.org,Dr.,Alexandra,Roberts,Gastroenterology,Seeking to join as a Cardiology specialist,https://example.com/applications/468603a4-a1bd-4245-9d5d-229ce9025990.jpg,"[""license_3778.pdf"", ""cv_8748.pdf""]",suspended,LIC438129,(646) 820-7114,admin_001,Approved,,2025-07-03T12:58:17.101160,2025-09-17T21:27:17.101166
2c80a150-51fb-408e-ae48-e182fb362eab,courtneyking@example.net,PA,Tracy,Ward,Dermatology,Seeking to join as a Orthopedics specialist,https://example.com/applications/c261d294-72a7-4586-b3b4-9accea098fbd.jpg,"[""license_4676.pdf"", ""cv_8580.pdf""]",suspended,LIC546861,(305) 849-8819,admin_002,,,2025-06-30T07:31:17.101460,2025-09-03T12:32:17.101465
96514217-b095-4357-97fd-7fa15143a8fa,nthompson@example.net,PA,Jessica,Gordon,Dermatology,Seeking to join as a Hematology specialist,https://example.com/applications/f2e6161b-493e-4761-bf75-576934f33081.jpg,"[""license_5112.pdf"", ""cv_1913.pdf""]",suspended,LIC987620,(405) 498-6614,admin_002,,,2025-04-22T18:31:17.101713,2025-09-01T23:47:17.101718
2abc4aaa-bcf7-43af-857c-1329a3b750f8,schultzderek@example.net,NP,Jonathan,Armstrong,Hematology,Seeking to join as a Dermatology specialist,https://example.com/applications/7f01f2e3-eb8f-46dc-9319-731ebd5729a3.jpg,"[""license_9791.pdf"", ""cv_8611.pdf""]",pending_approval,LIC511382,(220) 372-8467,admin_001,Under review,a327b46f-652b-44a0-8c00-ab2cd9e642cf,2025-07-08T21:22:17.102020,2025-08-29T01:28:17.102025
97e69552-508c-4074-a14d-455c3c63355d,davidhart@example.org,DO,Jeffery,Kane,General Practice,Seeking to join as a Dermatology specialist,https://example.com/applications/9c023206-bcc4-4295-8a4e-596ce6a0f2c7.jpg,"[""license_7805.pdf"", ""cv_2563.pdf""]",active,LIC327221,(915) 251-7646,admin_002,,637affd8-dc30-4167-b811-04f2f55e465b,2025-07-23T13:52:17.102356,2025-08-25T04:50:17.102361
c415f501-48a0-4bab-826d-dac4a36c7a1e,lewistara@example.net,DO,Alexis,Hale,Psychiatry,Seeking to join as a Psychiatry specialist,https://example.com/applications/dc6c71fc-1d8c-4c75-b743-a53c4d70e3e4.jpg,"[""license_3070.pdf"", ""cv_9132.pdf""]",pending_approval,LIC931345,(585) 485-9501,admin_002,Needs additional documentation,,2025-06-01T04:11:17.102663,2025-09-01T05:52:17.102668
a2ccff14-5023-4d8b-8e83-369e18f03c73,stacy45@example.com,DO,Heather,Roberts,Dermatology,Seeking to join as a Geriatrics specialist,https://example.com/applications/4eefabcf-0246-4806-bfe9-af0ad264878c.jpg,"[""license_2100.pdf"", ""cv_7444.pdf""]",active,LIC810277,(562) 400-9107,,Under review,,2025-07-08T21:52:17.102898,2025-08-24T18:26:17.102903
bf54319c-dd81-4c26-a140-00b3d8791eb0,coxmaria@example.com,MD,Shawn,Pope,Gastroenterology,Seeking to join as a Pulmonology specialist,https://example.com/applications/3121c792-728f-4a4d-99b7-53f21bbbe388.jpg,"[""license_2945.pdf"", ""cv_5966.pdf""]",active,LIC823912,(435) 657-1414,admin_001,Approved,,2025-04-30T18:38:17.103228,2025-09-18T04:25:17.103236
20388dca-22dc-4037-8d3e-8b0238045e9b,smyers@example.com,NP,Daniel,Sampson,Geriatrics,Seeking to join as a Radiology specialist,https://example.com/applications/d1e7595f-c810-4a8d-85f1-2f5c8a5b2185.jpg,"[""license_4582.pdf"", ""cv_7723.pdf""]",inactive,LIC416928,(206) 799-2808,admin_002,Needs additional documentation,,2025-09-18T02:06:17.103504,2025-09-03T04:13:17.103509
6671cbc5-b264-4f8d-a386-14f8a26cecf6,barbaramcclain@example.com,NP,Robert,Chapman,Pediatrics,Seeking to join as a Cardiology specialist,https://example.com/applications/2db30637-0205-4d23-abbd-2aad72004e42.jpg,"[""license_6633.pdf"", ""cv_5017.pdf""]",pending_approval,LIC168547,(702) 620-5713,admin_001,Under review,,2025-07-19T09:55:17.103907,2025-09-17T21:16:17.103914
0771c502-1a14-40ae-8728-105df0a10572,scott67@example.net,Prof.,Gina,Rodgers,Pediatrics,Seeking to join as a Gastroenterology specialist,https://example.com/applications/cdd5e039-31f5-451f-be85-87ced8bfcafa.jpg,"[""license_4597.pdf"", ""cv_7265.pdf""]",pending_approval,LIC915638,(435) 304-9273,,Under review,93f8ca56-926b-4593-a5ba-694f24cf4e8e,2025-06-27T00:48:17.104177,2025-09-16T05:14:17.104183
b717a07b-eb34-47d5-bc20-897903af28a0,erandolph@example.net,NP,Sophia,Walton,Pediatrics,Seeking to join as a Oncology specialist,https://example.com/applications/cd0bef28-881d-489e-99c4-6e078623637e.jpg,"[""license_7781.pdf"", ""cv_6705.pdf""]",pending_approval,LIC852816,(503) 281-9112,admin_001,Needs additional documentation,5f8cdc28-65d5-4133-a5ad-154ef391e52d,2025-04-23T22:37:17.104445,2025-09-03T04:35:17.104450
cc2b7a4c-5163-4dea-a25e-95e83dd34505,timothy60@example.net,Prof.,Ryan,Morales,Psychiatry,Seeking to join as a Psychiatry specialist,https://example.com/applications/c74ee7f4-dc21-48e0-9b54-0503a28c9a4c.jpg,"[""license_7485.pdf"", ""cv_4079.pdf""]",inactive,LIC811620,(614) 308-4919,admin_001,Approved,61a643f2-c25f-4235-bbe5-e8be535546f5,2025-04-07T08:21:17.104688,2025-09-14T12:03:17.104694
9f196fb1-666e-434d-91bc-b0e426360e22,melissa29@example.com,DO,Michael,Smith,Dermatology,Seeking to join as a Radiology specialist,https://example.com/applications/29e72b0d-d3dd-4019-9b5a-607b8e3a935f.jpg,"[""license_1818.pdf"", ""cv_6543.pdf""]",active,LIC676396,(585) 571-6055,admin_001,Approved,6ea85407-d1ea-494d-82b5-e51bf23ffacf,2025-03-29T11:28:17.104933,2025-08-31T00:01:17.104938
72beca01-1ed0-4bc4-a88e-8e886fd4aef1,chadcox@example.com,Dr.,Lance,Gilmore,Psychiatry,Seeking to join as a Urology specialist,https://example.com/applications/0c94df55-050c-4553-a476-4fbe11152612.jpg,"[""license_1814.pdf"", ""cv_3244.pdf""]",active,LIC353764,(385) 463-4394,admin_002,Needs additional documentation,,2025-08-31T06:47:17.105274,2025-09-16T02:42:17.105279
4c7f3b3b-c937-46a6-88de-009045d50a93,lmoreno@example.net,Prof.,Ashley,Medina,Neurology,Seeking to join as a Endocrinology specialist,https://example.com/applications/883a366d-df79-4e86-9acd-277bc39e5bc7.jpg,"[""license_2847.pdf"", ""cv_8359.pdf""]",pending_approval,LIC959394,(602) 518-5103,admin_002,Needs additional documentation,dad2879b-58d0-4c82-a489-5c19426aefda,2025-08-02T04:16:17.105535,2025-08-30T13:58:17.105540
9017bb36-5a5e-4069-bb29-b4bde0a70665,vward@example.com,MD,Walter,Ferrell,General Practice,Seeking to join as a Rheumatology specialist,https://example.com/applications/7ef71ca6-6fa2-4dd7-9b69-853a761d09e7.jpg,"[""license_4248.pdf"", ""cv_4535.pdf""]",suspended,LIC167638,(667) 555-6020,admin_001,Under review,,2025-06-25T05:51:17.105793,2025-09-09T15:23:17.105798
ae179ad4-1a13-407e-ba0d-d7ac2cdc27a2,mcdanielangela@example.net,Prof.,Donald,Smith,Pulmonology,Seeking to join as a Dermatology specialist,https://example.com/applications/3d09973b-b564-4d79-978f-404ea683afcf.jpg,"[""license_2404.pdf"", ""cv_6615.pdf""]",pending_approval,LIC518023,(317) 429-6319,admin_001,Needs additional documentation,,2025-06-01T13:45:17.106101,2025-09-13T09:31:17.106106
0676cc94-18d0-416e-878e-762f5ce33a0d,brookeherrera@example.net,DO,Billy,Zamora,Pulmonology,Seeking to join as a Oncology specialist,https://example.com/applications/cf30ebbb-4945-4731-b953-f9f94834270d.jpg,"[""license_1828.pdf"", ""cv_1860.pdf""]",inactive,LIC636554,(956) 861-2343,admin_001,Needs additional documentation,,2025-06-09T22:35:17.106441,2025-08-29T22:13:17.106446
93ee1296-406b-48e1-8e0c-8b1fa6ce03a6,austin67@example.org,Dr.,Jesse,Fox,Orthopedics,Seeking to join as a Gastroenterology specialist,https://example.com/applications/e385bb88-ba58-433f-a615-a4391c593657.jpg,"[""license_9349.pdf"", ""cv_3219.pdf""]",inactive,LIC472826,(321) 885-3928,admin_002,Under review,,2025-04-05T01:03:17.106698,2025-09-06T00:52:17.106705
f0811f43-8632-40d7-b7e7-cd5dab260ec2,charris@example.org,NP,Kevin,Valencia,Oncology,Seeking to join as a Orthopedics specialist,https://example.com/applications/9beee783-7681-40a9-b8b7-843b2b32f77f.jpg,"[""license_4753.pdf"", ""cv_1706.pdf""]",active,LIC172810,(935) 514-2009,admin_001,Needs additional documentation,adb9c12f-d8f4-40c2-925e-497cce28aa1b,2025-08-30T04:47:17.106965,2025-08-28T02:34:17.106970
731b0945-ecc4-4714-b830-3d34f7e76aa9,john31@example.net,Prof.,Francis,Delacruz,Psychiatry,Seeking to join as a Urology specialist,https://example.com/applications/a2a0c5d5-d20c-43c4-b207-ce901c34a484.jpg,"[""license_2337.pdf"", ""cv_9761.pdf""]",suspended,LIC398615,(203) 704-5965,admin_002,,,2025-07-23T03:44:17.107237,2025-08-21T11:43:17.107243
44f6b98e-76bd-429e-9274-3df19c61ea94,johnsmith@example.org,Prof.,Heather,Cooke,Gastroenterology,Seeking to join as a Radiology specialist,https://example.com/applications/f12c88dc-c1a8-4309-8830-4842da72eeb0.jpg,"[""license_1693.pdf"", ""cv_9973.pdf""]",active,LIC710401,(408) 495-9616,admin_001,Under review,,2025-07-12T05:23:17.107553,2025-08-22T17:53:17.107558
1f90c319-6bbe-4597-9fb5-b921e9507066,elizabeth65@example.com,PA,Daniel,Rodriguez,Urology,Seeking to join as a Neurology specialist,https://example.com/applications/1e196ede-6158-43cc-bf92-809bf5fb6f7c.jpg,"[""license_5973.pdf"", ""cv_5405.pdf""]",suspended,LIC573173,(903) 555-5160,admin_001,,,2025-06-30T09:25:17.107792,2025-09-01T11:40:17.107797
d5501f66-a25c-4cb4-8f1c-9c331e2f5155,iflores@example.net,Dr.,Warren,Morris,Endocrinology,Seeking to join as a Cardiology specialist,https://example.com/applications/6ecb4b52-d962-4970-9762-6743be393cbd.jpg,"[""license_9909.pdf"", ""cv_6020.pdf""]",pending_approval,LIC524389,(484) 830-9082,admin_002,Needs additional documentation,,2025-09-07T22:58:17.108054,2025-09-03T02:00:17.108059
3778b756-326e-4e9e-8514-7804633a8304,egarcia@example.com,Dr.,Keith,Hernandez,Cardiology,Seeking to join as a Orthopedics specialist,https://example.com/applications/d1091dc0-01a0-4ff2-9740-fc3045e9df2c.jpg,"[""license_1037.pdf"", ""cv_4809.pdf""]",pending_approval,LIC761918,(323) 528-2714,admin_002,,,2025-09-10T05:50:17.108316,2025-08-27T13:00:17.108322
2ce75b6a-80f7-4233-96b6-fc4fe8e99959,michael83@example.com,Prof.,James,Franklin,Dermatology,Seeking to join as a General Practice specialist,https://example.com/applications/8fd8d260-c14b-4f63-b3bd-23a6f24ec983.jpg,"[""license_1599.pdf"", ""cv_8649.pdf""]",active,LIC878469,(417) 260-9202,admin_001,Under review,842cf48a-4ab5-4f1c-bc4d-d264a3097224,2025-05-16T03:00:17.108562,2025-08-27T04:21:17.108567
1b5e3b8f-f116-4993-b425-2e77ddfccf13,debrabryant@example.org,NP,Charles,Chavez,Oncology,Seeking to join as a Neurology specialist,https://example.com/applications/ae244008-8fb4-422e-b1d9-acf545d5b38c.jpg,"[""license_2612.pdf"", ""cv_9407.pdf""]",suspended,LIC877970,(930) 260-4270,admin_002,Approved,,2025-04-18T01:14:17.108869,2025-09-06T21:13:17.108874
1ed7dcd1-7507-4afe-b23d-0d309305ffd4,nmoses@example.com,NP,Diane,Murphy,Rheumatology,Seeking to join as a Geriatrics specialist,https://example.com/applications/05cd42b1-f09a-4d25-8a8f-7f15282eed6e.jpg,"[""license_2739.pdf"", ""cv_1870.pdf""]",pending_approval,LIC355001,(424) 362-8212,admin_002,,,2025-06-13T10:34:17.109151,2025-08-29T20:52:17.109156
8bb3e623-dbe5-4fd9-b99a-35c565772535,lindseydaniels@example.net,Dr.,Teresa,Wright,Dermatology,Seeking to join as a Pediatrics specialist,https://example.com/applications/d6e91c97-d18c-49de-ba1a-e29db080138a.jpg,"[""license_1040.pdf"", ""cv_9367.pdf""]",inactive,LIC926113,(602) 914-7301,,,,2025-07-15T09:53:17.109484,2025-09-03T11:32:17.109490
13284709-e641-481c-9d14-ebd4bd7d190c,ebeck@example.com,PA,Michael,Mcclure,Psychiatry,Seeking to join as a Dermatology specialist,https://example.com/applications/7df73782-b8a9-4563-908e-c906bf885566.jpg,"[""license_5796.pdf"", ""cv_7861.pdf""]",active,LIC177384,(917) 718-7841,,Needs additional documentation,9a075674-1d94-4aaf-a877-d2c868910cba,2025-08-25T13:00:17.109771,2025-08-30T09:50:17.109778
813065d2-cdfd-40bc-95c4-a57a2969e325,shirley60@example.net,MD,Denise,Mclean,Urology,Seeking to join as a Pediatrics specialist,https://example.com/applications/9803ad0f-2990-4afa-98d1-445cd9cdba7c.jpg,"[""license_9471.pdf"", ""cv_2006.pdf""]",active,LIC134077,(561) 442-2485,,Under review,,2025-05-18T19:49:17.110023,2025-08-24T08:35:17.110030
b0ecad01-b118-4b29-8491-a67026f72a48,hamptonsabrina@example.com,PA,David,Mendez,Oncology,Seeking to join as a Radiology specialist,https://example.com/applications/2ad351fe-d8ce-41e8-a9ad-fd4fc3aea9d2.jpg,"[""license_8823.pdf"", ""cv_7750.pdf""]",inactive,LIC961224,(530) 649-4456,,,,2025-07-29T08:33:17.110384,2025-09-08T00:53:17.110389
880fe0a4-c84a-42b2-924e-911ee9421aa1,cynthia62@example.net,Dr.,David,Valencia,Rheumatology,Seeking to join as a Cardiology specialist,https://example.com/applications/2a84e92d-1a70-469a-8f7d-fb1c9c63a2b1.jpg,"[""license_7826.pdf"", ""cv_1763.pdf""]",active,LIC546237,(402) 338-9218,admin_001,,,2025-04-30T18:04:17.110675,2025-09-10T06:12:17.110688
8b28a4d6-49a6-41f8-a023-edf9b749d6d8,derrick85@example.org,PA,James,Solis,Geriatrics,Seeking to join as a Psychiatry specialist,https://example.com/applications/0a4abde6-36e0-4b4d-bb3b-540cccd0351a.jpg,"[""license_2228.pdf"", ""cv_6404.pdf""]",active,LIC605295,(737) 678-6965,admin_002,Needs additional documentation,,2025-08-15T09:45:17.111203,2025-09-18T07:39:17.111225
b76c4817-7670-42e0-bb6e-4d955321bfe5,ryancunningham@example.net,NP,Todd,Lawrence,Orthopedics,Seeking to join as a Pediatrics specialist,https://example.com/applications/44caf536-1ce2-43a5-9c5e-0ce952aacf3d.jpg,"[""license_3189.pdf"", ""cv_5411.pdf""]",active,LIC337996,(423) 646-8535,admin_001,Under review,5a88e552-dcd4-4d38-926a-f89caf2ab728,2025-07-15T17:58:17.112581,2025-09-02T01:53:17.112645
3ee7b342-a874-411c-af2b-ead92651256a,andersonvanessa@example.com,PA,Olivia,Williams,Gastroenterology,Seeking to join as a Rheumatology specialist,https://example.com/applications/57c61969-c704-4e9e-a50e-539e26b1ec3a.jpg,"[""license_3500.pdf"", ""cv_6692.pdf""]",pending_approval,LIC269026,(571) 518-7059,admin_002,Under review,c1826488-803a-4564-b2db-c3b450b78abf,2025-03-30T20:40:17.114126,2025-08-31T20:07:17.114162
dc7eb263-2f79-451a-97af-db88c2e8d81f,frazierwendy@example.com,MD,Lisa,Lawson,Orthopedics,Seeking to join as a Endocrinology specialist,https://example.com/applications/ad8b0825-803e-4dec-8a83-6e345aa07d38.jpg,"[""license_2044.pdf"", ""cv_8227.pdf""]",inactive,LIC828409,(712) 851-3081,admin_002,Under review,,2025-04-29T14:11:17.114673,2025-09-14T16:57:17.114692
f4806e53-38a9-4ce5-b39f-96528be37488,marylopez@example.net,Prof.,Melissa,Figueroa,Endocrinology,Seeking to join as a Gastroenterology specialist,https://example.com/applications/62629d97-6697-4fa9-8f7a-855a16fff6c0.jpg,"[""license_9226.pdf"", ""cv_8170.pdf""]",suspended,LIC109721,(910) 836-8465,admin_001,Needs additional documentation,,2025-09-01T08:04:17.115134,2025-09-12T14:08:17.115153
d2c57eb3-d7be-4fb6-a849-7ea6dd31279b,daviddalton@example.com,Prof.,Shawn,Garcia,General Practice,Seeking to join as a Urology specialist,https://example.com/applications/cfa1e1d2-abe5-40c1-a813-278729986a81.jpg,"[""license_4201.pdf"", ""cv_6899.pdf""]",pending_approval,LIC798128,(530) 766-7274,admin_002,,fdc9bc2b-df8e-4283-99ba-845e3eebcb55,2025-03-30T16:39:17.115479,2025-09-12T17:24:17.115488
1118ac2e-c84e-4ed8-86bd-4f14438d2dac,rachel62@example.com,DO,Dana,Armstrong,Dermatology,Seeking to join as a Endocrinology specialist,https://example.com/applications/a7cdf280-0b40-4c25-ba96-3e08636c75c2.jpg,"[""license_6079.pdf"", ""cv_5438.pdf""]",suspended,LIC149196,(508) 996-4249,admin_002,Approved,f2f45567-199e-43be-a9a8-91e57be352a6,2025-06-12T14:16:17.115713,2025-08-27T22:41:17.115723
2e36917a-7960-4ba0-81bc-66850ab989b4,jbarker@example.org,DO,Lisa,Sharp,Endocrinology,Seeking to join as a Dermatology specialist,https://example.com/applications/5b216c9a-183d-4ef7-9a26-8ecd9bd8e4dc.jpg,"[""license_4054.pdf"", ""cv_8560.pdf""]",pending_approval,LIC382547,(954) 705-9469,admin_001,Needs additional documentation,23e26859-2f09-467d-b460-f2c7962312d2,2025-05-18T22:31:17.116028,2025-09-09T05:37:17.116039
bea53326-3cfc-4384-8847-8b65544b5b9a,yrobinson@example.org,MD,Clifford,Rogers,Urology,Seeking to join as a Radiology specialist,https://example.com/applications/58362803-b90f-4ec4-8577-a69456c19889.jpg,"[""license_5187.pdf"", ""cv_8335.pdf""]",inactive,LIC486332,(930) 380-1474,admin_001,,,2025-09-14T12:39:17.116238,2025-09-10T07:55:17.116243
3e050622-abc7-4f53-9453-edd4ddc4ce2c,benjamin24@example.org,DO,Carolyn,Duke,Radiology,Seeking to join as a Dermatology specialist,https://example.com/applications/d32a656f-445d-44cf-8859-66d48d6a85d4.jpg,"[""license_9269.pdf"", ""cv_6293.pdf""]",inactive,LIC568430,(406) 602-9744,admin_002,Approved,,2025-04-11T07:38:17.116426,2025-09-11T09:00:17.116431
77542f6c-aebf-4e00-85ad-5b39323fb23a,john81@example.com,DO,Jessica,Reyes,General Practice,Seeking to join as a General Practice specialist,https://example.com/applications/c83709af-bab2-4f52-9512-341c7f79dadf.jpg,"[""license_3854.pdf"", ""cv_8690.pdf""]",suspended,LIC626614,(631) 548-7853,,Approved,,2025-03-23T19:49:17.116602,2025-08-24T05:07:17.116607
74f0f364-8872-4be7-a4ac-1ea0b3cd8fc6,medwards@example.net,Prof.,Alexis,Brown,Hematology,Seeking to join as a Psychiatry specialist,https://example.com/applications/e595ba87-fc99-4f1c-b646-f2d757a2a05c.jpg,"[""license_2416.pdf"", ""cv_4562.pdf""]",pending_approval,LIC689611,(682) 980-9929,admin_002,Approved,,2025-06-25T10:55:17.116814,2025-08-23T04:52:17.116820
83cfb2e5-9bd5-4e18-80fb-4b9f2f70d5fc,patricia02@example.com,DO,Mary,Jones,Psychiatry,Seeking to join as a Neurology specialist,https://example.com/applications/b7084d05-52ec-4f61-930c-fdab5c1c599e.jpg,"[""license_9573.pdf"", ""cv_3219.pdf""]",inactive,LIC538407,(619) 619-4069,admin_001,,,2025-06-25T21:29:17.117008,2025-08-27T21:28:17.117012
d47fbd94-9848-4685-8aad-0295c1b583fb,brandon45@example.org,MD,Allison,Lopez,Endocrinology,Seeking to join as a Cardiology specialist,https://example.com/applications/28843277-4e14-4581-bb76-8c06b889893c.jpg,"[""license_8352.pdf"", ""cv_1962.pdf""]",inactive,LIC997087,(385) 544-5774,admin_001,Needs additional documentation,88d744f7-dd46-4e8c-b26e-f65b5fcbb127,2025-04-01T14:26:17.117182,2025-08-22T11:16:17.117186
6fed5cbd-27fe-4bf6-a82c-9b4bd0e0afa2,joanwright@example.org,MD,Kathleen,Reese,Rheumatology,Seeking to join as a General Practice specialist,https://example.com/applications/aa98203c-6314-47d3-a176-bc814ffcc5e6.jpg,"[""license_4262.pdf"", ""cv_7572.pdf""]",active,LIC347910,(859) 960-7489,admin_001,Under review,,2025-07-12T05:18:17.117408,2025-09-10T00:21:17.117413
a705fea6-d0f9-41a9-b096-47839bb899b8,qjohnson@example.com,Prof.,Zachary,Wyatt,Orthopedics,Seeking to join as a Gastroenterology specialist,https://example.com/applications/2094a695-2e0a-4384-bf7d-28cdb06d10ad.jpg,"[""license_2806.pdf"", ""cv_7640.pdf""]",pending_approval,LIC937780,(310) 599-1684,admin_001,Approved,,2025-09-03T18:04:17.117596,2025-08-23T16:49:17.117601
e88cf8c0-683d-4de9-a65d-7480f7706158,christophersolomon@example.org,Dr.,Adam,Reilly,General Practice,Seeking to join as a Geriatrics specialist,https://example.com/applications/a4d8f227-ca07-4f99-86a3-d567b3ccbda5.jpg,"[""license_7330.pdf"", ""cv_5789.pdf""]",pending_approval,LIC196351,(850) 455-8372,admin_002,,055be9f4-dfa5-498e-a2c9-d5fc6a0e5b4a,2025-04-02T11:55:17.117826,2025-08-19T06:09:17.117832
831f1f05-1575-459f-b7dd-d7f755fddf0f,joemurphy@example.net,Prof.,Taylor,Davis,Psychiatry,Seeking to join as a Psychiatry specialist,https://example.com/applications/9559cfa6-4e7a-4813-8a6a-72f1ddbbc321.jpg,"[""license_5190.pdf"", ""cv_1255.pdf""]",active,LIC679086,(713) 395-4776,admin_002,,f954163e-b00a-4643-9d50-f76d750ead94,2025-08-01T07:16:17.118051,2025-08-21T05:56:17.118056
d732f226-f969-4225-97cc-aa24b46ce154,pwells@example.org,Prof.,John,Mcfarland,Pediatrics,Seeking to join as a Endocrinology specialist,https://example.com/applications/afca5c57-0ec9-46ed-9544-2c533498f9f9.jpg,"[""license_9866.pdf"", ""cv_5507.pdf""]",pending_approval,LIC316261,(516) 614-8872,,Needs additional documentation,,2025-09-04T03:09:17.118237,2025-08-26T22:23:17.118242
e3fb88d5-7733-4f5b-9cc7-b6de140e7145,scott17@example.org,DO,Tracy,Gomez,Hematology,Seeking to join as a Pulmonology specialist,https://example.com/applications/d8c9f042-1a6c-4a03-946c-3bc965a5248f.jpg,"[""license_4105.pdf"", ""cv_7031.pdf""]",inactive,LIC960668,(531) 265-5214,,Under review,,2025-09-03T10:04:17.118406,2025-09-09T19:50:17.118410
06150b6b-ee16-4cbc-974c-df5a68e8266a,matthewcollins@example.org,DO,Scott,Alvarez,General Practice,Seeking to join as a Neurology specialist,https://example.com/applications/c8780e8c-37fe-45a6-ae0d-0d69840cfdd7.jpg,"[""license_4119.pdf"", ""cv_2336.pdf""]",active,LIC296882,(843) 234-7294,admin_001,Approved,,2025-07-06T22:38:17.118649,2025-08-26T15:27:17.118654
f73022d3-f18e-4d70-b059-97d4854b96a7,reginasullivan@example.org,MD,Keith,Pace,Dermatology,Seeking to join as a Urology specialist,https://example.com/applications/2706856f-7c81-4028-a4a0-db9b72af2cc3.jpg,"[""license_9645.pdf"", ""cv_8423.pdf""]",pending_approval,LIC937581,(725) 814-7658,admin_002,Approved,,2025-08-25T07:55:17.118918,2025-09-05T02:40:17.118923
1dd61304-930e-4907-b9ad-204a37ea84a5,laurenray@example.org,Prof.,Matthew,Vega,Gastroenterology,Seeking to join as a Gastroenterology specialist,https://example.com/applications/d2004ab9-e7ac-43ca-931e-903a9c857e47.jpg,"[""license_6229.pdf"", ""cv_2043.pdf""]",active,LIC809958,(443) 658-7120,,Needs additional documentation,81468f82-d340-4222-8dda-4da4e6adcb7d,2025-06-04T18:31:17.119176,2025-09-16T21:57:17.119182
dcef8ddf-820f-4d21-ab38-e7e04075060a,colliersuzanne@example.com,PA,Catherine,White,Gastroenterology,Seeking to join as a Gastroenterology specialist,https://example.com/applications/6d47cf39-3b40-4d68-9bf9-74935fdf735e.jpg,"[""license_3270.pdf"", ""cv_1221.pdf""]",suspended,LIC261276,(325) 976-8330,,,,2025-03-21T19:23:17.119581,2025-08-28T20:55:17.119589
ff864925-63d8-44fd-ae61-04171f4c4b99,nicolerivas@example.org,NP,Brian,May,Hematology,Seeking to join as a Pediatrics specialist,https://example.com/applications/2eb5a2fe-5260-4e3f-b15b-60b2a576c855.jpg,"[""license_6738.pdf"", ""cv_3088.pdf""]",suspended,LIC602984,(307) 924-3238,,Approved,,2025-09-11T03:56:17.119842,2025-08-24T23:33:17.119847
db03d572-eeef-4009-b58b-c5553a41f6fe,nmoore@example.net,MD,Dana,Hudson,Radiology,Seeking to join as a Gastroenterology specialist,https://example.com/applications/26f6ae6c-bdf8-433e-8272-b39e33efa977.jpg,"[""license_1824.pdf"", ""cv_4072.pdf""]",pending_approval,LIC752622,(725) 661-2461,admin_001,Needs additional documentation,dc165e10-7cb3-4042-9c2c-9b3eaa52e265,2025-08-06T19:48:17.120061,2025-09-17T07:44:17.120067
23ff4390-88a6-4851-9a8c-8b79aae5689b,william47@example.com,MD,Amber,Austin,Rheumatology,Seeking to join as a General Practice specialist,https://example.com/applications/b6cd8680-7691-46c1-be8b-83cecc5e9ede.jpg,"[""license_2081.pdf"", ""cv_4810.pdf""]",suspended,LIC564971,(870) 301-7344,admin_002,,,2025-08-26T04:16:17.120262,2025-09-04T06:23:17.120267
949718be-9891-4c2e-a08e-ca636b6f4851,guerracarrie@example.net,MD,Jacob,Bush,Endocrinology,Seeking to join as a Neurology specialist,https://example.com/applications/56abf377-b73e-4039-ba2f-e932259aa72a.jpg,"[""license_1488.pdf"", ""cv_1478.pdf""]",active,LIC200035,(832) 919-2588,admin_002,Under review,,2025-07-07T02:38:17.120785,2025-09-14T10:07:17.120832
cf5dc955-314a-47b5-9a69-0caeb893ce3d,barkerdaniel@example.com,Prof.,Michelle,Walker,Pediatrics,Seeking to join as a Endocrinology specialist,https://example.com/applications/1a5cdb5f-3e3c-4dee-88c5-079f5d1fb9d5.jpg,"[""license_7918.pdf"", ""cv_9890.pdf""]",inactive,LIC858944,(475) 713-3171,admin_001,,,2025-08-06T06:54:17.121155,2025-08-19T16:18:17.121160
b85f501e-2c62-4000-b9c3-aa228a0151a8,leslie14@example.org,Dr.,Michael,Sanchez,Cardiology,Seeking to join as a Geriatrics specialist,https://example.com/applications/e63c246e-f0de-4600-b121-a08b34756edd.jpg,"[""license_8886.pdf"", ""cv_3541.pdf""]",inactive,LIC549675,(316) 517-9788,admin_002,Needs additional documentation,,2025-06-01T15:31:17.121364,2025-09-02T12:32:17.121369
217e94d3-fb1d-49a3-8a65-e85237a2d944,lshepard@example.org,Dr.,Christopher,Stevenson,Dermatology,Seeking to join as a Orthopedics specialist,https://example.com/applications/318f5b4a-7cb1-4982-b29c-69be02e3cf14.jpg,"[""license_6907.pdf"", ""cv_7113.pdf""]",pending_approval,LIC774279,(470) 274-9162,admin_002,,,2025-08-09T04:39:17.121575,2025-09-16T18:07:17.121579
e6ebe8e1-9b19-48d9-ba67-8dec3d2eeea8,ugates@example.net,NP,Arthur,Howe,Gastroenterology,Seeking to join as a Oncology specialist,https://example.com/applications/21e50ca5-00c2-44a7-92c9-74e680dfc4bb.jpg,"[""license_6513.pdf"", ""cv_5107.pdf""]",pending_approval,LIC487543,(445) 211-9993,admin_001,Needs additional documentation,,2025-09-15T03:52:17.121786,2025-08-21T03:18:17.121792
053a2869-e292-4330-9d96-bd7d1f4975fa,lovemary@example.org,NP,Mark,Davis,Pulmonology,Seeking to join as a Gastroenterology specialist,https://example.com/applications/1ae3eb4c-9999-41dd-a0b9-e227abe9bd06.jpg,"[""license_9370.pdf"", ""cv_3359.pdf""]",pending_approval,LIC941641,(678) 265-5815,admin_001,Under review,5157ff5e-d4f9-4b3f-9997-e144ac6bd6d1,2025-04-14T23:30:17.122144,2025-08-19T00:20:17.122150
32ca6831-80d1-4140-97e2-4c19649b7cf0,qadams@example.org,DO,Phillip,Mcdowell,Cardiology,Seeking to join as a Hematology specialist,https://example.com/applications/7af72125-54a1-479f-a227-7fef02d49f59.jpg,"[""license_5376.pdf"", ""cv_1630.pdf""]",suspended,LIC105747,(941) 442-6991,admin_001,,b01801c0-a299-4b91-a157-baa1f5d6a004,2025-03-23T11:23:17.122363,2025-08-21T21:36:17.122368
bf8ba15b-5695-46ab-b510-dcf382336c95,qchapman@example.org,Prof.,Madison,Goodman,Hematology,Seeking to join as a Orthopedics specialist,https://example.com/applications/2d643cca-0d2b-4f19-b8c9-f15ec86532c7.jpg,"[""license_8519.pdf"", ""cv_1200.pdf""]",suspended,LIC217887,(270) 580-2893,admin_001,Needs additional documentation,6a239224-26d3-4044-9dad-60fa28cf4f43,2025-05-30T09:32:17.122560,2025-08-21T07:09:17.122565
1810b411-65d4-4f6f-8fae-405c9932c9d2,welchsteven@example.org,PA,Eric,Wolf,Gastroenterology,Seeking to join as a Orthopedics specialist,https://example.com/applications/8f463d8f-2036-4728-902f-1372ec8826c0.jpg,"[""license_6672.pdf"", ""cv_8708.pdf""]",pending_approval,LIC697494,(719) 779-4633,,Needs additional documentation,,2025-07-16T01:50:17.122802,2025-08-21T10:27:17.122806
709ae477-b7fb-4ac3-b892-a635e8acc453,gsanders@example.org,NP,Frederick,Small,Psychiatry,Seeking to join as a Radiology specialist,https://example.com/applications/9b2f6a28-75d1-4c7b-b40d-8e189077b9ab.jpg,"[""license_8166.pdf"", ""cv_4280.pdf""]",inactive,LIC194745,(734) 321-2232,admin_002,,,2025-08-10T08:35:17.123001,2025-08-19T16:55:17.123006
625349f6-f7de-4947-9e03-d20125c2cc0f,boonewilliam@example.com,DO,Luis,Murray,Hematology,Seeking to join as a Oncology specialist,https://example.com/applications/937822cb-1126-466a-91a1-e4eed0485e4f.jpg,"[""license_6671.pdf"", ""cv_7273.pdf""]",pending_approval,LIC761783,(510) 301-5984,admin_001,,,2025-05-10T22:06:17.123222,2025-08-25T18:06:17.123227
93a7d81a-49d6-4218-a314-a723b8b9b7b3,mrodriguez@example.org,Prof.,Sandra,Flores,Radiology,Seeking to join as a Pulmonology specialist,https://example.com/applications/08a875a2-5b0e-4586-a876-81abfaf6dd4b.jpg,"[""license_3192.pdf"", ""cv_3000.pdf""]",inactive,LIC433333,(445) 395-9427,,,9a4758b1-8c77-4ece-8b18-ed4645ce9c69,2025-08-22T23:41:17.123430,2025-08-31T23:18:17.123434
29503665-ba3d-45ae-85cc-076dbc04ca3c,benjaminwilliams@example.org,MD,Jacob,Christensen,General Practice,Seeking to join as a Geriatrics specialist,https://example.com/applications/208ca4d6-e7a3-433b-8ae5-edfa2403d16e.jpg,"[""license_3121.pdf"", ""cv_7584.pdf""]",suspended,LIC637515,(718) 724-4008,admin_001,Needs additional documentation,,2025-07-29T22:35:17.123677,2025-08-31T11:47:17.123682
7e82d4b4-1447-4737-90ce-0c877efa1e48,cynthiataylor@example.net,Prof.,Rachel,Wade,Cardiology,Seeking to join as a Radiology specialist,https://example.com/applications/1be83aaa-0484-42b4-94d7-09be02708d46.jpg,"[""license_3803.pdf"", ""cv_2012.pdf""]",suspended,LIC342297,(862) 542-8893,admin_001,Under review,35e1a28c-f5b1-4747-a899-50b7f2b37fdb,2025-05-15T10:50:17.123921,2025-09-16T05:36:17.123926
ff87679f-8a2e-46bc-8fc4-23b5933360d1,vfrederick@example.com,MD,Jessica,Coleman,Gastroenterology,Seeking to join as a Neurology specialist,https://example.com/applications/ade12a3e-6523-42d0-82de-c214a6a80661.jpg,"[""license_1223.pdf"", ""cv_5349.pdf""]",inactive,LIC807571,(574) 217-5639,,Approved,6aed15ef-b7d1-475b-9b0e-95cba6afb427,2025-07-29T04:08:17.124131,2025-09-03T01:11:17.124136
bc081ccf-2b68-44f2-8d8c-73b8b9301442,mendozaangela@example.com,Dr.,Richard,Arnold,Pediatrics,Seeking to join as a Gastroenterology specialist,https://example.com/applications/11444bff-81b3-41c8-b14d-c95473f14ffc.jpg,"[""license_5463.pdf"", ""cv_2273.pdf""]",inactive,LIC797589,(234) 812-3382,,,,2025-04-16T09:15:17.124381,2025-09-12T19:44:17.124387
3a682fda-83af-4885-a445-c344cd3d35b1,keithlara@example.net,MD,Tamara,Pena,Rheumatology,Seeking to join as a Psychiatry specialist,https://example.com/applications/f578e5f8-7a5c-4b55-9f25-7bb39bba958f.jpg,"[""license_5582.pdf"", ""cv_5128.pdf""]",inactive,LIC529392,(331) 828-5695,admin_001,Needs additional documentation,,2025-06-13T17:36:17.124622,2025-09-05T06:21:17.124627
11299e62-a2b5-4a72-9403-81dcf0833101,lori56@example.net,PA,Jay,White,Psychiatry,Seeking to join as a Oncology specialist,https://example.com/applications/5e8251bb-2616-4e31-bbd9-ddcf58027a61.jpg,"[""license_8434.pdf"", ""cv_2354.pdf""]",inactive,LIC364238,(470) 351-2125,admin_001,Approved,,2025-04-02T01:54:17.124834,2025-08-30T12:42:17.124840
a3bf65e4-ed6e-485a-b879-40366d85b2b7,cookkaitlyn@example.net,DO,Justin,Short,Radiology,Seeking to join as a Orthopedics specialist,https://example.com/applications/0443a75e-4bd5-432b-89e1-2bba3ab14819.jpg,"[""license_5019.pdf"", ""cv_9975.pdf""]",active,LIC984613,(856) 237-2680,admin_002,Approved,,2025-05-31T19:21:17.125087,2025-09-13T23:16:17.125092
b89496f1-825c-419e-80cb-7649f26396cd,troy51@example.net,DO,James,Martinez,Cardiology,Seeking to join as a Rheumatology specialist,https://example.com/applications/b7cf55fd-13f2-4fab-9e34-827ec5cc3a78.jpg,"[""license_2609.pdf"", ""cv_9938.pdf""]",suspended,LIC733734,(662) 404-2237,admin_002,Needs additional documentation,46f923ee-1cd9-472f-aaf6-75443e4afd7b,2025-08-31T07:03:17.125265,2025-09-03T10:25:17.125269
d9821763-2914-4400-99fe-bd2a0b1b473b,rfoster@example.com,MD,Michael,Cobb,Psychiatry,Seeking to join as a Psychiatry specialist,https://example.com/applications/5deee5f8-a9c4-4873-901e-b0fd4c38eab2.jpg,"[""license_7559.pdf"", ""cv_5721.pdf""]",active,LIC376013,(484) 294-2161,admin_002,,,2025-07-17T03:56:17.125450,2025-08-26T10:44:17.125454
0b6280f0-846d-4777-9945-1e24e7f4a4ec,robin65@example.com,Prof.,Michael,Montoya,Neurology,Seeking to join as a Psychiatry specialist,https://example.com/applications/368fc624-d22a-4faa-8c53-0dc04e16835f.jpg,"[""license_1213.pdf"", ""cv_6094.pdf""]",pending_approval,LIC236819,(445) 689-7880,admin_002,Approved,,2025-07-04T00:19:17.125624,2025-09-10T00:08:17.125629
0f1365a1-c79f-428b-9ef4-ed7941fab44a,janicewest@example.com,DO,Alexander,Floyd,Urology,Seeking to join as a Oncology specialist,https://example.com/applications/dfb779d0-622e-4b7b-87db-b8a4b2f15d26.jpg,"[""license_5038.pdf"", ""cv_7684.pdf""]",suspended,LIC789498,(310) 694-2266,,Under review,,2025-07-08T08:27:17.125857,2025-09-01T01:12:17.125862
77f90071-adb9-4b3d-ab13-ceefd61f79e4,hdoyle@example.com,NP,Eric,Hudson,Neurology,Seeking to join as a Endocrinology specialist,https://example.com/applications/f32b2cde-7de0-46b5-b7e5-7f6ec27f5e25.jpg,"[""license_1715.pdf"", ""cv_6256.pdf""]",pending_approval,LIC323575,(385) 796-9274,,Under review,ec941953-21ae-4205-a3c8-948b48797ec6,2025-08-11T14:31:17.126053,2025-09-02T09:26:17.126058
5d6c7ee1-cba1-40b8-8418-841a705870d7,jackclay@example.com,PA,Dana,Davis,Pulmonology,Seeking to join as a Pulmonology specialist,https://example.com/applications/61a309a7-a7e8-4739-b62f-36919d8f097e.jpg,"[""license_3198.pdf"", ""cv_5510.pdf""]",active,LIC546957,(574) 286-1771,admin_002,Needs additional documentation,b1bec931-ba5b-4187-9f3e-530cb9891061,2025-05-24T21:11:17.126291,2025-08-31T11:30:17.126296
e40f62f8-7068-4723-9bb3-09885be21cb3,timothy95@example.net,NP,Christopher,Baker,Dermatology,Seeking to join as a Neurology specialist,https://example.com/applications/dd0ebb18-e10a-4e0a-a2f8-652dcce9bfd4.jpg,"[""license_5347.pdf"", ""cv_7229.pdf""]",suspended,LIC192921,(743) 785-1350,admin_002,Under review,,2025-07-11T15:36:17.126483,2025-08-23T04:46:17.126488
dd6fa6e0-cf0f-4a7a-a7e0-18cc8f391b98,toddgutierrez@example.com,PA,James,Davidson,Oncology,Seeking to join as a Oncology specialist,https://example.com/applications/301dfa31-4fbf-47d8-9ca0-aaea4bcf1900.jpg,"[""license_9295.pdf"", ""cv_1641.pdf""]",active,LIC133850,(313) 224-1107,admin_001,Under review,6b38e4bb-8ded-4ee4-9ba0-9952aa5fa924,2025-05-07T00:13:17.126746,2025-08-20T15:04:17.126752
25364a93-bda5-4b47-b425-129f003a0bfc,dparker@example.org,DO,Chad,Thomas,Oncology,Seeking to join as a Pulmonology specialist,https://example.com/applications/8b5f4541-cade-40cf-921a-9349671b1d11.jpg,"[""license_8459.pdf"", ""cv_5388.pdf""]",active,LIC164597,(507) 720-9383,admin_002,Approved,,2025-04-08T17:58:17.127501,2025-09-01T03:24:17.127523
1aa501fa-e089-41d7-ac3c-7e0c5d79aa8a,walkertommy@example.org,PA,Christine,Ruiz,Psychiatry,Seeking to join as a Geriatrics specialist,https://example.com/applications/352b8fc0-8691-4d01-8e04-7ba646f7f007.jpg,"[""license_7380.pdf"", ""cv_4457.pdf""]",active,LIC480403,(682) 733-1551,admin_001,Approved,,2025-03-29T03:56:17.127953,2025-09-13T03:36:17.127962
7ecf8012-52c0-4580-b5a9-5baa1b8de7f1,harveyjames@example.net,Dr.,Brittany,Thomas,Dermatology,Seeking to join as a Rheumatology specialist,https://example.com/applications/70c352fb-cc19-47f8-93fd-f08041393add.jpg,"[""license_4798.pdf"", ""cv_8753.pdf""]",suspended,LIC693628,(701) 499-4237,admin_001,Needs additional documentation,,2025-04-20T16:57:17.128274,2025-09-07T05:33:17.128284
c52c70ac-bb79-4d0a-8ca2-ab4f15effbbd,catherinemartin@example.net,Dr.,Katherine,Collins,Orthopedics,Seeking to join as a Psychiatry specialist,https://example.com/applications/27527355-9b27-4881-bbc0-e5efe787c168.jpg,"[""license_1257.pdf"", ""cv_4275.pdf""]",suspended,LIC721709,(443) 921-1262,,,,2025-06-08T05:10:17.128549,2025-09-17T05:28:17.128555
6b6e55e5-79b6-44d3-b768-cc3e41a8ccb2,ashley28@example.com,MD,Mike,Miller,Geriatrics,Seeking to join as a Dermatology specialist,https://example.com/applications/ea316beb-7651-496e-b255-1ff691391c5d.jpg,"[""license_8331.pdf"", ""cv_8581.pdf""]",inactive,LIC619762,(541) 317-9101,admin_002,,0b01996d-dcfb-4186-8269-fe3ff250a459,2025-08-17T10:11:17.128759,2025-08-20T12:59:17.128765
12c832f3-5f4d-4605-b607-e836ca97359d,james08@example.com,Dr.,Anthony,Trujillo,Psychiatry,Seeking to join as a Orthopedics specialist,https://example.com/applications/f428a506-f242-45c6-ae9c-40ed6cbf60a7.jpg,"[""license_3463.pdf"", ""cv_9500.pdf""]",active,LIC282127,(410) 484-5918,admin_002,Under review,d7a05aee-43cb-46a5-a004-1d45bb937edb,2025-04-04T09:26:17.128972,2025-09-11T23:50:17.128979
5f67980d-0c16-481d-a282-d58e2f1e447b,karen67@example.net,NP,Amanda,Lewis,General Practice,Seeking to join as a Orthopedics specialist,https://example.com/applications/4a6182f7-8400-4eb8-9eb5-2bb2f5f9d86d.jpg,"[""license_8418.pdf"", ""cv_2774.pdf""]",active,LIC710663,(702) 355-1583,admin_002,Under review,57cfe621-85e4-46e4-8283-ac86a2aa4334,2025-04-03T19:16:17.129206,2025-09-04T06:01:17.129212
5760ad15-00ad-4c59-aabb-84ede0290651,twagner@example.com,PA,Cindy,Williams,Psychiatry,Seeking to join as a Pulmonology specialist,https://example.com/applications/65a45c66-1604-4830-bdba-1f51a16d2156.jpg,"[""license_7972.pdf"", ""cv_5289.pdf""]",inactive,LIC912286,(262) 686-1368,admin_001,,ef24fb85-81b3-49eb-8a4f-e4d03f1db4dc,2025-07-10T23:15:17.129636,2025-09-06T23:02:17.129645
1479bf71-e42d-4aaa-b507-b60f34db5074,slawson@example.net,PA,Reginald,Hooper,Neurology,Seeking to join as a Geriatrics specialist,https://example.com/applications/203e5c4a-e116-45e6-b612-75c85a64c3fe.jpg,"[""license_1414.pdf"", ""cv_2864.pdf""]",suspended,LIC933159,(785) 256-4993,,Under review,2a53116d-560c-4a1a-8f45-ebb7bedb6860,2025-05-28T09:31:17.129890,2025-09-10T15:05:17.129895
4108e65f-bbd9-40d2-9a12-1ec286190fbd,frazierannette@example.com,DO,Jeffrey,Noble,Radiology,Seeking to join as a Pulmonology specialist,https://example.com/applications/213ea637-614a-42f8-86e1-78a9f161149b.jpg,"[""license_7410.pdf"", ""cv_4086.pdf""]",inactive,LIC488415,(432) 555-5682,admin_001,Under review,,2025-05-11T12:40:17.130273,2025-09-07T11:46:17.130281
4548d207-9b97-4c66-a31e-3d1db9212904,natashapaul@example.net,DO,Jason,Ortiz,Rheumatology,Seeking to join as a Gastroenterology specialist,https://example.com/applications/89299713-db05-433a-8ad2-74222cbd87ee.jpg,"[""license_6354.pdf"", ""cv_7607.pdf""]",active,LIC353109,(336) 450-2361,admin_001,,be23b9e3-b9a2-4b74-af62-fe33c06167de,2025-06-05T07:30:17.130739,2025-09-03T08:17:17.130756
7417a1de-ea91-40e2-8965-d7c9136e07cc,matthewschultz@example.org,PA,Allen,Murphy,Gastroenterology,Seeking to join as a Rheumatology specialist,https://example.com/applications/50fb6188-120b-49d2-a7f5-0317e9f3af05.jpg,"[""license_8597.pdf"", ""cv_9118.pdf""]",suspended,LIC104400,(484) 966-1461,admin_002,Under review,8413ce28-8f1e-4891-a267-cf7f8f372328,2025-06-19T15:20:17.131276,2025-09-07T13:46:17.131288
16332452-1808-4b80-b224-028156069a4a,wjames@example.org,NP,Ashley,Sparks,Pediatrics,Seeking to join as a Geriatrics specialist,https://example.com/applications/8ae95f11-b43a-4e1c-b9fd-7dce513db529.jpg,"[""license_1282.pdf"", ""cv_6964.pdf""]",active,LIC381979,(805) 359-6963,admin_001,,,2025-04-05T16:14:17.131623,2025-09-11T02:17:17.131632
821ca1bf-d10c-44e0-a475-a17b8f4e393e,marknavarro@example.org,MD,Jason,Gentry,Gastroenterology,Seeking to join as a Oncology specialist,https://example.com/applications/0b6b7cc1-e39e-44a9-b95e-7224e2399873.jpg,"[""license_8674.pdf"", ""cv_6270.pdf""]",active,LIC154729,(980) 697-4441,admin_001,Under review,,2025-08-29T01:55:17.132011,2025-08-19T01:33:17.132019
cb49b790-5343-490a-9c8a-eda8f153bc93,jennifer68@example.net,Dr.,Tony,Chen,Orthopedics,Seeking to join as a Dermatology specialist,https://example.com/applications/f03e90b1-28b5-45d2-bdae-b35f37b15bfb.jpg,"[""license_2333.pdf"", ""cv_7238.pdf""]",inactive,LIC678435,(872) 258-6633,,Needs additional documentation,90113ddf-533d-4565-9ad4-aed4b920e293,2025-06-27T15:49:17.132279,2025-08-31T04:43:17.132286
a80ca002-00c3-488e-a30a-55c8b1a560bd,lunajoseph@example.org,NP,Catherine,Martin,General Practice,Seeking to join as a Geriatrics specialist,https://example.com/applications/c4410792-25a0-4b28-a0c5-4d2b8479f0b3.jpg,"[""license_3609.pdf"", ""cv_7804.pdf""]",suspended,LIC958372,(330) 832-2959,admin_002,,,2025-05-15T09:49:17.132570,2025-09-12T13:51:17.132576
1f121586-aff3-4677-85f6-0001a271603e,jonking@example.com,PA,James,Powers,Rheumatology,Seeking to join as a Dermatology specialist,https://example.com/applications/2a54c66e-b622-4b7b-a071-ed09dae28010.jpg,"[""license_9320.pdf"", ""cv_6116.pdf""]",pending_approval,LIC903270,(573) 472-7963,admin_002,Needs additional documentation,,2025-04-22T07:47:17.132862,2025-09-14T20:39:17.132869
9f89488d-39e6-43e5-b5ee-740fe20602bf,craig49@example.net,MD,Robert,Garcia,Pulmonology,Seeking to join as a Geriatrics specialist,https://example.com/applications/4e60f4a3-54a5-4548-a12b-19c09f26ed8e.jpg,"[""license_4106.pdf"", ""cv_3739.pdf""]",suspended,LIC597345,(325) 440-3982,,Approved,5cbf0421-b401-49da-bb1f-a54f0f0db4d3,2025-09-04T01:21:17.133065,2025-08-27T20:54:17.133070
e7fd4519-ba2c-4fae-a816-d57ad3f8b4c2,bairdmolly@example.com,NP,Julia,Miller,Rheumatology,Seeking to join as a Endocrinology specialist,https://example.com/applications/aea8e6df-daaf-47f2-8fb0-2b066e862597.jpg,"[""license_5348.pdf"", ""cv_6598.pdf""]",suspended,LIC875918,(971) 964-8232,admin_002,,,2025-09-16T18:24:17.133377,2025-09-07T09:41:17.133383
642ef685-a81f-4114-8094-a3e1a1a4357a,vtodd@example.net,NP,Gary,Cervantes,General Practice,Seeking to join as a Psychiatry specialist,https://example.com/applications/0eed0e7e-9ad5-4b35-9671-373bc7e6e631.jpg,"[""license_5398.pdf"", ""cv_3158.pdf""]",active,LIC657062,(601) 762-5540,admin_001,,4711cd5d-fd30-4511-8449-442b529788c4,2025-08-15T16:06:17.133583,2025-09-01T17:03:17.133588
23e8b399-6c70-4555-ab87-3f6c2a17ef14,josephking@example.com,NP,Heather,Sosa,Psychiatry,Seeking to join as a Endocrinology specialist,https://example.com/applications/e78ae993-d894-466e-bb45-7d2a84af6e9c.jpg,"[""license_9645.pdf"", ""cv_5827.pdf""]",suspended,LIC475668,(720) 294-3423,admin_002,Needs additional documentation,,2025-09-12T09:53:17.133857,2025-08-31T12:52:17.133863
3dcec319-285e-4532-be20-ede29a3ef773,christopher69@example.net,Dr.,Pamela,Molina,Radiology,Seeking to join as a Endocrinology specialist,https://example.com/applications/ca6e7371-cb3f-4604-91c5-e3eef6baebc0.jpg,"[""license_6303.pdf"", ""cv_4377.pdf""]",inactive,LIC759686,(754) 519-2781,admin_002,Needs additional documentation,,2025-07-31T17:21:17.134046,2025-09-02T22:02:17.134051
07aafeb6-712e-48ab-9e0e-e0340a8bbbcf,elizabethnelson@example.net,MD,Mario,Marsh,Neurology,Seeking to join as a Geriatrics specialist,https://example.com/applications/4166b7ce-24f4-46dd-bcac-4785bcdffdfd.jpg,"[""license_7027.pdf"", ""cv_1932.pdf""]",inactive,LIC167806,(872) 877-7021,admin_002,Under review,,2025-07-22T17:36:17.134289,2025-08-23T22:15:17.134294
b77b50d1-3047-4d0e-8383-05f470f5e4c7,mistystephens@example.net,NP,Theresa,Perez,General Practice,Seeking to join as a Orthopedics specialist,https://example.com/applications/fa851351-c0c7-4aeb-8f17-4faf039dfcaf.jpg,"[""license_5756.pdf"", ""cv_3478.pdf""]",pending_approval,LIC886696,(509) 552-1010,admin_002,,,2025-09-01T06:27:17.134536,2025-08-29T23:09:17.134541
f5c78b68-d568-4a66-abea-7445add5c107,josephfisher@example.org,MD,Anthony,Foster,Endocrinology,Seeking to join as a Pediatrics specialist,https://example.com/applications/11d1f8a1-1eef-4ef1-88cf-ae33d109d372.jpg,"[""license_8397.pdf"", ""cv_1991.pdf""]",active,LIC674794,(681) 521-9654,admin_002,Under review,,2025-04-04T01:26:17.134784,2025-08-20T04:52:17.134790
71db8624-d05c-4e0b-a3da-5456919be560,troysnyder@example.org,NP,Linda,Brewer,Radiology,Seeking to join as a Oncology specialist,https://example.com/applications/4ff14c34-b2f3-4ba0-b9f5-1527cdaa5fe7.jpg,"[""license_7408.pdf"", ""cv_4172.pdf""]",active,LIC177154,(512) 808-2299,admin_001,Needs additional documentation,,2025-05-11T05:24:17.135027,2025-09-02T01:34:17.135032
e8c749de-66aa-48ae-8184-51cd44cf585e,davisemily@example.org,PA,Crystal,Bishop,Psychiatry,Seeking to join as a Cardiology specialist,https://example.com/applications/1b9388e9-8463-47b0-a736-a2f4ca469200.jpg,"[""license_3412.pdf"", ""cv_5144.pdf""]",pending_approval,LIC503818,(206) 676-6198,admin_001,Needs additional documentation,d8eb6d69-8817-4cb4-90a5-5485a4f1560e,2025-08-01T06:02:17.135274,2025-08-21T10:06:17.135279
3d23de18-9d08-43e2-b6ff-811e31c3cc74,cruzcody@example.com,PA,Ernest,Marsh,Neurology,Seeking to join as a Neurology specialist,https://example.com/applications/56702fc8-279d-44e6-824f-0a68c8cba27e.jpg,"[""license_6054.pdf"", ""cv_3494.pdf""]",inactive,LIC149573,(628) 305-5615,admin_001,,,2025-03-29T10:15:17.135538,2025-08-23T20:14:17.135544
5fdf0035-ee57-494b-9778-7d0b61590d10,johngarcia@example.org,PA,Henry,Smith,Rheumatology,Seeking to join as a Geriatrics specialist,https://example.com/applications/ec3f4ec0-bf30-46a1-8be5-69655e1ab1c8.jpg,"[""license_8933.pdf"", ""cv_8509.pdf""]",pending_approval,LIC241602,(763) 209-1827,admin_002,Under review,,2025-05-23T07:39:17.135823,2025-08-28T03:06:17.135829
0016f6e1-2a4a-41a6-b354-1f7b7931e99d,lisafoster@example.net,NP,Javier,Hebert,Geriatrics,Seeking to join as a Pediatrics specialist,https://example.com/applications/046c3ace-0ccf-48be-bae6-534c5869c087.jpg,"[""license_5526.pdf"", ""cv_2190.pdf""]",pending_approval,LIC523277,(865) 458-7837,,,,2025-06-20T07:12:17.136081,2025-08-28T17:59:17.136086
bc24c779-8f1e-4472-8b54-508d2eeec598,wheelergregory@example.org,Prof.,Jay,Jones,Orthopedics,Seeking to join as a Endocrinology specialist,https://example.com/applications/64dc6d4a-3736-4296-a811-c552480ba1b5.jpg,"[""license_5681.pdf"", ""cv_1479.pdf""]",suspended,LIC614489,(908) 834-1733,admin_002,,771606b3-5769-455e-8abd-dc5002899c46,2025-04-03T17:57:17.136360,2025-08-29T09:21:17.136367
0bef83fe-9eaf-436d-8586-1ddd73d0e5bd,dunnrose@example.com,DO,Todd,White,Oncology,Seeking to join as a Dermatology specialist,https://example.com/applications/0b7b0e16-c743-4ba6-91f0-cfd5449ff4c1.jpg,"[""license_7634.pdf"", ""cv_8043.pdf""]",inactive,LIC477646,(330) 869-5423,admin_001,Under review,,2025-03-30T09:25:17.136623,2025-08-23T19:22:17.136628
3f26b8ee-7b14-4a4c-bedf-d3906108977d,cindymunoz@example.org,NP,Jacob,Bass,Endocrinology,Seeking to join as a Dermatology specialist,https://example.com/applications/87dddb60-1d97-4510-a371-c961f5c99ee6.jpg,"[""license_8058.pdf"", ""cv_7051.pdf""]",inactive,LIC931882,(580) 777-8541,admin_002,Approved,,2025-04-30T05:49:17.136912,2025-08-26T04:07:17.136918
d3e96432-8cc5-466a-a84d-382fddf03d3d,zreid@example.net,DO,Connor,Mejia,Hematology,Seeking to join as a Gastroenterology specialist,https://example.com/applications/a04f947b-2f80-46e5-842e-ed652a411d6a.jpg,"[""license_7948.pdf"", ""cv_7580.pdf""]",active,LIC236401,(575) 457-6997,admin_002,Approved,,2025-09-16T17:29:17.137150,2025-08-24T07:33:17.137155
76473c4a-e9d7-4ec8-b32a-3f630d49756b,vaughndiana@example.net,DO,Heidi,Smith,Oncology,Seeking to join as a Hematology specialist,https://example.com/applications/10869e26-9b3f-4daa-a627-39d7356de802.jpg,"[""license_8626.pdf"", ""cv_7051.pdf""]",active,LIC957505,(801) 808-8841,admin_001,Approved,d6788792-f092-4d98-bb39-c8a40055142c,2025-07-02T16:57:17.137405,2025-09-02T18:20:17.137410
aeee2cbd-c0cb-490c-85c8-491730667176,vbennett@example.org,Dr.,Whitney,Goodman,Radiology,Seeking to join as a Oncology specialist,https://example.com/applications/aa4468ac-173d-47c2-bd58-a151d73522b4.jpg,"[""license_5166.pdf"", ""cv_4314.pdf""]",suspended,LIC124084,(650) 900-4895,admin_001,Needs additional documentation,,2025-06-07T16:33:17.137613,2025-09-07T19:24:17.137618
a8c3faff-8324-43c1-9a30-9c45bc401b26,melissa83@example.com,DO,Lori,Thompson,Dermatology,Seeking to join as a Geriatrics specialist,https://example.com/applications/f65dfef7-7d3d-4eab-aa68-865cd6baf982.jpg,"[""license_1609.pdf"", ""cv_6961.pdf""]",pending_approval,LIC402173,(239) 817-2020,admin_001,,d17ed59d-9115-43a9-9079-5bc71d98747f,2025-07-13T09:53:17.137837,2025-08-31T21:24:17.137843
93eaff01-00dd-469a-bb4e-94c3e65fd7bd,ewilson@example.com,NP,Vickie,Mueller,Oncology,Seeking to join as a Orthopedics specialist,https://example.com/applications/ef8e8560-ce45-4b09-a733-0c0ed0b881ff.jpg,"[""license_1106.pdf"", ""cv_4348.pdf""]",pending_approval,LIC211630,(331) 312-6471,admin_002,Under review,,2025-06-17T20:53:17.138130,2025-09-16T14:27:17.138137
1d1e3aeb-a17e-49fe-a96c-1d19e93f048f,hmontgomery@example.com,Prof.,Justin,Vasquez,Orthopedics,Seeking to join as a Cardiology specialist,https://example.com/applications/2cc20bbe-5428-4309-b0ed-5582da18926c.jpg,"[""license_4983.pdf"", ""cv_3793.pdf""]",active,LIC769488,(252) 749-4231,admin_001,Approved,,2025-09-01T02:26:17.138352,2025-08-21T22:29:17.138358
6d1714c6-8ff2-4b63-a9e8-47e0c6a3ae10,esmith@example.org,MD,Tiffany,Brown,Pediatrics,Seeking to join as a Urology specialist,https://example.com/applications/38c2b0f2-e6e6-4913-ba3f-ff805544e49a.jpg,"[""license_6510.pdf"", ""cv_7109.pdf""]",active,LIC229374,(315) 579-3268,admin_001,Approved,,2025-07-10T10:16:17.138562,2025-08-23T10:57:17.138566
4d0909bf-80fa-45da-ba24-e5608306a7d5,anthonybrian@example.net,DO,Amanda,Lopez,Cardiology,Seeking to join as a Geriatrics specialist,https://example.com/applications/5bc34fb0-5cb0-4be2-a608-099e332d4a8c.jpg,"[""license_8469.pdf"", ""cv_2018.pdf""]",inactive,LIC879086,(870) 205-7467,admin_001,Approved,,2025-06-22T08:11:17.138815,2025-09-05T21:17:17.138821
f5491e8d-6e8c-4350-97c8-08745d7511a9,callahanamy@example.net,DO,John,Esparza,Orthopedics,Seeking to join as a Oncology specialist,https://example.com/applications/1445e60d-5046-4988-8e32-e86c43d88bb4.jpg,"[""license_1862.pdf"", ""cv_9784.pdf""]",inactive,LIC704079,(228) 557-9400,admin_001,Under review,2c988a0d-b694-4df0-84d5-a88aaf0d4c10,2025-03-29T22:38:17.139064,2025-09-06T21:32:17.139069
710dc78f-7af3-41bf-b25c-feb008741d98,whitejamie@example.org,MD,James,Burton,Endocrinology,Seeking to join as a Radiology specialist,https://example.com/applications/1d052146-f6e7-4247-adff-592a98307dd1.jpg,"[""license_3926.pdf"", ""cv_4596.pdf""]",active,LIC886414,(323) 780-1977,,Needs additional documentation,,2025-09-07T22:47:17.139351,2025-09-13T12:55:17.139357
852f84ee-fc36-42e6-935c-c66ee9407de6,brookscaroline@example.net,DO,Omar,Maldonado,Oncology,Seeking to join as a Oncology specialist,https://example.com/applications/027c5895-fa90-47f4-8ac2-7239fe21548e.jpg,"[""license_4758.pdf"", ""cv_4533.pdf""]",pending_approval,LIC788546,(979) 867-4610,admin_002,Approved,2a6a2347-6423-4180-825c-ca6ec7bb877c,2025-05-20T05:55:17.139610,2025-09-01T12:57:17.139615
80082c98-47f6-4c09-a047-4f52e866f809,paynedominic@example.net,DO,Jason,Baker,Endocrinology,Seeking to join as a Dermatology specialist,https://example.com/applications/e74f7ba9-a5a5-4405-954c-5ab1addf6be7.jpg,"[""license_1994.pdf"", ""cv_5740.pdf""]",active,LIC300704,(985) 244-6547,,Approved,,2025-07-28T07:57:17.139878,2025-09-06T01:57:17.139883
d60dc711-77bf-437c-81d9-afae6371c872,xcruz@example.org,PA,Karen,Lopez,Geriatrics,Seeking to join as a Psychiatry specialist,https://example.com/applications/6446b240-b4a1-4e6d-8834-8650f1784ef2.jpg,"[""license_9007.pdf"", ""cv_9371.pdf""]",suspended,LIC546393,(662) 363-7586,,Approved,,2025-05-19T10:11:17.140142,2025-08-19T15:17:17.140147
8248ee5d-808a-42f3-90b2-2eded0e089d6,christopherrodriguez@example.com,DO,Diana,Williams,Orthopedics,Seeking to join as a Radiology specialist,https://example.com/applications/3e7892e0-237a-43ce-b749-5f8f0e1f5bfa.jpg,"[""license_3964.pdf"", ""cv_8626.pdf""]",pending_approval,LIC843388,(447) 342-2543,admin_001,Approved,,2025-04-03T15:32:17.140493,2025-09-01T02:01:17.140500
efa06500-5a44-465d-9dcc-f8f63fba36da,gabriel32@example.com,DO,Tanner,Reed,Radiology,Seeking to join as a Pediatrics specialist,https://example.com/applications/0d96f38c-efeb-4ba9-a3a8-6113ca6e8e77.jpg,"[""license_2119.pdf"", ""cv_4111.pdf""]",suspended,LIC652621,(850) 378-1648,admin_002,,,2025-03-22T12:20:17.140867,2025-08-18T21:39:17.140875
e0335bc3-3e8b-452c-b513-594a2e82cf1d,moraleswilliam@example.org,Prof.,Troy,Johnson,Psychiatry,Seeking to join as a Pediatrics specialist,https://example.com/applications/cb9582b7-1ae9-446e-be16-911297c5a1fc.jpg,"[""license_4439.pdf"", ""cv_9738.pdf""]",suspended,LIC173173,(770) 315-3161,admin_001,Needs additional documentation,,2025-07-31T13:11:17.141148,2025-09-09T20:50:17.141153
20b4523b-f98b-4fec-8186-a7978ef68b88,vnorton@example.net,PA,Linda,Benitez,Hematology,Seeking to join as a Gastroenterology specialist,https://example.com/applications/31554118-8d73-45f6-936c-c130c4efd7df.jpg,"[""license_3457.pdf"", ""cv_4787.pdf""]",suspended,LIC368518,(310) 680-5425,,Approved,,2025-07-06T22:15:17.141455,2025-09-10T05:55:17.141463
73eea7f3-41d0-47f0-8425-90efd0a1360f,whitecody@example.org,Dr.,Robert,Taylor,General Practice,Seeking to join as a Rheumatology specialist,https://example.com/applications/150a771e-fd54-4ac1-bdc9-de122444cb97.jpg,"[""license_9272.pdf"", ""cv_3132.pdf""]",inactive,LIC969688,(860) 402-7703,admin_001,Approved,9aa86ded-c50b-48a3-813f-e1bf98c326ff,2025-05-27T15:15:17.141752,2025-09-07T13:23:17.141757
9e6bb147-8d7e-4c8a-8138-9a41c263f580,ryanhall@example.org,DO,William,Baxter,Geriatrics,Seeking to join as a Pulmonology specialist,https://example.com/applications/775769ca-b569-461c-96e5-8d01df5eb0f0.jpg,"[""license_6763.pdf"", ""cv_9820.pdf""]",active,LIC271156,(267) 301-3102,admin_002,,,2025-03-22T05:08:17.142020,2025-09-06T12:04:17.142025
1d97d4f9-ced8-4519-a6dc-2e53771661a9,christopher53@example.net,Prof.,George,Williams,Hematology,Seeking to join as a Pediatrics specialist,https://example.com/applications/cf3ec4d7-f2e0-4391-9a36-85d87c6326aa.jpg,"[""license_8428.pdf"", ""cv_9827.pdf""]",inactive,LIC599424,(662) 878-7992,admin_002,Approved,8f95864f-bbdd-4cca-956c-c2acf6bcdc3d,2025-04-14T05:48:17.142219,2025-09-07T05:20:17.142224
9a472319-5153-4380-bad2-2c5601bc7ed9,wardjames@example.net,Dr.,Mercedes,Campbell,Endocrinology,Seeking to join as a Hematology specialist,https://example.com/applications/de5a1535-86d1-43c5-85c2-834b7e0b0aa9.jpg,"[""license_1257.pdf"", ""cv_9140.pdf""]",pending_approval,LIC872672,(317) 537-3695,admin_001,Needs additional documentation,acaed040-244d-49c6-b992-804fd164a6b3,2025-06-24T10:35:17.142478,2025-09-02T00:35:17.142483
9c975010-8efc-4391-b9e8-96964c7ecfe8,ortegaanthony@example.com,NP,Alejandra,Maxwell,Geriatrics,Seeking to join as a Radiology specialist,https://example.com/applications/a80e982d-9c2f-42a8-96fb-ba8958dfb356.jpg,"[""license_7348.pdf"", ""cv_2489.pdf""]",suspended,LIC232487,(415) 577-6365,admin_001,Needs additional documentation,6c14a38f-6484-4589-b382-d995260c0c94,2025-06-09T02:40:17.142735,2025-09-17T22:34:17.142739
0196c994-0273-4986-9f24-b605cf95a6b8,warren28@example.com,Prof.,Laura,Smith,Cardiology,Seeking to join as a Radiology specialist,https://example.com/applications/b87aa205-5f1f-40c5-a54d-bf6488646530.jpg,"[""license_4793.pdf"", ""cv_5063.pdf""]",pending_approval,LIC248309,(862) 984-1500,admin_002,,,2025-08-19T19:39:17.143083,2025-08-24T11:53:17.143095
ca38355c-2592-4685-a429-3d0f815b1c95,halltyler@example.com,Prof.,Robert,Burns,Geriatrics,Seeking to join as a Endocrinology specialist,https://example.com/applications/f97d97b0-4c9a-493d-a8b3-db39cc81ecda.jpg,"[""license_4053.pdf"", ""cv_5955.pdf""]",active,LIC650275,(917) 817-9655,admin_002,,,2025-04-08T23:12:17.145652,2025-08-21T19:30:17.145702
d03ef97d-8e65-46fd-87db-094bc28aa562,grossangie@example.net,DO,Ryan,Bishop,Psychiatry,Seeking to join as a Gastroenterology specialist,https://example.com/applications/e7143e56-2480-4f0c-9dc1-cbb691376349.jpg,"[""license_1826.pdf"", ""cv_9659.pdf""]",suspended,LIC161571,(503) 248-3865,admin_002,Under review,b4acf272-ab9b-4b87-ac6e-6ec3cd8132ab,2025-06-14T21:59:17.147209,2025-09-11T15:18:17.147245
b4b141bd-ee5e-4dfd-9e54-52b0de43c1b2,qlong@example.com,PA,Jeremy,Johnson,Orthopedics,Seeking to join as a Gastroenterology specialist,https://example.com/applications/0577100c-d011-4a3a-800f-4109452cc2c1.jpg,"[""license_1419.pdf"", ""cv_8478.pdf""]",inactive,LIC792043,(561) 225-1491,admin_001,Approved,,2025-08-02T19:40:17.147892,2025-09-12T08:49:17.147914
9ec41fb7-dbec-4155-a130-21697787265e,marcrobbins@example.org,Dr.,Mariah,Morgan,Radiology,Seeking to join as a Hematology specialist,https://example.com/applications/bcd33320-5e72-4b8d-ae08-d02b6762658d.jpg,"[""license_9346.pdf"", ""cv_4552.pdf""]",inactive,LIC966018,(717) 627-1894,,Approved,99906da8-976b-4876-8eb1-d01556a3e7ea,2025-07-13T17:54:17.148469,2025-08-18T15:37:17.148483
1d8de8d9-515a-4b7e-8cdb-ce3e2e832360,pjackson@example.net,NP,Christopher,Orr,General Practice,Seeking to join as a Oncology specialist,https://example.com/applications/9c65cdaf-b1a4-430e-9827-bf714815e676.jpg,"[""license_8342.pdf"", ""cv_6419.pdf""]",suspended,LIC411919,(662) 781-5665,admin_002,Needs additional documentation,,2025-09-17T13:30:17.149027,2025-08-24T11:32:17.149043
b1ad23f1-957b-4319-9d30-65ec2412cfda,amycunningham@example.org,PA,Tina,Sanchez,Hematology,Seeking to join as a Gastroenterology specialist,https://example.com/applications/50190f4f-f7c2-454a-b2f9-1149844cb281.jpg,"[""license_2406.pdf"", ""cv_8195.pdf""]",inactive,LIC432820,(586) 730-8234,admin_001,Needs additional documentation,,2025-09-03T13:13:17.149717,2025-08-27T11:18:17.149739
45c5468c-9542-4533-923b-a322abc2dda6,davidward@example.org,DO,Melanie,Payne,General Practice,Seeking to join as a Cardiology specialist,https://example.com/applications/5397de3b-5048-4e85-9903-c44431c0c20a.jpg,"[""license_3035.pdf"", ""cv_1796.pdf""]",suspended,LIC663012,(985) 299-6457,,,,2025-05-10T15:07:17.150322,2025-09-10T00:44:17.150333
17d4d5f2-3f74-444d-ae79-44fecc6ae0c0,jonathansimmons@example.org,Dr.,Karen,Brown,Radiology,Seeking to join as a Geriatrics specialist,https://example.com/applications/5c80e9ab-2865-4b61-886c-8df1bd434089.jpg,"[""license_7577.pdf"", ""cv_9849.pdf""]",suspended,LIC970859,(856) 232-5780,admin_002,Approved,939b6ba4-681b-490b-86c4-86aa6eb24b12,2025-03-24T09:14:17.150734,2025-09-11T05:35:17.150742
b652ed6c-505e-4666-93bc-807bfc48a91d,blackwellcandace@example.com,PA,Melissa,Ferguson,Radiology,Seeking to join as a Neurology specialist,https://example.com/applications/26d1d031-dc45-48f9-be74-10088e959b79.jpg,"[""license_3386.pdf"", ""cv_4982.pdf""]",pending_approval,LIC300617,(603) 528-3432,admin_002,Under review,5ec65c5d-6b69-43f5-a121-04dd5191ede5,2025-05-20T02:24:17.151035,2025-08-26T17:13:17.151040
524ba90e-bbf7-4603-88f7-d0b76fc06254,eedwards@example.net,Dr.,Anthony,Turner,Hematology,Seeking to join as a General Practice specialist,https://example.com/applications/4ef5a870-3e49-4b90-88b2-ec12d6c5e24e.jpg,"[""license_9011.pdf"", ""cv_9119.pdf""]",active,LIC763797,(774) 228-1749,admin_001,Approved,,2025-04-29T06:57:17.151279,2025-09-05T04:52:17.151284
6547c05e-7dba-4e9e-9b01-8b0a1ab38920,melissa71@example.net,MD,Taylor,Reeves,Oncology,Seeking to join as a Psychiatry specialist,https://example.com/applications/406e6c1c-629f-44c3-b63e-94687b2fbb18.jpg,"[""license_1059.pdf"", ""cv_4782.pdf""]",pending_approval,LIC430512,(935) 973-3740,admin_001,Approved,,2025-08-29T22:34:17.151510,2025-08-28T00:02:17.151515
14337b5b-8321-46b5-b86d-bad96ba60c04,wnelson@example.com,DO,Christopher,Williams,Pediatrics,Seeking to join as a Urology specialist,https://example.com/applications/290a37ba-7412-4bab-a090-a00afa3556b8.jpg,"[""license_3579.pdf"", ""cv_5558.pdf""]",inactive,LIC274069,(561) 613-4503,admin_002,,d903f1fd-5588-4a59-98c6-22cf48b219ae,2025-08-04T23:49:17.151751,2025-09-05T21:48:17.151756
cb361a87-f883-4d4e-8d7d-a091d702d66a,ocrane@example.net,NP,Ashley,Gaines,Cardiology,Seeking to join as a General Practice specialist,https://example.com/applications/bfc88265-53bb-4e50-837e-dbe9594d7141.jpg,"[""license_6449.pdf"", ""cv_3885.pdf""]",active,LIC152185,(765) 563-5798,,Approved,,2025-05-27T22:06:17.152096,2025-09-16T05:27:17.152106
4398f507-d651-427e-832b-32335bbc44e1,maria79@example.org,MD,Christopher,Shannon,Rheumatology,Seeking to join as a Dermatology specialist,https://example.com/applications/2eb75d61-90c0-43ea-ace4-f7efc7421463.jpg,"[""license_5034.pdf"", ""cv_8828.pdf""]",pending_approval,LIC768208,(951) 913-5081,,Approved,,2025-09-18T08:30:17.152553,2025-08-22T04:11:17.152563
4d8812d3-78fb-4fb2-8505-cce564a48608,caseamy@example.net,Prof.,Kyle,Evans,Gastroenterology,Seeking to join as a Pulmonology specialist,https://example.com/applications/2b98ddaa-4398-4d81-9c69-03aed6c00322.jpg,"[""license_6074.pdf"", ""cv_7365.pdf""]",active,LIC653498,(707) 830-4455,admin_001,Approved,,2025-07-29T09:39:17.153017,2025-09-10T23:12:17.153026
455b3f6e-2fa7-4c17-aeb3-9cdf94e48f3c,garciakaren@example.com,Prof.,Adriana,Ray,Cardiology,Seeking to join as a Gastroenterology specialist,https://example.com/applications/853f6cf6-0914-43f6-9f66-95d2ee675756.jpg,"[""license_9141.pdf"", ""cv_3433.pdf""]",active,LIC675435,(567) 307-3912,admin_002,Approved,,2025-08-04T01:33:17.153528,2025-08-30T08:17:17.153552
489cf448-b422-4b7c-9204-700b9d8b717b,sporter@example.com,Prof.,Lori,Rogers,Geriatrics,Seeking to join as a Psychiatry specialist,https://example.com/applications/2162de14-9fac-4d51-b5fa-683f41e32793.jpg,"[""license_6645.pdf"", ""cv_5390.pdf""]",inactive,LIC218305,(818) 247-9945,,Under review,,2025-08-21T05:01:17.154002,2025-09-15T02:43:17.154015
f833a078-58bb-4385-b45a-33d5f05b56ca,silvamatthew@example.com,Prof.,Steven,Butler,Pulmonology,Seeking to join as a Psychiatry specialist,https://example.com/applications/b43593e4-a669-431a-8799-8332a5e0ac5c.jpg,"[""license_7891.pdf"", ""cv_5124.pdf""]",pending_approval,LIC675295,(606) 903-7285,admin_001,Under review,c411c93d-8fb9-4527-9637-b42ca0f0b687,2025-03-30T11:45:17.154480,2025-08-21T10:00:17.154492
2c698582-c617-4d93-936b-dbb8ac46d349,webbashley@example.org,Dr.,Anne,Rojas,Neurology,Seeking to join as a Cardiology specialist,https://example.com/applications/643e931c-0cd9-4564-ac61-1ac696cee24a.jpg,"[""license_9863.pdf"", ""cv_7701.pdf""]",active,LIC154988,(860) 739-6616,admin_002,Under review,,2025-04-01T21:54:17.154955,2025-09-03T16:13:17.154968
208ab375-53c3-4139-a9f3-7add9944935d,fredericktimothy@example.com,MD,Shannon,Torres,Neurology,Seeking to join as a Radiology specialist,https://example.com/applications/5e7da04b-db93-44a3-a826-91ea56d651f9.jpg,"[""license_7179.pdf"", ""cv_5083.pdf""]",suspended,LIC803489,(631) 546-5930,admin_001,Approved,,2025-08-27T16:37:17.155414,2025-09-03T02:50:17.155439
3490d974-f070-45ff-b1c8-d0e6442c22f5,elizabethpeters@example.com,PA,Katherine,Williams,Dermatology,Seeking to join as a Endocrinology specialist,https://example.com/applications/e10933d0-85ed-414d-ac97-8fd3f87cf786.jpg,"[""license_2344.pdf"", ""cv_9050.pdf""]",inactive,LIC180971,(281) 755-1546,,Needs additional documentation,,2025-04-07T13:38:17.155934,2025-08-22T10:08:17.155947
54fa2cdb-f617-4632-ad59-65997cdf4ca2,kevinwagner@example.org,NP,Jane,Bell,Psychiatry,Seeking to join as a Pediatrics specialist,https://example.com/applications/40deb77d-cd1b-460e-97ea-dc185ed847b9.jpg,"[""license_3603.pdf"", ""cv_2971.pdf""]",suspended,LIC154279,(805) 931-7439,,Approved,,2025-06-12T16:19:17.156436,2025-08-30T07:46:17.156444
5712a5f0-1955-45e4-95d9-4037209daf1b,michelle20@example.net,Prof.,Scott,Sandoval,Radiology,Seeking to join as a Radiology specialist,https://example.com/applications/4778a59d-f70a-4cc2-b8da-b346be4d3c6c.jpg,"[""license_4067.pdf"", ""cv_4463.pdf""]",inactive,LIC848085,(636) 745-8945,,Needs additional documentation,f593aa72-ce35-4797-a1f5-38e7945a3ad8,2025-08-26T03:41:17.156674,2025-09-12T23:31:17.156681
127b8f1f-4ff6-4aa2-8f2c-df3845726304,amandawarren@example.net,PA,Samantha,Fields,Rheumatology,Seeking to join as a Hematology specialist,https://example.com/applications/644c7b8a-ce67-4ced-b8ee-cf369a87a6a7.jpg,"[""license_9331.pdf"", ""cv_1785.pdf""]",suspended,LIC262745,(414) 641-1835,admin_001,,,2025-07-11T22:32:17.156958,2025-08-19T17:19:17.156963
23f626e9-e489-4827-808e-33c0916b9686,dthompson@example.org,Prof.,Thomas,Young,Urology,Seeking to join as a Cardiology specialist,https://example.com/applications/da5a576c-6dfe-48c6-9b48-2fe160796ac2.jpg,"[""license_7278.pdf"", ""cv_5464.pdf""]",pending_approval,LIC112901,(720) 489-6094,admin_002,Needs additional documentation,,2025-07-11T20:44:17.157231,2025-09-15T06:42:17.157238
d7bf3762-c617-420a-b30d-4c7731dfadb8,jasonhardy@example.net,MD,Christine,Walter,Psychiatry,Seeking to join as a Hematology specialist,https://example.com/applications/5fd43a01-b5f2-454e-b0a6-998bcdcd7235.jpg,"[""license_4799.pdf"", ""cv_1589.pdf""]",suspended,LIC893028,(904) 263-2124,admin_002,,32a76891-b098-412e-ac73-21490e4961a9,2025-08-31T07:07:17.157581,2025-08-20T19:19:17.157588
6046b4dc-55e1-4ccf-8370-6a2b669dbfac,martinrachel@example.org,DO,Thomas,Cohen,Geriatrics,Seeking to join as a Neurology specialist,https://example.com/applications/23b69bde-0e6c-4edf-9582-c376ce61f6fc.jpg,"[""license_7792.pdf"", ""cv_2416.pdf""]",pending_approval,LIC638158,(413) 543-6539,admin_002,Under review,,2025-06-30T17:44:17.157905,2025-09-05T06:41:17.157910
09766d24-5aab-45a7-bd6a-1eda10c8ea16,mwade@example.net,Dr.,Patricia,Salazar,Psychiatry,Seeking to join as a Rheumatology specialist,https://example.com/applications/08eb0d34-271e-4b52-aeef-a4edee56c67f.jpg,"[""license_5006.pdf"", ""cv_9454.pdf""]",inactive,LIC736761,(260) 889-2344,admin_001,,,2025-09-15T09:36:17.158150,2025-09-18T05:49:17.158154
6eb95dd5-88db-43f2-8a17-defe7e6e8f44,smitchell@example.com,Prof.,Catherine,Rice,Endocrinology,Seeking to join as a Pediatrics specialist,https://example.com/applications/f32dacbe-2b11-44e4-b50c-434a6c11d399.jpg,"[""license_6622.pdf"", ""cv_6744.pdf""]",active,LIC372728,(979) 293-2845,,Needs additional documentation,b8f51e7f-e96c-4f98-87bb-689140d44685,2025-05-26T16:09:17.158399,2025-09-02T07:09:17.158404
f71175a3-f427-4728-80c1-3737f23b8132,luisblake@example.net,MD,Derek,Gibson,Cardiology,Seeking to join as a Pediatrics specialist,https://example.com/applications/d22c0356-acf3-4880-b82c-b2e62e1bf6c7.jpg,"[""license_3947.pdf"", ""cv_7567.pdf""]",pending_approval,LIC100302,(234) 268-2056,admin_001,Under review,,2025-05-14T11:36:17.158783,2025-09-01T05:21:17.158802
6eaf1500-3c40-4b4e-9e92-4f57c1fabb4b,tranangela@example.net,NP,Michael,Mckinney,Cardiology,Seeking to join as a Pulmonology specialist,https://example.com/applications/258bb37e-2ca8-461c-829a-44f5b5ee73f6.jpg,"[""license_1102.pdf"", ""cv_1177.pdf""]",inactive,LIC684869,(458) 421-4630,admin_002,,,2025-05-01T02:47:17.159308,2025-09-09T14:25:17.159321
6af44e7c-8913-4424-8a79-b81d9f9121c1,thomascook@example.org,PA,Shawn,Martin,General Practice,Seeking to join as a Urology specialist,https://example.com/applications/7f7b9bef-d614-4427-aed7-993e5eeacbf3.jpg,"[""license_9240.pdf"", ""cv_2157.pdf""]",inactive,LIC230886,(254) 479-5853,admin_002,Approved,,2025-09-02T19:12:17.159724,2025-09-18T01:47:17.159731
8cfec66c-ca19-4140-9f1d-735c64d6c1cc,crosbycrystal@example.org,Prof.,Maria,Vincent,Pulmonology,Seeking to join as a Urology specialist,https://example.com/applications/11274623-396f-4cc1-93a9-a4ef563cc303.jpg,"[""license_9668.pdf"", ""cv_9373.pdf""]",inactive,LIC635691,(605) 423-4089,,Under review,,2025-07-10T21:20:17.160037,2025-09-08T16:45:17.160043
ef834629-0cf9-4ee6-9460-b4ead4ee9190,johnchan@example.org,PA,Melissa,Jenkins,Endocrinology,Seeking to join as a Neurology specialist,https://example.com/applications/b951620e-21be-406f-8d62-ce6c86a5cdbd.jpg,"[""license_4392.pdf"", ""cv_2212.pdf""]",inactive,LIC691574,(870) 391-4040,admin_002,,79514833-dfa1-4103-baaf-e68502096720,2025-06-21T14:49:17.160340,2025-08-30T05:15:17.160345
f576e105-f3c4-49de-94a6-0a7714b7a839,brookshannah@example.com,MD,Jose,Rich,Radiology,Seeking to join as a Orthopedics specialist,https://example.com/applications/be3a77f7-0f91-450a-8026-ece790e81c53.jpg,"[""license_1211.pdf"", ""cv_4758.pdf""]",active,LIC829640,(651) 757-6386,admin_002,Under review,,2025-04-20T10:38:17.160631,2025-08-24T20:15:17.160636
db713f44-4374-49fa-998a-9b6f2180c0b1,teresaperry@example.com,MD,Nicole,Mercer,Pediatrics,Seeking to join as a Orthopedics specialist,https://example.com/applications/6e7a6a2d-778d-4c11-b9c2-96f7bf269796.jpg,"[""license_8020.pdf"", ""cv_4800.pdf""]",active,LIC856679,(786) 615-7644,admin_001,,,2025-04-26T03:24:17.160967,2025-09-09T20:10:17.160974
eec20897-1b92-4dfa-8c66-605e6f072be6,nwhite@example.org,MD,George,Melton,Psychiatry,Seeking to join as a Cardiology specialist,https://example.com/applications/9a533d49-da0c-42ce-b6e6-1e34ad5e516a.jpg,"[""license_7655.pdf"", ""cv_1779.pdf""]",inactive,LIC647365,(443) 433-5100,admin_002,,,2025-04-13T16:40:17.161272,2025-09-01T05:53:17.161282
1b9d68ab-467c-41c0-b226-cbf0bd0f5c9f,joseph51@example.net,NP,Michael,Johnson,Cardiology,Seeking to join as a Radiology specialist,https://example.com/applications/00a5684b-8660-4aaa-b144-d0000e61da4c.jpg,"[""license_1070.pdf"", ""cv_2770.pdf""]",active,LIC722612,(313) 276-5951,,Under review,,2025-04-01T01:56:17.161708,2025-08-27T01:49:17.161722
2b3aafd7-7984-48c3-a8d6-b5cda5ef1c13,james42@example.org,Dr.,Rebecca,Delgado,Urology,Seeking to join as a Gastroenterology specialist,https://example.com/applications/24dda512-32ad-4fff-b7fa-4741045a8685.jpg,"[""license_3943.pdf"", ""cv_3922.pdf""]",pending_approval,LIC434189,(475) 203-5264,,Approved,76239f16-fb89-4b64-b6b4-2fbefeb3d92d,2025-08-10T10:45:17.161986,2025-08-30T17:55:17.161993
e6ef3c53-2ac6-40d2-b47d-fd3a101ba614,pamela44@example.net,DO,Chris,Mcdonald,Orthopedics,Seeking to join as a Urology specialist,https://example.com/applications/fcab5172-a422-49df-ac89-9895e831a28f.jpg,"[""license_6130.pdf"", ""cv_5376.pdf""]",suspended,LIC401038,(717) 498-8563,admin_001,,,2025-06-29T14:56:17.162226,2025-08-21T13:26:17.162235
20b52b0a-0a7b-4d7a-bead-7dd72673c026,kathymiller@example.net,PA,Martin,May,Pediatrics,Seeking to join as a Endocrinology specialist,https://example.com/applications/74a5c221-5f3b-4bc6-b9e3-8a816b2013d2.jpg,"[""license_2518.pdf"", ""cv_8984.pdf""]",active,LIC312166,(484) 265-2226,admin_002,Under review,,2025-03-25T15:46:17.162555,2025-09-11T05:56:17.162560
3f25b6e6-d050-425e-8507-446b2e6f4251,nicholas81@example.com,MD,Amanda,Evans,Endocrinology,Seeking to join as a Orthopedics specialist,https://example.com/applications/5d229859-14f6-496e-8dc3-7a970ad317a5.jpg,"[""license_5148.pdf"", ""cv_2556.pdf""]",active,LIC896159,(803) 697-1766,admin_002,Needs additional documentation,,2025-05-20T11:52:17.162784,2025-09-13T00:41:17.162789
3a991c26-805f-4343-b7de-8983ed4f3414,irwinricky@example.com,DO,Charles,Hanson,Neurology,Seeking to join as a Oncology specialist,https://example.com/applications/4b1f8d28-1248-4830-b009-7a842386be51.jpg,"[""license_3468.pdf"", ""cv_9579.pdf""]",active,LIC286139,(954) 928-5973,,Under review,,2025-07-17T12:52:17.163073,2025-09-17T04:45:17.163078
6e7be6ef-c5e8-409f-934f-c8a8882d9cbe,donna42@example.net,MD,Darlene,Thompson,Gastroenterology,Seeking to join as a General Practice specialist,https://example.com/applications/a2a5ac0b-2786-4a53-ba7f-d3cbeebd3984.jpg,"[""license_2774.pdf"", ""cv_1822.pdf""]",inactive,LIC196742,(323) 433-6593,,Approved,,2025-08-17T04:16:17.163300,2025-08-19T04:52:17.163304
eaa3c1e8-b7b9-446a-8e15-f2515452ce52,cthompson@example.net,Dr.,Caitlyn,Mason,Neurology,Seeking to join as a Pediatrics specialist,https://example.com/applications/0fc29a76-8f52-4997-ac2d-d99f69400718.jpg,"[""license_4384.pdf"", ""cv_2616.pdf""]",active,LIC116352,(907) 592-5331,admin_002,Needs additional documentation,,2025-06-01T23:01:17.163712,2025-09-04T23:35:17.163720
0c8ba65b-afc0-44d9-a949-55c3ae106da7,pbrooks@example.net,MD,James,Lewis,Dermatology,Seeking to join as a Neurology specialist,https://example.com/applications/ecfd5b27-51f4-4f2e-aacc-7654cab2e7ab.jpg,"[""license_9825.pdf"", ""cv_9814.pdf""]",inactive,LIC619529,(682) 337-7596,,Approved,,2025-06-17T04:38:17.163983,2025-09-15T09:43:17.163990
fcd9f0bf-2cad-4a59-a239-02b11dd2f489,brownleslie@example.org,MD,Lisa,Ward,Pediatrics,Seeking to join as a Endocrinology specialist,https://example.com/applications/8bb52b28-8b27-4496-bc60-092d58a09177.jpg,"[""license_4098.pdf"", ""cv_2546.pdf""]",pending_approval,LIC668812,(608) 796-7678,admin_002,Under review,a9a9ef40-b5c9-4455-8444-6477d5ca786e,2025-06-02T18:09:17.164299,2025-08-24T06:12:17.164304
a7e7eb89-8677-42f6-9821-558ccbf7f2b4,roblesjeffrey@example.com,Prof.,Jose,Jarvis,Hematology,Seeking to join as a Pulmonology specialist,https://example.com/applications/0e7657b5-ef5a-41f9-be03-e359c7069271.jpg,"[""license_1344.pdf"", ""cv_6444.pdf""]",suspended,LIC894037,(959) 463-8992,,Needs additional documentation,26fa092b-5855-4e6d-a93e-f88b6617e9e8,2025-07-19T08:00:17.164606,2025-09-10T18:45:17.164611
d1c79cf1-8251-4702-af12-2cbcc5fa5df8,brandonrosario@example.net,Prof.,Timothy,Carroll,General Practice,Seeking to join as a Radiology specialist,https://example.com/applications/bc7d2357-0e37-4911-8ba1-abcfd4643f96.jpg,"[""license_2776.pdf"", ""cv_4834.pdf""]",pending_approval,LIC279331,(617) 247-9263,admin_001,Under review,,2025-04-25T05:47:17.164916,2025-09-14T21:39:17.164922
184df514-1399-4434-9e03-e749b6b7f133,whitneyjohnson@example.net,Prof.,George,Nguyen,Endocrinology,Seeking to join as a Pulmonology specialist,https://example.com/applications/e66825a8-0dc4-426c-a852-d234918c2c98.jpg,"[""license_9122.pdf"", ""cv_3061.pdf""]",active,LIC579420,(650) 381-9441,admin_002,Under review,,2025-06-22T13:02:17.165223,2025-09-15T01:51:17.165228
949cd71f-eab5-4a8e-a6d5-c20ed4729cdf,rebecca37@example.net,NP,Christopher,King,Dermatology,Seeking to join as a Pediatrics specialist,https://example.com/applications/6938eda8-c6cb-4a10-9f94-74c26343c2c8.jpg,"[""license_2474.pdf"", ""cv_2079.pdf""]",suspended,LIC232563,(509) 316-6171,,,,2025-05-13T21:06:17.165456,2025-09-18T05:51:17.165461
79dc6f44-847e-457b-bb68-906b0cf62ccf,tcase@example.org,DO,Danielle,Petersen,Oncology,Seeking to join as a Hematology specialist,https://example.com/applications/c82870bc-43d7-47ff-adc7-bf77e2fc20ff.jpg,"[""license_5238.pdf"", ""cv_2090.pdf""]",suspended,LIC458119,(916) 889-4109,,,,2025-04-18T03:51:17.165801,2025-08-18T15:05:17.165809
3544cedf-5872-45b3-9c23-721ef98fef46,mccallcrystal@example.org,PA,Julie,Huerta,Orthopedics,Seeking to join as a Gastroenterology specialist,https://example.com/applications/8d63dd14-1c68-435c-b2fe-88afcfa9ea18.jpg,"[""license_9970.pdf"", ""cv_4259.pdf""]",active,LIC305917,(925) 762-2556,admin_002,Approved,,2025-08-19T07:33:17.166151,2025-09-08T10:16:17.166156
93fdcb55-446e-48f8-8e8b-f461a9172679,bwilson@example.com,Dr.,Ronald,Doyle,Urology,Seeking to join as a Cardiology specialist,https://example.com/applications/c387411f-9be1-4d67-b29e-4d76d0f46f37.jpg,"[""license_8019.pdf"", ""cv_7335.pdf""]",suspended,LIC488322,(631) 954-3458,admin_002,,,2025-05-20T02:34:17.166411,2025-09-06T12:28:17.166415
65bdab08-3656-495a-852c-9366842cc8be,callen@example.com,Dr.,Lisa,Larson,Geriatrics,Seeking to join as a Hematology specialist,https://example.com/applications/8cb2a4d2-8a8f-40e9-868d-11c036189f13.jpg,"[""license_2207.pdf"", ""cv_7404.pdf""]",suspended,LIC622223,(412) 692-4793,admin_002,,,2025-09-09T02:37:17.166677,2025-09-15T07:36:17.166682
5b2879c6-5717-441c-af48-f4da6844f4a7,laurenflynn@example.net,Prof.,Catherine,Ibarra,Urology,Seeking to join as a Geriatrics specialist,https://example.com/applications/183e5dae-0660-49b0-8771-9e6677cc9f04.jpg,"[""license_4938.pdf"", ""cv_9636.pdf""]",inactive,LIC283781,(603) 916-3607,,Approved,,2025-06-17T19:43:17.166985,2025-09-03T07:56:17.166990
bd291b37-f195-4ef8-9e64-8cad1a59210b,cruzalbert@example.org,MD,Roberta,Harper,Rheumatology,Seeking to join as a Orthopedics specialist,https://example.com/applications/c5f3dcd2-1eff-4548-94ab-f242766d181e.jpg,"[""license_2823.pdf"", ""cv_8957.pdf""]",inactive,LIC577032,(385) 217-8982,admin_001,Approved,,2025-06-19T13:08:17.167277,2025-08-28T12:14:17.167281
922edfaf-880c-419c-9636-a3f80241aa20,bellalbert@example.org,Dr.,Melissa,Adams,Oncology,Seeking to join as a Gastroenterology specialist,https://example.com/applications/4649bbde-360a-411c-a081-47e26bcf2e64.jpg,"[""license_3029.pdf"", ""cv_1729.pdf""]",active,LIC703897,(989) 480-5295,admin_001,,,2025-06-08T03:23:17.167569,2025-08-23T04:01:17.167574
a1f4ecd1-051b-427d-9e2b-02b7e533312d,jessicalee@example.com,NP,Rachel,Flores,General Practice,Seeking to join as a Radiology specialist,https://example.com/applications/527eea48-ddfe-4c76-b18c-c77feed4ef0a.jpg,"[""license_5500.pdf"", ""cv_6431.pdf""]",inactive,LIC561501,(703) 879-5192,admin_002,Under review,,2025-06-03T01:27:17.167870,2025-09-17T05:18:17.167875
e302e795-4382-4169-b416-7090146d8b57,lopeztonya@example.org,NP,Bradley,Browning,Geriatrics,Seeking to join as a Neurology specialist,https://example.com/applications/ef406f55-ce8f-4d81-b362-f59119a7467e.jpg,"[""license_2428.pdf"", ""cv_1699.pdf""]",suspended,LIC789176,(985) 823-3061,admin_001,Needs additional documentation,,2025-08-01T22:57:17.168160,2025-09-17T22:16:17.168165
2907cca1-614f-446f-9358-40e2a0252e7a,gmccormick@example.org,NP,Angela,Shepherd,Geriatrics,Seeking to join as a Gastroenterology specialist,https://example.com/applications/65604dc6-117d-4d81-b9c9-9fd1bb9b4212.jpg,"[""license_7098.pdf"", ""cv_2773.pdf""]",pending_approval,LIC174137,(267) 508-8825,admin_001,Approved,,2025-06-14T03:18:17.168401,2025-09-03T10:57:17.168406
c1c1df3b-51ff-44eb-935d-1fe9b0ba24e9,brianmyers@example.org,NP,Danielle,Rodriguez,Psychiatry,Seeking to join as a Psychiatry specialist,https://example.com/applications/8b0f05bd-ab35-4025-adfb-cfaaa0856616.jpg,"[""license_1254.pdf"", ""cv_7998.pdf""]",suspended,LIC403493,(630) 469-1915,,Needs additional documentation,,2025-05-16T20:05:17.168702,2025-09-02T12:22:17.168707
0102c676-9f9e-4b71-8a7a-1a01107d69f9,donald07@example.net,Dr.,Joseph,Miles,Neurology,Seeking to join as a Dermatology specialist,https://example.com/applications/083747c9-52ce-4360-9a28-f86a1a06b7cc.jpg,"[""license_3596.pdf"", ""cv_9906.pdf""]",pending_approval,LIC362933,(815) 945-1394,admin_001,Approved,,2025-07-25T03:37:17.169003,2025-09-18T08:06:17.169009
bcde9857-526a-4437-a016-a5337e07c272,qwagner@example.org,NP,Randall,James,Geriatrics,Seeking to join as a Radiology specialist,https://example.com/applications/65f1124a-16d4-4b5f-853d-e57919663539.jpg,"[""license_4001.pdf"", ""cv_9681.pdf""]",active,LIC258319,(520) 323-9774,admin_001,Approved,,2025-07-01T05:32:17.169290,2025-08-20T18:28:17.169296
85dfd581-c767-4689-b6e2-2da28fa54058,mitchelljoshua@example.com,DO,Antonio,Brown,Rheumatology,Seeking to join as a Hematology specialist,https://example.com/applications/8f817a3d-2bbf-4c85-af3c-98c405c6dd05.jpg,"[""license_6376.pdf"", ""cv_2845.pdf""]",inactive,LIC833257,(936) 681-8375,admin_001,Under review,816330b1-2d18-42be-869d-8d9f99b49bff,2025-03-26T03:49:17.169679,2025-08-19T10:26:17.169686
48018e4f-dc3b-4e27-b6d7-3d923be634a9,fwalker@example.org,NP,Derek,Myers,Psychiatry,Seeking to join as a Endocrinology specialist,https://example.com/applications/e5a1e1ff-ba88-41ba-9a82-c3cefa42d9d5.jpg,"[""license_7432.pdf"", ""cv_3502.pdf""]",active,LIC107189,(308) 325-1705,admin_001,Under review,,2025-04-02T20:00:17.169952,2025-09-14T01:01:17.169957
41ecc473-c6fe-433f-9b69-300eee03601f,wjones@example.net,MD,John,Anthony,Dermatology,Seeking to join as a Rheumatology specialist,https://example.com/applications/5d139f84-65ef-40ad-96df-203929a3d586.jpg,"[""license_5522.pdf"", ""cv_7948.pdf""]",active,LIC399104,(650) 964-8021,,,2a41b288-1ae1-4d69-8607-a9f81817ce37,2025-08-19T20:39:17.170233,2025-09-11T17:46:17.170238
73b47364-4faa-4977-bbf5-3eb2e7bbf2c5,jodi94@example.com,Prof.,Micheal,Stone,General Practice,Seeking to join as a General Practice specialist,https://example.com/applications/6265ae7d-b0d9-46e4-bc28-38590bf34fed.jpg,"[""license_8117.pdf"", ""cv_2275.pdf""]",suspended,LIC612235,(727) 663-9031,admin_002,Needs additional documentation,,2025-03-27T11:45:17.170487,2025-09-12T10:15:17.170493
299528fb-68ae-45a1-929d-673a5717a108,wlewis@example.com,Dr.,Theresa,Keller,Endocrinology,Seeking to join as a Radiology specialist,https://example.com/applications/b33fed0e-438a-495c-ae84-8e3d3872a882.jpg,"[""license_2238.pdf"", ""cv_4758.pdf""]",suspended,LIC799493,(214) 448-7684,,Approved,,2025-08-23T20:00:17.170894,2025-08-28T05:32:17.170908
b96186be-98b7-490e-8383-9e293cfba6de,brittanyjohnson@example.com,Dr.,Jacqueline,Lynch,Rheumatology,Seeking to join as a Psychiatry specialist,https://example.com/applications/06020c63-aa9d-4a78-846b-fbbbb533709d.jpg,"[""license_5758.pdf"", ""cv_8132.pdf""]",suspended,LIC825869,(936) 823-2035,,Under review,006ac3f5-586b-45e5-b1d5-38ec043c1214,2025-06-11T12:45:17.171426,2025-08-29T10:39:17.171434
eb3268a7-c0cc-437f-8b8c-273cace1f1ed,peterhamilton@example.com,Dr.,Victor,Andrews,Pediatrics,Seeking to join as a Orthopedics specialist,https://example.com/applications/9a386a2e-91cb-4a84-9877-8e601c7bf1ff.jpg,"[""license_8130.pdf"", ""cv_9888.pdf""]",active,LIC180124,(816) 245-8358,admin_001,Approved,,2025-08-15T21:38:17.171931,2025-09-11T08:48:17.171944
a1e821ff-aa63-4149-a569-9e55f0b251cb,woodjeffery@example.com,Prof.,Larry,Garrett,Geriatrics,Seeking to join as a Neurology specialist,https://example.com/applications/abf87dbb-affc-4bbc-a7b8-4b4cc88a49e8.jpg,"[""license_5917.pdf"", ""cv_8412.pdf""]",pending_approval,LIC500689,(737) 424-6401,admin_001,,,2025-09-04T10:40:17.172289,2025-09-06T03:45:17.172294
cde5b240-e07d-4afb-8f5d-93503302b5fa,adam43@example.net,Prof.,Jessica,Nichols,General Practice,Seeking to join as a Pediatrics specialist,https://example.com/applications/386093d6-8de6-4ebf-b699-d5042a4cbbf9.jpg,"[""license_6324.pdf"", ""cv_8820.pdf""]",suspended,LIC820686,(910) 484-7055,,Under review,e3166c94-ae56-4f97-9a4b-52309588e468,2025-04-02T12:14:17.172531,2025-09-09T09:57:17.172536
e1ea7435-4bb0-46b4-8697-4873a3b7c8cb,iharmon@example.net,Dr.,Brian,Young,Dermatology,Seeking to join as a Cardiology specialist,https://example.com/applications/e224567e-45a7-475e-9c34-770c45ff4a8f.jpg,"[""license_4007.pdf"", ""cv_9657.pdf""]",inactive,LIC668239,(650) 887-4268,,,,2025-07-11T17:34:17.172796,2025-09-10T04:07:17.172801
f941fd79-07e2-4c0a-998e-482fd28eab7c,ymontgomery@example.com,Prof.,Michael,Arnold,Psychiatry,Seeking to join as a Rheumatology specialist,https://example.com/applications/4e68ad76-9a83-4bd1-94af-1a4ef65706d5.jpg,"[""license_8621.pdf"", ""cv_1117.pdf""]",inactive,LIC353845,(478) 866-5236,admin_001,Needs additional documentation,,2025-06-07T09:38:17.173072,2025-09-10T13:20:17.173077
fcfb9d79-b025-4d10-a927-cde9b63c115d,tlewis@example.net,MD,Jennifer,Bond,General Practice,Seeking to join as a Neurology specialist,https://example.com/applications/9bab8b91-8596-4874-b675-9f9203f9b8d0.jpg,"[""license_3651.pdf"", ""cv_4645.pdf""]",inactive,LIC195871,(610) 985-2549,,Needs additional documentation,5a556813-a385-4c14-bc28-b5b845b09a01,2025-09-07T17:20:17.173325,2025-09-09T09:11:17.173330
aa879ca7-4ebe-43a6-8b4f-b34208815754,knoxmark@example.org,PA,Taylor,Stark,General Practice,Seeking to join as a Pulmonology specialist,https://example.com/applications/17f0b960-fb76-4ccb-b264-b2104f02db28.jpg,"[""license_8657.pdf"", ""cv_8968.pdf""]",inactive,LIC129631,(609) 535-7619,admin_002,Needs additional documentation,cd1b43e7-63c9-4238-a32a-024ad21ce366,2025-08-27T05:05:17.173626,2025-09-08T05:40:17.173631
0738fb18-dfb2-44ba-8fb9-73d98d192d8c,masondavid@example.org,Dr.,Laura,Miller,Endocrinology,Seeking to join as a Urology specialist,https://example.com/applications/f7a5a7fc-e17f-4c9a-984c-8e4cc5716107.jpg,"[""license_2486.pdf"", ""cv_7664.pdf""]",pending_approval,LIC357322,(307) 543-2706,admin_001,Under review,,2025-09-12T18:32:17.173960,2025-08-28T06:24:17.173966
ff393786-eae5-44f5-9061-fc7faeba68ac,robin80@example.org,Dr.,Elizabeth,James,Oncology,Seeking to join as a Dermatology specialist,https://example.com/applications/eb735519-fa82-459a-b56e-5fca8200180b.jpg,"[""license_3215.pdf"", ""cv_5332.pdf""]",inactive,LIC101017,(219) 771-1193,admin_002,Needs additional documentation,,2025-04-02T06:34:17.174330,2025-09-07T01:25:17.174341
84ebb14f-80f9-4d69-bdcd-a6d27a3c14f6,bruce59@example.net,MD,Melissa,Reed,General Practice,Seeking to join as a Pulmonology specialist,https://example.com/applications/953dd274-bf5f-4f5e-b7d0-1a65c9370781.jpg,"[""license_2903.pdf"", ""cv_7670.pdf""]",active,LIC654175,(650) 977-5639,admin_001,Under review,,2025-04-16T00:06:17.174727,2025-08-22T22:33:17.174737
ab3382d5-1a2c-4b4d-9fc7-f61af8a9ef3f,matthewowen@example.net,MD,Jim,Sullivan,Endocrinology,Seeking to join as a Neurology specialist,https://example.com/applications/2668cd7c-3914-4f7a-839c-a3078ab727ba.jpg,"[""license_1383.pdf"", ""cv_1073.pdf""]",suspended,LIC607026,(810) 443-2872,admin_001,Approved,6ea85407-d1ea-494d-82b5-e51bf23ffacf,2025-05-01T01:23:17.175127,2025-08-27T03:38:17.175134
a9921136-9b12-4b60-b11c-528c4e10a402,benjamin76@example.net,NP,John,Mejia,Dermatology,Seeking to join as a Pediatrics specialist,https://example.com/applications/84f4fc4b-b915-4966-b766-cc5b8172ef53.jpg,"[""license_5779.pdf"", ""cv_5001.pdf""]",inactive,LIC743867,(910) 590-3530,admin_002,Needs additional documentation,92a8af33-e88a-4472-a90e-a189ea7045ed,2025-06-11T14:45:17.175378,2025-09-15T19:56:17.175383
8a1e3746-80f2-4778-b79b-098868f9c6a9,stephen37@example.com,PA,Sara,Ayala,Radiology,Seeking to join as a Oncology specialist,https://example.com/applications/ef5c6821-d018-4ac3-98fb-98d5c2c3a583.jpg,"[""license_7216.pdf"", ""cv_3377.pdf""]",active,LIC324013,(951) 541-6240,admin_002,Needs additional documentation,ca3b1edd-4906-4267-9b42-305a022f553a,2025-07-26T07:54:17.175616,2025-09-01T06:32:17.175622
cc5280ba-db52-4d02-b375-524bc76cc165,jessica25@example.org,Prof.,Ann,Brady,Gastroenterology,Seeking to join as a Gastroenterology specialist,https://example.com/applications/95cd8df8-2e4f-4f30-ac8c-248bf6d57b92.jpg,"[""license_2240.pdf"", ""cv_7358.pdf""]",inactive,LIC256051,(619) 929-5945,,Under review,,2025-08-17T04:31:17.175886,2025-09-06T17:56:17.175892
a91b0b36-b2b1-4755-aa41-f0553c2ba5e0,robert90@example.org,Dr.,George,Hahn,Geriatrics,Seeking to join as a Dermatology specialist,https://example.com/applications/38c3ca10-b0ad-4a88-8f92-0ac5e0a8114a.jpg,"[""license_2811.pdf"", ""cv_8923.pdf""]",suspended,LIC328296,(808) 741-9036,,,,2025-05-05T19:22:17.176137,2025-09-18T13:06:17.176149
37c08e86-8690-48b0-b3a6-8ce357a1ed8b,melissachristian@example.net,NP,Donna,Trujillo,Radiology,Seeking to join as a Hematology specialist,https://example.com/applications/4d35305d-abb4-4f1e-bbd2-56588cc744f1.jpg,"[""license_6304.pdf"", ""cv_2032.pdf""]",pending_approval,LIC312647,(276) 933-3260,admin_002,Under review,,2025-04-27T05:23:17.176466,2025-08-19T04:00:17.176472
bac10377-574e-4d0c-a15e-1a7280ed8d8f,anna65@example.org,DO,Karen,Velez,Endocrinology,Seeking to join as a Pulmonology specialist,https://example.com/applications/a2b7f5ea-5b9b-4d1e-bdfb-4e2d6280d1f3.jpg,"[""license_6536.pdf"", ""cv_8484.pdf""]",pending_approval,LIC605018,(850) 230-1315,admin_002,Approved,48db994f-0d7a-4e64-ab93-5a1dbb527f75,2025-08-22T17:50:17.176704,2025-08-25T03:05:17.176708
df576e1b-bd1d-4c25-a56d-77a1742ceff7,lscott@example.net,Prof.,Jason,Weber,Cardiology,Seeking to join as a Geriatrics specialist,https://example.com/applications/38461e52-c76a-4341-bd44-6b6e4dac37cb.jpg,"[""license_3964.pdf"", ""cv_8881.pdf""]",inactive,LIC904316,(774) 865-5569,,,,2025-04-15T20:40:17.176973,2025-08-29T02:09:17.176978
5a2aa982-dcfe-4f7c-868b-f67b24bc076f,elizabethmorgan@example.org,PA,Christina,Thomas,Dermatology,Seeking to join as a Neurology specialist,https://example.com/applications/6b189ed3-5d0f-4e51-b424-71425c554a4c.jpg,"[""license_7574.pdf"", ""cv_3051.pdf""]",inactive,LIC824537,(641) 977-4684,admin_002,Needs additional documentation,,2025-07-06T01:28:17.177277,2025-09-10T03:07:17.177282
76c954e1-07e8-4693-9267-f326b6fbc74d,katherine59@example.net,PA,Samuel,Brown,Geriatrics,Seeking to join as a Gastroenterology specialist,https://example.com/applications/f33cf8b4-ce5a-4cc6-85ff-8169bd4311c7.jpg,"[""license_8216.pdf"", ""cv_7756.pdf""]",inactive,LIC850618,(430) 889-8147,admin_002,Approved,,2025-08-25T12:57:17.177552,2025-08-22T12:12:17.177558
5517f571-7abc-40e3-8172-43f2719e9335,robertsingh@example.com,MD,Christopher,Anderson,Orthopedics,Seeking to join as a Pediatrics specialist,https://example.com/applications/49bfd81c-9e95-4870-a212-79ad546dc8e3.jpg,"[""license_5297.pdf"", ""cv_4399.pdf""]",pending_approval,LIC530083,(920) 401-6770,admin_002,Needs additional documentation,,2025-06-04T21:14:17.177860,2025-08-31T03:01:17.177866
eb317259-00f7-4084-9769-6d67dbd9724d,chad39@example.com,NP,Pamela,Walker,Geriatrics,Seeking to join as a Neurology specialist,https://example.com/applications/1e34b2a8-acdb-48fd-9a6f-e871ff82dd52.jpg,"[""license_2213.pdf"", ""cv_9088.pdf""]",pending_approval,LIC137022,(717) 427-5906,,,0d13dc97-7aac-4271-b144-e0742502af99,2025-04-20T14:54:17.178106,2025-09-15T09:15:17.178111
8ea65ac8-ae31-4437-9096-83be1f9b26d1,christinabutler@example.com,Prof.,Nicholas,Wright,Oncology,Seeking to join as a Hematology specialist,https://example.com/applications/79dbb5d7-77f7-446c-9c6b-dfeb4c632252.jpg,"[""license_3878.pdf"", ""cv_3976.pdf""]",inactive,LIC417051,(561) 314-7906,admin_001,Needs additional documentation,,2025-07-01T07:43:17.178423,2025-09-17T03:04:17.178429
ddb19608-4d81-4345-9933-2df56dbe14f8,andrewbrown@example.com,DO,David,Hamilton,Hematology,Seeking to join as a General Practice specialist,https://example.com/applications/bf98a793-7f4c-4951-8902-17bcf8d078e5.jpg,"[""license_3966.pdf"", ""cv_8358.pdf""]",suspended,LIC305933,(713) 923-3223,admin_002,Approved,,2025-06-25T12:59:17.178758,2025-09-03T23:08:17.178765
ba6d7fba-e8bd-4a9f-a12c-e86ea733db87,jamesmcclure@example.org,DO,Donald,Sanders,General Practice,Seeking to join as a Dermatology specialist,https://example.com/applications/2a7d2c8e-2b34-431c-87e6-726246adb0f7.jpg,"[""license_3193.pdf"", ""cv_6570.pdf""]",pending_approval,LIC879713,(478) 201-3220,admin_001,Approved,353b0351-58d9-4012-993b-a549aabdb69c,2025-07-29T11:46:17.179074,2025-09-17T14:33:17.179081
30b526a3-37e7-44a1-81ec-9be8a4c284ea,jlopez@example.net,MD,Casey,George,Orthopedics,Seeking to join as a Oncology specialist,https://example.com/applications/df0ae092-e9fc-489f-a253-3b355763d53f.jpg,"[""license_6065.pdf"", ""cv_1738.pdf""]",active,LIC153916,(954) 410-2922,,Approved,,2025-06-23T07:12:17.179331,2025-08-31T12:06:17.179336
deb824aa-b289-48bf-9d08-8c469687ee56,wendy33@example.net,MD,Hayden,Reyes,Neurology,Seeking to join as a Neurology specialist,https://example.com/applications/2537a8cc-2a3a-4c42-af40-e4c739a6a6e5.jpg,"[""license_8024.pdf"", ""cv_7984.pdf""]",inactive,LIC756008,(774) 437-1381,admin_002,Under review,3dec2c99-e59d-45d0-9515-d085e5d734f6,2025-04-12T12:56:17.179603,2025-08-23T20:28:17.179608
d5556544-3989-4540-8c90-56fedf40ec03,castillolinda@example.com,MD,William,Mitchell,Urology,Seeking to join as a Psychiatry specialist,https://example.com/applications/ea0945e3-ad8a-431c-b537-97970fb12ba2.jpg,"[""license_8984.pdf"", ""cv_8795.pdf""]",inactive,LIC528580,(203) 487-1346,,Under review,,2025-08-28T10:55:17.179986,2025-09-10T02:42:17.179993
fdeab3db-0430-4f9f-8f88-fceca31a5eba,bruceochoa@example.com,PA,Brandon,Sanchez,Gastroenterology,Seeking to join as a General Practice specialist,https://example.com/applications/2b373a91-6495-43de-8924-c855011ec40f.jpg,"[""license_9656.pdf"", ""cv_9196.pdf""]",inactive,LIC566515,(339) 423-6923,,Under review,,2025-08-26T02:15:17.180388,2025-09-13T15:13:17.180396
075a8c79-3397-4dd8-8f0f-80267c935f6a,john60@example.net,NP,Juan,Rice,Gastroenterology,Seeking to join as a Dermatology specialist,https://example.com/applications/e90b9951-df25-43e5-a499-8c7123105771.jpg,"[""license_4738.pdf"", ""cv_2445.pdf""]",suspended,LIC716684,(380) 838-6845,admin_002,Needs additional documentation,,2025-05-03T20:36:17.180659,2025-08-29T17:38:17.180664
0f7250aa-170e-4b91-a0eb-5cb7c877c871,christopherruiz@example.net,Dr.,Henry,Smith,Gastroenterology,Seeking to join as a Radiology specialist,https://example.com/applications/73310af5-603b-4468-b979-5f2fad2cca43.jpg,"[""license_3499.pdf"", ""cv_4945.pdf""]",suspended,LIC730115,(704) 776-7663,admin_001,Needs additional documentation,,2025-08-16T07:44:17.181183,2025-08-27T02:27:17.181195
2cadec45-7e1e-456b-b981-bbd5a84e5af9,johnsonjohn@example.com,DO,Amber,Simon,Neurology,Seeking to join as a Pulmonology specialist,https://example.com/applications/c0e359ae-b40e-403e-9eba-1c62b8e45c18.jpg,"[""license_5004.pdf"", ""cv_5930.pdf""]",pending_approval,LIC717640,(870) 910-9068,admin_001,Approved,de3d3150-c867-47c2-95fa-a4e870f535fa,2025-04-15T01:30:17.181544,2025-09-16T15:38:17.181550
7e877028-6c96-4270-89db-e6cff041e221,djimenez@example.com,Dr.,Todd,Bray,Urology,Seeking to join as a Urology specialist,https://example.com/applications/f5cae6d8-e28d-4578-ae4c-927f78429984.jpg,"[""license_2976.pdf"", ""cv_4028.pdf""]",suspended,LIC462595,(959) 450-7618,admin_002,,,2025-05-04T02:16:17.181873,2025-09-16T03:24:17.181881
bd44fd63-c38e-48c7-b100-d469ad62e787,kathy76@example.com,DO,Spencer,Castaneda,Gastroenterology,Seeking to join as a Psychiatry specialist,https://example.com/applications/892a9623-0208-41c4-9448-117b3ba2a088.jpg,"[""license_6598.pdf"", ""cv_2102.pdf""]",active,LIC877038,(504) 515-4744,admin_001,,,2025-07-10T06:08:17.182132,2025-09-13T02:37:17.182138
a07d9cd6-c0ea-4cac-9a0a-89ae2d88a428,clarkrachel@example.net,DO,Michael,Evans,Neurology,Seeking to join as a Endocrinology specialist,https://example.com/applications/0661fec9-6c21-4c8d-b321-707fc4378109.jpg,"[""license_4021.pdf"", ""cv_2091.pdf""]",active,LIC585470,(860) 897-7791,,Approved,,2025-04-22T10:09:17.182616,2025-09-13T20:11:17.182626
c17d2563-11e5-4121-a018-c2688f58a9c6,james11@example.org,MD,Daniel,Rivera,Orthopedics,Seeking to join as a Oncology specialist,https://example.com/applications/fc84b08c-479d-49b4-bf50-9f1f68dce07a.jpg,"[""license_6843.pdf"", ""cv_6397.pdf""]",suspended,LIC984616,(970) 294-6433,admin_002,,,2025-09-16T01:19:17.182872,2025-09-14T06:57:17.182879
436f2915-5a89-4a08-abdf-973b49e2d7f9,nathan30@example.net,PA,Donald,Weber,Oncology,Seeking to join as a Pulmonology specialist,https://example.com/applications/16594986-ab81-473a-aaf3-67f6663043eb.jpg,"[""license_8484.pdf"", ""cv_7768.pdf""]",active,LIC358152,(518) 917-3072,admin_002,Approved,,2025-03-30T05:11:17.183127,2025-09-17T03:59:17.183132
0d95c477-cb1f-4aca-ab25-10caf58c8852,hayleylopez@example.org,Prof.,Christine,Potter,Cardiology,Seeking to join as a Orthopedics specialist,https://example.com/applications/4f46e94c-af44-4070-ab95-b488894268b0.jpg,"[""license_5244.pdf"", ""cv_6621.pdf""]",active,LIC953923,(380) 213-3644,,Under review,8e9b3a3e-21e6-452a-87d9-93e6c9a1c1c4,2025-05-18T06:51:17.183473,2025-09-01T19:03:17.183478
f03d1f59-c9ec-403a-96e6-9be9cda5c0f3,collinsdiana@example.com,Prof.,Jamie,Shelton,Radiology,Seeking to join as a Endocrinology specialist,https://example.com/applications/1b9891e8-3b05-4bd0-a98e-b44d68628ca5.jpg,"[""license_1364.pdf"", ""cv_8730.pdf""]",pending_approval,LIC668151,(412) 828-3991,,Approved,f9089abe-7c9e-45d6-8a53-b2cc8c5991fc,2025-05-10T09:48:17.183870,2025-08-26T04:55:17.183877
6da02e69-9536-4cfc-9d0c-af7a07e7a047,yjohnson@example.com,Prof.,Matthew,Floyd,Urology,Seeking to join as a Radiology specialist,https://example.com/applications/379843d6-aaba-4df1-9a11-b094beb4b681.jpg,"[""license_8470.pdf"", ""cv_9359.pdf""]",inactive,LIC344007,(769) 576-6817,admin_002,,,2025-06-05T11:25:17.184142,2025-08-30T12:24:17.184147
5f3c5604-66d3-4e01-a85b-ed6e625ec89b,csmith@example.com,Prof.,Andre,Taylor,Geriatrics,Seeking to join as a Radiology specialist,https://example.com/applications/7cdf970d-4f81-4565-aa12-b084be8692a5.jpg,"[""license_1280.pdf"", ""cv_1923.pdf""]",pending_approval,LIC715300,(910) 520-1675,,Needs additional documentation,,2025-05-01T04:47:17.184407,2025-08-28T19:54:17.184412
c7a5a3da-6639-4edc-95e7-742fb5f7dc9c,franciskenneth@example.net,PA,Jennifer,Flores,Pediatrics,Seeking to join as a Cardiology specialist,https://example.com/applications/1b8d97fd-3114-4890-9c21-2eb1c7bc634a.jpg,"[""license_8317.pdf"", ""cv_5168.pdf""]",suspended,LIC787982,(651) 901-3263,,Under review,,2025-07-12T13:57:17.184753,2025-09-16T03:01:17.184760
e9564874-3b1e-4cbc-af90-24d16bc3f142,jhaley@example.org,DO,Tim,Moore,Oncology,Seeking to join as a Rheumatology specialist,https://example.com/applications/7171c19b-f96b-4e0f-a35f-b802597010ac.jpg,"[""license_6272.pdf"", ""cv_1158.pdf""]",pending_approval,LIC851931,(715) 892-5460,,Needs additional documentation,,2025-03-27T02:48:17.185017,2025-09-07T07:32:17.185023
bc69d15b-12cb-48ff-832c-acdfb3a734c5,shawnkoch@example.net,DO,Jessica,Scott,General Practice,Seeking to join as a Neurology specialist,https://example.com/applications/67b7e414-bbb7-45a1-a3da-5cf3d5de53e8.jpg,"[""license_1829.pdf"", ""cv_2667.pdf""]",active,LIC386323,(608) 753-6903,,Needs additional documentation,,2025-06-25T07:34:17.185339,2025-09-01T20:45:17.185344
7c4cbaf6-d289-424a-9853-22725d764506,brian95@example.com,DO,Shawn,Brown,Pulmonology,Seeking to join as a Rheumatology specialist,https://example.com/applications/10ba470a-4852-419d-b37d-85fe4fc31419.jpg,"[""license_9553.pdf"", ""cv_7972.pdf""]",inactive,LIC990757,(463) 314-8011,admin_002,Under review,,2025-06-11T19:40:17.185612,2025-09-07T04:54:17.185618
f1936fc1-8d5e-4849-8de4-7bdd6b24aa16,moorejoy@example.com,DO,Samantha,Cooper,Cardiology,Seeking to join as a Dermatology specialist,https://example.com/applications/bf72ea95-0074-4669-8784-93b2ea6b3747.jpg,"[""license_6276.pdf"", ""cv_8721.pdf""]",pending_approval,LIC937396,(763) 435-5694,admin_002,Under review,960771d1-0f0c-4d65-a9c2-5016dfb546df,2025-09-17T07:03:17.186073,2025-08-25T13:10:17.186091
d0d25ce1-5d18-4aa8-8b1b-05667bf0c2b7,ktate@example.com,PA,William,Clark,Urology,Seeking to join as a Endocrinology specialist,https://example.com/applications/93dfbf49-3811-4e1c-9986-dadab229b09e.jpg,"[""license_4749.pdf"", ""cv_1044.pdf""]",suspended,LIC642851,(975) 439-7056,admin_002,Approved,,2025-08-16T21:42:17.186512,2025-08-25T22:32:17.186528
5646e497-6fa9-4df9-bf73-ddca3d695efe,vargaspamela@example.net,NP,Amy,Herrera,Oncology,Seeking to join as a Orthopedics specialist,https://example.com/applications/2fd3a3cf-cda8-4b53-8e0c-acb08b8ac5d2.jpg,"[""license_5473.pdf"", ""cv_8907.pdf""]",inactive,LIC989346,(229) 246-7489,admin_001,Needs additional documentation,,2025-08-22T03:52:17.186863,2025-08-19T08:17:17.186869
d5d540d4-205b-4d5b-a15c-ee3120d5bab4,stephanie65@example.net,DO,Bridget,Yu,Cardiology,Seeking to join as a Gastroenterology specialist,https://example.com/applications/ce4e3870-7f3b-4dc2-a0b2-e27f89498425.jpg,"[""license_7781.pdf"", ""cv_8292.pdf""]",inactive,LIC600978,(623) 994-2121,,Under review,,2025-04-01T07:55:17.187125,2025-09-05T20:37:17.187132
51a6caf1-39f5-46a5-ad8b-4e461ed7f7c8,lee64@example.com,Prof.,Brandi,Curry,Cardiology,Seeking to join as a Orthopedics specialist,https://example.com/applications/06a1ce7c-a22d-4294-bd5f-b2ac5755279d.jpg,"[""license_9447.pdf"", ""cv_7783.pdf""]",active,LIC468429,(740) 380-3606,admin_002,Needs additional documentation,,2025-06-18T23:33:17.187387,2025-08-23T00:04:17.187392
4ef3906b-b28a-4073-8621-0eeb8ca0a968,johnsilva@example.org,Dr.,Ryan,Saunders,Cardiology,Seeking to join as a Psychiatry specialist,https://example.com/applications/ed3ff44d-d266-4eec-81cf-403fd3d831d7.jpg,"[""license_2534.pdf"", ""cv_6533.pdf""]",active,LIC649862,(708) 931-6646,,Needs additional documentation,5c38e57b-fa76-4a46-bcf8-a8480d7c0665,2025-08-11T21:43:17.187711,2025-09-12T04:19:17.187716
309f2876-8180-42e1-9225-6da859f8980b,kevinmoore@example.net,PA,Jonathan,Schmitt,Psychiatry,Seeking to join as a Cardiology specialist,https://example.com/applications/5091c175-1fca-426f-bea1-02a1491757cc.jpg,"[""license_4480.pdf"", ""cv_1568.pdf""]",inactive,LIC721371,(725) 500-7112,,Under review,,2025-07-21T01:11:17.188086,2025-09-11T00:28:17.188091
ba8f9d68-2de9-4851-baa1-3f3b09f56168,mark70@example.org,NP,Alicia,Simpson,Oncology,Seeking to join as a Gastroenterology specialist,https://example.com/applications/b994a1a7-6e52-4d0b-9b65-ba94130b7e51.jpg,"[""license_4749.pdf"", ""cv_8639.pdf""]",suspended,LIC734137,(937) 211-8484,admin_002,Under review,45b3488f-acbb-403c-9c50-7ccbdfec60b8,2025-09-11T19:53:17.188348,2025-09-17T20:59:17.188353
0e16c05a-abce-4000-bdc5-c1d77fde0c60,wgeorge@example.org,NP,Wayne,Harrison,Gastroenterology,Seeking to join as a Oncology specialist,https://example.com/applications/1df12cc0-650a-4c67-aad7-65f455c46b71.jpg,"[""license_3574.pdf"", ""cv_8855.pdf""]",inactive,LIC848545,(857) 863-5461,admin_002,Needs additional documentation,,2025-04-20T00:53:17.188611,2025-09-01T12:58:17.188617
c853752f-0877-4124-827d-bac786ad6a81,chayes@example.net,MD,David,Cohen,Neurology,Seeking to join as a Pediatrics specialist,https://example.com/applications/30253c52-55d5-4e6c-9797-1516fe278191.jpg,"[""license_5049.pdf"", ""cv_1659.pdf""]",pending_approval,LIC925482,(502) 988-5662,admin_002,Under review,,2025-04-13T21:23:17.188885,2025-09-18T13:30:17.188891
6b0a4829-71ae-4f30-8f8e-ba226f245163,rodneythomas@example.net,Prof.,Sarah,Shelton,Urology,Seeking to join as a Hematology specialist,https://example.com/applications/505b4080-b1f7-4a86-832d-7d7562522dd2.jpg,"[""license_1437.pdf"", ""cv_6042.pdf""]",active,LIC141376,(713) 276-6468,admin_001,,534d04a4-0add-4bb7-a24f-d0c42a47157a,2025-05-26T12:58:17.189206,2025-08-31T15:24:17.189211
07e932e8-8643-42c1-a025-47097ffb8a3b,rebeccawolfe@example.org,DO,Stephanie,Mckee,Orthopedics,Seeking to join as a Hematology specialist,https://example.com/applications/ebc0404f-39b6-4d60-8c6e-2644c7f6d194.jpg,"[""license_8429.pdf"", ""cv_8756.pdf""]",pending_approval,LIC377428,(662) 310-9484,admin_002,Needs additional documentation,,2025-06-06T05:43:17.189518,2025-08-23T09:08:17.189523
a2605826-240f-47a3-b3c4-0c7c6a85e39a,murrayrachel@example.org,MD,Lauren,Collins,Orthopedics,Seeking to join as a Endocrinology specialist,https://example.com/applications/3e04a778-ff27-427c-b23e-1170098f8ca6.jpg,"[""license_5724.pdf"", ""cv_4907.pdf""]",suspended,LIC920089,(973) 764-3239,admin_001,Under review,0eb0a1bc-0487-4d67-a4de-b3330eac2e2d,2025-07-29T02:11:17.189888,2025-08-25T07:52:17.189895
be5e7c3b-e0fe-4f02-91c9-3479040c386c,jacqueline60@example.net,Dr.,Maria,Simpson,Cardiology,Seeking to join as a Pulmonology specialist,https://example.com/applications/4e1c6341-55b2-4610-b303-51e9145d99a1.jpg,"[""license_2032.pdf"", ""cv_2373.pdf""]",active,LIC887578,(209) 833-2777,admin_001,,c42427d5-ede9-4aac-b803-ba4a3f963fe2,2025-03-29T01:13:17.190135,2025-09-06T17:57:17.190140
6493b332-43a1-4d43-b3f6-6d3c10b3f9b2,elizabethsmith@example.com,MD,John,Gutierrez,Rheumatology,Seeking to join as a General Practice specialist,https://example.com/applications/3011bd7e-100b-46c1-8bea-200e3ae91318.jpg,"[""license_3002.pdf"", ""cv_7890.pdf""]",pending_approval,LIC339281,(712) 934-3715,,Under review,ca3b1edd-4906-4267-9b42-305a022f553a,2025-07-11T03:45:17.190453,2025-09-12T17:03:17.190458
434b3232-f75f-4ddf-9c9b-912f497eaa6a,cruzjoseph@example.com,DO,Brenda,Anderson,General Practice,Seeking to join as a Radiology specialist,https://example.com/applications/783b739d-157b-49f1-87b6-8d34f58fe60f.jpg,"[""license_3776.pdf"", ""cv_8730.pdf""]",inactive,LIC220196,(580) 558-7513,admin_001,Approved,81468f82-d340-4222-8dda-4da4e6adcb7d,2025-07-15T16:18:17.190789,2025-08-30T06:50:17.190795
26f04d8a-9012-4a37-885b-d4d1c8a729a5,keith28@example.net,Dr.,Mario,Thompson,Oncology,Seeking to join as a Rheumatology specialist,https://example.com/applications/36550df1-8aa2-4e4b-8571-1bb6f669f81e.jpg,"[""license_7415.pdf"", ""cv_5352.pdf""]",inactive,LIC483788,(732) 651-6604,,Under review,9ba3c002-170f-4e34-852d-bb46b65c28c9,2025-09-15T15:47:17.191034,2025-09-08T01:55:17.191040
5f01f04b-d541-4810-b76a-f5a18c7a5be3,kathleenwebster@example.com,NP,Sandra,Sawyer,Hematology,Seeking to join as a Pulmonology specialist,https://example.com/applications/89605af7-a127-47db-9532-4a07d32188fe.jpg,"[""license_2728.pdf"", ""cv_8618.pdf""]",pending_approval,LIC546363,(650) 587-8562,admin_001,Under review,5b87e8e4-333e-46c9-a2be-9705eddccdce,2025-06-27T09:59:17.191350,2025-09-02T04:57:17.191355
16cba975-5344-4e6d-a7db-62615bd1fe31,chungerin@example.com,MD,Grace,Shaw,Psychiatry,Seeking to join as a Psychiatry specialist,https://example.com/applications/f5d19a8b-c4e4-4d7d-97e6-202641f8fc01.jpg,"[""license_4825.pdf"", ""cv_7331.pdf""]",active,LIC932179,(629) 728-1796,,Under review,,2025-05-02T15:52:17.191659,2025-09-04T21:54:17.191666
427821af-3b99-4e60-8c43-35f5ebe42691,baileyjulia@example.org,DO,Rebecca,Myers,Hematology,Seeking to join as a Psychiatry specialist,https://example.com/applications/5b6327e0-d35d-4685-98a5-0ceb23afa8e6.jpg,"[""license_7978.pdf"", ""cv_9127.pdf""]",pending_approval,LIC123658,(805) 816-4864,,Approved,,2025-07-07T04:04:17.192016,2025-09-11T15:55:17.192022
1990078b-5810-4c03-aea7-076b46292c36,fbyrd@example.com,NP,Heather,Diaz,Orthopedics,Seeking to join as a Geriatrics specialist,https://example.com/applications/c90044e1-36d4-4fe3-9fc7-c790cfe8dd40.jpg,"[""license_2458.pdf"", ""cv_9768.pdf""]",active,LIC175010,(440) 851-3868,admin_002,,c065e99c-4ed7-44a8-bd44-bf5c457aa02d,2025-04-06T07:41:17.192290,2025-09-14T21:40:17.192296
0fb37665-94a9-4310-b72c-39dbf05cbaa0,tina93@example.com,MD,Robert,Odom,Hematology,Seeking to join as a Radiology specialist,https://example.com/applications/07211b28-80c3-4aac-9748-ca8acab940ad.jpg,"[""license_4432.pdf"", ""cv_5110.pdf""]",inactive,LIC941651,(458) 581-7264,admin_002,Approved,,2025-04-16T00:27:17.192529,2025-08-28T15:38:17.192534
e5a2cca2-880f-47b4-bd68-5496622cb575,richard05@example.net,NP,Sarah,Allen,Cardiology,Seeking to join as a Oncology specialist,https://example.com/applications/2d397622-eec0-4b73-9540-9a31130ed727.jpg,"[""license_5893.pdf"", ""cv_9401.pdf""]",active,LIC806924,(443) 380-4365,,Approved,,2025-05-29T05:30:17.192767,2025-09-06T18:10:17.192772
4a081693-2b54-4110-be9d-f84b8fd91b08,ewilson@example.org,Dr.,Nicole,Edwards,Hematology,Seeking to join as a Endocrinology specialist,https://example.com/applications/0c59bac2-0fc8-409b-b7e9-bc5fb205a8d2.jpg,"[""license_5229.pdf"", ""cv_7609.pdf""]",inactive,LIC313929,(860) 890-8839,admin_002,,,2025-08-17T11:46:17.193025,2025-08-23T17:28:17.193030
73f1cca9-3a0b-4a22-b12e-9987be13775e,jacobgreen@example.com,MD,Jamie,Cook,Gastroenterology,Seeking to join as a Geriatrics specialist,https://example.com/applications/787c2d36-cf46-4053-8999-5297fefe22fb.jpg,"[""license_8959.pdf"", ""cv_2220.pdf""]",inactive,LIC652187,(573) 848-1088,,Approved,,2025-04-14T04:58:17.193338,2025-08-23T19:55:17.193343
03088d49-6952-4f64-ad0c-df5bc8e0846a,randall61@example.net,Dr.,Sarah,Dixon,Pulmonology,Seeking to join as a Pulmonology specialist,https://example.com/applications/7336e3d0-439e-4da1-b835-bc003b590445.jpg,"[""license_1486.pdf"", ""cv_9596.pdf""]",suspended,LIC725345,(351) 946-7866,admin_001,Needs additional documentation,,2025-07-30T09:40:17.193574,2025-08-30T00:53:17.193579
1c18e7df-11bb-4527-8bd9-b8ff517802b9,cberger@example.net,Dr.,David,Rush,Radiology,Seeking to join as a General Practice specialist,https://example.com/applications/8dc03974-8cd9-4c83-ad02-17186a2214a7.jpg,"[""license_6314.pdf"", ""cv_5813.pdf""]",suspended,LIC154366,(205) 650-7084,admin_001,,,2025-05-04T02:39:17.193829,2025-09-15T22:38:17.193834
253f7e14-3dc5-4036-91d9-41140b06f798,jriley@example.com,Prof.,Patricia,Grant,Psychiatry,Seeking to join as a Psychiatry specialist,https://example.com/applications/839887ef-252c-47ca-93b0-463d52440ccc.jpg,"[""license_3777.pdf"", ""cv_2313.pdf""]",active,LIC207878,(718) 609-9324,admin_002,Under review,8485cb9a-c31b-4fce-b12a-476ba49c5b50,2025-04-04T23:23:17.194089,2025-09-01T14:02:17.194095
2bd85774-0bc3-4ef1-85ab-c688a31b12f6,fstevenson@example.net,MD,Alicia,Duncan,Gastroenterology,Seeking to join as a Psychiatry specialist,https://example.com/applications/a6c4d106-7893-44b9-9e0c-fdf2826c510f.jpg,"[""license_7274.pdf"", ""cv_2483.pdf""]",pending_approval,LIC292669,(316) 575-5014,admin_001,Needs additional documentation,,2025-08-01T01:20:17.194350,2025-09-13T14:39:17.194355
f9029096-50c4-40bc-85ed-ea239b2b8681,fernando04@example.net,DO,Roger,Walker,Pulmonology,Seeking to join as a Neurology specialist,https://example.com/applications/6b8a8b47-e121-49bf-bfed-736e1ad5ea5b.jpg,"[""license_8906.pdf"", ""cv_5398.pdf""]",suspended,LIC777809,(480) 974-3882,,Needs additional documentation,88b3e1f6-0963-4e86-a787-72b2aeb6b168,2025-03-22T05:00:17.194586,2025-09-02T09:15:17.194591
7b761b6e-855f-4506-bc94-b58d0f89bb65,henrybailey@example.net,Dr.,Jamie,Duncan,Endocrinology,Seeking to join as a General Practice specialist,https://example.com/applications/2c6aaf6a-9634-4f12-a98d-7b3688f4eec8.jpg,"[""license_7947.pdf"", ""cv_5847.pdf""]",suspended,LIC778794,(915) 967-6209,,Under review,,2025-03-26T09:13:17.194891,2025-09-10T01:42:17.194896
5e894035-3d3f-4620-b50f-f4f01dbf559a,jimmypugh@example.org,Dr.,Jessica,Henderson,Radiology,Seeking to join as a Gastroenterology specialist,https://example.com/applications/9ee929e4-bbd2-4d87-8156-63c333a0b006.jpg,"[""license_3766.pdf"", ""cv_5380.pdf""]",active,LIC422253,(936) 470-2657,admin_002,,,2025-04-05T17:22:17.195196,2025-09-07T11:15:17.195201
1aa82c8e-29b3-4a38-8033-e04059612ccf,rodriguezpeter@example.org,Prof.,Timothy,Sullivan,Oncology,Seeking to join as a Dermatology specialist,https://example.com/applications/518bc0f2-1903-4f99-bfcc-92264b5f91d5.jpg,"[""license_5480.pdf"", ""cv_1183.pdf""]",pending_approval,LIC251186,(914) 315-4376,admin_002,Approved,6576b7ce-e57b-4caf-b06a-5debac788794,2025-07-13T02:50:17.195503,2025-09-06T12:38:17.195509
d70694e5-274a-4c30-89ef-16a405858c24,rsanchez@example.net,DO,Karen,Davis,Rheumatology,Seeking to join as a Pediatrics specialist,https://example.com/applications/3ac90797-2237-48c5-b173-c41361356b4c.jpg,"[""license_4430.pdf"", ""cv_2907.pdf""]",inactive,LIC695181,(815) 643-5408,admin_001,Under review,2a717c18-a00c-4f32-ac9d-1baa9293883b,2025-04-29T10:27:17.195757,2025-08-28T15:44:17.195762
b338e77b-6814-4a56-8c3d-9167d01cd1ce,jeremy60@example.com,Dr.,Andre,Warren,Neurology,Seeking to join as a Rheumatology specialist,https://example.com/applications/f0cdeb01-2838-4a1e-9c1c-ea40dc1305d5.jpg,"[""license_3012.pdf"", ""cv_9821.pdf""]",inactive,LIC844930,(606) 894-4405,,Needs additional documentation,,2025-04-05T13:47:17.195995,2025-08-26T10:01:17.196001
084fb364-7e64-49ec-b51f-d9e9f9f2521d,gutierrezmichael@example.com,PA,Kristin,Thompson,Gastroenterology,Seeking to join as a Hematology specialist,https://example.com/applications/29cd2a78-7382-4db1-ab44-41e8602eac04.jpg,"[""license_2562.pdf"", ""cv_8222.pdf""]",active,LIC214264,(803) 225-8048,,Needs additional documentation,5d768e74-e7d3-49b4-83b3-3bb51148744e,2025-07-24T09:24:17.196300,2025-09-05T05:13:17.196305
5c3d0070-7936-45e8-8794-ccb63754022d,zgibson@example.net,Dr.,Jamie,Doyle,Cardiology,Seeking to join as a Oncology specialist,https://example.com/applications/8fd3c6e3-501b-4142-8dfe-0cce3b1e99fa.jpg,"[""license_2354.pdf"", ""cv_7197.pdf""]",suspended,LIC903434,(218) 998-9547,,Under review,be23b9e3-b9a2-4b74-af62-fe33c06167de,2025-08-09T15:31:17.196555,2025-09-09T00:55:17.196561
5939bb82-5e4f-45cd-8841-fe1e29006c5b,lauren04@example.org,NP,Jessica,Martin,Endocrinology,Seeking to join as a Dermatology specialist,https://example.com/applications/89b615a1-8bb2-4cb9-9c0d-0687541ad017.jpg,"[""license_9196.pdf"", ""cv_5928.pdf""]",pending_approval,LIC445327,(205) 249-5099,admin_002,Needs additional documentation,,2025-08-31T06:52:17.196793,2025-08-24T01:40:17.196798
1b3e6341-da72-4040-a01e-fbf2107c678d,melissamoore@example.org,PA,Mary,Mckinney,Endocrinology,Seeking to join as a Geriatrics specialist,https://example.com/applications/247316c0-58f6-4eab-b4a6-88ebaacdb351.jpg,"[""license_5207.pdf"", ""cv_9653.pdf""]",active,LIC266011,(337) 452-2075,,Approved,,2025-04-01T02:04:17.197104,2025-09-12T06:56:17.197109
1a546e3d-24ea-4959-84f2-898592e95091,katie27@example.com,Prof.,Andrew,Goodwin,Radiology,Seeking to join as a Cardiology specialist,https://example.com/applications/05591568-14f2-416f-be5c-8160799daef1.jpg,"[""license_9191.pdf"", ""cv_4026.pdf""]",inactive,LIC495644,(430) 605-6462,admin_002,Approved,7bc5f54d-f66c-4b46-b78f-ebb4f9bb953c,2025-06-01T00:37:17.197343,2025-08-18T18:26:17.197348
2adb92d0-2d91-4309-a513-cc3d93537e4c,kaitlinnguyen@example.net,NP,Michelle,Benitez,Hematology,Seeking to join as a Pulmonology specialist,https://example.com/applications/f105cdef-3ab5-4baa-a2d4-a9e0a2a2093e.jpg,"[""license_6764.pdf"", ""cv_5753.pdf""]",active,LIC116085,(269) 310-2564,admin_001,Approved,12a19a4a-140f-455e-81bc-ea759b97c77b,2025-03-30T10:37:17.197664,2025-08-31T23:28:17.197669
d4e004c4-e410-4dac-937b-d4db107c68d2,jmiller@example.net,Dr.,Jenny,Cobb,Endocrinology,Seeking to join as a Hematology specialist,https://example.com/applications/37d0c75f-029b-4571-93b6-138a2c7093e5.jpg,"[""license_2637.pdf"", ""cv_1790.pdf""]",pending_approval,LIC108943,(817) 481-1604,admin_002,Approved,,2025-05-09T01:47:17.197925,2025-08-29T17:43:17.197931
51a0c8d5-88ad-4f8b-9c3c-d99caed36837,maryfernandez@example.net,PA,Hannah,Hernandez,Rheumatology,Seeking to join as a Pulmonology specialist,https://example.com/applications/720536b0-9185-4cc3-9234-b3fd7317deff.jpg,"[""license_8760.pdf"", ""cv_8240.pdf""]",suspended,LIC978521,(872) 379-4511,admin_002,Needs additional documentation,,2025-08-04T08:46:17.198238,2025-08-31T08:06:17.198243
00a7175b-cc78-48d2-8e15-64937dd78fe9,william62@example.net,DO,Megan,Vincent,Oncology,Seeking to join as a General Practice specialist,https://example.com/applications/aa613e6b-31af-455c-b2c3-c73860e6d57a.jpg,"[""license_7521.pdf"", ""cv_4951.pdf""]",pending_approval,LIC874372,(669) 734-8374,,Needs additional documentation,,2025-04-06T21:39:17.198476,2025-09-07T11:14:17.198481
a1760d3e-d734-4d50-901a-a948e61864f5,mckinneyclifford@example.org,PA,Carlos,Rogers,Neurology,Seeking to join as a Urology specialist,https://example.com/applications/d12847ab-f67a-461d-b5e2-99699852a3b2.jpg,"[""license_9158.pdf"", ""cv_2724.pdf""]",active,LIC488016,(336) 627-1501,admin_001,Approved,,2025-06-06T03:09:17.198788,2025-09-12T06:55:17.198793
ed5c1f9e-5ef4-4934-9f61-2f43cd6726ac,bpope@example.org,Dr.,Wayne,Miller,Dermatology,Seeking to join as a Rheumatology specialist,https://example.com/applications/29940691-4aa1-46e4-b33e-c092b4b60b0a.jpg,"[""license_2233.pdf"", ""cv_7491.pdf""]",active,LIC920031,(678) 876-7373,,Under review,,2025-09-15T17:29:17.199050,2025-09-02T13:42:17.199055
5718917a-39d6-41e9-9c8b-1d1e00282e9c,pperez@example.net,Prof.,Dana,Coleman,General Practice,Seeking to join as a General Practice specialist,https://example.com/applications/96671fab-8384-48b2-9603-23ea46032707.jpg,"[""license_3794.pdf"", ""cv_2520.pdf""]",inactive,LIC325168,(660) 927-3866,admin_001,Approved,,2025-06-27T01:18:17.199309,2025-09-11T17:42:17.199314
dacf6fa3-8cbc-4774-8847-740fbdfb7e70,williamsantos@example.org,DO,Sheena,Torres,Psychiatry,Seeking to join as a Geriatrics specialist,https://example.com/applications/2d1daa4e-08fb-4d83-a704-c0904e450937.jpg,"[""license_3044.pdf"", ""cv_3426.pdf""]",active,LIC721167,(713) 489-5054,admin_001,Under review,,2025-04-05T15:56:17.199623,2025-09-10T19:30:17.199629
39d058e4-6e67-4604-990b-20eb861a48b3,matthew33@example.net,Prof.,Robert,Sweeney,Gastroenterology,Seeking to join as a Gastroenterology specialist,https://example.com/applications/582bd696-24fc-4994-8075-7ea538a59013.jpg,"[""license_4651.pdf"", ""cv_9689.pdf""]",pending_approval,LIC961189,(239) 530-2193,admin_002,Approved,56cb87a5-b589-4f4b-a73e-4d5ee529a74d,2025-08-04T06:56:17.199870,2025-09-17T08:29:17.199876
8c85dfdb-c5ae-4f86-9d13-927456b68ff9,elizabethburke@example.org,MD,Travis,Williams,Radiology,Seeking to join as a Cardiology specialist,https://example.com/applications/7a833f98-53c4-4f70-a8c0-24a92d829528.jpg,"[""license_2655.pdf"", ""cv_4713.pdf""]",inactive,LIC128024,(623) 627-4666,admin_001,Needs additional documentation,58c4027e-5013-4f36-8277-f28ab692fabe,2025-08-15T21:31:17.200199,2025-09-03T12:16:17.200204
7c886805-fd6c-49bb-9ac6-aa80a764489f,michaelbarker@example.net,Dr.,Marissa,Henry,Oncology,Seeking to join as a Pediatrics specialist,https://example.com/applications/e130d1d0-ea62-4242-80d1-80e529c8be1d.jpg,"[""license_7350.pdf"", ""cv_2307.pdf""]",pending_approval,LIC240487,(207) 555-3689,admin_002,Approved,,2025-07-01T20:23:17.200513,2025-08-22T14:03:17.200518
e3883eb0-3d72-4b7c-84d8-58ce3d82ddf5,jennifersingh@example.org,DO,Julia,Keller,Gastroenterology,Seeking to join as a Gastroenterology specialist,https://example.com/applications/98c94f83-a8d1-4e60-a9be-dc57ab919954.jpg,"[""license_6606.pdf"", ""cv_4608.pdf""]",suspended,LIC370088,(706) 491-5311,admin_002,,,2025-09-07T04:04:17.200825,2025-09-10T19:59:17.200830
dc6bd0af-beb7-4f6a-b38d-f913a76699f9,robert19@example.net,Prof.,Megan,West,Pediatrics,Seeking to join as a Neurology specialist,https://example.com/applications/cceee936-651f-429e-8144-31e2c523e533.jpg,"[""license_5735.pdf"", ""cv_2047.pdf""]",active,LIC714408,(561) 587-7099,,Under review,,2025-08-13T01:01:17.201062,2025-08-27T00:25:17.201068
4193620b-c755-488f-8c06-4b6416144c2f,brianpowell@example.com,MD,Matthew,Li,Orthopedics,Seeking to join as a Orthopedics specialist,https://example.com/applications/a2dc8d24-681b-4270-8642-f9a373d4c4c9.jpg,"[""license_4799.pdf"", ""cv_1910.pdf""]",inactive,LIC346973,(845) 637-4302,admin_001,Approved,,2025-05-17T10:43:17.201373,2025-09-07T14:52:17.201378
35b1b253-8fcd-4720-99bb-e19833ae5549,martinezmichele@example.com,Prof.,Angela,Bryant,Dermatology,Seeking to join as a Radiology specialist,https://example.com/applications/a9faae35-fe21-498d-916f-08825fe14ab4.jpg,"[""license_1985.pdf"", ""cv_4944.pdf""]",active,LIC902846,(276) 385-6603,,Under review,,2025-07-02T10:44:17.201692,2025-08-22T11:46:17.201698
3469007a-e346-4170-b08f-aa5ccb7ce51a,laura91@example.net,Dr.,Mark,Campbell,Gastroenterology,Seeking to join as a Hematology specialist,https://example.com/applications/425dbd5d-faa4-450b-98ca-8a799177e7f8.jpg,"[""license_7369.pdf"", ""cv_3944.pdf""]",pending_approval,LIC631788,(478) 392-6864,admin_002,Under review,,2025-07-18T04:19:17.201930,2025-09-05T16:41:17.201935
0f95a90b-8c71-4075-984e-c825e021219d,williamlam@example.org,NP,Michael,Lloyd,Gastroenterology,Seeking to join as a Orthopedics specialist,https://example.com/applications/4796185c-01d7-4fc5-b6eb-62d2519c9e9c.jpg,"[""license_1712.pdf"", ""cv_3601.pdf""]",active,LIC751757,(920) 811-7259,admin_001,,f5304202-deb9-47d1-a658-8d90e80d7fcd,2025-06-08T20:21:17.202268,2025-09-08T20:03:17.202273
da3a36a3-34b9-43a9-a8c7-eae506aa80bb,hillsteven@example.com,DO,Rebecca,Jones,Pulmonology,Seeking to join as a General Practice specialist,https://example.com/applications/8ec54a41-48fc-47b0-a1b3-b4cbcea5a71f.jpg,"[""license_6097.pdf"", ""cv_8242.pdf""]",active,LIC972740,(435) 243-6205,,,,2025-09-12T02:58:17.202611,2025-08-26T18:57:17.202616
ea38883e-8011-4902-b8d6-5165f583da4f,ricardomiller@example.com,NP,Robert,Andrews,Rheumatology,Seeking to join as a Orthopedics specialist,https://example.com/applications/312224aa-98a7-4fc8-9188-ad992c069c24.jpg,"[""license_6259.pdf"", ""cv_9460.pdf""]",suspended,LIC905713,(919) 664-1873,,Needs additional documentation,,2025-05-26T00:50:17.202923,2025-09-08T18:23:17.202928
4afa816b-391d-4fc2-8de4-41c2c81e6431,williamcarney@example.org,Dr.,Scott,Combs,Radiology,Seeking to join as a Rheumatology specialist,https://example.com/applications/ef6b13d5-50e3-43cb-8c3c-29011e0c7ff3.jpg,"[""license_2114.pdf"", ""cv_5160.pdf""]",suspended,LIC964631,(769) 889-4942,,,,2025-05-30T17:01:17.203237,2025-09-17T08:45:17.203242
2e8bae12-65b9-4d24-a0ae-c8ccc8d2c99e,krodriguez@example.net,Dr.,Jacqueline,Ballard,Hematology,Seeking to join as a General Practice specialist,https://example.com/applications/ff994fd1-9d98-4fc5-80f4-abf5d489aab5.jpg,"[""license_5433.pdf"", ""cv_6490.pdf""]",suspended,LIC395603,(828) 970-1822,admin_001,Needs additional documentation,,2025-04-05T00:11:17.203512,2025-09-17T20:58:17.203517
666bf224-9179-43a7-9b7e-27c1b884b767,prestonsusan@example.net,NP,Mark,Adams,Endocrinology,Seeking to join as a Geriatrics specialist,https://example.com/applications/11d63f8f-c9d5-4a47-8ce4-5c59d8cb5d8f.jpg,"[""license_2486.pdf"", ""cv_9810.pdf""]",suspended,LIC303857,(339) 905-8835,admin_002,Needs additional documentation,,2025-08-06T06:17:17.203856,2025-08-24T20:16:17.203862
154ed951-d7d3-47d8-8c52-1ae4d00dbb2d,jake45@example.com,DO,Kevin,Foley,Cardiology,Seeking to join as a Dermatology specialist,https://example.com/applications/a98a7d89-b4e1-4eb5-8906-9133d5193918.jpg,"[""license_6513.pdf"", ""cv_9929.pdf""]",inactive,LIC626989,(314) 299-3377,,Needs additional documentation,,2025-04-08T07:45:17.204112,2025-09-01T17:27:17.204118
821e3cab-f057-42cd-834e-1e313facea46,eboyer@example.net,MD,Timothy,Lamb,Orthopedics,Seeking to join as a Oncology specialist,https://example.com/applications/5adbff42-35cc-4d49-bee5-3a81e4af7a39.jpg,"[""license_8833.pdf"", ""cv_3593.pdf""]",active,LIC226588,(818) 904-5409,,Under review,,2025-05-14T06:06:17.204372,2025-09-17T07:30:17.204377
4c89c34a-5002-45fd-931b-e656dcca8588,vcooper@example.org,PA,Nicole,Sellers,Rheumatology,Seeking to join as a Dermatology specialist,https://example.com/applications/06405266-02c4-4e42-8a3e-c5fda0aa0600.jpg,"[""license_1393.pdf"", ""cv_1425.pdf""]",active,LIC343235,(641) 393-1813,,Under review,,2025-06-02T22:39:17.204633,2025-08-21T21:56:17.204638
938fe898-b8a8-463c-9c52-b98dcbe88729,mannbrandi@example.org,DO,Kimberly,Frye,Orthopedics,Seeking to join as a Rheumatology specialist,https://example.com/applications/b288d403-c897-4aa9-9ac9-9685d16152e5.jpg,"[""license_4444.pdf"", ""cv_6369.pdf""]",suspended,LIC595223,(478) 952-9720,admin_001,Under review,,2025-05-17T19:48:17.205121,2025-08-20T07:34:17.205132
af1a6578-191b-45e8-998b-de7c882989ad,ggarner@example.org,MD,Heidi,Wheeler,Urology,Seeking to join as a Oncology specialist,https://example.com/applications/c60bc2c0-18e1-4ad7-8abb-59b5edaf9617.jpg,"[""license_6882.pdf"", ""cv_3920.pdf""]",pending_approval,LIC889249,(843) 268-7187,,Under review,,2025-04-04T12:39:17.205464,2025-09-15T23:58:17.205471
2f457ff6-ac7e-45f6-acf6-1703b18a1a55,susan93@example.com,Dr.,Donald,Clark,Oncology,Seeking to join as a Endocrinology specialist,https://example.com/applications/6723578b-26a1-4f8b-b439-8616154c5c8d.jpg,"[""license_2605.pdf"", ""cv_6167.pdf""]",pending_approval,LIC217409,(607) 300-7624,admin_001,Needs additional documentation,,2025-04-14T12:29:17.205767,2025-09-10T14:20:17.205775
828b3a0f-086c-45eb-83c4-dbda4e891a2a,christopher70@example.com,Dr.,Lindsay,Bradshaw,Radiology,Seeking to join as a Rheumatology specialist,https://example.com/applications/5b622d8a-d30d-4643-b956-0287b37ff6f4.jpg,"[""license_6459.pdf"", ""cv_5513.pdf""]",active,LIC572953,(629) 969-7788,admin_002,Under review,,2025-05-03T12:04:17.206064,2025-08-30T10:18:17.206071
b175e00e-c3b3-4020-aa94-f46a5dc32f57,emily60@example.net,PA,Patrick,Hoffman,Hematology,Seeking to join as a Urology specialist,https://example.com/applications/ed3b31a8-1754-466a-9950-9f899aa98337.jpg,"[""license_7592.pdf"", ""cv_3776.pdf""]",inactive,LIC932018,(424) 689-9859,admin_002,Under review,1754de35-ddcf-47e2-b79c-ce38bfde60c4,2025-04-06T14:24:17.206337,2025-09-02T11:09:17.206342
a714a85c-9f6b-406b-81ef-60f8538c2ef5,qtaylor@example.org,Dr.,Amanda,Nichols,Gastroenterology,Seeking to join as a Rheumatology specialist,https://example.com/applications/a4cf81ef-df10-4f15-8f0c-f30beb79f9f4.jpg,"[""license_8631.pdf"", ""cv_5680.pdf""]",active,LIC727716,(412) 354-3925,admin_002,Approved,,2025-07-12T12:26:17.206615,2025-09-07T22:47:17.206621
7f212016-a115-42be-b0cb-899c27bf4d97,sarajoseph@example.net,MD,Anthony,Hodge,Endocrinology,Seeking to join as a Geriatrics specialist,https://example.com/applications/d8b3e0f2-3db6-47fe-9a00-c1787312508d.jpg,"[""license_5950.pdf"", ""cv_2990.pdf""]",inactive,LIC431308,(619) 303-9910,admin_001,Approved,,2025-08-26T11:06:17.206942,2025-09-13T12:32:17.206948
082fbc9c-6d65-420b-927b-589e4751e216,moorekatherine@example.net,Dr.,Shelby,Garcia,Psychiatry,Seeking to join as a Neurology specialist,https://example.com/applications/f4f8a4e9-1ae8-45d5-8500-e2668ccf5d16.jpg,"[""license_6892.pdf"", ""cv_4336.pdf""]",inactive,LIC145777,(574) 292-9120,admin_002,Needs additional documentation,,2025-08-15T14:41:17.207259,2025-08-29T22:20:17.207265
cf6969cd-ab0f-418f-9351-cb9a2db3a4a3,opatterson@example.com,DO,Christine,Foster,Endocrinology,Seeking to join as a Hematology specialist,https://example.com/applications/c8ef7b78-3f1d-4a56-a2cc-dae7bc4c378e.jpg,"[""license_5161.pdf"", ""cv_3688.pdf""]",pending_approval,LIC602932,(610) 914-7431,admin_001,Needs additional documentation,,2025-09-08T02:26:17.207520,2025-09-11T14:17:17.207525
aa1e4683-a6dd-4307-9bd6-cc17a6fdbb58,xwalker@example.com,Prof.,Frank,Smith,Geriatrics,Seeking to join as a Radiology specialist,https://example.com/applications/e81fd962-3c7d-4600-a4b1-cddf5d2b96c8.jpg,"[""license_5052.pdf"", ""cv_4984.pdf""]",active,LIC335332,(337) 949-4516,,Needs additional documentation,,2025-05-02T14:14:17.207780,2025-08-22T12:11:17.207786
207bfb4a-e767-4311-94f2-b5a83da90fc6,eward@example.org,DO,Wesley,Benitez,General Practice,Seeking to join as a Cardiology specialist,https://example.com/applications/feed3358-d364-474b-900d-60cf3185e43b.jpg,"[""license_2833.pdf"", ""cv_1655.pdf""]",pending_approval,LIC755349,(917) 210-3316,admin_002,Needs additional documentation,,2025-08-27T04:54:17.208036,2025-08-26T02:19:17.208042
67cc4460-ef85-46a7-87cf-e556aca6fcba,baileydonna@example.com,Prof.,Steve,Garcia,Hematology,Seeking to join as a Pediatrics specialist,https://example.com/applications/ec892496-ca19-4ff5-826d-f0a4875e417f.jpg,"[""license_2984.pdf"", ""cv_7034.pdf""]",active,LIC465032,(508) 766-5168,admin_002,Needs additional documentation,,2025-07-17T06:23:17.208344,2025-09-06T03:00:17.208349
d33a790a-f83c-4998-8a1e-26420a7a91ae,briannaburns@example.org,DO,Tracy,Mitchell,Rheumatology,Seeking to join as a Hematology specialist,https://example.com/applications/78811d15-a811-439e-9258-c3787ad003c1.jpg,"[""license_9134.pdf"", ""cv_2210.pdf""]",active,LIC984716,(458) 545-8102,admin_002,Approved,,2025-08-02T06:17:17.208657,2025-08-31T05:45:17.208663
6188bd6e-e19b-44e7-89e3-8d5cff72b0af,pharris@example.org,DO,Louis,Myers,Dermatology,Seeking to join as a Oncology specialist,https://example.com/applications/1ba761fb-72cd-4f2b-825b-51e08855aacb.jpg,"[""license_4251.pdf"", ""cv_9462.pdf""]",active,LIC394634,(651) 332-4937,admin_001,,,2025-03-22T22:39:17.208915,2025-09-08T12:09:17.208920
97c62849-dc09-42ca-a76b-11a8d0a4928c,garzajulia@example.com,Prof.,Philip,Swanson,Gastroenterology,Seeking to join as a General Practice specialist,https://example.com/applications/e467233a-f244-4f2e-9dab-870b406a45b2.jpg,"[""license_8672.pdf"", ""cv_1291.pdf""]",suspended,LIC230438,(215) 330-8523,admin_001,Needs additional documentation,d7ec8b6f-8389-4f79-a259-28308602e7e1,2025-04-27T12:15:17.209220,2025-08-28T16:34:17.209225
c951c6b8-9bf4-4b0e-9aad-6b04fb0e8fca,pfrancis@example.net,NP,Joseph,Simmons,Radiology,Seeking to join as a Geriatrics specialist,https://example.com/applications/f4ac4c99-1556-48c4-9853-c04a80c00a2f.jpg,"[""license_8204.pdf"", ""cv_1851.pdf""]",pending_approval,LIC921603,(878) 527-4528,,Approved,,2025-08-23T02:11:17.209472,2025-09-03T08:33:17.209477
a8f330d5-7dd3-4669-bf3f-7ae8af1b092e,dferguson@example.org,DO,Donna,Fischer,Endocrinology,Seeking to join as a Urology specialist,https://example.com/applications/46f620ef-d1f4-4bef-8014-38b82eb8eb58.jpg,"[""license_9011.pdf"", ""cv_2297.pdf""]",inactive,LIC937652,(903) 421-1435,,Under review,,2025-05-15T09:46:17.209724,2025-09-14T02:05:17.209732
70f4d87d-123f-44ae-9cbd-3be05c406925,tammyowen@example.com,Prof.,Mark,Pollard,Oncology,Seeking to join as a Orthopedics specialist,https://example.com/applications/3df183b2-b2a9-4154-974e-048ca362e0e3.jpg,"[""license_3117.pdf"", ""cv_6887.pdf""]",active,LIC819190,(941) 786-3973,admin_001,,64a7af39-b800-457c-a852-473fb88c4058,2025-07-05T04:41:17.210050,2025-09-12T10:40:17.210056
d573a2f1-6049-42cf-b594-67123e74066d,joseph78@example.org,MD,Mary,Barnes,Orthopedics,Seeking to join as a Pulmonology specialist,https://example.com/applications/535ea9c9-ea14-457c-9c4a-fdddbe83a914.jpg,"[""license_2079.pdf"", ""cv_5350.pdf""]",active,LIC452984,(704) 394-8461,admin_001,,50465881-a116-453b-bbc4-c0ceb8524834,2025-08-14T13:01:17.210319,2025-08-26T14:21:17.210326
1869662a-73aa-4138-853c-642255e1e572,torresmelissa@example.com,MD,Gina,Elliott,Rheumatology,Seeking to join as a Urology specialist,https://example.com/applications/dc45c846-147e-41e6-80ec-f3dbec467eaa.jpg,"[""license_1552.pdf"", ""cv_1293.pdf""]",suspended,LIC865753,(442) 510-3330,admin_002,,,2025-09-07T03:12:17.210689,2025-08-25T01:38:17.210695
e69113fc-cd58-42da-91b2-f4744a854d49,amack@example.org,Prof.,Paul,Collier,Geriatrics,Seeking to join as a Orthopedics specialist,https://example.com/applications/f8688526-4c13-4309-b2ab-f96ef4b7e273.jpg,"[""license_8222.pdf"", ""cv_3067.pdf""]",pending_approval,LIC503751,(719) 843-4248,admin_002,Approved,,2025-07-08T20:41:17.210940,2025-08-26T18:03:17.210946
921819b8-58fa-4c84-b522-461122903577,burchsara@example.com,PA,Anthony,Hendricks,Pediatrics,Seeking to join as a Urology specialist,https://example.com/applications/3da4db71-bc7d-4297-bb32-640017ba9050.jpg,"[""license_5826.pdf"", ""cv_5871.pdf""]",pending_approval,LIC364626,(385) 531-3488,,,,2025-08-23T13:34:17.211238,2025-08-30T15:49:17.211243
7b407b90-e8f3-404a-9fc9-e6a68aafc94f,jonathan73@example.net,Dr.,Jason,Hunter,Rheumatology,Seeking to join as a Neurology specialist,https://example.com/applications/d86ebf6d-d269-4960-bd29-1f6481758339.jpg,"[""license_2669.pdf"", ""cv_4720.pdf""]",active,LIC967839,(626) 957-9780,admin_002,Needs additional documentation,6a8d23f1-5643-4b6a-8590-c56e325d00bd,2025-04-28T23:02:17.211478,2025-09-05T10:09:17.211483
1fc17e3d-db43-4c6c-ad85-2008ab8d49b1,meganmullins@example.org,Prof.,Kyle,Crawford,Orthopedics,Seeking to join as a Oncology specialist,https://example.com/applications/2fee12e6-4bfd-4120-a24a-4125dffad579.jpg,"[""license_1972.pdf"", ""cv_8860.pdf""]",inactive,LIC931207,(872) 836-8032,admin_002,Under review,,2025-06-29T18:21:17.211760,2025-08-19T17:02:17.211765
a350ad40-7c65-4864-8095-ca7d649bcc0b,spencerjoshua@example.org,NP,Lori,Fields,Dermatology,Seeking to join as a General Practice specialist,https://example.com/applications/139f7248-6229-4452-ab18-946cc227e6d3.jpg,"[""license_7117.pdf"", ""cv_1924.pdf""]",suspended,LIC426169,(872) 559-3664,admin_002,Needs additional documentation,,2025-06-24T08:38:17.212110,2025-09-13T23:48:17.212117
27b365aa-9f9a-4590-ba88-45d8d1d9cec8,hjimenez@example.org,DO,Daniel,Schmidt,Psychiatry,Seeking to join as a Psychiatry specialist,https://example.com/applications/8b171675-427c-4263-9529-60c343f86d45.jpg,"[""license_7009.pdf"", ""cv_2575.pdf""]",inactive,LIC889340,(931) 976-1066,,Approved,,2025-07-28T04:58:17.212351,2025-09-10T13:40:17.212355
348cd86c-0786-4497-b169-462fcc2bc122,belldavid@example.net,Prof.,Douglas,Harris,Pulmonology,Seeking to join as a Rheumatology specialist,https://example.com/applications/083a4b67-07c2-43f7-ad84-c63087ffb348.jpg,"[""license_3288.pdf"", ""cv_7056.pdf""]",pending_approval,LIC752247,(417) 837-7737,admin_002,Approved,,2025-09-10T04:11:17.212633,2025-09-03T12:58:17.212638
918927e3-3274-493e-bfd8-a3b285121ac1,michaeljones@example.org,PA,Amber,King,Geriatrics,Seeking to join as a Geriatrics specialist,https://example.com/applications/50735ef8-2757-4285-9402-8f82a3a072a6.jpg,"[""license_1309.pdf"", ""cv_1686.pdf""]",suspended,LIC731250,(608) 319-9984,admin_002,Needs additional documentation,93f8ca56-926b-4593-a5ba-694f24cf4e8e,2025-08-30T10:59:17.212935,2025-08-27T20:11:17.212941
171539f7-a871-452b-aa83-ad1870c120f7,gonzalezmichael@example.com,Dr.,Tammy,Aguilar,Orthopedics,Seeking to join as a Pulmonology specialist,https://example.com/applications/0f8f8e6c-5af1-42e6-84d9-f4d3b1af87d7.jpg,"[""license_3152.pdf"", ""cv_2240.pdf""]",active,LIC761295,(605) 331-5764,,Approved,,2025-04-14T05:27:17.213224,2025-09-03T04:02:17.213229
f18cd3fa-c6c9-44a5-a7c8-6d8314bb7f9b,gabriel94@example.org,DO,Michelle,Smith,Hematology,Seeking to join as a Urology specialist,https://example.com/applications/a7a6800a-14bb-408c-83b2-7ec1aa07079c.jpg,"[""license_6743.pdf"", ""cv_2911.pdf""]",pending_approval,LIC796360,(616) 334-1780,,Approved,fa1190c5-bdfc-4c24-9375-d148bf2f5648,2025-04-06T08:06:17.213440,2025-08-18T16:19:17.213444
f7867deb-bba5-44ff-a2ba-5fe680320fc4,vhowell@example.net,Dr.,Margaret,Edwards,Pediatrics,Seeking to join as a Pulmonology specialist,https://example.com/applications/5dc1de68-4e57-4e83-88f1-9983fbf45f03.jpg,"[""license_1178.pdf"", ""cv_9474.pdf""]",pending_approval,LIC358366,(936) 275-3149,admin_001,Under review,8485cb9a-c31b-4fce-b12a-476ba49c5b50,2025-08-14T11:21:17.213670,2025-09-12T22:59:17.213674
d3a3418e-d67f-4ae3-81d6-1cf961bbdc1c,johndaniels@example.com,Dr.,Benjamin,Vega,Dermatology,Seeking to join as a Dermatology specialist,https://example.com/applications/56508999-8d48-4568-af81-d8b95125018e.jpg,"[""license_1841.pdf"", ""cv_3862.pdf""]",pending_approval,LIC245348,(708) 285-7207,admin_001,,,2025-07-15T02:17:17.213953,2025-08-27T23:52:17.213958
191cc4c9-cc96-498a-b6d4-d461674ecad3,cphelps@example.net,MD,Erin,Archer,Hematology,Seeking to join as a Rheumatology specialist,https://example.com/applications/f5956920-ec7e-469e-ae49-7fbc2c43f8d0.jpg,"[""license_8272.pdf"", ""cv_5878.pdf""]",inactive,LIC827943,(407) 557-9294,admin_001,,,2025-06-27T11:15:17.214189,2025-08-29T11:10:17.214194
9da00670-fbf1-40a4-ae3f-12eddc61d975,paula13@example.com,Prof.,Paul,Martin,Hematology,Seeking to join as a Orthopedics specialist,https://example.com/applications/78f1b292-812f-4718-8fb6-7f5347ecb14e.jpg,"[""license_6148.pdf"", ""cv_1185.pdf""]",suspended,LIC205810,(201) 255-8866,admin_002,Needs additional documentation,,2025-06-14T18:58:17.214403,2025-09-02T15:25:17.214407
0655363f-3325-48fa-8079-8a2eea810688,ipierce@example.com,DO,Alvin,Lewis,Orthopedics,Seeking to join as a Orthopedics specialist,https://example.com/applications/5d87f0e9-9c95-46a4-9569-40daf542af1e.jpg,"[""license_5556.pdf"", ""cv_8488.pdf""]",inactive,LIC333553,(646) 740-9956,admin_001,Under review,456d9313-b466-418c-92a9-34ba012b0870,2025-04-03T20:09:17.214642,2025-09-11T00:25:17.214647
bab9ee12-7b21-4289-b8b5-e6894aff3587,andrewgarcia@example.org,MD,Justin,Caldwell,Psychiatry,Seeking to join as a Endocrinology specialist,https://example.com/applications/dc09170d-5fd0-4567-a69e-9c685ca02f7a.jpg,"[""license_7816.pdf"", ""cv_4189.pdf""]",pending_approval,LIC452130,(904) 395-3603,,Needs additional documentation,,2025-04-24T01:00:17.214926,2025-09-05T06:50:17.214931
21a14a2b-a597-4574-8679-2f37c916cd54,cynthiasalas@example.com,DO,Rick,Martin,Orthopedics,Seeking to join as a Psychiatry specialist,https://example.com/applications/106ffed6-eec7-48f1-8649-16e0653bbf25.jpg,"[""license_7153.pdf"", ""cv_5361.pdf""]",active,LIC826767,(225) 750-4060,admin_002,Under review,,2025-04-09T02:30:17.215206,2025-08-29T05:48:17.215211
df5f8103-4ea0-4399-9312-173561e6cf18,kallen@example.org,MD,Janice,White,Urology,Seeking to join as a Dermatology specialist,https://example.com/applications/d6de72b1-f8bc-41bd-b5fd-46bf848507d7.jpg,"[""license_1334.pdf"", ""cv_5370.pdf""]",pending_approval,LIC147146,(862) 401-2094,admin_002,Under review,,2025-03-25T19:30:17.215438,2025-09-02T08:52:17.215442
e97a6c6b-7b3f-44e6-bacd-8788b70a665c,anita85@example.org,Prof.,Thomas,Bailey,Neurology,Seeking to join as a Endocrinology specialist,https://example.com/applications/8367fea6-2080-4393-a419-0695495cb967.jpg,"[""license_7563.pdf"", ""cv_3671.pdf""]",pending_approval,LIC542967,(228) 869-6141,admin_001,Approved,,2025-03-22T21:47:17.215649,2025-09-14T15:24:17.215653
cf58e262-c73d-4a6b-8593-85f5532290d4,jonesterry@example.com,Dr.,Jeffrey,Summers,Gastroenterology,Seeking to join as a Psychiatry specialist,https://example.com/applications/e8ae821e-6c3f-44e1-9468-5a50e268d47d.jpg,"[""license_8638.pdf"", ""cv_9561.pdf""]",suspended,LIC792776,(713) 593-5786,admin_002,Under review,,2025-05-26T20:43:17.215933,2025-09-12T18:33:17.215938
3aeb7af8-1059-4f06-9892-2affe3b090c2,csullivan@example.com,Prof.,Brian,Kim,Neurology,Seeking to join as a Cardiology specialist,https://example.com/applications/0908f4bf-a03f-4930-bdac-3f34ca214a04.jpg,"[""license_9200.pdf"", ""cv_1428.pdf""]",inactive,LIC261376,(314) 634-7926,admin_001,Under review,,2025-06-13T22:29:17.216166,2025-09-09T03:31:17.216170
ec6b3179-0f5d-4a74-a893-827107a1ff6f,kathrynbaxter@example.org,MD,Charles,Taylor,Gastroenterology,Seeking to join as a Neurology specialist,https://example.com/applications/805f9705-9f6e-449f-a07d-09b90aef4ff9.jpg,"[""license_3606.pdf"", ""cv_8401.pdf""]",suspended,LIC967066,(331) 926-4703,,Under review,,2025-09-16T03:58:17.216444,2025-08-27T12:44:17.216448
1d0d4e72-9005-4915-841d-7b93392daf48,cflores@example.com,NP,Sandra,Schmidt,Orthopedics,Seeking to join as a Neurology specialist,https://example.com/applications/a9951a15-827f-435d-8280-bf58e51511d3.jpg,"[""license_2572.pdf"", ""cv_9524.pdf""]",pending_approval,LIC501109,(903) 518-2572,admin_001,Under review,3ff6f3b3-f8f7-4a37-b939-471bf3dac4b1,2025-03-24T22:56:17.216681,2025-09-18T08:15:17.216686
7313bbaf-45a1-4637-87ed-69dbd6654630,johnhuff@example.org,Prof.,Arthur,Gordon,Endocrinology,Seeking to join as a Gastroenterology specialist,https://example.com/applications/616fc2e0-c910-49a4-af8a-6620be48cf4f.jpg,"[""license_4945.pdf"", ""cv_5576.pdf""]",active,LIC179066,(417) 403-1578,admin_002,Under review,,2025-04-19T23:23:17.216981,2025-09-11T04:56:17.216986
04658ad9-cf7a-4900-9d77-8ed60f028c9a,hmoreno@example.net,PA,Robert,Gray,Pediatrics,Seeking to join as a Endocrinology specialist,https://example.com/applications/e5b109e5-b755-4219-9489-26bd69595b94.jpg,"[""license_7892.pdf"", ""cv_4193.pdf""]",inactive,LIC927366,(432) 442-9870,,Needs additional documentation,,2025-07-26T20:35:17.217218,2025-08-27T20:14:17.217223
aa5693a6-0b80-43bc-b572-698d1e0cc058,lbates@example.com,Prof.,Monica,Jackson,Psychiatry,Seeking to join as a Dermatology specialist,https://example.com/applications/0c489287-22b9-42af-a1a3-3d7ee94dc0c1.jpg,"[""license_9171.pdf"", ""cv_1070.pdf""]",pending_approval,LIC603779,(803) 769-9297,admin_001,,,2025-08-07T04:13:17.217448,2025-09-09T03:58:17.217452
bc29dbab-778c-4444-8fe0-3226dd7968d2,zbrown@example.com,Dr.,Mario,Christensen,Hematology,Seeking to join as a Gastroenterology specialist,https://example.com/applications/3f10ca70-3471-403e-8ce9-4556fdca0a8b.jpg,"[""license_2852.pdf"", ""cv_6672.pdf""]",inactive,LIC770281,(419) 790-8437,admin_002,Needs additional documentation,,2025-07-01T05:59:17.217676,2025-08-24T14:28:17.217680
73648b43-3c3d-41c2-8ec2-9989f5ed5324,helen14@example.com,Dr.,Barbara,Perry,Neurology,Seeking to join as a Gastroenterology specialist,https://example.com/applications/50e3b324-ed0c-4a30-9481-ff089d2f468f.jpg,"[""license_3896.pdf"", ""cv_4341.pdf""]",active,LIC521571,(618) 314-7390,admin_002,Under review,,2025-04-01T14:55:17.217892,2025-08-18T16:07:17.217897
49b625b4-def0-40b0-a5ab-33f640045027,michaelball@example.com,MD,Jeremy,Kelly,Geriatrics,Seeking to join as a Urology specialist,https://example.com/applications/ade1b99c-b3d5-4c3b-8cd4-b892e4f0b0d4.jpg,"[""license_7022.pdf"", ""cv_4767.pdf""]",suspended,LIC458001,(458) 654-5109,admin_002,Needs additional documentation,,2025-07-17T09:36:17.218171,2025-09-06T21:51:17.218176
ed256218-e4cc-4809-a95c-734a37dd70be,tonyamorris@example.net,NP,Erica,Avery,Cardiology,Seeking to join as a Psychiatry specialist,https://example.com/applications/deb7dfd0-be88-489d-88c8-9cd16658d76d.jpg,"[""license_9886.pdf"", ""cv_3739.pdf""]",active,LIC863252,(772) 257-6597,admin_001,Under review,7a1bc6af-37e0-44b1-9b51-2e244297d9e9,2025-07-01T20:29:17.218463,2025-09-04T10:42:17.218468
9944900c-f34c-4d00-9379-7775f42bd561,mannlisa@example.com,Prof.,Robert,Bridges,Oncology,Seeking to join as a Pediatrics specialist,https://example.com/applications/019cb096-0cda-4ae3-a8fb-9fd0f0de503a.jpg,"[""license_4464.pdf"", ""cv_6384.pdf""]",pending_approval,LIC775610,(209) 451-6048,,Needs additional documentation,,2025-04-02T06:08:17.218807,2025-09-09T10:15:17.218812
603ae37f-012f-4a27-ac4d-ee32b6e296be,fuentesleonard@example.com,DO,Stacy,Gill,Urology,Seeking to join as a Oncology specialist,https://example.com/applications/2f21a76b-dfdc-482e-8c1e-ee848c26a8b9.jpg,"[""license_5893.pdf"", ""cv_9120.pdf""]",suspended,LIC482710,(650) 751-8349,admin_002,Needs additional documentation,,2025-09-01T02:50:17.219112,2025-09-08T15:29:17.219117
84c97a3e-4a55-4482-a137-9d2512a794e2,amycooper@example.com,DO,Thomas,Wright,Oncology,Seeking to join as a Hematology specialist,https://example.com/applications/d81993f0-1e4b-43a1-8394-f07eecbd7708.jpg,"[""license_5785.pdf"", ""cv_5702.pdf""]",pending_approval,LIC952526,(928) 615-1461,,,0494641e-7d5e-4e2f-979b-3f75cfb9cf74,2025-07-31T18:54:17.219407,2025-09-08T09:58:17.219413
4c6bcb36-4b69-47f0-98c8-0fede93e487a,csnyder@example.net,MD,Steve,Mitchell,Neurology,Seeking to join as a Neurology specialist,https://example.com/applications/d268e2d6-7e1a-414a-b639-54cfd5e2da83.jpg,"[""license_1603.pdf"", ""cv_5930.pdf""]",active,LIC153748,(775) 338-8656,admin_002,Needs additional documentation,,2025-04-18T01:28:17.219652,2025-08-29T04:08:17.219657
d14e5187-a896-4bf2-ab3d-fbcb4f35c3b8,walleramy@example.net,Prof.,Micheal,Guerrero,Urology,Seeking to join as a Hematology specialist,https://example.com/applications/c01ed72d-d37b-40d2-bd71-24c1ef87db51.jpg,"[""license_5371.pdf"", ""cv_1980.pdf""]",suspended,LIC788331,(716) 331-1212,admin_002,Needs additional documentation,,2025-05-31T10:03:17.219940,2025-08-22T17:11:17.219945
63d3f83e-a20a-43e2-9187-b251ea2702fe,jonathonmorris@example.org,MD,Jill,Riddle,Pediatrics,Seeking to join as a Hematology specialist,https://example.com/applications/a24ee7e5-364e-4c56-856b-e45477dac45f.jpg,"[""license_4147.pdf"", ""cv_1547.pdf""]",active,LIC406463,(458) 542-2492,admin_002,Approved,e1ec4f39-1168-4537-8f33-d7ed74b4de9a,2025-04-24T19:05:17.220234,2025-09-03T05:53:17.220239
2bb42bd3-5be5-4525-8280-51f371d31f85,owilliams@example.com,PA,Gregory,Washington,Pulmonology,Seeking to join as a Hematology specialist,https://example.com/applications/ba2416ca-4fd3-4c7d-b212-069c42f6f2c6.jpg,"[""license_5734.pdf"", ""cv_4344.pdf""]",active,LIC247517,(803) 624-3913,admin_001,Approved,,2025-05-25T12:38:17.220649,2025-08-22T11:15:17.220658
8e4aa3f4-6341-44ce-880a-8b43c7936755,pharris@example.org,PA,Julie,Yoder,Urology,Seeking to join as a Pediatrics specialist,https://example.com/applications/02a5df55-06bb-4078-93a6-eb6af41d3e5b.jpg,"[""license_5875.pdf"", ""cv_7058.pdf""]",inactive,LIC757942,(682) 657-6410,,Needs additional documentation,,2025-07-31T19:50:17.220914,2025-09-02T17:32:17.220919
5df0f5b4-4a7d-4fb0-b75e-fb008f866ea3,kevinmata@example.com,NP,Kimberly,Lane,Pediatrics,Seeking to join as a Dermatology specialist,https://example.com/applications/19bed82c-ac2e-4403-91c3-8a20bed9faba.jpg,"[""license_5940.pdf"", ""cv_7480.pdf""]",pending_approval,LIC445013,(225) 903-6588,,Needs additional documentation,,2025-07-29T13:32:17.221209,2025-09-07T17:56:17.221214
c4b0d81f-f114-4948-bb7b-a05e93f4de31,ebrown@example.com,MD,Devon,Hammond,Dermatology,Seeking to join as a Rheumatology specialist,https://example.com/applications/76928706-aee3-495a-971a-dc2f1331f2c6.jpg,"[""license_9119.pdf"", ""cv_2216.pdf""]",active,LIC863274,(248) 507-5426,admin_001,Approved,8b4c1ebd-9312-4d43-8924-2ec9e9668b80,2025-06-02T06:07:17.221449,2025-09-12T17:06:17.221454
be18f945-34a1-46c2-9a45-e24a251f4625,ocastaneda@example.org,PA,Michelle,Russo,Neurology,Seeking to join as a Pediatrics specialist,https://example.com/applications/65028e7c-9bc5-4cab-a541-8f286fd70faf.jpg,"[""license_5806.pdf"", ""cv_9309.pdf""]",suspended,LIC189994,(586) 995-7224,admin_002,,,2025-04-28T10:31:17.221683,2025-09-15T00:02:17.221688
2d60f4a8-99f0-4b0b-a07b-c765d38bb28f,colonjames@example.org,DO,Richard,Nichols,Dermatology,Seeking to join as a Endocrinology specialist,https://example.com/applications/076dad96-9b66-45b4-a5d8-b08ad42da252.jpg,"[""license_6819.pdf"", ""cv_4934.pdf""]",active,LIC781145,(701) 592-7893,,,,2025-09-15T05:26:17.221974,2025-08-23T09:21:17.221979
cf7903e5-3eab-4a03-a5e7-e579bb9da16b,stevengray@example.net,NP,Suzanne,Cowan,Dermatology,Seeking to join as a Rheumatology specialist,https://example.com/applications/e5e58909-dba3-42cb-b8c6-26ad62fbf492.jpg,"[""license_9221.pdf"", ""cv_9298.pdf""]",suspended,LIC171513,(845) 205-8827,admin_002,Approved,,2025-09-07T09:06:17.222258,2025-08-24T00:10:17.222263
8abaabed-31fd-4411-8b9d-12411c05bece,jenniferwatts@example.net,NP,Alicia,Powers,Cardiology,Seeking to join as a Geriatrics specialist,https://example.com/applications/24e4f065-a0a1-4c7b-8dad-1b16070231d8.jpg,"[""license_3640.pdf"", ""cv_7228.pdf""]",active,LIC738347,(218) 725-6103,admin_002,Approved,,2025-08-04T12:10:17.222541,2025-08-24T07:47:17.222546
5cf0f753-6a5c-4ab7-a9eb-82e27bc77c1e,timothy23@example.net,Dr.,Nicholas,Walls,Pulmonology,Seeking to join as a Orthopedics specialist,https://example.com/applications/ac9640e4-e618-494b-ae95-feebafda315c.jpg,"[""license_4128.pdf"", ""cv_4585.pdf""]",active,LIC339844,(559) 791-2368,admin_001,Approved,,2025-07-14T06:28:17.222758,2025-09-04T21:52:17.222762
17da1f31-12cb-4f81-acd3-58b46331e23f,denise47@example.net,Prof.,Taylor,Clark,Pulmonology,Seeking to join as a Cardiology specialist,https://example.com/applications/def8f93a-1574-4678-83cc-291831253b41.jpg,"[""license_4182.pdf"", ""cv_1098.pdf""]",suspended,LIC363475,(779) 400-7181,,Under review,,2025-08-18T02:17:17.222980,2025-09-10T04:06:17.222985
f3bf9cf5-86a6-4cb0-bb25-104c527564fa,robertdavis@example.org,PA,Katherine,Goodwin,Geriatrics,Seeking to join as a Urology specialist,https://example.com/applications/9a54a298-5923-4118-91bd-d4fe34d4f1c5.jpg,"[""license_1021.pdf"", ""cv_6931.pdf""]",inactive,LIC973687,(631) 928-4341,admin_002,,,2025-06-14T10:33:17.223263,2025-09-14T22:46:17.223267
18449708-c882-414e-bb2a-29c4b45637ed,haroldarmstrong@example.com,Dr.,Samantha,Hogan,Radiology,Seeking to join as a Neurology specialist,https://example.com/applications/f54aa576-62b9-4424-914a-e56c187b594e.jpg,"[""license_2053.pdf"", ""cv_8978.pdf""]",pending_approval,LIC499281,(901) 622-2299,,Approved,,2025-04-24T06:49:17.223548,2025-08-26T09:50:17.223553
f90342a7-0f09-4d06-819c-b565045a9b05,sarahmiles@example.org,MD,Christopher,Bauer,Pediatrics,Seeking to join as a Neurology specialist,https://example.com/applications/2063588f-57d8-4ba0-a329-b73476eec075.jpg,"[""license_2689.pdf"", ""cv_8721.pdf""]",inactive,LIC131061,(717) 566-2721,admin_001,Under review,,2025-04-29T09:37:17.223829,2025-09-06T06:09:17.223837
22579f9d-20ef-4feb-a2f6-e447275ae8c7,plopez@example.net,Prof.,William,Terry,Pediatrics,Seeking to join as a Oncology specialist,https://example.com/applications/7c99dc26-ee16-492b-af71-b518cca53879.jpg,"[""license_7488.pdf"", ""cv_8427.pdf""]",active,LIC817147,(616) 333-5949,admin_001,Needs additional documentation,,2025-07-21T05:13:17.224071,2025-08-30T22:50:17.224076
49bff7f3-25e4-4a06-b812-7e8531f6da2f,pruittmichael@example.com,PA,Bethany,Dillon,Rheumatology,Seeking to join as a Urology specialist,https://example.com/applications/24eac227-0750-407d-9422-3a4866e58220.jpg,"[""license_9801.pdf"", ""cv_7968.pdf""]",suspended,LIC628735,(516) 742-3816,admin_002,Approved,,2025-08-30T05:15:17.224355,2025-09-02T12:52:17.224360
58bdcb75-da21-43c1-a408-316c9a0ca507,lucasmerritt@example.org,DO,Micheal,Brown,Rheumatology,Seeking to join as a Gastroenterology specialist,https://example.com/applications/61263881-3874-45ad-8b1a-8c253551cb7e.jpg,"[""license_7753.pdf"", ""cv_7263.pdf""]",inactive,LIC275171,(801) 760-8867,admin_001,,2fd684fe-6bed-4880-9e75-e925c789cccd,2025-06-03T10:44:17.224642,2025-09-16T16:30:17.224647
8e154939-977b-4848-b711-fed2646b5254,zamoramichael@example.org,DO,Christopher,Cannon,Urology,Seeking to join as a Psychiatry specialist,https://example.com/applications/a473df06-771c-4d6b-ad12-92f0c86912d1.jpg,"[""license_5297.pdf"", ""cv_6836.pdf""]",inactive,LIC729930,(412) 244-8632,,Under review,76ef28e5-9ee1-48fc-be08-eb31271974a3,2025-09-16T06:00:17.224934,2025-09-04T12:34:17.224939
30431d23-50ce-4701-b3fb-d098794b8069,williamjordan@example.org,Dr.,Anthony,Conway,Hematology,Seeking to join as a Hematology specialist,https://example.com/applications/d798b8c8-a881-4b7d-911d-12d5c1eddb8f.jpg,"[""license_2256.pdf"", ""cv_3104.pdf""]",pending_approval,LIC860147,(217) 303-5246,,Needs additional documentation,,2025-04-10T12:22:17.225219,2025-08-25T04:54:17.225224
bd0db68c-3b1d-4b77-84b4-34512edd18ca,parkersean@example.net,DO,Mark,Turner,Pediatrics,Seeking to join as a Psychiatry specialist,https://example.com/applications/019f8f57-ea10-4c70-a25d-f42e5c47ded2.jpg,"[""license_6205.pdf"", ""cv_2788.pdf""]",suspended,LIC517238,(430) 433-3073,,,,2025-08-20T02:57:17.225511,2025-08-24T10:50:17.225516
7824889d-406c-4b14-b40d-2bdc4ceaef70,simmonslaura@example.net,Prof.,Stephanie,Ward,Urology,Seeking to join as a Pediatrics specialist,https://example.com/applications/c35a60c7-9bec-4cc2-ac8b-26e2753b67e2.jpg,"[""license_1400.pdf"", ""cv_5087.pdf""]",suspended,LIC129634,(567) 508-1994,,Under review,8627a876-1a87-444c-8727-c84c4db551ed,2025-07-24T18:22:17.225802,2025-09-12T22:10:17.225807
bce12754-2025-44a5-ad21-c7749501ce4f,leekimberly@example.com,DO,Jennifer,Pena,Dermatology,Seeking to join as a Geriatrics specialist,https://example.com/applications/7236ab8a-b481-4d04-8a3d-cd74e7ea0065.jpg,"[""license_5658.pdf"", ""cv_7166.pdf""]",pending_approval,LIC648611,(607) 712-8794,,Needs additional documentation,,2025-06-25T07:48:17.226097,2025-09-04T02:07:17.226101
89d42099-4dbc-47a7-a585-364cf6ad3a15,usolomon@example.com,NP,Brian,Butler,Orthopedics,Seeking to join as a Pediatrics specialist,https://example.com/applications/5bdc3078-837a-4d67-a61e-526570ba7437.jpg,"[""license_2734.pdf"", ""cv_7909.pdf""]",pending_approval,LIC787090,(214) 680-1318,admin_001,,,2025-09-07T15:42:17.226336,2025-08-31T08:54:17.226341
21cc82e5-73a4-4833-8587-2e4ef0b8ac4b,samuel08@example.net,MD,Kelly,Weber,Gastroenterology,Seeking to join as a Hematology specialist,https://example.com/applications/a69af24b-c26d-46af-9140-60dca5e7c949.jpg,"[""license_5538.pdf"", ""cv_7417.pdf""]",pending_approval,LIC521887,(513) 227-4107,admin_001,,3ad9d6da-b6d8-4c24-a67d-cee7d72ef8ef,2025-07-08T04:55:17.226559,2025-09-15T15:40:17.226564
3d25e90d-4c55-4d76-9186-b95a73fba305,melissastephens@example.org,Dr.,Gregory,Smith,Cardiology,Seeking to join as a Pediatrics specialist,https://example.com/applications/acd25d2f-03b4-40ab-8cb6-f73ad9938727.jpg,"[""license_8437.pdf"", ""cv_3812.pdf""]",active,LIC911655,(678) 765-1646,admin_002,Under review,,2025-08-16T09:55:17.226853,2025-08-26T16:34:17.226858
ac7bd55f-d1ca-45ac-8e3a-f8cd7f6cb0b7,randall36@example.org,MD,Abigail,Moody,Dermatology,Seeking to join as a General Practice specialist,https://example.com/applications/7290307c-ee01-4662-ad3f-1916a8c40f4c.jpg,"[""license_1168.pdf"", ""cv_2250.pdf""]",pending_approval,LIC163408,(571) 483-1612,admin_001,Needs additional documentation,8564ccd3-dc82-434e-9aab-7e2181c956cf,2025-05-07T10:18:17.227077,2025-09-13T04:25:17.227082
ddb23ad2-0934-47bc-9e4a-aab217cc657b,christiankelly@example.org,PA,Christian,Harris,Gastroenterology,Seeking to join as a Hematology specialist,https://example.com/applications/c8ee0bb8-8845-4f27-981d-fafb3986f8a5.jpg,"[""license_3078.pdf"", ""cv_9635.pdf""]",pending_approval,LIC998816,(256) 235-8659,admin_001,Needs additional documentation,,2025-07-16T15:59:17.227367,2025-09-08T03:00:17.227372
1b8d5e6d-53a4-487c-bdc9-ca45afd447a2,jponce@example.net,NP,Dakota,Moore,Gastroenterology,Seeking to join as a Pediatrics specialist,https://example.com/applications/d5ec0c5b-809f-4a7a-b723-601500cb5ea9.jpg,"[""license_8823.pdf"", ""cv_7629.pdf""]",inactive,LIC408676,(614) 895-5290,,,,2025-08-18T22:23:17.227608,2025-09-17T13:27:17.227613
224bbad1-c61e-477a-b35b-148795496e4c,jacquelinesullivan@example.net,Dr.,Kayla,Young,Hematology,Seeking to join as a Cardiology specialist,https://example.com/applications/03299c72-6c57-42d2-8169-f91114202a6f.jpg,"[""license_9422.pdf"", ""cv_9605.pdf""]",suspended,LIC162319,(301) 390-4243,,,,2025-07-23T22:56:17.227905,2025-08-30T03:40:17.227910
4f8462a0-ea0c-40d1-90f3-ceb560b20393,krista74@example.net,Prof.,Brandon,Bryan,Psychiatry,Seeking to join as a Oncology specialist,https://example.com/applications/42206a24-c565-4f01-b911-7301000649cf.jpg,"[""license_6881.pdf"", ""cv_1892.pdf""]",suspended,LIC321206,(308) 368-1674,admin_001,,,2025-05-12T09:06:17.228128,2025-08-22T10:50:17.228133
60cb48cd-b4d7-45da-aab7-312810102c48,jonathanpearson@example.org,Prof.,Christopher,Davis,Geriatrics,Seeking to join as a Urology specialist,https://example.com/applications/75fc9836-8ffe-467b-8d9c-a2486fdc6574.jpg,"[""license_3983.pdf"", ""cv_2878.pdf""]",inactive,LIC723985,(908) 669-6552,admin_001,Under review,,2025-03-23T23:50:17.228418,2025-08-27T17:44:17.228423
24011697-9dc3-4293-9864-2fc69f2009dc,sherribrown@example.net,PA,Michele,Frazier,Geriatrics,Seeking to join as a Cardiology specialist,https://example.com/applications/1a9a0c3f-921c-4d94-a0cf-aa86236bab17.jpg,"[""license_4729.pdf"", ""cv_3557.pdf""]",pending_approval,LIC143293,(325) 308-6974,,Needs additional documentation,a9aa66b1-ceac-4942-93f4-470de2ddb106,2025-05-25T12:33:17.228707,2025-08-25T12:43:17.228712
124e9f5a-0772-4c28-91af-94a9899475ee,wreynolds@example.org,DO,Corey,Jenkins,Geriatrics,Seeking to join as a Oncology specialist,https://example.com/applications/36cec734-11db-432f-b110-29393b7e5856.jpg,"[""license_2739.pdf"", ""cv_5910.pdf""]",suspended,LIC617763,(309) 257-2345,admin_001,Under review,,2025-04-01T02:07:17.228951,2025-09-12T13:23:17.228956
0db462e0-1b32-4275-bc73-941c8c212ed2,kevin40@example.net,DO,Alexandria,Cox,Orthopedics,Seeking to join as a Endocrinology specialist,https://example.com/applications/55dc0dba-4f58-4f67-99d4-462bd1822ffe.jpg,"[""license_2499.pdf"", ""cv_2510.pdf""]",inactive,LIC546658,(512) 489-4698,admin_002,Needs additional documentation,,2025-07-22T20:46:17.229172,2025-09-07T06:50:17.229177
325f4649-adc3-46bc-80e0-5b379b8c71b9,khernandez@example.com,PA,Cynthia,Chavez,Pulmonology,Seeking to join as a Pulmonology specialist,https://example.com/applications/db4bdc61-5190-466f-8cce-3ee10a102137.jpg,"[""license_4100.pdf"", ""cv_5181.pdf""]",active,LIC967516,(734) 540-4804,admin_002,,,2025-04-22T09:18:17.229434,2025-09-10T00:34:17.229440
21b5dfed-6f17-4965-be5b-7229595bc30d,dixonalison@example.org,Dr.,Charles,Monroe,Rheumatology,Seeking to join as a Orthopedics specialist,https://example.com/applications/b4f3ab75-8471-4f43-915d-973da24cf6a9.jpg,"[""license_2136.pdf"", ""cv_8103.pdf""]",inactive,LIC124077,(331) 335-2046,admin_001,Needs additional documentation,56cb87a5-b589-4f4b-a73e-4d5ee529a74d,2025-06-23T06:53:17.229730,2025-08-19T03:49:17.229735
93dd8440-3dfb-4f91-8761-ca387c85b4be,vburgess@example.net,Dr.,Benjamin,Simon,Endocrinology,Seeking to join as a Hematology specialist,https://example.com/applications/6a46f902-65a4-40ed-b373-eeacd726e625.jpg,"[""license_7620.pdf"", ""cv_7077.pdf""]",suspended,LIC715087,(340) 870-4104,admin_001,Approved,,2025-05-06T19:24:17.229971,2025-08-21T09:48:17.229976
b6713b18-36d5-4c67-bc24-c4788872a1c4,smacdonald@example.com,DO,Kristy,White,Hematology,Seeking to join as a Gastroenterology specialist,https://example.com/applications/0dad1552-da22-4871-a252-6151c80274c2.jpg,"[""license_6650.pdf"", ""cv_8370.pdf""]",suspended,LIC118862,(504) 448-5905,,Approved,,2025-06-04T15:07:17.230213,2025-09-14T18:33:17.230218
5d6475e3-dc93-4df4-8869-8aad434b38b3,qgreen@example.com,Dr.,Brittany,Walsh,Hematology,Seeking to join as a General Practice specialist,https://example.com/applications/30a6e2a3-b2f3-406f-a1eb-5b0f3460b283.jpg,"[""license_2725.pdf"", ""cv_8281.pdf""]",pending_approval,LIC257050,(865) 626-8597,admin_002,Approved,,2025-06-13T19:22:17.230475,2025-08-28T04:35:17.230480
f9404662-2448-4822-829e-84cddc8f1544,stoutjennifer@example.org,DO,James,Calderon,Gastroenterology,Seeking to join as a Pediatrics specialist,https://example.com/applications/3d0c4fca-5dc0-409c-87b8-3df9d0e1c985.jpg,"[""license_2615.pdf"", ""cv_3069.pdf""]",pending_approval,LIC883220,(765) 849-5912,admin_001,,,2025-09-10T12:09:17.230792,2025-08-25T19:31:17.230797
1ed115fb-5a36-4cf1-ac14-13ec161da6fa,butlercourtney@example.net,NP,Rachel,Ramirez,General Practice,Seeking to join as a Pulmonology specialist,https://example.com/applications/51bc2877-5d78-4faa-9559-7c04d7f2a89c.jpg,"[""license_1232.pdf"", ""cv_6450.pdf""]",active,LIC764677,(406) 812-1670,,Needs additional documentation,,2025-07-21T03:08:17.231090,2025-09-13T01:50:17.231095
b44e12ce-382f-4145-bb93-00dc0ea531cc,orusso@example.org,PA,Amy,Flores,Endocrinology,Seeking to join as a Psychiatry specialist,https://example.com/applications/4fa9bc75-377b-4e1d-a8f2-064429622f2e.jpg,"[""license_3316.pdf"", ""cv_4335.pdf""]",active,LIC588422,(208) 399-7818,admin_001,Under review,85758a02-6ff2-483d-9b27-e1eef0959906,2025-08-20T19:45:17.231347,2025-08-28T09:24:17.231353
7ac500f6-3788-4a79-8ecb-40a758299ac9,goldenrhonda@example.com,NP,Regina,Jordan,Endocrinology,Seeking to join as a Endocrinology specialist,https://example.com/applications/bb878326-89d4-4861-a419-b65ef7a6fb99.jpg,"[""license_6428.pdf"", ""cv_1978.pdf""]",active,LIC776297,(442) 942-6917,admin_001,Under review,,2025-09-03T02:19:17.231641,2025-08-18T17:50:17.231645
51d6d364-4b87-467a-a2b5-66fd67462bb4,michaelnewton@example.org,DO,Eric,Lewis,Dermatology,Seeking to join as a Radiology specialist,https://example.com/applications/ad8a9ff5-4c37-4d81-9a3f-54309b68b47b.jpg,"[""license_8440.pdf"", ""cv_1936.pdf""]",suspended,LIC478172,(970) 313-9965,admin_001,,,2025-05-24T19:27:17.231936,2025-08-29T12:41:17.231941
41f0ba82-8b7f-4e7d-9c8c-e7b73363ed3f,mcdanielkatelyn@example.net,PA,Steven,Mcbride,Rheumatology,Seeking to join as a General Practice specialist,https://example.com/applications/fe8d4ff1-9a0e-457d-9d93-64d9ee34e767.jpg,"[""license_8602.pdf"", ""cv_8611.pdf""]",pending_approval,LIC690345,(318) 783-7228,,,,2025-09-11T12:48:17.232231,2025-08-22T19:45:17.232236
132b7ac5-0ddf-40d3-b05e-b5e0da9d6eb3,donnajohnson@example.com,Dr.,Zachary,Johnson,Geriatrics,Seeking to join as a Geriatrics specialist,https://example.com/applications/6dfabca2-5a28-4597-b788-bfa533651734.jpg,"[""license_3214.pdf"", ""cv_1662.pdf""]",suspended,LIC622924,(915) 314-5069,admin_002,Approved,,2025-06-23T04:09:17.232522,2025-09-03T07:18:17.232527
d052a48c-c3eb-4624-9d90-8ca805388c9b,ghamilton@example.com,Dr.,Danielle,Curry,Pediatrics,Seeking to join as a Orthopedics specialist,https://example.com/applications/a29345e1-15ad-43d0-a8b3-fa6f552338d2.jpg,"[""license_1017.pdf"", ""cv_2162.pdf""]",active,LIC842566,(863) 563-7263,admin_001,,,2025-04-26T16:53:17.232762,2025-08-20T22:30:17.232767
5fb152c4-c319-4062-bf57-86edbace81a9,dianeparsons@example.com,MD,Amber,Young,Hematology,Seeking to join as a Cardiology specialist,https://example.com/applications/b76270e6-17e9-428d-904c-512561197492.jpg,"[""license_6236.pdf"", ""cv_7987.pdf""]",active,LIC202787,(406) 597-2553,admin_002,Under review,9125af4e-e498-442f-a2fc-63084fef0530,2025-07-12T13:22:17.233058,2025-09-05T07:59:17.233063
17c7c5cf-f424-430f-b5e2-e67b7d571e16,michael12@example.net,DO,Kathryn,Scott,Endocrinology,Seeking to join as a Psychiatry specialist,https://example.com/applications/2d8eddde-e386-40ba-8f62-e76130de937e.jpg,"[""license_9335.pdf"", ""cv_1092.pdf""]",pending_approval,LIC807615,(947) 396-1399,admin_002,Needs additional documentation,791f6691-4f73-42e2-9c86-f09d52dc05da,2025-04-10T13:28:17.233279,2025-08-20T13:09:17.233284
1b8453c6-f428-4aff-bfe3-c720319b7bb1,kellychang@example.org,MD,Samantha,Cline,Rheumatology,Seeking to join as a Pulmonology specialist,https://example.com/applications/f4016b2e-7ca0-4679-89ba-0ccbe0f46e08.jpg,"[""license_7784.pdf"", ""cv_4679.pdf""]",active,LIC664605,(712) 312-8286,admin_002,Under review,,2025-07-08T07:28:17.233570,2025-09-01T08:56:17.233575
dc81becd-5753-458b-a1d4-adfbec160491,williampowers@example.net,MD,Eric,Hoover,Orthopedics,Seeking to join as a Oncology specialist,https://example.com/applications/0b0a0a65-6598-400b-98ec-ced9e27a3333.jpg,"[""license_3796.pdf"", ""cv_5166.pdf""]",suspended,LIC349380,(813) 748-6593,admin_002,,,2025-04-08T14:05:17.233863,2025-08-19T19:59:17.233868
2f127a73-5c8f-446a-a2e4-026c5dfa9c9f,brandonwillis@example.net,MD,Charles,Hartman,Neurology,Seeking to join as a Hematology specialist,https://example.com/applications/0c1e0983-592b-4d7a-910a-beec72093b25.jpg,"[""license_4224.pdf"", ""cv_1820.pdf""]",inactive,LIC816254,(940) 583-8098,admin_002,Needs additional documentation,,2025-06-11T05:19:17.234152,2025-08-20T03:19:17.234157
97324e26-3baa-4256-b207-f2119d7d465c,jsalas@example.org,DO,Michael,Rodriguez,Hematology,Seeking to join as a Oncology specialist,https://example.com/applications/b58eda95-7c79-4524-80f1-2864e2eda08f.jpg,"[""license_3939.pdf"", ""cv_3660.pdf""]",suspended,LIC120107,(978) 471-8426,,Approved,9667465e-a6a2-4a1e-8f78-706ee72d4762,2025-04-14T04:35:17.234394,2025-08-23T06:47:17.234398
a36fbb3c-1f23-470f-bd27-e903c6af265e,klawson@example.com,Dr.,David,Ochoa,Neurology,Seeking to join as a Endocrinology specialist,https://example.com/applications/9333d302-2327-47c2-897a-c22121b23e31.jpg,"[""license_3315.pdf"", ""cv_7693.pdf""]",inactive,LIC240444,(212) 247-1748,admin_002,Under review,4177922f-b1b2-4333-ad63-e6bf2a660f4d,2025-05-26T10:31:17.234637,2025-08-23T12:08:17.234642
baa1ff58-9f9d-4866-a5d4-cbb52a2d6c68,woodsjeremy@example.net,DO,Tammie,Rosales,Geriatrics,Seeking to join as a Pediatrics specialist,https://example.com/applications/e963fbc4-4820-45d9-b4bb-c88246e03479.jpg,"[""license_1073.pdf"", ""cv_3948.pdf""]",suspended,LIC445401,(813) 630-5165,admin_002,Approved,,2025-07-05T18:52:17.234938,2025-09-04T07:38:17.234943
c095e268-e8de-4d33-a097-689f1c62a14c,hallcarolyn@example.org,Dr.,Derek,Brady,Orthopedics,Seeking to join as a General Practice specialist,https://example.com/applications/408586f5-8bbf-4f2e-9e44-52dfdf0e4015.jpg,"[""license_5619.pdf"", ""cv_7915.pdf""]",inactive,LIC579997,(702) 929-8071,admin_002,Under review,,2025-05-09T06:56:17.235235,2025-08-26T12:35:17.235240
71f93156-c010-48f7-9a72-5a6184106b81,michaelharmon@example.org,Prof.,Brian,Cardenas,Geriatrics,Seeking to join as a Hematology specialist,https://example.com/applications/7a9e3d71-2730-4b1e-a1a2-9318f26476a5.jpg,"[""license_4946.pdf"", ""cv_1804.pdf""]",suspended,LIC404263,(443) 233-2007,admin_001,Needs additional documentation,,2025-06-05T01:55:17.235556,2025-08-26T08:39:17.235561
65efd206-15e5-4423-841c-f4c43ff01908,kristinaallen@example.org,Dr.,Tom,Burke,Pulmonology,Seeking to join as a Pediatrics specialist,https://example.com/applications/527166a1-9070-43cf-bf80-99920c4200c9.jpg,"[""license_6093.pdf"", ""cv_3782.pdf""]",pending_approval,LIC731543,(713) 353-1702,admin_002,Needs additional documentation,7fc1ab5a-0311-41db-b009-26849475abb6,2025-05-15T01:58:17.235878,2025-09-18T13:16:17.235887
e2d42844-4daa-45d1-a2ff-811adf82c9bb,blakesarah@example.net,Prof.,William,Campbell,Radiology,Seeking to join as a Orthopedics specialist,https://example.com/applications/6fd77df3-e6fa-4208-8d8f-f6699bb89868.jpg,"[""license_2884.pdf"", ""cv_2455.pdf""]",inactive,LIC235357,(424) 852-1518,admin_002,,,2025-06-14T10:54:17.236292,2025-08-30T12:38:17.236299
ec4cb9ea-f0bd-4bcc-a04e-d515ea0c2556,nkelly@example.net,PA,Mary,Olson,Oncology,Seeking to join as a Pulmonology specialist,https://example.com/applications/bdcdc8be-e9d3-4ebe-91db-074213ce21b3.jpg,"[""license_7144.pdf"", ""cv_1114.pdf""]",inactive,LIC964405,(815) 756-7099,,,,2025-03-27T20:06:17.236557,2025-08-31T16:52:17.236563
9797fbdf-b833-42e0-92dc-1c345d8c2f8e,jo03@example.org,Dr.,Brandy,Adams,General Practice,Seeking to join as a General Practice specialist,https://example.com/applications/fc921296-79ea-4e51-af70-740d46554da6.jpg,"[""license_7479.pdf"", ""cv_3523.pdf""]",active,LIC124654,(564) 810-4085,,,,2025-07-25T18:12:17.236801,2025-09-02T19:38:17.236806
6736a426-60f1-4914-95a2-c334fa8bdfbe,lori48@example.com,Prof.,Tricia,Mills,Pulmonology,Seeking to join as a Psychiatry specialist,https://example.com/applications/46f26ab6-0b3e-414b-9644-29a55ae46fa6.jpg,"[""license_9979.pdf"", ""cv_7426.pdf""]",active,LIC385990,(309) 378-9894,,Approved,,2025-07-06T10:34:17.237044,2025-08-24T22:59:17.237050
5ac32957-b40b-4d3c-b3e4-cae4a40aeeaa,robertsonlisa@example.com,Prof.,Diana,Gallegos,Oncology,Seeking to join as a Urology specialist,https://example.com/applications/0300f89d-5f25-424e-941a-6ae194fb31a6.jpg,"[""license_3633.pdf"", ""cv_9287.pdf""]",inactive,LIC885948,(586) 588-1163,admin_002,Under review,,2025-07-17T16:35:17.237364,2025-09-16T08:04:17.237370
2fb06640-9875-4fc4-ad29-185860cb73d7,sharon87@example.net,Prof.,Theresa,Molina,Dermatology,Seeking to join as a Pediatrics specialist,https://example.com/applications/36d49eab-e658-4388-8f9d-a4ca1137d123.jpg,"[""license_2078.pdf"", ""cv_2688.pdf""]",pending_approval,LIC517989,(618) 874-2098,admin_001,Approved,f4463e3f-699c-4ee7-9f67-8c47b0593046,2025-05-03T00:13:17.237606,2025-08-29T07:17:17.237612
b6c16486-ed5f-4761-bade-7179b7c0ddb5,david23@example.com,MD,Daniel,Richards,Psychiatry,Seeking to join as a Neurology specialist,https://example.com/applications/d6e93f15-b4df-46d1-b249-98576ea9da82.jpg,"[""license_7136.pdf"", ""cv_4848.pdf""]",active,LIC542231,(440) 506-2463,admin_001,,,2025-08-16T17:02:17.237834,2025-09-10T19:59:17.237839
3c61583c-b760-4823-b4d5-335132a9c947,webbkeith@example.com,DO,Tracy,Garcia,Oncology,Seeking to join as a Dermatology specialist,https://example.com/applications/75cde81b-fca9-49e6-b897-9ef79e0df625.jpg,"[""license_5614.pdf"", ""cv_8449.pdf""]",pending_approval,LIC769063,(475) 370-5135,admin_001,,,2025-09-03T19:46:17.238130,2025-09-06T06:04:17.238136
9d794901-6908-4b94-bf84-57f17c3979ed,holtthomas@example.com,NP,Ashley,Hall,Neurology,Seeking to join as a Pediatrics specialist,https://example.com/applications/f39da57e-1a0d-423c-a21d-ede93b0ed9a6.jpg,"[""license_7490.pdf"", ""cv_3654.pdf""]",inactive,LIC492470,(865) 703-1851,admin_002,,,2025-09-10T17:12:17.238419,2025-08-31T07:27:17.238424
ee7dcadd-5ba5-4a28-8259-52dffd4ddaf4,johnsonjennifer@example.com,NP,Sheila,Dickerson,Orthopedics,Seeking to join as a Dermatology specialist,https://example.com/applications/90c19103-34c3-496a-b10e-2ee5d4a4659e.jpg,"[""license_5042.pdf"", ""cv_2493.pdf""]",active,LIC240733,(574) 991-1946,admin_002,Approved,fcdb6a84-be33-4569-881d-a4739e490bd9,2025-06-07T11:16:17.238709,2025-09-06T00:29:17.238714
c0cdecc9-c35e-48c5-9a6f-675a62b57300,rose86@example.com,NP,Preston,Frazier,Pulmonology,Seeking to join as a Dermatology specialist,https://example.com/applications/5f97e947-e79f-4994-be51-d49fcd99ec9f.jpg,"[""license_6565.pdf"", ""cv_8209.pdf""]",inactive,LIC934922,(281) 313-7083,,Approved,,2025-06-06T01:47:17.238930,2025-08-27T07:59:17.238935
989e9ff0-4804-4fc5-aeb3-4e3672cd9484,timothynorman@example.net,PA,Emily,Tucker,Orthopedics,Seeking to join as a Radiology specialist,https://example.com/applications/217c7157-8ecd-414e-90ee-18a411fa9040.jpg,"[""license_8842.pdf"", ""cv_8671.pdf""]",inactive,LIC300879,(919) 999-3030,admin_001,Approved,,2025-06-07T06:30:17.239221,2025-09-11T02:15:17.239226
627bd39f-2222-44e9-8cb8-fb80e42dab48,ramosjeffery@example.com,Prof.,Nicholas,Bennett,Geriatrics,Seeking to join as a Endocrinology specialist,https://example.com/applications/74e8ca7a-0237-417a-8b5d-ab9eb4895d67.jpg,"[""license_3722.pdf"", ""cv_8964.pdf""]",active,LIC764385,(802) 816-8422,admin_001,Needs additional documentation,,2025-05-15T20:58:17.239533,2025-09-01T22:11:17.239539
11daeba8-6ed7-4093-ab75-a8e1a83a25e9,jbaker@example.org,PA,Jessica,Saunders,Gastroenterology,Seeking to join as a Dermatology specialist,https://example.com/applications/5dca903e-64ca-4035-94d9-6b2e4bf72e4b.jpg,"[""license_8924.pdf"", ""cv_1111.pdf""]",inactive,LIC395483,(225) 412-6928,admin_002,Approved,c48eb730-0193-485e-9b2d-50954fad17ff,2025-07-03T23:24:17.239777,2025-09-10T08:21:17.239781
e504ca66-dde8-4b28-aa9d-da7e2a59e73c,samuelwheeler@example.net,DO,Angela,Daniels,Cardiology,Seeking to join as a Neurology specialist,https://example.com/applications/7063df35-da57-4a31-aa87-7009fb5c328e.jpg,"[""license_2291.pdf"", ""cv_3035.pdf""]",suspended,LIC346388,(352) 592-7944,admin_002,Needs additional documentation,,2025-06-04T11:00:17.240108,2025-08-30T08:07:17.240113
b446f593-9689-4422-a5a1-625723139311,krystalgregory@example.net,DO,Danielle,Kelly,Cardiology,Seeking to join as a General Practice specialist,https://example.com/applications/2c7cb990-c7e2-451c-8e50-6c6ab3246320.jpg,"[""license_5884.pdf"", ""cv_7805.pdf""]",active,LIC326221,(929) 736-7749,,Approved,,2025-07-02T15:54:17.240400,2025-08-21T09:03:17.240405
c6dcf5a4-cb1a-4cc8-99aa-c44660c083c4,beverlyayala@example.org,Prof.,Colleen,Smith,Neurology,Seeking to join as a Cardiology specialist,https://example.com/applications/09549f03-70dc-4fc2-84f4-59527eb6f6ab.jpg,"[""license_7418.pdf"", ""cv_4611.pdf""]",inactive,LIC894872,(618) 592-3391,admin_001,Needs additional documentation,,2025-08-12T06:28:17.240689,2025-08-20T17:49:17.240694
6cfe1bfa-c19c-4774-bcb9-9ef1def59c33,timothy75@example.org,MD,Richard,Taylor,Radiology,Seeking to join as a Orthopedics specialist,https://example.com/applications/7f80d70e-1885-4346-bd7e-cd3a944c57f3.jpg,"[""license_6455.pdf"", ""cv_9469.pdf""]",pending_approval,LIC419729,(646) 465-4512,admin_001,Under review,ca2c570c-ad18-454c-b807-9614c7c86710,2025-06-20T04:33:17.240919,2025-08-22T23:56:17.240924
2abe1b35-8b97-45f1-b9d3-041e16753255,stacey03@example.net,DO,Hannah,Jordan,Neurology,Seeking to join as a Endocrinology specialist,https://example.com/applications/71ca64e4-fe64-4578-b476-2f262fce6687.jpg,"[""license_1113.pdf"", ""cv_9543.pdf""]",suspended,LIC387566,(919) 725-1334,admin_002,Approved,,2025-08-07T12:43:17.241141,2025-08-19T03:36:17.241146
c516f7fa-ba9c-495a-b297-3eb65b07baac,eharrison@example.com,NP,Joy,Simmons,Dermatology,Seeking to join as a Pediatrics specialist,https://example.com/applications/4dc92f24-3f99-4eed-a4c6-98454bd3c561.jpg,"[""license_5540.pdf"", ""cv_6906.pdf""]",inactive,LIC712878,(864) 920-9973,,,,2025-06-13T05:00:17.241384,2025-08-20T06:44:17.241389
b1a6e240-2c63-49b8-b2a6-03beecab3acc,wrightjohn@example.com,PA,Leslie,Green,Cardiology,Seeking to join as a Cardiology specialist,https://example.com/applications/426fe6a9-4e97-42ac-8c5b-e75eaa98142b.jpg,"[""license_6541.pdf"", ""cv_9704.pdf""]",suspended,LIC242622,(408) 298-6450,,Needs additional documentation,,2025-06-02T16:18:17.241674,2025-09-01T14:17:17.241679
78846321-96e3-4628-9b7a-ffd3c50eb2c8,katelynrobinson@example.org,DO,Olivia,Moore,Oncology,Seeking to join as a Urology specialist,https://example.com/applications/04997996-c519-473c-9e15-e78064b01f6c.jpg,"[""license_8790.pdf"", ""cv_8982.pdf""]",pending_approval,LIC693813,(518) 594-5403,admin_002,Approved,ab03a063-ed65-4018-8127-e212016b1516,2025-06-21T13:27:17.242013,2025-08-31T11:14:17.242019
5f5c3140-c759-4790-b21a-134100c1c899,john52@example.net,NP,Stephanie,Hines,Urology,Seeking to join as a Pediatrics specialist,https://example.com/applications/bedc4230-34e2-44a9-b73a-67ccfec0f069.jpg,"[""license_4352.pdf"", ""cv_6915.pdf""]",pending_approval,LIC494627,(213) 715-4870,,,d0efff39-ae1c-4c96-b483-cfcba7f80021,2025-08-13T16:03:17.242239,2025-08-29T01:11:17.242243
8e342efa-0502-4966-ad6a-19eb355911d8,boydamanda@example.com,NP,Helen,Sweeney,Pulmonology,Seeking to join as a Cardiology specialist,https://example.com/applications/959486d4-40c7-49fd-b60d-ae2de9048bce.jpg,"[""license_2700.pdf"", ""cv_1304.pdf""]",pending_approval,LIC668412,(270) 558-1032,,,804d5ef6-714b-4084-af84-2c2c31bf0420,2025-04-30T07:27:17.242532,2025-08-20T00:00:17.242538
a778c02d-8e01-4eb8-ac61-f41370e334ab,shobbs@example.net,PA,Jacob,Greene,Hematology,Seeking to join as a General Practice specialist,https://example.com/applications/b4679d6f-7286-47a5-be21-f645511ff778.jpg,"[""license_1344.pdf"", ""cv_9661.pdf""]",inactive,LIC466075,(814) 965-1430,,Approved,,2025-05-09T19:06:17.242776,2025-09-04T21:40:17.242781
3712bfb1-9886-49fd-84df-19fe34e7fa73,christine97@example.net,MD,Michelle,Davis,Rheumatology,Seeking to join as a Psychiatry specialist,https://example.com/applications/8ebfe4f3-4fb0-4480-b304-0c43b501b21c.jpg,"[""license_5857.pdf"", ""cv_3770.pdf""]",active,LIC808420,(712) 901-1537,admin_001,Needs additional documentation,df608f36-aecd-4124-9624-79cb012bf6b6,2025-05-22T09:01:17.243003,2025-08-29T19:09:17.243008
c6984f49-85ce-49a1-9030-600a911687b1,jessica37@example.com,Prof.,Kevin,Good,Cardiology,Seeking to join as a Cardiology specialist,https://example.com/applications/93ab896b-67e6-47af-80cd-3db718f7a315.jpg,"[""license_1351.pdf"", ""cv_6397.pdf""]",suspended,LIC708627,(641) 781-2852,,,,2025-05-30T18:45:17.243223,2025-08-30T01:06:17.243228
1a0995df-14a4-4752-99bd-69490e053950,johnstonrobert@example.net,Prof.,Benjamin,Hodges,Pediatrics,Seeking to join as a Hematology specialist,https://example.com/applications/e7cc9b71-69b4-4e0e-81ff-396a7073d87e.jpg,"[""license_4476.pdf"", ""cv_1514.pdf""]",active,LIC623370,(385) 251-1933,,,,2025-05-09T19:17:17.243515,2025-09-10T05:15:17.243520
73042814-1dd3-433a-b27a-28795678add1,vdavila@example.net,Dr.,Carlos,Collins,Pulmonology,Seeking to join as a Pediatrics specialist,https://example.com/applications/e31440c4-630d-47c9-bf17-de6b48a29631.jpg,"[""license_5968.pdf"", ""cv_6228.pdf""]",suspended,LIC108591,(989) 865-7241,admin_001,Under review,,2025-09-02T05:41:17.243758,2025-08-28T09:18:17.243763
babf8c77-1834-4924-8160-80f5c1dcd39b,cdavis@example.net,DO,Timothy,Hayes,Urology,Seeking to join as a Endocrinology specialist,https://example.com/applications/2883dd42-e121-4f63-9621-1f870b6ce632.jpg,"[""license_5656.pdf"", ""cv_8585.pdf""]",inactive,LIC906860,(973) 788-3376,,Under review,,2025-05-07T20:59:17.244004,2025-09-16T04:10:17.244009
7b53e9f4-4884-4eb8-8578-645d2d552988,cooperjamie@example.com,Prof.,James,Mcdaniel,Endocrinology,Seeking to join as a Cardiology specialist,https://example.com/applications/b1708615-4cee-4a06-823d-af05a88e3b59.jpg,"[""license_5277.pdf"", ""cv_6067.pdf""]",inactive,LIC895505,(412) 311-3800,admin_002,Needs additional documentation,f70321f6-1508-4ddd-a046-dab5b11ac1f2,2025-06-25T15:31:17.244296,2025-09-16T15:26:17.244301
35ffafb6-f71f-4e00-87e3-6eae71bccadb,nielsenapril@example.net,Dr.,Amber,Sweeney,Hematology,Seeking to join as a Endocrinology specialist,https://example.com/applications/366d9317-43f1-481c-bafa-ca1905333f8d.jpg,"[""license_4900.pdf"", ""cv_4072.pdf""]",suspended,LIC738745,(720) 386-7018,admin_001,,536d02bd-79e9-4424-b924-6ba80035b604,2025-09-18T01:27:17.244590,2025-08-21T17:18:17.244595
986abfff-a9f1-43b9-8a1e-bbf2ff6ffdb4,uburch@example.com,Prof.,Andrew,Patrick,Gastroenterology,Seeking to join as a Geriatrics specialist,https://example.com/applications/96ddb929-8fbe-421c-83e1-4b5bb287fe9c.jpg,"[""license_9297.pdf"", ""cv_4841.pdf""]",active,LIC778653,(609) 554-4453,admin_002,Needs additional documentation,32772c7d-6923-446d-a921-9f06dc796a4d,2025-04-26T08:23:17.244843,2025-08-23T11:04:17.244848
de458155-5887-467d-8f56-4ea84bfb8442,anthonyfoley@example.org,Dr.,Colleen,Ramirez,Orthopedics,Seeking to join as a Oncology specialist,https://example.com/applications/7f500159-a89e-47b9-a2b9-0392bf1aa861.jpg,"[""license_8242.pdf"", ""cv_8399.pdf""]",active,LIC788129,(330) 551-6838,,,eb035e26-b898-4e7d-aa83-56ff83294329,2025-06-25T03:40:17.245147,2025-08-30T02:17:17.245152
e463f2db-1937-41d5-ba96-d65fe37bc03a,zstanley@example.org,NP,Linda,Hurst,Rheumatology,Seeking to join as a Rheumatology specialist,https://example.com/applications/4d7dd86d-2ed7-43ab-9d25-d9da6e56e259.jpg,"[""license_2214.pdf"", ""cv_3113.pdf""]",active,LIC865347,(907) 878-4950,,Needs additional documentation,,2025-04-19T21:18:17.245397,2025-09-01T00:58:17.245402
37d3b862-c083-4247-b437-edd8fe66b144,hugheswilliam@example.org,MD,Erica,Coleman,Radiology,Seeking to join as a Psychiatry specialist,https://example.com/applications/b8f05589-9028-4b35-b138-0f61622395cb.jpg,"[""license_7300.pdf"", ""cv_5806.pdf""]",inactive,LIC296278,(402) 656-9385,,Needs additional documentation,,2025-06-01T17:44:17.245696,2025-08-30T06:36:17.245701
d6696727-8271-425d-89f7-8be1354a099b,wilsonjoseph@example.com,PA,Jesse,Wright,General Practice,Seeking to join as a Pediatrics specialist,https://example.com/applications/ad59a1c9-58e8-4188-bb82-ba45de5e2eb8.jpg,"[""license_7267.pdf"", ""cv_3071.pdf""]",active,LIC133222,(559) 646-4162,,Under review,bdbaafeb-0a69-4330-8b75-8fb5e3d9986c,2025-04-03T05:29:17.245999,2025-09-14T02:17:17.246005
ee8d3ba7-a0aa-42ea-a4e6-9a263c358e20,hcole@example.org,PA,Scott,Peters,General Practice,Seeking to join as a Dermatology specialist,https://example.com/applications/b7260617-c4eb-41d7-9fcb-67f4886c2108.jpg,"[""license_2824.pdf"", ""cv_8981.pdf""]",active,LIC492579,(832) 856-3575,admin_002,Under review,28a79064-c789-48ec-9546-dfab2b4783cf,2025-07-28T01:07:17.246249,2025-08-21T11:30:17.246255
b1464989-9b0a-4bdf-9bec-de4a29453644,andreajones@example.org,DO,Paul,Lamb,Gastroenterology,Seeking to join as a Geriatrics specialist,https://example.com/applications/f52638b5-060a-491a-bd84-b3485f7987aa.jpg,"[""license_6011.pdf"", ""cv_3228.pdf""]",suspended,LIC115330,(424) 302-5787,admin_002,Under review,048eac62-cc57-4183-a074-f89b6b8a60d4,2025-07-30T09:02:17.246554,2025-09-18T01:25:17.246559
2e6febe2-71c7-49f0-adbe-8cd5bef8ca47,martintracy@example.net,NP,Mary,Matthews,Cardiology,Seeking to join as a Neurology specialist,https://example.com/applications/89b0ec78-f5f9-4955-accd-1c22e5042ad4.jpg,"[""license_2164.pdf"", ""cv_6738.pdf""]",inactive,LIC162518,(614) 861-3484,admin_002,Needs additional documentation,,2025-06-28T11:17:17.246846,2025-08-28T23:26:17.246851
c300002e-52cc-4dc2-9269-4dd807bdede4,rhonda24@example.net,DO,Cindy,Abbott,Urology,Seeking to join as a Geriatrics specialist,https://example.com/applications/868734f5-5edb-4230-8c83-39ce94d5be5a.jpg,"[""license_6777.pdf"", ""cv_3132.pdf""]",suspended,LIC692992,(270) 834-5530,admin_001,Under review,afff8df4-764a-4557-aea6-c59f1693d6f2,2025-06-22T14:52:17.247073,2025-09-15T12:38:17.247078
8c2ec2d4-6950-4b40-9859-77d4abc8f53a,hjohnson@example.com,DO,Stephanie,Aguilar,Urology,Seeking to join as a Neurology specialist,https://example.com/applications/bebd67fa-7576-4321-b33e-e3dbee2e134e.jpg,"[""license_9212.pdf"", ""cv_2923.pdf""]",active,LIC116875,(712) 692-7024,admin_001,,,2025-07-15T22:35:17.247315,2025-08-29T13:33:17.247320
3311ebaa-bcdf-469b-80a9-242ebeebb215,nancy37@example.net,PA,Cory,Dominguez,Neurology,Seeking to join as a Gastroenterology specialist,https://example.com/applications/341d9f5d-44f5-4613-aa8c-8d56a935cebf.jpg,"[""license_7489.pdf"", ""cv_6956.pdf""]",inactive,LIC599226,(571) 221-7514,admin_001,Approved,,2025-05-10T10:40:17.247536,2025-08-30T08:53:17.247541
35ca82a5-1728-4d38-a014-d80e831b022c,jason63@example.org,Prof.,Jeremy,Mccarthy,Pulmonology,Seeking to join as a Gastroenterology specialist,https://example.com/applications/bfd2cd71-5d7e-44de-be81-3422d0513fe5.jpg,"[""license_9515.pdf"", ""cv_2653.pdf""]",active,LIC457134,(270) 646-7489,admin_002,,2473fd66-e8b7-4064-af4a-63c340da5f59,2025-08-07T13:21:17.247762,2025-08-29T14:37:17.247767
45a9cdfb-13be-48b7-9277-46286b95582c,bmaddox@example.com,Prof.,Alyssa,Richardson,General Practice,Seeking to join as a Psychiatry specialist,https://example.com/applications/31a5ffa4-359b-446b-b2a2-63945d91f3b8.jpg,"[""license_7874.pdf"", ""cv_1517.pdf""]",inactive,LIC426742,(641) 213-5810,admin_002,Needs additional documentation,3dec2c99-e59d-45d0-9515-d085e5d734f6,2025-06-11T20:21:17.248017,2025-08-23T23:26:17.248023
5f5ea71f-9087-4e82-8b89-40502b939877,jonathan14@example.net,PA,Lorraine,Graham,Pulmonology,Seeking to join as a Orthopedics specialist,https://example.com/applications/0c2664ef-dac7-483c-8c5b-9e9a15d23606.jpg,"[""license_2732.pdf"", ""cv_2214.pdf""]",active,LIC921106,(530) 658-7543,admin_001,Needs additional documentation,,2025-08-29T02:51:17.248244,2025-09-06T08:06:17.248249
60513fb9-efac-4112-8b6e-65a16278a94e,barry75@example.com,MD,Kevin,Smith,Neurology,Seeking to join as a Oncology specialist,https://example.com/applications/f3f52f22-172d-4ad1-bf3d-bc305017c0ce.jpg,"[""license_1056.pdf"", ""cv_4228.pdf""]",inactive,LIC608310,(458) 901-6695,,Under review,,2025-07-08T23:39:17.248470,2025-09-11T06:04:17.248475
791e9a35-a3b7-432d-84d7-5a7ba30f30d4,williamsroberto@example.org,MD,Brandon,Allen,General Practice,Seeking to join as a Geriatrics specialist,https://example.com/applications/16f77680-7d60-4405-a923-f767472bfc6b.jpg,"[""license_4172.pdf"", ""cv_9548.pdf""]",pending_approval,LIC561823,(681) 587-6256,admin_002,Under review,,2025-08-09T04:24:17.248766,2025-09-14T15:29:17.248770
e02acdce-b2fc-461e-93f0-67a2d665f496,amoore@example.net,Prof.,Sean,Braun,Orthopedics,Seeking to join as a Urology specialist,https://example.com/applications/530f17de-00dd-4a5b-bba6-652b7d55c593.jpg,"[""license_5921.pdf"", ""cv_3954.pdf""]",suspended,LIC337819,(934) 930-4630,admin_001,Under review,,2025-04-23T19:18:17.249011,2025-09-06T18:41:17.249016
06ff603f-c35c-4ab8-b557-19a25067d00a,kara42@example.com,Dr.,Joy,Thompson,Pediatrics,Seeking to join as a Pediatrics specialist,https://example.com/applications/04da6efc-2880-4df1-bc48-247c4f15854b.jpg,"[""license_1829.pdf"", ""cv_8656.pdf""]",active,LIC324408,(434) 954-6617,admin_001,Approved,,2025-03-21T17:17:17.249236,2025-08-26T15:31:17.249241
3513b0f4-339d-4adc-bfbd-241824e6aa73,wanda79@example.net,NP,Sandra,Newton,General Practice,Seeking to join as a Pulmonology specialist,https://example.com/applications/5ce15f88-7edd-4d2a-8a12-f284817a0675.jpg,"[""license_5619.pdf"", ""cv_2633.pdf""]",inactive,LIC344805,(936) 932-8271,admin_002,Needs additional documentation,3cc56c90-264a-47e9-bbfa-8b7694e1b91c,2025-07-01T18:42:17.249481,2025-09-12T11:26:17.249486
beb834bc-a7f2-47ac-b60b-b9efc3df0e57,danny97@example.net,PA,Carol,Kemp,Pediatrics,Seeking to join as a Hematology specialist,https://example.com/applications/4fcd9617-08d0-403f-af25-557debd6ae8e.jpg,"[""license_1312.pdf"", ""cv_2437.pdf""]",suspended,LIC253023,(217) 828-2544,admin_002,Needs additional documentation,,2025-04-24T01:00:17.249710,2025-09-09T15:22:17.249715
30fef66e-c248-45f7-b104-511d8d4333c4,victoria75@example.net,DO,James,Jenkins,Endocrinology,Seeking to join as a Rheumatology specialist,https://example.com/applications/8a553ded-4528-41f6-be3c-703bede294d2.jpg,"[""license_1329.pdf"", ""cv_4271.pdf""]",pending_approval,LIC988059,(704) 882-7524,admin_001,Needs additional documentation,,2025-04-03T07:47:17.249956,2025-09-01T02:48:17.249962
21a82f75-419f-4284-9219-b8a8ad5346a1,stephaniewashington@example.org,Dr.,Rachel,Murray,Dermatology,Seeking to join as a Endocrinology specialist,https://example.com/applications/900ca909-c809-4ae3-9e23-c85c6d762f2b.jpg,"[""license_3931.pdf"", ""cv_9310.pdf""]",inactive,LIC474757,(970) 220-7368,,Needs additional documentation,e16fa0d8-eaaf-44c9-af7b-e48d60d26581,2025-07-01T12:20:17.250270,2025-08-31T14:48:17.250275
e9a2ec44-e0cc-40d3-adf6-5d83eeb7c969,jacob92@example.com,Prof.,Renee,Franco,Endocrinology,Seeking to join as a Endocrinology specialist,https://example.com/applications/53c332ec-d5c1-4ab9-849d-ebc88f4dbf59.jpg,"[""license_4132.pdf"", ""cv_9785.pdf""]",suspended,LIC228651,(219) 988-2665,admin_001,,,2025-08-28T16:02:17.250502,2025-08-25T21:52:17.250507
7cfd86c2-e989-44cb-b69c-dab6285784e8,fsteele@example.com,PA,Deborah,Lawrence,Psychiatry,Seeking to join as a Geriatrics specialist,https://example.com/applications/2a91c699-d946-476f-935e-794c22ffb433.jpg,"[""license_5093.pdf"", ""cv_3245.pdf""]",active,LIC545068,(307) 508-5767,admin_002,Under review,819501bd-ee73-46cf-9d6f-068639d4dd78,2025-09-07T23:08:17.250753,2025-08-26T01:23:17.250758
8176ad1b-589a-4dce-883b-d519ffacb082,osmith@example.org,DO,David,Nguyen,Orthopedics,Seeking to join as a Cardiology specialist,https://example.com/applications/8131726e-ca6b-4ed4-b488-523e2c5d9ff4.jpg,"[""license_1780.pdf"", ""cv_4121.pdf""]",suspended,LIC583655,(351) 905-2273,admin_002,Under review,,2025-06-13T15:39:17.251009,2025-09-15T16:00:17.251015
cfa4187c-8e7b-43f5-883c-6c269a48b915,scottsylvia@example.org,PA,Thomas,Hebert,Dermatology,Seeking to join as a Endocrinology specialist,https://example.com/applications/c75b3129-cae7-4fe8-a76a-a7e7abf3a8df.jpg,"[""license_8202.pdf"", ""cv_6733.pdf""]",pending_approval,LIC503047,(973) 837-1166,admin_002,Needs additional documentation,,2025-04-07T05:51:17.251306,2025-09-08T15:26:17.251311
e35b9f3e-1ae6-4358-82e9-c23d3a620018,williamsdavid@example.org,Dr.,Michael,Finley,Rheumatology,Seeking to join as a Cardiology specialist,https://example.com/applications/2d136bb9-2d91-48fd-956d-f46f9f9d25db.jpg,"[""license_1939.pdf"", ""cv_5659.pdf""]",pending_approval,LIC952974,(727) 893-8257,admin_002,Needs additional documentation,,2025-07-25T06:27:17.251604,2025-08-25T09:10:17.251609
38f3f180-1831-4915-bea4-3d75bc1c7306,jmarshall@example.com,Dr.,Robert,Sanders,Geriatrics,Seeking to join as a Oncology specialist,https://example.com/applications/99a031da-ba1b-47be-9907-f9fc9f11f05f.jpg,"[""license_3296.pdf"", ""cv_7516.pdf""]",pending_approval,LIC263673,(917) 792-4828,admin_001,,,2025-05-05T21:25:17.251853,2025-08-22T06:35:17.251858
ae30b9f9-4330-4d75-9a9a-068136acc2e8,ewingnicole@example.net,PA,Kimberly,Smith,Urology,Seeking to join as a Geriatrics specialist,https://example.com/applications/16141ff4-ad56-4739-b7d3-1b4b586b2bdf.jpg,"[""license_1513.pdf"", ""cv_8083.pdf""]",suspended,LIC536289,(865) 394-3929,,Approved,5d768e74-e7d3-49b4-83b3-3bb51148744e,2025-03-28T15:29:17.252364,2025-08-24T00:36:17.252375
084dd5cf-1b26-4a7a-b2e2-4fd4d3bc8ce1,bgarcia@example.org,Dr.,Victoria,Moss,Oncology,Seeking to join as a Rheumatology specialist,https://example.com/applications/033b979f-63e2-43b5-a303-9da5f3138807.jpg,"[""license_6287.pdf"", ""cv_1976.pdf""]",suspended,LIC935271,(320) 270-7228,,Needs additional documentation,,2025-04-04T07:48:17.252645,2025-09-05T13:36:17.252651
3be731c1-b941-443e-b5bd-361d8e4d7ba5,wmarks@example.com,DO,Judith,Nguyen,Radiology,Seeking to join as a Pulmonology specialist,https://example.com/applications/38e4c585-21b1-4682-90ee-5ef7e8782bec.jpg,"[""license_3869.pdf"", ""cv_2512.pdf""]",pending_approval,LIC374164,(209) 535-5609,,Under review,b9047d0b-7b1e-4bb1-93ae-4c4c38240b1b,2025-08-22T19:56:17.253158,2025-08-25T17:48:17.253174
2f167da1-da0d-420a-9a15-ed413518e3db,ashleylawson@example.org,DO,Gregory,Horton,Geriatrics,Seeking to join as a Orthopedics specialist,https://example.com/applications/24e3a9b4-f60e-466d-ad75-b2e48377f515.jpg,"[""license_4945.pdf"", ""cv_4774.pdf""]",suspended,LIC522865,(331) 565-4434,,Needs additional documentation,a0ec71a7-ebdc-440e-ad40-491c48b99db9,2025-08-09T17:30:17.253993,2025-09-18T14:09:17.254009
12096100-f26c-4951-b5be-85164cd60b4c,tuckerjennifer@example.com,DO,Grace,Clark,General Practice,Seeking to join as a Pediatrics specialist,https://example.com/applications/5da508db-d07c-49c0-952a-20d59f2e5f33.jpg,"[""license_3433.pdf"", ""cv_2165.pdf""]",pending_approval,LIC843130,(727) 926-9566,,,3dec2c99-e59d-45d0-9515-d085e5d734f6,2025-04-30T18:57:17.254768,2025-08-23T15:47:17.254780
281397d2-c708-415b-a7d9-1a9e383d31ec,melaniegonzales@example.org,DO,Raymond,Fitzpatrick,Pulmonology,Seeking to join as a Radiology specialist,https://example.com/applications/a5cb5275-5cdf-4951-8395-4ac3c0134c16.jpg,"[""license_4907.pdf"", ""cv_4234.pdf""]",inactive,LIC450243,(407) 624-3035,admin_001,,,2025-05-27T14:13:17.255388,2025-09-13T09:04:17.255400
f9fa271d-05ba-45b8-a349-b1289a7f7874,fostertracey@example.org,Prof.,Joanna,Collins,Hematology,Seeking to join as a Gastroenterology specialist,https://example.com/applications/77d387b2-7d3d-43de-9600-c0283a36f93e.jpg,"[""license_5166.pdf"", ""cv_7790.pdf""]",inactive,LIC314040,(650) 874-3873,admin_002,Approved,,2025-08-27T15:53:17.256016,2025-09-15T11:31:17.256027
ee474d9a-100a-49cc-8ada-f8313d8e1d5b,wendy47@example.org,NP,Autumn,Flores,Geriatrics,Seeking to join as a Endocrinology specialist,https://example.com/applications/8b5d432d-c491-4715-bddf-256fa24eefb9.jpg,"[""license_9388.pdf"", ""cv_6975.pdf""]",active,LIC124213,(765) 861-7711,admin_002,Under review,766cd0f8-a53f-4417-b933-495c8816c520,2025-04-04T09:36:17.256470,2025-09-05T14:29:17.256480
2472b89e-19c8-4cae-a1b0-ba6755b5a5c1,patrick78@example.org,DO,Matthew,Brown,Neurology,Seeking to join as a General Practice specialist,https://example.com/applications/383dcf58-b698-48c5-8fa6-3f412c5cc0ba.jpg,"[""license_7277.pdf"", ""cv_8090.pdf""]",pending_approval,LIC414919,(720) 998-1960,admin_002,,a9aa66b1-ceac-4942-93f4-470de2ddb106,2025-05-10T22:38:17.256922,2025-09-06T20:43:17.256932
7e00083d-d1f4-4360-bdc7-e1cac84a5eb1,ryansmith@example.net,NP,Tina,Williams,General Practice,Seeking to join as a Cardiology specialist,https://example.com/applications/f7e199c5-1c47-4395-8de4-14724914eff1.jpg,"[""license_9279.pdf"", ""cv_6715.pdf""]",suspended,LIC501689,(725) 754-3930,,Approved,,2025-08-14T07:28:17.257505,2025-09-06T06:36:17.257515
01efd882-ab3c-4075-a598-a20e3cd60af0,antonio26@example.org,PA,Rebecca,Flores,Pediatrics,Seeking to join as a Oncology specialist,https://example.com/applications/bfc4b809-adfa-4431-8b23-5b9e1fb7aef0.jpg,"[""license_3249.pdf"", ""cv_2613.pdf""]",suspended,LIC231441,(240) 702-5970,admin_002,Under review,5b13bed1-dd0f-40e0-84e9-cf267b6cf1df,2025-04-01T18:13:17.257817,2025-08-28T04:24:17.257824
2e24e48d-eb9d-40d8-b92f-6b2cf57f3898,iperez@example.org,Prof.,John,Johnson,Gastroenterology,Seeking to join as a Pediatrics specialist,https://example.com/applications/138048c0-175b-401b-8421-bdc1abcdfa53.jpg,"[""license_2710.pdf"", ""cv_6635.pdf""]",inactive,LIC841077,(754) 759-1062,,Approved,,2025-08-30T04:37:17.258140,2025-09-10T23:32:17.258146
ec0ec21f-325b-48e4-a742-4bcb272e8ba3,breyes@example.com,Prof.,Laura,Powers,Endocrinology,Seeking to join as a Hematology specialist,https://example.com/applications/3b02718d-bb92-4683-b982-bbc0cc0f1549.jpg,"[""license_1085.pdf"", ""cv_1814.pdf""]",suspended,LIC157443,(463) 551-4239,admin_001,,,2025-05-05T03:05:17.258450,2025-09-05T06:29:17.258456
e7133432-05dd-4eeb-b052-886d996ebbba,nguyenjill@example.org,NP,Tara,Mitchell,Hematology,Seeking to join as a Neurology specialist,https://example.com/applications/6d039fcd-733e-445c-abbc-93065a8af1da.jpg,"[""license_1459.pdf"", ""cv_4664.pdf""]",active,LIC407625,(732) 200-9912,admin_001,Needs additional documentation,861f6a87-a14c-4f43-ada4-7d3123009a62,2025-08-05T09:58:17.258819,2025-09-16T03:56:17.258825
3fb065c6-47c2-4f6f-a238-49f354b9c976,holtrobert@example.net,Dr.,Joshua,Burton,Pediatrics,Seeking to join as a Rheumatology specialist,https://example.com/applications/8e566303-1b48-48cc-8bae-d03ccfaaaec8.jpg,"[""license_1047.pdf"", ""cv_1677.pdf""]",suspended,LIC811057,(445) 408-4211,admin_001,Approved,3ff6f3b3-f8f7-4a37-b939-471bf3dac4b1,2025-04-25T21:36:17.259190,2025-08-31T14:10:17.259197
93a4a4ce-05bb-43e9-b5cf-f3fbb0337b46,sierramason@example.com,PA,Joshua,Rogers,Neurology,Seeking to join as a Neurology specialist,https://example.com/applications/7957fac1-909c-488c-8d08-40a521fefd0a.jpg,"[""license_2421.pdf"", ""cv_1135.pdf""]",inactive,LIC408082,(636) 778-9801,admin_002,Under review,,2025-06-30T02:47:17.259561,2025-08-22T16:38:17.259570
5bd582e4-3993-41a9-af6a-12964ac66748,diazpamela@example.org,Prof.,Robin,Owens,General Practice,Seeking to join as a Gastroenterology specialist,https://example.com/applications/f7945736-20b3-42ef-86f8-927e061b766b.jpg,"[""license_8248.pdf"", ""cv_7716.pdf""]",pending_approval,LIC988947,(712) 558-5415,,,,2025-08-03T16:03:17.259944,2025-09-11T12:59:17.259951
735382be-452b-4f3b-a0cf-e07adc24aa43,shawn21@example.org,Prof.,Theresa,Stone,Gastroenterology,Seeking to join as a Neurology specialist,https://example.com/applications/a0ee042f-a8d0-412a-9f79-f4b1918bc519.jpg,"[""license_3405.pdf"", ""cv_4754.pdf""]",pending_approval,LIC825180,(386) 765-6667,admin_002,,,2025-07-25T03:36:17.260232,2025-08-20T12:13:17.260239
c659af08-c7d0-4482-962a-cac9112d4271,vphillips@example.com,NP,Nicholas,Drake,Pediatrics,Seeking to join as a Pediatrics specialist,https://example.com/applications/ddb30411-a9cf-4328-83bd-cd6ea851b50f.jpg,"[""license_8935.pdf"", ""cv_6053.pdf""]",active,LIC611139,(316) 416-9940,admin_001,,d145fd4b-a668-45bf-8bf0-006d5925d13c,2025-07-31T09:18:17.260585,2025-09-10T17:03:17.260591
02f7e597-7f18-491f-8705-82cfdce62820,johnsonalex@example.net,DO,Dennis,Rodriguez,General Practice,Seeking to join as a Radiology specialist,https://example.com/applications/4f9ddbaa-0cec-4448-8d60-3ca511f0b43d.jpg,"[""license_8690.pdf"", ""cv_8930.pdf""]",pending_approval,LIC338289,(878) 735-8164,,Under review,8b4c1ebd-9312-4d43-8924-2ec9e9668b80,2025-05-30T13:19:17.260898,2025-09-13T13:21:17.260903
a53ca82e-6863-4bd5-a53f-d7a5d9d95fe5,ksmith@example.net,Prof.,Michael,Diaz,Gastroenterology,Seeking to join as a Oncology specialist,https://example.com/applications/175b1776-e3f8-4b8d-859d-f294e88c6b93.jpg,"[""license_6103.pdf"", ""cv_9733.pdf""]",pending_approval,LIC386036,(832) 362-3476,admin_001,Approved,,2025-04-10T16:13:17.261129,2025-09-06T18:50:17.261133
26252707-bc7c-4106-881f-9e899a659fa3,zschmidt@example.com,Dr.,Sophia,Johnson,Pediatrics,Seeking to join as a Cardiology specialist,https://example.com/applications/84f73adf-b26d-4da8-ba52-9f4389e5a9e4.jpg,"[""license_1922.pdf"", ""cv_6004.pdf""]",active,LIC100551,(913) 833-8901,admin_001,Needs additional documentation,d6d38c68-4915-4b00-8043-a5254c67cdd6,2025-04-20T22:32:17.261378,2025-08-19T10:20:17.261384
5e8346ff-77e2-4c76-832b-b4159209127a,matthewnunez@example.net,NP,Keith,Martinez,Neurology,Seeking to join as a Pulmonology specialist,https://example.com/applications/c59f18fc-ac63-4b94-8b9b-62d837a64ef0.jpg,"[""license_2340.pdf"", ""cv_9321.pdf""]",active,LIC189793,(859) 542-9207,,Under review,402aac06-b115-4033-8021-9794a32999f0,2025-03-23T22:57:17.261659,2025-09-12T17:24:17.261664
82fbb2c0-a59a-432b-a2a5-56625af7e26e,urios@example.net,DO,Mary,Coffey,Pulmonology,Seeking to join as a Cardiology specialist,https://example.com/applications/29ddb59b-87b4-4170-ae67-1c5709af7f79.jpg,"[""license_1215.pdf"", ""cv_6668.pdf""]",pending_approval,LIC584306,(424) 492-2130,,Needs additional documentation,,2025-07-02T18:07:17.261900,2025-09-09T07:59:17.261905
c7c87971-4c2c-4831-8104-d15d31c6cb30,bwright@example.org,DO,Randy,Hernandez,Pulmonology,Seeking to join as a Urology specialist,https://example.com/applications/d0cc0538-9499-4b75-b5d3-facc12e6b891.jpg,"[""license_5501.pdf"", ""cv_1710.pdf""]",suspended,LIC179013,(724) 422-3354,admin_001,Under review,,2025-08-02T15:36:17.262132,2025-09-15T02:46:17.262137
357969d2-d9c6-485b-87f7-5afe9f82d60c,elizabeth15@example.org,NP,Austin,Wong,Radiology,Seeking to join as a Oncology specialist,https://example.com/applications/860109c7-2c82-45ca-85b2-6e6b06be21c7.jpg,"[""license_4144.pdf"", ""cv_9291.pdf""]",suspended,LIC673308,(360) 246-4611,admin_001,Needs additional documentation,,2025-06-17T14:37:17.262342,2025-09-12T12:04:17.262346
8323f3c8-ff79-42d6-b821-0fd095f40b48,xneal@example.org,MD,Timothy,Juarez,Hematology,Seeking to join as a Oncology specialist,https://example.com/applications/819de097-e1a0-4473-803d-d4dfb65d36b7.jpg,"[""license_3284.pdf"", ""cv_4724.pdf""]",inactive,LIC911443,(231) 219-6844,,,,2025-03-29T23:06:17.262573,2025-09-12T05:23:17.262578
5400944a-b08f-420d-97bf-ce689f92f989,brianna31@example.org,DO,Michelle,Gonzalez,Gastroenterology,Seeking to join as a Orthopedics specialist,https://example.com/applications/fc1aa836-9aa8-4553-ae7f-a70274e903c9.jpg,"[""license_4783.pdf"", ""cv_6031.pdf""]",pending_approval,LIC675617,(339) 308-1968,,,,2025-09-17T20:08:17.262785,2025-09-03T11:16:17.262789
8adf0b82-e60d-4642-9e6d-a0a439831cae,lindsay58@example.net,PA,Shawn,Gonzalez,Pediatrics,Seeking to join as a Neurology specialist,https://example.com/applications/7c46a24a-6200-4f7e-8259-e7232563fc7b.jpg,"[""license_3490.pdf"", ""cv_4873.pdf""]",suspended,LIC496232,(203) 378-1948,,,,2025-07-11T08:04:17.262998,2025-09-14T19:34:17.263003
dbc5073c-bd43-4ef8-adc8-1230fa7478be,khenderson@example.org,PA,Andrew,Jones,Oncology,Seeking to join as a General Practice specialist,https://example.com/applications/569fe3c0-a137-4a3a-9f4b-07b41fd5b0c6.jpg,"[""license_9277.pdf"", ""cv_1325.pdf""]",pending_approval,LIC894362,(434) 868-5134,admin_002,Needs additional documentation,,2025-08-15T02:16:17.263229,2025-08-24T01:12:17.263234
8cc92e13-fff9-45c9-b1e4-1a9aacb9efef,sandersfelicia@example.org,PA,James,Adams,Neurology,Seeking to join as a Neurology specialist,https://example.com/applications/393b073d-1467-4a29-8cc3-3540e087072a.jpg,"[""license_9726.pdf"", ""cv_5702.pdf""]",suspended,LIC708591,(531) 497-7420,,,,2025-07-31T01:09:17.263511,2025-09-06T13:51:17.263516
2ec9f891-5b3a-4bd1-94a5-d2b711c8cd12,pcarrillo@example.org,Dr.,Luis,Mays,Endocrinology,Seeking to join as a General Practice specialist,https://example.com/applications/e31d352e-3e87-4fcf-800a-ebb4e81dbfce.jpg,"[""license_3855.pdf"", ""cv_8604.pdf""]",inactive,LIC542095,(646) 847-1485,admin_002,Needs additional documentation,,2025-08-12T22:52:17.263749,2025-08-21T12:15:17.263758
b5903bb9-c749-49a3-b0f6-0d8796bb7deb,rebecca70@example.net,Prof.,Lisa,Anderson,Cardiology,Seeking to join as a Rheumatology specialist,https://example.com/applications/e24421d5-8983-453f-a7d0-43e23bad7c2e.jpg,"[""license_7942.pdf"", ""cv_8994.pdf""]",active,LIC875950,(515) 724-1779,admin_001,Approved,,2025-08-26T16:10:17.263971,2025-09-18T12:56:17.263975
b27fc5b0-f78a-4a77-8481-82adaf10481d,rodriguezallison@example.org,DO,Erica,Davis,Hematology,Seeking to join as a General Practice specialist,https://example.com/applications/b1418b58-2afd-4d8e-96d4-5c8309227137.jpg,"[""license_4182.pdf"", ""cv_6346.pdf""]",active,LIC106852,(864) 781-1289,,Approved,,2025-04-20T18:20:17.264248,2025-08-28T17:46:17.264252
bb221851-0900-40fa-a5b8-3bf6a68ca749,gilbertamanda@example.org,PA,Gary,Le,Rheumatology,Seeking to join as a Endocrinology specialist,https://example.com/applications/30ceb597-19cd-4022-9576-9ca711d4dbed.jpg,"[""license_9103.pdf"", ""cv_2109.pdf""]",suspended,LIC393716,(507) 549-6997,admin_001,Approved,,2025-05-16T04:29:17.264522,2025-08-29T20:21:17.264526
b60f2500-dfab-41e5-8d84-7c0114091fab,john48@example.net,NP,Kim,Peters,Cardiology,Seeking to join as a Rheumatology specialist,https://example.com/applications/08166348-25cc-46a0-8a28-a017a3538673.jpg,"[""license_4716.pdf"", ""cv_5704.pdf""]",suspended,LIC492322,(339) 968-9149,admin_001,Needs additional documentation,,2025-05-03T03:12:17.264732,2025-09-01T21:02:17.264736
d62b44ea-9851-4f82-9576-0fcd8270c348,pachecopatricia@example.net,Dr.,Kathy,Lin,Gastroenterology,Seeking to join as a Neurology specialist,https://example.com/applications/f2d46763-3779-495b-9587-f661712747d6.jpg,"[""license_8823.pdf"", ""cv_1928.pdf""]",pending_approval,LIC113398,(920) 337-3183,admin_002,Needs additional documentation,,2025-03-26T06:46:17.265006,2025-09-06T13:06:17.265011
68878b20-3ccd-4341-a21b-d68e3c8ececb,alansmith@example.org,PA,Daniel,Webster,Urology,Seeking to join as a General Practice specialist,https://example.com/applications/fbe1329a-996a-4d08-81d2-83d10feb6363.jpg,"[""license_8392.pdf"", ""cv_6744.pdf""]",pending_approval,LIC581349,(217) 259-6534,admin_002,Approved,,2025-06-06T18:00:17.265285,2025-09-03T11:31:17.265289
ce72d3d7-8c0b-4d7a-b8f8-718ba2cd8e60,riveradestiny@example.net,NP,Mario,Weaver,Rheumatology,Seeking to join as a Geriatrics specialist,https://example.com/applications/f74ad518-3cc1-4086-b048-ea73ff44b372.jpg,"[""license_1503.pdf"", ""cv_2234.pdf""]",pending_approval,LIC415148,(534) 296-2538,admin_002,,7f73a054-5291-418d-94f0-fd212224cb06,2025-06-29T17:49:17.265563,2025-09-05T14:45:17.265568
b133f640-babf-4d42-9ff3-fd380f813185,leejustin@example.org,Dr.,Bobby,Martinez,General Practice,Seeking to join as a Hematology specialist,https://example.com/applications/d86deb85-fea3-47f7-bae2-ed49841ef8a1.jpg,"[""license_5292.pdf"", ""cv_3839.pdf""]",inactive,LIC665462,(772) 224-2854,admin_001,Needs additional documentation,,2025-03-26T22:02:17.265849,2025-08-23T20:45:17.265854
b5bf1498-05dd-4a04-a691-414f36442fe5,nealpatricia@example.com,Prof.,Matthew,Johnson,Dermatology,Seeking to join as a Pediatrics specialist,https://example.com/applications/ed33d702-865d-4d10-a0aa-7a19bd674bc2.jpg,"[""license_8463.pdf"", ""cv_6146.pdf""]",suspended,LIC227920,(669) 740-2079,admin_002,Needs additional documentation,,2025-05-31T16:39:17.266126,2025-09-17T14:05:17.266131
bb6cfdcb-4c4d-42a7-879e-98a8b9b17cc6,matthewmay@example.net,DO,Nicholas,Rush,Dermatology,Seeking to join as a Orthopedics specialist,https://example.com/applications/ec45b12c-1369-4f23-bf3c-50b1dae066ef.jpg,"[""license_9951.pdf"", ""cv_4655.pdf""]",active,LIC124569,(475) 387-9122,admin_001,Needs additional documentation,,2025-07-20T02:47:17.266407,2025-08-21T01:00:17.266412
e1adf0e0-821c-4cc4-a34f-f5894192b029,walterssuzanne@example.org,NP,Madison,Reynolds,Endocrinology,Seeking to join as a Gastroenterology specialist,https://example.com/applications/00e6e1bf-7479-4538-a936-9f1190162cfe.jpg,"[""license_8169.pdf"", ""cv_4388.pdf""]",inactive,LIC168424,(314) 329-3376,admin_001,,,2025-07-27T10:34:17.266687,2025-09-18T01:18:17.266692
ce9d3be7-7f6d-4b14-9639-7dc73753ca93,acarroll@example.org,PA,Yvonne,Davis,Dermatology,Seeking to join as a Neurology specialist,https://example.com/applications/0ae51975-71f5-4fd5-83f1-5802fef2ee94.jpg,"[""license_8893.pdf"", ""cv_3509.pdf""]",inactive,LIC554706,(216) 205-6353,admin_001,Needs additional documentation,,2025-07-27T01:07:17.266920,2025-09-02T00:39:17.266924
e1ca52e8-e406-4e3e-9270-9ed2adeeca39,martinstephanie@example.com,MD,Pamela,Yu,Orthopedics,Seeking to join as a Endocrinology specialist,https://example.com/applications/9cafcf81-2857-487e-8f21-0b54ff9bec51.jpg,"[""license_6294.pdf"", ""cv_1178.pdf""]",active,LIC599098,(817) 376-3814,,Approved,b9047d0b-7b1e-4bb1-93ae-4c4c38240b1b,2025-06-29T00:57:17.267201,2025-08-23T22:53:17.267206
ba191d36-1158-4f11-b376-c341b3e6b84e,jparsons@example.net,NP,Rebecca,Estes,Oncology,Seeking to join as a Cardiology specialist,https://example.com/applications/bacf2e42-2564-4119-bab0-edf1633f7d18.jpg,"[""license_6838.pdf"", ""cv_2385.pdf""]",pending_approval,LIC615265,(479) 618-7402,admin_001,Under review,00b5c8b6-85ab-483e-89c4-f4c29e12255d,2025-08-02T20:21:17.267474,2025-08-22T18:35:17.267483
8bbfcc7c-fe8e-4c3a-842b-003b2b110ab9,ashlee36@example.org,Prof.,Danny,Thornton,Rheumatology,Seeking to join as a Orthopedics specialist,https://example.com/applications/0c31819d-475c-45f2-88af-9e3f78edf603.jpg,"[""license_2648.pdf"", ""cv_3300.pdf""]",inactive,LIC967627,(212) 821-6130,admin_002,Approved,,2025-04-29T16:56:17.267823,2025-09-16T22:27:17.267831
e6c754c0-2576-4207-93a6-3597a597e097,christy84@example.net,DO,Brett,Meyers,Psychiatry,Seeking to join as a Pulmonology specialist,https://example.com/applications/f30461e2-e2ca-4d99-89b8-ebc20c757db9.jpg,"[""license_1754.pdf"", ""cv_6748.pdf""]",suspended,LIC840095,(251) 567-3723,admin_001,Under review,2c9eefcc-69a0-4049-bd11-5045035665a4,2025-05-31T02:38:17.268045,2025-09-02T09:51:17.268049
c6b113e1-f1f4-4eaf-8d2b-f0915dc527a8,boonepaul@example.net,Prof.,Rachel,Ramsey,Pediatrics,Seeking to join as a Endocrinology specialist,https://example.com/applications/437f36b0-1509-43bb-82b8-ae3b3d983d51.jpg,"[""license_7558.pdf"", ""cv_5467.pdf""]",active,LIC563879,(401) 310-2517,admin_001,Approved,,2025-08-28T15:05:17.268324,2025-08-26T23:26:17.268329
db17cce8-87b6-4d15-9b68-0322321251a3,ramseyjordan@example.com,Dr.,Edgar,Sanchez,Cardiology,Seeking to join as a Pulmonology specialist,https://example.com/applications/057a2f70-7de0-4eb4-b257-191767aa998c.jpg,"[""license_3461.pdf"", ""cv_3221.pdf""]",suspended,LIC883297,(972) 395-6257,admin_001,,,2025-04-25T22:25:17.268610,2025-08-20T05:42:17.268615
ba285b9e-4131-4342-9bef-e6ca14a4807e,tyler16@example.com,Dr.,Mike,Schmitt,Pulmonology,Seeking to join as a Geriatrics specialist,https://example.com/applications/ad5d7c19-36f9-4c34-b9d1-488b54b49144.jpg,"[""license_8905.pdf"", ""cv_2056.pdf""]",pending_approval,LIC540354,(985) 978-3559,admin_001,Under review,,2025-08-23T04:35:17.268824,2025-08-21T19:32:17.268829
af888247-428b-41c0-87b4-99883fe482f2,clarkjustin@example.net,MD,Michael,Jefferson,Cardiology,Seeking to join as a Pediatrics specialist,https://example.com/applications/7c7eedd2-4810-46e4-9a82-9df8ea631262.jpg,"[""license_5215.pdf"", ""cv_3350.pdf""]",active,LIC322319,(909) 355-8129,admin_001,,,2025-08-30T02:20:17.269100,2025-09-17T11:21:17.269104
528411bb-c640-4c98-bf7a-f8c2fdbacfdd,joe89@example.net,PA,Cindy,Atkinson,Psychiatry,Seeking to join as a Radiology specialist,https://example.com/applications/b367d1bb-97a5-4eee-b83c-704307d856b8.jpg,"[""license_4844.pdf"", ""cv_5505.pdf""]",suspended,LIC774119,(806) 501-7506,admin_001,Under review,dad3f823-4f81-4e6c-87a1-86418150937c,2025-08-12T22:45:17.269313,2025-09-05T01:55:17.269318
b1c66850-0aca-4472-a069-e49062f35892,sandersmichael@example.net,Prof.,Karen,Roberts,General Practice,Seeking to join as a Psychiatry specialist,https://example.com/applications/87bd1339-a57f-4234-a1fd-bbe4725c9b66.jpg,"[""license_5334.pdf"", ""cv_8193.pdf""]",suspended,LIC527732,(410) 921-1975,admin_001,Needs additional documentation,,2025-06-18T05:23:17.269596,2025-09-11T06:23:17.269601
7cc76f80-6123-451b-bae0-c740c0fde1c7,james22@example.org,Dr.,Paul,Hutchinson,Hematology,Seeking to join as a Neurology specialist,https://example.com/applications/23a1384d-94b3-4bb0-b58b-9863c1a00ae9.jpg,"[""license_7558.pdf"", ""cv_6282.pdf""]",active,LIC481282,(930) 964-5027,admin_001,,,2025-08-27T15:43:17.269820,2025-09-16T18:03:17.269824
15e239d4-5d73-406a-b8cd-8f3b301ec6ef,patricia87@example.com,Prof.,Andrew,Ferrell,Psychiatry,Seeking to join as a Geriatrics specialist,https://example.com/applications/ef1e32c5-eb1b-4d00-a2e3-c43b4f1b732a.jpg,"[""license_7117.pdf"", ""cv_8998.pdf""]",suspended,LIC425782,(564) 411-2886,admin_002,Approved,,2025-05-20T17:22:17.270038,2025-09-07T13:07:17.270043
4d9fbf84-e43a-4939-8c9c-0326a6e1d49c,ngarcia@example.net,Prof.,Jonathan,Rangel,Orthopedics,Seeking to join as a Orthopedics specialist,https://example.com/applications/5a56872b-0e82-4636-af0e-d00cc208edec.jpg,"[""license_6148.pdf"", ""cv_5100.pdf""]",pending_approval,LIC470029,(858) 590-8086,,,,2025-06-04T03:39:17.270293,2025-08-20T15:30:17.270298
583ca8d9-79b9-4b89-9867-1e6945f700f3,tracy58@example.com,PA,Michelle,Diaz,Urology,Seeking to join as a Psychiatry specialist,https://example.com/applications/8ee3242a-8841-430d-b13f-dcd4604d758e.jpg,"[""license_8153.pdf"", ""cv_8595.pdf""]",active,LIC868290,(972) 890-6897,,Under review,,2025-07-03T16:55:17.270511,2025-08-31T00:18:17.270516
236f389e-7b18-4051-8cbc-79567ca66fe1,melissa39@example.org,Dr.,David,Reese,Pulmonology,Seeking to join as a Cardiology specialist,https://example.com/applications/6a34d2b5-2cd0-4741-be59-f0115664d931.jpg,"[""license_1090.pdf"", ""cv_4361.pdf""]",active,LIC750602,(628) 799-3506,admin_001,Approved,8d0c200a-63ba-4231-b5b8-19e23ba8d058,2025-06-07T19:01:17.270729,2025-09-14T06:51:17.270733
b31859a0-1476-4c0a-a29d-ce6c1523e4f3,miguelschultz@example.com,PA,Larry,Brandt,Radiology,Seeking to join as a Pulmonology specialist,https://example.com/applications/5552bd4b-9722-4958-bca7-0475c57520a3.jpg,"[""license_8669.pdf"", ""cv_3303.pdf""]",suspended,LIC544980,(309) 251-8438,admin_001,Approved,,2025-06-18T14:15:17.271011,2025-08-19T00:49:17.271016
01022426-fa91-47f0-8f26-bb940d9abf84,wrobertson@example.net,Dr.,Mary,Leonard,General Practice,Seeking to join as a Pediatrics specialist,https://example.com/applications/372ca4e0-b2f7-4737-80d1-1a8788fb29d2.jpg,"[""license_7777.pdf"", ""cv_1102.pdf""]",suspended,LIC515713,(979) 767-4844,admin_002,Approved,92f25d81-8029-4620-a305-11d0fbf011ff,2025-05-22T02:20:17.271260,2025-08-29T02:15:17.271266
20e477a7-2dde-4e9d-b904-0a79f38573ea,alexissalazar@example.com,PA,Amy,Hicks,Dermatology,Seeking to join as a Urology specialist,https://example.com/applications/51c7dd49-c81d-460d-9884-95ff68399b9b.jpg,"[""license_3846.pdf"", ""cv_3022.pdf""]",active,LIC795477,(203) 851-3192,admin_002,Under review,2fbbc5f2-4123-4522-b506-09b5aa866ff4,2025-06-20T15:01:17.271549,2025-09-06T17:55:17.271554
b08a2051-900a-457b-89fc-fa544dabcf5d,elizabeth96@example.org,Prof.,Oscar,Gonzalez,Pulmonology,Seeking to join as a Psychiatry specialist,https://example.com/applications/aa9c768d-8aeb-42f7-bc60-d2412f8f46eb.jpg,"[""license_6284.pdf"", ""cv_3330.pdf""]",suspended,LIC823710,(949) 468-4031,admin_001,Needs additional documentation,,2025-07-07T08:09:17.271770,2025-09-04T21:19:17.271775
f2b2b5e4-795b-4622-ae37-edf450913cb4,dominicperry@example.org,Prof.,Stephanie,Graham,Dermatology,Seeking to join as a Urology specialist,https://example.com/applications/20532e3f-751f-471f-a200-bff7fb03c619.jpg,"[""license_9391.pdf"", ""cv_5247.pdf""]",inactive,LIC683339,(239) 453-7314,admin_002,Approved,5e84306a-de2a-4a83-8316-30408456b339,2025-08-19T14:12:17.272057,2025-08-24T21:56:17.272062
dcd5b598-72d0-402a-89c9-10946226bfe1,jerry41@example.net,PA,Christopher,Thompson,Pediatrics,Seeking to join as a Urology specialist,https://example.com/applications/204f261d-5589-4f0e-bdc6-df65d4cba6f7.jpg,"[""license_6566.pdf"", ""cv_9337.pdf""]",suspended,LIC332862,(505) 762-7000,admin_002,,57fcc990-d93c-4475-b152-5693ecf8b639,2025-06-02T14:08:17.272309,2025-08-19T08:31:17.272314
4dcfc2c4-cb4d-4b1e-80cd-2f6a212d742b,tammy78@example.net,Prof.,Jamie,Stevenson,Oncology,Seeking to join as a Orthopedics specialist,https://example.com/applications/3758242e-1f77-4d1a-a215-0b2c5bbdb8b0.jpg,"[""license_2867.pdf"", ""cv_8136.pdf""]",active,LIC149635,(815) 310-8149,,,2de8534d-195f-468e-a47b-3f7e6895b5eb,2025-08-16T15:46:17.272526,2025-08-18T19:42:17.272531
fb60a6b0-d9fb-47e8-abff-b826a99402d9,patriciasmith@example.com,DO,Kimberly,Johnson,Oncology,Seeking to join as a General Practice specialist,https://example.com/applications/6de78e79-390f-40c3-96d5-7171b2d66570.jpg,"[""license_5711.pdf"", ""cv_2672.pdf""]",suspended,LIC128899,(725) 629-5203,admin_001,Needs additional documentation,,2025-09-03T14:43:17.272812,2025-09-12T12:56:17.272817
728cedce-f69c-4b94-972f-a21ef54816c9,fisheranne@example.com,Prof.,Tyler,Gregory,Gastroenterology,Seeking to join as a Geriatrics specialist,https://example.com/applications/a18b677f-85b5-4832-b3d5-30561a34da6b.jpg,"[""license_1630.pdf"", ""cv_5033.pdf""]",inactive,LIC772555,(469) 384-4819,,Needs additional documentation,,2025-07-26T13:38:17.273098,2025-08-24T09:03:17.273103
b8af95f2-27da-4e17-9789-b4eaf978612d,kguerrero@example.com,PA,Mikayla,Smith,Endocrinology,Seeking to join as a Neurology specialist,https://example.com/applications/25706f47-1c3e-4f1c-be38-9692fe38f933.jpg,"[""license_2112.pdf"", ""cv_5713.pdf""]",inactive,LIC322504,(443) 949-7474,admin_001,Needs additional documentation,,2025-07-19T19:55:17.273334,2025-09-13T09:24:17.273338
8eab95d0-9d55-4253-b358-d3bcb5bfb02a,elizabeth41@example.net,DO,Joseph,Walker,Geriatrics,Seeking to join as a Endocrinology specialist,https://example.com/applications/dbf297d8-33d4-4c73-af44-53ce8fb94558.jpg,"[""license_7826.pdf"", ""cv_9095.pdf""]",active,LIC928580,(845) 759-2570,admin_002,Needs additional documentation,,2025-08-16T15:15:17.273550,2025-08-24T13:41:17.273554
890fa118-d077-42d2-8cf8-29104b10e744,johnsonjay@example.org,PA,Julian,Wright,Neurology,Seeking to join as a Rheumatology specialist,https://example.com/applications/2216bf77-f2f7-4b97-bdd7-500e734c29d8.jpg,"[""license_8672.pdf"", ""cv_3139.pdf""]",active,LIC219550,(220) 656-9095,admin_001,,ca60a510-a128-4071-871b-0abfb500e7ed,2025-03-21T22:09:17.273845,2025-08-26T03:14:17.273850
8fa9a99f-1feb-4d7c-8b66-9f9e731972d3,vmassey@example.com,Prof.,Jill,Martinez,Urology,Seeking to join as a Gastroenterology specialist,https://example.com/applications/379d89b5-538e-4090-a373-2a30fe08298e.jpg,"[""license_1248.pdf"", ""cv_4914.pdf""]",inactive,LIC204899,(612) 317-6075,,,,2025-08-26T08:56:17.274090,2025-09-06T04:30:17.274095
9fe16fed-b6e3-4c2d-a07a-1b87b4aaa9f2,beasleyrobert@example.com,PA,Tammy,Gates,Hematology,Seeking to join as a Rheumatology specialist,https://example.com/applications/9af07dfa-d872-431c-bc99-f540a5d4d397.jpg,"[""license_1626.pdf"", ""cv_5964.pdf""]",active,LIC920223,(612) 822-5191,admin_001,,445f9c93-ecda-4d06-8f23-f950f6cb3116,2025-04-24T07:18:17.274383,2025-09-03T05:13:17.274388
2f1da89e-89e9-48ef-a666-13dbd58a894f,ibrewer@example.org,MD,Susan,Scott,General Practice,Seeking to join as a Radiology specialist,https://example.com/applications/d041bec9-9561-44ac-915e-68bfbf279757.jpg,"[""license_3150.pdf"", ""cv_3554.pdf""]",inactive,LIC291687,(936) 567-1772,admin_001,Needs additional documentation,71b1d3b0-97dc-491a-ac89-0ee2eeb48d19,2025-05-26T03:17:17.274626,2025-09-06T12:15:17.274631
9b7b4deb-d931-4f14-976b-ec1e2c2e45e3,phillipsandrea@example.net,PA,Jennifer,Davis,Dermatology,Seeking to join as a Psychiatry specialist,https://example.com/applications/f6820318-7923-4152-9f53-3a51f0d728c6.jpg,"[""license_1371.pdf"", ""cv_1224.pdf""]",active,LIC120528,(361) 264-5002,admin_001,Needs additional documentation,,2025-06-10T14:30:17.274916,2025-09-12T12:39:17.274921
c0ebf2f8-463a-4d13-8830-1ede9d8ee18e,phillipsparks@example.net,DO,John,Harmon,Hematology,Seeking to join as a Neurology specialist,https://example.com/applications/2ff7856f-f16e-4650-baf6-099f57fc9116.jpg,"[""license_4418.pdf"", ""cv_4097.pdf""]",active,LIC233797,(912) 926-8174,admin_002,Approved,,2025-08-23T07:19:17.275206,2025-09-16T13:15:17.275211
aeb8bbfe-0b0e-4447-a979-fffe263f3dc5,wfloyd@example.com,MD,Amy,Harrison,Dermatology,Seeking to join as a Hematology specialist,https://example.com/applications/def7095d-c470-48d4-90b3-2f5bfaa05970.jpg,"[""license_6779.pdf"", ""cv_9361.pdf""]",active,LIC299747,(915) 205-9843,admin_002,,93698985-970d-45fe-8666-009d46d3f1c9,2025-06-04T15:15:17.275448,2025-08-27T18:36:17.275453
f571d03c-4b2d-4057-9e9e-40341646f4cd,douglas53@example.net,Prof.,Dawn,Lopez,Pulmonology,Seeking to join as a Neurology specialist,https://example.com/applications/b2eaa879-33aa-4fbf-b003-0003c165a416.jpg,"[""license_2523.pdf"", ""cv_8623.pdf""]",inactive,LIC342274,(563) 686-9784,admin_001,Approved,,2025-08-10T20:28:17.275672,2025-09-04T14:05:17.275677
01ccd48d-4282-4880-9317-2f7050b814aa,josephward@example.com,PA,Jeremy,Gilbert,Radiology,Seeking to join as a Dermatology specialist,https://example.com/applications/bd4f4e71-5d97-4143-8289-645c36ba3227.jpg,"[""license_9214.pdf"", ""cv_9848.pdf""]",inactive,LIC648188,(475) 411-3576,,Under review,,2025-07-20T13:58:17.275969,2025-08-29T13:44:17.275975
e438576f-19ef-48dc-8032-e84755f0384d,xbryant@example.com,DO,Thomas,Carrillo,Orthopedics,Seeking to join as a Hematology specialist,https://example.com/applications/0425e496-97f6-48ea-aea8-a2e56dcf8e44.jpg,"[""license_4371.pdf"", ""cv_8730.pdf""]",suspended,LIC972924,(631) 635-3657,admin_002,,41164de2-2697-47be-be9b-6d6c57382bd6,2025-05-09T04:14:17.276214,2025-09-01T20:06:17.276219
a65f8bbf-49d8-4197-bc9d-f018e31fe37c,barrettadriana@example.com,MD,Emily,Williams,Orthopedics,Seeking to join as a Psychiatry specialist,https://example.com/applications/8b1b49a6-c88f-4f07-9b66-bc663764c63b.jpg,"[""license_4612.pdf"", ""cv_6595.pdf""]",pending_approval,LIC600875,(920) 915-1904,admin_001,Under review,,2025-09-02T09:22:17.276504,2025-09-18T14:22:17.276509
7567d7b5-6fdf-48d6-b71c-12e04f676340,alicia60@example.org,DO,Jacob,Garcia,Hematology,Seeking to join as a Neurology specialist,https://example.com/applications/4cc1ee11-f1db-4097-815c-f1f4e6d0cc73.jpg,"[""license_2695.pdf"", ""cv_9614.pdf""]",active,LIC337584,(631) 792-6273,admin_002,Under review,,2025-07-22T17:14:17.276731,2025-09-11T23:16:17.276736
908495ed-1cbe-46eb-aa07-ef30433a1599,brandifoster@example.net,DO,Jennifer,Lopez,Oncology,Seeking to join as a Geriatrics specialist,https://example.com/applications/b1603dcc-6daa-4311-8874-1c0da9c73a61.jpg,"[""license_6352.pdf"", ""cv_7827.pdf""]",inactive,LIC814849,(916) 378-3613,admin_001,Under review,,2025-05-15T12:39:17.277031,2025-09-18T14:58:17.277036
479bb2fd-091a-4fdf-bff3-d8ec711658c9,gregory04@example.com,DO,Tracy,Collier,Psychiatry,Seeking to join as a Hematology specialist,https://example.com/applications/915f8b6c-63e0-4b97-aab8-baead09abfb7.jpg,"[""license_5833.pdf"", ""cv_8615.pdf""]",active,LIC302010,(610) 315-7295,admin_002,,,2025-03-28T18:52:17.277255,2025-09-05T09:32:17.277260
4a007717-53fb-4e0c-b540-571d118f8b41,miguelshaw@example.net,MD,Mark,Watts,Endocrinology,Seeking to join as a Geriatrics specialist,https://example.com/applications/6eafae70-3926-4a8b-9411-502b59925827.jpg,"[""license_8529.pdf"", ""cv_1408.pdf""]",pending_approval,LIC463123,(845) 314-8939,admin_002,Needs additional documentation,42c90b4c-d53c-4b82-8416-74833981d6f0,2025-08-15T15:16:17.277551,2025-08-31T07:30:17.277556
8c02f28e-50bd-4b16-bbf3-aade9aa098ea,gilmorebarbara@example.net,MD,Larry,Mullins,Hematology,Seeking to join as a Endocrinology specialist,https://example.com/applications/6310d232-7031-4d3d-bea0-cbc47ac322a1.jpg,"[""license_1336.pdf"", ""cv_3917.pdf""]",pending_approval,LIC771535,(509) 970-8018,admin_001,Needs additional documentation,,2025-06-20T01:16:17.277853,2025-08-24T16:02:17.277858
a80b186c-56a7-4982-9e1e-e6d2faec112a,aliciaallen@example.net,DO,Maria,Fleming,Gastroenterology,Seeking to join as a Pediatrics specialist,https://example.com/applications/503e31f5-dcaa-4fac-a6ab-10ac87db1153.jpg,"[""license_4648.pdf"", ""cv_7232.pdf""]",suspended,LIC577435,(803) 522-9898,,,afff8df4-764a-4557-aea6-c59f1693d6f2,2025-09-12T22:21:17.278149,2025-08-22T00:05:17.278154
78559483-15dd-4d96-9b55-5842449e6150,lance16@example.net,MD,Danielle,Hernandez,Endocrinology,Seeking to join as a Gastroenterology specialist,https://example.com/applications/f2502cdc-fd39-4ef2-b1c0-5ceb0a352843.jpg,"[""license_6930.pdf"", ""cv_3102.pdf""]",pending_approval,LIC686984,(865) 334-4611,,Under review,,2025-06-03T16:04:17.278374,2025-08-27T15:48:17.278379
f00a3d07-0be5-4f1e-81e5-456efbe962a6,robert77@example.net,DO,Elizabeth,Brewer,Pulmonology,Seeking to join as a Pulmonology specialist,https://example.com/applications/ca4aea1a-97ec-4697-b084-65e9e335bee2.jpg,"[""license_8131.pdf"", ""cv_2095.pdf""]",suspended,LIC285884,(619) 378-1078,admin_002,Approved,,2025-03-26T01:28:17.278600,2025-08-30T19:36:17.278604
f0e502ea-96b0-4dd2-b419-bc39992d65b7,alewis@example.net,Dr.,Elizabeth,Jones,Urology,Seeking to join as a General Practice specialist,https://example.com/applications/00d96ced-2f74-4d5e-b1ae-ac8917b08683.jpg,"[""license_3187.pdf"", ""cv_4850.pdf""]",inactive,LIC303501,(413) 784-9152,admin_002,Needs additional documentation,,2025-05-06T17:32:17.278846,2025-08-31T20:04:17.278851
17c3a334-8616-4c32-81ac-c6b6dc251097,christine45@example.net,Dr.,Samantha,Marks,Pulmonology,Seeking to join as a Urology specialist,https://example.com/applications/99353c1d-aab3-4231-a412-543a718ed332.jpg,"[""license_8686.pdf"", ""cv_5207.pdf""]",suspended,LIC996103,(310) 774-7665,admin_001,Under review,9b16f33f-f475-41a9-86a3-40813ecf34a2,2025-06-19T13:18:17.279073,2025-09-08T21:50:17.279077
4f2f8bb5-7c17-4eba-a194-3a10e791d2ef,josephmatthew@example.com,Prof.,Derek,Compton,Endocrinology,Seeking to join as a Dermatology specialist,https://example.com/applications/4287e99e-4ceb-404e-b36d-65a622c8d66f.jpg,"[""license_9874.pdf"", ""cv_4778.pdf""]",pending_approval,LIC825599,(773) 826-2873,,Under review,,2025-05-21T05:19:17.279366,2025-08-18T19:27:17.279371
4021ab8b-bb79-4a45-80ae-fcb58d8108fe,susan01@example.net,Dr.,Gerald,Benton,General Practice,Seeking to join as a Pediatrics specialist,https://example.com/applications/c83cc48f-04e1-4cfd-9587-8f8b013c23f6.jpg,"[""license_2779.pdf"", ""cv_7708.pdf""]",suspended,LIC873240,(507) 589-3210,admin_001,,,2025-05-17T19:00:17.279596,2025-09-02T01:03:17.279601
da5b7eb1-c174-48da-bcf9-9ddb8350c0d0,iduncan@example.com,DO,Juan,Lewis,Dermatology,Seeking to join as a Endocrinology specialist,https://example.com/applications/a59054f9-a62a-442a-907e-4c10498b743f.jpg,"[""license_6803.pdf"", ""cv_9034.pdf""]",active,LIC119471,(773) 275-7848,admin_002,Approved,,2025-04-30T18:05:17.279852,2025-09-14T19:04:17.279857
9ee79766-ecd5-458e-a82b-a879f813dfd8,wware@example.com,DO,Emily,Wagner,Cardiology,Seeking to join as a Pediatrics specialist,https://example.com/applications/a8464ea4-1b45-4c15-a321-c9b691b98220.jpg,"[""license_8138.pdf"", ""cv_4944.pdf""]",pending_approval,LIC329734,(386) 349-1000,admin_001,Under review,,2025-04-28T09:03:17.280101,2025-08-24T20:13:17.280106
e998202e-55f3-4bf1-8ac1-7159282d5d44,kshelton@example.org,MD,Katie,Hart,Psychiatry,Seeking to join as a General Practice specialist,https://example.com/applications/35b9ccdf-24ed-461f-8f43-366f48d49555.jpg,"[""license_8886.pdf"", ""cv_7666.pdf""]",pending_approval,LIC128873,(949) 526-8696,,Approved,d585d92f-cc35-4cd6-9d50-60cb77875440,2025-06-10T19:48:17.280359,2025-08-30T22:04:17.280364
a4acdfd7-67c4-49e6-b017-9281ebcbdd19,lisabauer@example.org,Prof.,Jean,Spencer,Pulmonology,Seeking to join as a Rheumatology specialist,https://example.com/applications/d82dba2f-c657-4555-aa69-4847a75cb52f.jpg,"[""license_8343.pdf"", ""cv_7639.pdf""]",suspended,LIC881098,(724) 463-4526,admin_001,Approved,,2025-05-02T09:56:17.280661,2025-09-02T22:06:17.280666
db7b309d-cf1b-4faa-9fc3-624e51a44bfe,johnsonanthony@example.net,MD,Bradley,Robbins,Rheumatology,Seeking to join as a Gastroenterology specialist,https://example.com/applications/d6ac05fb-cda3-4e7f-b206-f27a1a0dde3e.jpg,"[""license_8851.pdf"", ""cv_4044.pdf""]",inactive,LIC709769,(610) 259-9928,,Needs additional documentation,9125af4e-e498-442f-a2fc-63084fef0530,2025-05-27T13:22:17.280960,2025-08-24T19:59:17.280965
6c575e32-6b21-44de-b34b-c2c10aaf27fb,mcontreras@example.org,Dr.,Jonathan,Wagner,Neurology,Seeking to join as a Endocrinology specialist,https://example.com/applications/34c2c4a7-6793-4626-b820-27a394f2c9aa.jpg,"[""license_1173.pdf"", ""cv_1325.pdf""]",suspended,LIC954761,(463) 361-1324,,Needs additional documentation,,2025-07-26T20:16:17.281213,2025-08-27T13:15:17.281218
2fdc6040-e57f-4185-bb54-0d5dc899780d,tracy95@example.org,PA,Randall,Flores,Geriatrics,Seeking to join as a General Practice specialist,https://example.com/applications/a2deaa41-dd83-4b3f-9c9b-f84ab5e56b30.jpg,"[""license_9255.pdf"", ""cv_3400.pdf""]",inactive,LIC443713,(608) 977-7643,,Approved,,2025-06-21T10:37:17.281437,2025-08-29T18:37:17.281441
c8a0f57c-7986-4d1e-aea2-026a0de2fa43,cunninghamraymond@example.org,PA,Jon,Aguilar,Rheumatology,Seeking to join as a Urology specialist,https://example.com/applications/92866dbd-d1f1-4217-b91f-59abc0164a8a.jpg,"[""license_2602.pdf"", ""cv_8851.pdf""]",inactive,LIC882037,(603) 893-8879,,Approved,,2025-08-23T06:27:17.281732,2025-09-01T20:12:17.281737
8c7416cd-3978-45db-a2fb-dac5246c669e,beckalan@example.net,MD,Cynthia,Mueller,Endocrinology,Seeking to join as a Endocrinology specialist,https://example.com/applications/ff0efe77-0cfb-4c2e-84a7-7ab9b8e95ea3.jpg,"[""license_7732.pdf"", ""cv_2224.pdf""]",pending_approval,LIC426601,(947) 936-4904,admin_001,,,2025-08-31T15:53:17.282037,2025-09-10T16:04:17.282043
a90f78da-c9aa-4288-b0e7-453507620f9c,rmccullough@example.org,NP,Joseph,Bentley,Gastroenterology,Seeking to join as a Endocrinology specialist,https://example.com/applications/3217c539-4576-4be5-86dd-47fe4674f00f.jpg,"[""license_2367.pdf"", ""cv_7891.pdf""]",suspended,LIC672371,(727) 556-3002,admin_002,,38b81d3c-854b-4c9d-a300-1ca0f7dc0866,2025-07-19T14:03:17.282288,2025-08-20T05:06:17.282293
8145800a-375a-4c6e-a5e6-44f41345930d,nancy96@example.com,PA,Donna,Webb,Psychiatry,Seeking to join as a Rheumatology specialist,https://example.com/applications/55108b9f-8bce-4277-9365-4404d1b94236.jpg,"[""license_3221.pdf"", ""cv_1019.pdf""]",suspended,LIC777867,(959) 415-8955,admin_001,,,2025-07-01T15:49:17.282513,2025-09-02T10:05:17.282518
d5543866-b383-46cd-a846-be0d17d49ea7,lisa30@example.com,MD,Michael,Hopkins,Oncology,Seeking to join as a Pulmonology specialist,https://example.com/applications/e3ad1551-931c-4456-b66d-2ffc9bca5132.jpg,"[""license_2338.pdf"", ""cv_6789.pdf""]",pending_approval,LIC914390,(312) 499-5221,admin_002,Under review,,2025-09-04T18:14:17.282739,2025-09-07T01:07:17.282744
0f0b4a19-4851-4fbc-8533-65819552917c,vmoore@example.org,DO,Danny,Martinez,Gastroenterology,Seeking to join as a Gastroenterology specialist,https://example.com/applications/8f1e425e-db21-49e1-9109-562db81091db.jpg,"[""license_9750.pdf"", ""cv_5445.pdf""]",active,LIC841314,(850) 985-6654,,Needs additional documentation,,2025-08-10T07:59:17.283100,2025-09-09T11:11:17.283111
729bf417-34ef-434d-b09d-483dc1876578,jamie35@example.org,DO,Hector,Robinson,General Practice,Seeking to join as a Radiology specialist,https://example.com/applications/21b2b596-615a-4c54-af43-379d257c7818.jpg,"[""license_3824.pdf"", ""cv_3328.pdf""]",suspended,LIC242377,(754) 671-7924,,Approved,,2025-05-17T09:19:17.283546,2025-09-16T07:01:17.283558
972a1d01-a03b-4e32-854a-f69c58d3f569,ffrazier@example.com,Dr.,Shirley,Ford,Dermatology,Seeking to join as a Orthopedics specialist,https://example.com/applications/8185ec08-a54c-45df-95c0-a71b83c002a7.jpg,"[""license_1274.pdf"", ""cv_8506.pdf""]",pending_approval,LIC331708,(989) 805-7516,admin_002,,,2025-07-11T08:16:17.283879,2025-08-24T10:51:17.283886
e41de40d-6ed4-4e18-b33e-0d40b6b48e1d,paulwhitaker@example.com,NP,Jason,Leach,Endocrinology,Seeking to join as a Dermatology specialist,https://example.com/applications/86b2a2af-a80a-4d88-a20d-cd7fb1ed5d38.jpg,"[""license_1395.pdf"", ""cv_8660.pdf""]",pending_approval,LIC828396,(913) 725-4091,,Approved,,2025-05-19T10:21:17.284253,2025-08-27T04:59:17.284258
963a42e4-8702-415e-9929-967f8daf5881,clarkchad@example.com,DO,Amanda,Olson,Gastroenterology,Seeking to join as a Rheumatology specialist,https://example.com/applications/63106515-d96c-4278-923c-8b4e24e191dc.jpg,"[""license_1651.pdf"", ""cv_5378.pdf""]",active,LIC340073,(256) 953-1128,admin_002,Needs additional documentation,,2025-05-21T12:31:17.284556,2025-08-19T20:26:17.284561
dc2fd1d8-4908-4608-af58-f151b2a16c91,scottthomas@example.com,PA,Jeanne,Garza,Endocrinology,Seeking to join as a Dermatology specialist,https://example.com/applications/80febcd2-7458-41f1-86ae-7d781f5b73db.jpg,"[""license_6790.pdf"", ""cv_5204.pdf""]",inactive,LIC660384,(832) 224-2302,,,,2025-06-15T07:31:17.284860,2025-09-14T07:34:17.284866
9fa0687a-de0c-4362-bae0-652a193a476b,michellejohnson@example.com,NP,Charles,Woodard,Pulmonology,Seeking to join as a Radiology specialist,https://example.com/applications/bf10e280-b1bb-40a1-b1fe-c816262c142b.jpg,"[""license_4667.pdf"", ""cv_4245.pdf""]",suspended,LIC819220,(302) 391-5077,admin_002,Approved,,2025-06-13T16:17:17.285167,2025-08-26T02:12:17.285172
f521e4c7-cc01-4199-bfc8-a227c9c6af03,olsonjoseph@example.com,MD,Christopher,Guerrero,Radiology,Seeking to join as a Urology specialist,https://example.com/applications/51c27025-715a-42bb-b0a3-736e463176d7.jpg,"[""license_9669.pdf"", ""cv_2737.pdf""]",inactive,LIC750429,(802) 537-9786,admin_001,Approved,,2025-08-28T16:22:17.285466,2025-08-20T18:55:17.285470
58367e81-2484-411e-a2ae-eface034cafa,fmunoz@example.net,NP,Phillip,Zimmerman,Gastroenterology,Seeking to join as a Cardiology specialist,https://example.com/applications/a8ec6713-3043-487f-8c84-ba3f8c447658.jpg,"[""license_1568.pdf"", ""cv_5615.pdf""]",active,LIC317288,(743) 304-7100,admin_002,Approved,,2025-08-01T15:04:17.285719,2025-08-31T10:25:17.285725
3a466144-3bca-4e06-ab0f-522e7b869e20,stevenskaren@example.org,Dr.,Joshua,Hernandez,Gastroenterology,Seeking to join as a Urology specialist,https://example.com/applications/01bd3dc5-6eb1-420c-bd8e-8ce5eec8fda7.jpg,"[""license_5941.pdf"", ""cv_1465.pdf""]",suspended,LIC857323,(512) 712-3027,admin_002,Under review,,2025-04-14T11:42:17.286020,2025-08-23T18:22:17.286025
23ef900e-3db0-4898-a581-a3568adf6b79,qhenderson@example.org,DO,Keith,Hall,Urology,Seeking to join as a Rheumatology specialist,https://example.com/applications/bfafb3db-0866-4228-93e1-6cffa76619c5.jpg,"[""license_7584.pdf"", ""cv_5333.pdf""]",suspended,LIC322449,(707) 599-4059,admin_002,,,2025-05-09T18:12:17.286266,2025-08-24T05:44:17.286270
ab7642df-3716-4fd8-9227-57d7de84396e,ericsherman@example.com,Dr.,Kimberly,Moss,Hematology,Seeking to join as a Dermatology specialist,https://example.com/applications/3788fbfe-9fc2-4c92-a347-9ad71ad28c4b.jpg,"[""license_3872.pdf"", ""cv_1473.pdf""]",inactive,LIC872642,(425) 823-2021,,Needs additional documentation,,2025-05-22T16:37:17.286557,2025-09-06T21:49:17.286561
d5ab2009-e691-4264-9455-9dd0f6378e57,jennifer55@example.net,Prof.,Sarah,Abbott,Neurology,Seeking to join as a Orthopedics specialist,https://example.com/applications/93c545ed-a4d3-40fc-892a-372ebce2830c.jpg,"[""license_8765.pdf"", ""cv_8097.pdf""]",pending_approval,LIC542073,(715) 252-6377,admin_001,Needs additional documentation,,2025-07-12T16:41:17.286778,2025-08-31T18:08:17.286785
43dfe42a-9795-4ab3-a0ff-cc3be29d8305,uburns@example.net,PA,Sean,Fitzgerald,Pediatrics,Seeking to join as a Geriatrics specialist,https://example.com/applications/ffee32d9-09d6-4e29-ae69-cc07d1b34755.jpg,"[""license_4560.pdf"", ""cv_7324.pdf""]",suspended,LIC923348,(606) 320-6331,,Approved,,2025-08-12T11:59:17.287023,2025-09-10T02:32:17.287027
277ef043-6a28-4b6b-a67a-d25402ecf967,reesedonna@example.org,Dr.,Alex,Montes,Neurology,Seeking to join as a Endocrinology specialist,https://example.com/applications/f4b52f4b-40fe-432b-9cbd-4c15c2e719e1.jpg,"[""license_6743.pdf"", ""cv_4348.pdf""]",suspended,LIC938627,(734) 656-4823,,,,2025-05-13T08:29:17.287312,2025-09-11T23:26:17.287317
b6dec70b-67e6-4f39-a267-f54e86324f45,lisa64@example.net,MD,Alexandra,Walker,Pulmonology,Seeking to join as a Hematology specialist,https://example.com/applications/199ac8d0-bd0a-4e05-8abf-9b8a949532e0.jpg,"[""license_6586.pdf"", ""cv_5996.pdf""]",pending_approval,LIC897706,(574) 415-2528,admin_001,Approved,,2025-05-28T20:31:17.287537,2025-08-30T05:49:17.287542
88bead90-c033-4ef1-aefd-9632c9071ca5,whitenicholas@example.com,PA,Robert,Gregory,General Practice,Seeking to join as a Pediatrics specialist,https://example.com/applications/3aa2d610-3078-4c4c-bfef-46746493a970.jpg,"[""license_3917.pdf"", ""cv_3099.pdf""]",active,LIC917745,(760) 791-4465,admin_001,Approved,7ba98dd4-77f7-43c4-9497-1a086d5d8f90,2025-08-03T23:38:17.287827,2025-09-13T03:24:17.287833
a0402755-904e-42f8-a1d3-0ceeef155d6e,dianasantiago@example.org,PA,Chelsea,Fowler,Pediatrics,Seeking to join as a Neurology specialist,https://example.com/applications/471d195f-0e59-4392-8d1c-d4ce1943adbf.jpg,"[""license_9520.pdf"", ""cv_3580.pdf""]",suspended,LIC382404,(540) 853-4949,,,,2025-08-30T02:21:17.288109,2025-09-16T21:27:17.288114
5c3bee29-d1d3-4279-a394-c991a7500679,michellerangel@example.com,Dr.,Daniel,Berry,Neurology,Seeking to join as a Dermatology specialist,https://example.com/applications/b69ef92e-4d00-49ba-985e-4b71237df5a5.jpg,"[""license_5549.pdf"", ""cv_5142.pdf""]",active,LIC377229,(607) 509-8665,,Needs additional documentation,f9f1ef5b-7a19-4376-abb9-49802d6f7009,2025-05-26T16:30:17.288389,2025-09-08T04:47:17.288394
d4e9778d-14de-404a-a452-0379e35b3e49,bettygill@example.net,NP,Preston,Evans,Geriatrics,Seeking to join as a Pediatrics specialist,https://example.com/applications/1b4a716f-bc7a-48c2-944c-8afa35687199.jpg,"[""license_5430.pdf"", ""cv_4112.pdf""]",active,LIC792065,(419) 991-7158,admin_002,,b9e3ae36-af30-492f-b3fc-46ac8e95c070,2025-05-08T19:19:17.288669,2025-08-28T03:43:17.288674
fa6dab4a-7755-44d0-8b5e-441e6fefd68a,phillip63@example.org,NP,Lucas,Soto,Endocrinology,Seeking to join as a Rheumatology specialist,https://example.com/applications/00e49a30-8035-49a1-93c8-68637cc65317.jpg,"[""license_8616.pdf"", ""cv_9486.pdf""]",suspended,LIC667509,(629) 585-7228,admin_001,Approved,f7cff079-2c7a-4e11-83b5-a02b250a9eb4,2025-05-08T01:45:17.288885,2025-08-23T07:41:17.288890
8ce00efa-083b-4695-a5d1-61175e8794d1,hthomas@example.org,MD,Bryan,Long,Urology,Seeking to join as a Geriatrics specialist,https://example.com/applications/ac81877d-61e7-4283-ad25-580036ab9197.jpg,"[""license_7862.pdf"", ""cv_8325.pdf""]",inactive,LIC180919,(814) 895-9227,admin_001,,,2025-04-13T13:24:17.289118,2025-09-10T11:26:17.289123
e906aed5-5b54-46dc-b07f-dbc53a5fddcd,brian87@example.net,DO,Michael,Jones,Hematology,Seeking to join as a Oncology specialist,https://example.com/applications/9994d92f-8aa4-4ce2-a4f7-38b55d919b5e.jpg,"[""license_4270.pdf"", ""cv_9451.pdf""]",active,LIC701585,(947) 559-1944,admin_002,Needs additional documentation,10d95774-628e-4b31-be83-2697506109ea,2025-05-30T05:13:17.289337,2025-08-27T08:08:17.289342
9a0cbd33-d277-4126-b2cd-c666c3425388,pittsmary@example.net,PA,Tammy,Pacheco,Psychiatry,Seeking to join as a Rheumatology specialist,https://example.com/applications/7cb8ad8f-d5a1-4ed3-ac2c-6029ff9b3cab.jpg,"[""license_4662.pdf"", ""cv_5574.pdf""]",inactive,LIC393136,(256) 260-7654,admin_001,Needs additional documentation,,2025-06-23T09:53:17.289631,2025-09-08T13:12:17.289637
40a0b637-9209-4aff-b89b-67b38156090d,kathy37@example.net,NP,Daniel,Harris,Psychiatry,Seeking to join as a Radiology specialist,https://example.com/applications/9f54b0a7-e3cc-4e67-880a-f07782b7e357.jpg,"[""license_5710.pdf"", ""cv_2102.pdf""]",active,LIC179404,(770) 452-4023,admin_001,Needs additional documentation,,2025-03-31T06:03:17.289847,2025-09-18T06:08:17.289852
0a2d0238-9661-4f0d-9042-9c2ebd8c2bd2,cassandradiaz@example.org,PA,Crystal,Lambert,Radiology,Seeking to join as a Pediatrics specialist,https://example.com/applications/772b2066-03c2-41a6-ae23-f7d087910b4a.jpg,"[""license_7266.pdf"", ""cv_8393.pdf""]",active,LIC861640,(410) 923-4635,admin_002,,,2025-09-16T02:04:17.290126,2025-08-20T09:43:17.290130
a6ac6b9d-a047-4cb0-861f-df20321a1bf5,kathylarson@example.net,PA,Timothy,Fuller,Hematology,Seeking to join as a Cardiology specialist,https://example.com/applications/cbfbc806-4646-4eab-976e-d41989773979.jpg,"[""license_2279.pdf"", ""cv_7114.pdf""]",inactive,LIC395664,(806) 925-6549,admin_001,Needs additional documentation,,2025-08-05T21:37:17.290413,2025-08-29T21:20:17.290418
0ae84694-d941-46bc-9241-dc3bafbee117,dharrison@example.com,DO,Kara,Long,Pediatrics,Seeking to join as a Geriatrics specialist,https://example.com/applications/99552765-9921-4349-991c-eddd6265525e.jpg,"[""license_2414.pdf"", ""cv_3701.pdf""]",suspended,LIC849860,(707) 335-6854,admin_002,Needs additional documentation,,2025-05-02T07:53:17.290676,2025-09-07T11:06:17.290681
9de35a32-fe72-4211-93e1-8c147ece544e,wellsvalerie@example.net,Prof.,Michael,Black,General Practice,Seeking to join as a Cardiology specialist,https://example.com/applications/f37bc144-4590-4ee6-92d7-f606bdb0a266.jpg,"[""license_1710.pdf"", ""cv_1249.pdf""]",suspended,LIC143576,(260) 741-6388,,Approved,,2025-05-23T20:46:17.290966,2025-09-03T19:47:17.290971
b538fa96-0294-45d2-9772-9e6e5c8b706c,nguyenjane@example.org,Dr.,Briana,Jacobs,Neurology,Seeking to join as a Urology specialist,https://example.com/applications/89c62684-f6b5-4609-9171-27bb0833bff6.jpg,"[""license_4304.pdf"", ""cv_1312.pdf""]",suspended,LIC788136,(508) 260-8824,,Under review,,2025-08-02T11:17:17.291245,2025-09-14T09:31:17.291250
9c11dcc8-3659-485d-8cb8-3fded8ae794c,williamsdavid@example.org,NP,Terri,Everett,Geriatrics,Seeking to join as a Dermatology specialist,https://example.com/applications/a1e8a829-8807-4ca9-be89-543289b34a4d.jpg,"[""license_2457.pdf"", ""cv_1854.pdf""]",inactive,LIC332638,(786) 712-4383,,Needs additional documentation,6b11d10c-9bbf-4b3d-800d-820e3e94e298,2025-08-15T07:18:17.291522,2025-08-20T18:02:17.291527
13c8188d-29a4-4c23-96e8-74052b91bdcd,lewisdavid@example.net,Prof.,Jay,Dominguez,Gastroenterology,Seeking to join as a Orthopedics specialist,https://example.com/applications/0f3acf69-1f2b-4348-8573-6a46bbe2fc2b.jpg,"[""license_7908.pdf"", ""cv_4950.pdf""]",pending_approval,LIC266377,(772) 337-3556,,Approved,,2025-04-01T13:15:17.291822,2025-09-01T09:15:17.291827
d3273fdf-1007-4fe4-8eb6-98ed1c9cece5,robert21@example.org,PA,Ashley,Ruiz,Urology,Seeking to join as a Cardiology specialist,https://example.com/applications/47b2d8b3-01aa-4c75-97a1-f792949c29e5.jpg,"[""license_4577.pdf"", ""cv_7437.pdf""]",active,LIC100624,(931) 592-7649,,,9ca09d83-4538-4c27-a0f2-f70054ecfe12,2025-09-03T22:35:17.292039,2025-09-14T03:32:17.292043
bc0a3d05-5f54-4020-9250-b455686f744e,charles77@example.org,PA,Ryan,Gardner,Rheumatology,Seeking to join as a Geriatrics specialist,https://example.com/applications/52a26d9a-8fe0-4d13-a3d3-264d17b10d5d.jpg,"[""license_5573.pdf"", ""cv_2334.pdf""]",suspended,LIC872350,(651) 941-1566,,Approved,,2025-04-17T13:55:17.292253,2025-09-11T04:40:17.292258
ac4c1c3b-0d1f-403c-9e40-1bf61aaddea9,foxgerald@example.net,MD,Heather,Harmon,Geriatrics,Seeking to join as a Urology specialist,https://example.com/applications/cb68bb5b-b19a-4812-8afd-3dad79ae0961.jpg,"[""license_3403.pdf"", ""cv_2687.pdf""]",active,LIC706454,(617) 942-3977,admin_001,Needs additional documentation,4bd0c994-a190-4cea-a863-0819827b6168,2025-09-04T04:02:17.292532,2025-09-18T12:19:17.292537
515ae796-750a-4671-961a-35e56216e871,laura17@example.com,Prof.,Debbie,Brown,Rheumatology,Seeking to join as a Hematology specialist,https://example.com/applications/d9ee14c6-7c51-440d-aab9-d4f0a9b6e6e5.jpg,"[""license_8616.pdf"", ""cv_8754.pdf""]",active,LIC167152,(323) 334-2257,,,,2025-05-12T01:45:17.292744,2025-09-09T11:23:17.292749
c0301f07-70d9-41b5-b938-de98d7602f3b,angela22@example.org,Dr.,Elizabeth,Meadows,General Practice,Seeking to join as a Pediatrics specialist,https://example.com/applications/ef4a1b6d-af1c-4fdf-ae64-8ea91873879d.jpg,"[""license_5501.pdf"", ""cv_8024.pdf""]",active,LIC614797,(276) 948-6705,admin_001,Under review,,2025-07-28T21:03:17.292963,2025-08-27T17:03:17.292968
d2a4e471-56db-4624-952d-cade7b4cf9be,hannahmorris@example.com,PA,Heather,Ward,Rheumatology,Seeking to join as a Hematology specialist,https://example.com/applications/34d73818-fc6d-4386-97a7-671d926c975b.jpg,"[""license_7861.pdf"", ""cv_5736.pdf""]",inactive,LIC147235,(813) 969-1629,,Under review,26fa092b-5855-4e6d-a93e-f88b6617e9e8,2025-06-05T14:02:17.293243,2025-09-12T16:20:17.293248
024be6c6-6bf9-4f31-a2f7-4719f83d0652,ylee@example.net,PA,Elizabeth,Kane,Pulmonology,Seeking to join as a Radiology specialist,https://example.com/applications/8cb2cd54-6fa1-4339-b69d-4b5dc89aae64.jpg,"[""license_3352.pdf"", ""cv_6366.pdf""]",active,LIC572888,(219) 649-9764,,Needs additional documentation,,2025-05-25T16:22:17.293476,2025-08-26T22:17:17.293481
dca65669-02e4-4c4a-ab4f-c41f3e86e4b2,charlenewalker@example.org,Dr.,Edward,Hernandez,Rheumatology,Seeking to join as a Pulmonology specialist,https://example.com/applications/ec0cd700-03de-4512-a62c-04cb79a725f9.jpg,"[""license_8106.pdf"", ""cv_4675.pdf""]",active,LIC827611,(214) 878-5907,,Under review,,2025-09-06T19:04:17.293764,2025-09-02T04:49:17.293769
4304e6b9-b625-4079-b38f-6ae2b05abc36,frose@example.org,DO,Michael,Thomas,Dermatology,Seeking to join as a Oncology specialist,https://example.com/applications/87c57db2-5d7d-4f21-b21b-16af11c69bce.jpg,"[""license_2804.pdf"", ""cv_7869.pdf""]",pending_approval,LIC888403,(941) 655-4618,admin_001,Approved,a8b47aab-d40a-4db0-9bbd-5910f980aa1f,2025-09-13T03:41:17.294003,2025-09-03T04:18:17.294008
6025bc7d-32fd-4ecf-a253-5de2ed3e4072,leah96@example.com,PA,Nicholas,English,Endocrinology,Seeking to join as a Endocrinology specialist,https://example.com/applications/092c2429-9174-4e0e-812d-5f961f9e9c2b.jpg,"[""license_6352.pdf"", ""cv_7037.pdf""]",suspended,LIC259112,(904) 383-5955,,Approved,,2025-07-29T20:17:17.294215,2025-09-03T19:05:17.294219
a027961b-bd54-470a-b0f4-8e3ed9b3af15,melissa74@example.com,DO,Todd,Moore,Radiology,Seeking to join as a Cardiology specialist,https://example.com/applications/3d2506ed-9a39-40f8-8b8e-de3ea36b6e0b.jpg,"[""license_4081.pdf"", ""cv_4764.pdf""]",pending_approval,LIC803399,(724) 952-8822,admin_002,Needs additional documentation,,2025-07-18T18:50:17.294426,2025-08-23T20:38:17.294431
44e3f3bb-eeb0-4bf4-87ce-2a03e3e59c88,gibsonedward@example.net,MD,Joshua,Ward,Gastroenterology,Seeking to join as a Geriatrics specialist,https://example.com/applications/368debcf-df84-4a1d-88c5-41332f73a68d.jpg,"[""license_8839.pdf"", ""cv_4117.pdf""]",inactive,LIC345778,(404) 251-2003,,Approved,,2025-03-26T20:38:17.296008,2025-09-12T21:57:17.296019
52684875-7b76-473c-b9df-6322f88e2d91,lutzstacy@example.net,PA,John,Chang,Hematology,Seeking to join as a Radiology specialist,https://example.com/applications/69de18c7-1883-415d-bf98-9f5d7a2a4563.jpg,"[""license_4302.pdf"", ""cv_6468.pdf""]",active,LIC872996,(863) 252-2334,admin_001,Under review,,2025-07-09T13:21:17.296321,2025-08-30T21:29:17.296327
e860d695-6d68-4e6b-b074-073897eadcf8,michaeltimothy@example.com,MD,Gabrielle,Fox,Urology,Seeking to join as a Pulmonology specialist,https://example.com/applications/5a7b16bc-3eff-41ce-b282-fbd8ebb57d3b.jpg,"[""license_2683.pdf"", ""cv_1290.pdf""]",suspended,LIC677423,(802) 273-7098,admin_002,Approved,3cc56c90-264a-47e9-bbfa-8b7694e1b91c,2025-06-17T12:22:17.296612,2025-08-26T08:38:17.296617
aa66165c-e80c-4ddd-9d6a-de2e0b0f10e9,karen58@example.org,Dr.,Jody,Fuentes,Dermatology,Seeking to join as a Geriatrics specialist,https://example.com/applications/40efac35-9ac0-4eac-93f7-2417e15468d9.jpg,"[""license_4702.pdf"", ""cv_1672.pdf""]",suspended,LIC874584,(952) 405-2687,admin_001,Under review,,2025-03-22T17:44:17.296838,2025-08-24T23:50:17.296843
3ecb4ea6-0219-4609-be12-d103df1f3ce4,rodriguezanna@example.net,Prof.,Debra,Flores,Pulmonology,Seeking to join as a Oncology specialist,https://example.com/applications/2f5b345d-5cbc-4e8e-9ea5-15323394ea17.jpg,"[""license_9702.pdf"", ""cv_1629.pdf""]",suspended,LIC228460,(989) 716-4387,,Needs additional documentation,,2025-05-20T15:04:17.297121,2025-08-19T04:35:17.297126
5b18913f-d719-4703-8fbe-a50f391afded,ftucker@example.com,Dr.,Angela,Becker,General Practice,Seeking to join as a Psychiatry specialist,https://example.com/applications/07858c57-538b-4dfa-906f-35abda1709c0.jpg,"[""license_4436.pdf"", ""cv_5799.pdf""]",pending_approval,LIC815006,(917) 335-5336,admin_001,,0d219dce-a341-40fd-9c4d-01e58478c80a,2025-08-18T19:00:17.297355,2025-08-26T01:57:17.297360
28c65559-2df8-4954-bc6a-7fd150b5cb70,seanshepherd@example.net,PA,Jon,Graham,Psychiatry,Seeking to join as a Dermatology specialist,https://example.com/applications/6cf36b96-f973-4d2f-a155-c3903d63b016.jpg,"[""license_4546.pdf"", ""cv_1766.pdf""]",inactive,LIC617741,(765) 567-5140,admin_001,Needs additional documentation,,2025-06-03T10:22:17.297641,2025-09-12T17:17:17.297646
36ef4857-1bd1-40a9-a7aa-9f771bcbb9b2,mariafloyd@example.com,Prof.,Amy,Simmons,General Practice,Seeking to join as a Orthopedics specialist,https://example.com/applications/6a242b61-0aa9-47be-a768-062165e9179b.jpg,"[""license_8292.pdf"", ""cv_7084.pdf""]",suspended,LIC881273,(571) 952-3643,,Approved,4c7bcec4-8812-4752-934d-d5c5e29d0a43,2025-07-23T00:21:17.297926,2025-09-13T09:36:17.297931
fc2d7088-6154-4c91-9cf2-c265273e881f,jesusroth@example.com,MD,Paul,Rivera,Rheumatology,Seeking to join as a Orthopedics specialist,https://example.com/applications/e3853493-8f0b-475b-961c-9542ceb05e16.jpg,"[""license_1879.pdf"", ""cv_5512.pdf""]",active,LIC958625,(301) 569-2324,admin_002,,2099b5fd-0d1c-4d41-9075-380e36dd7ead,2025-06-27T01:26:17.298204,2025-09-10T00:59:17.298209
ea78fbfa-de8e-4bec-bd0d-e459835a02cf,jamesmendoza@example.org,Prof.,Joshua,Andrews,Cardiology,Seeking to join as a Geriatrics specialist,https://example.com/applications/939313ba-b65c-46e4-b5f5-2837aa9d3859.jpg,"[""license_3061.pdf"", ""cv_1323.pdf""]",pending_approval,LIC386320,(385) 673-7354,admin_001,Needs additional documentation,513738e2-edcf-4872-bc41-d2f6ec80566b,2025-08-13T04:55:17.298482,2025-08-29T04:21:17.298486
f6f7587a-bd23-443b-bce3-4b5011870acd,kgillespie@example.net,Prof.,Eric,Grimes,Radiology,Seeking to join as a Pediatrics specialist,https://example.com/applications/96356ffc-989b-49cd-97f9-667267379447.jpg,"[""license_3441.pdf"", ""cv_8270.pdf""]",active,LIC899003,(989) 419-3087,admin_001,Needs additional documentation,,2025-06-01T01:17:17.298717,2025-09-02T20:17:17.298722
821b423f-8ea7-46cf-86bf-6e9ba545c5b3,aaron37@example.com,MD,Danny,Buckley,Rheumatology,Seeking to join as a Hematology specialist,https://example.com/applications/f32e64f7-883a-40a1-948f-773ddfae7bb9.jpg,"[""license_8625.pdf"", ""cv_1407.pdf""]",inactive,LIC578009,(469) 651-9351,,Approved,2a717c18-a00c-4f32-ac9d-1baa9293883b,2025-06-01T04:29:17.298930,2025-08-29T14:12:17.298934
8be6e0f4-a01e-4128-b991-5bdb361f0288,usanchez@example.org,DO,Jamie,Mercado,Rheumatology,Seeking to join as a Pediatrics specialist,https://example.com/applications/d94b70a3-cb25-43ca-bb73-76c04ab23662.jpg,"[""license_3231.pdf"", ""cv_8644.pdf""]",active,LIC759732,(628) 689-3243,admin_002,Needs additional documentation,,2025-06-13T13:08:17.299164,2025-08-21T22:19:17.299168
c0d889b1-9f0e-4835-b904-8cc635f8719e,alan04@example.com,Dr.,Marcus,Martin,Cardiology,Seeking to join as a Orthopedics specialist,https://example.com/applications/50977210-69f7-42ad-9fa9-a6e32235da7e.jpg,"[""license_4531.pdf"", ""cv_1431.pdf""]",active,LIC492778,(920) 608-6391,admin_001,Needs additional documentation,6865bf84-17aa-4b66-8abe-2eb5af56afda,2025-06-08T23:04:17.299424,2025-08-25T01:02:17.299433
b6d514b4-ffa9-42ce-bf50-c18bea987053,plin@example.net,NP,David,Butler,Cardiology,Seeking to join as a Oncology specialist,https://example.com/applications/b861ba8b-0478-4e4c-8672-536780691c8b.jpg,"[""license_6277.pdf"", ""cv_8004.pdf""]",active,LIC710760,(434) 843-8369,admin_001,Under review,,2025-06-20T23:36:17.299732,2025-08-19T16:15:17.299738
fa16d02a-eba8-4792-a858-494e05858685,michael97@example.com,Prof.,Ronald,Larson,Geriatrics,Seeking to join as a Neurology specialist,https://example.com/applications/92d7a553-432a-4b3f-b405-3c1f5a66a95f.jpg,"[""license_6322.pdf"", ""cv_5726.pdf""]",pending_approval,LIC850010,(225) 932-2181,,Needs additional documentation,,2025-06-29T12:33:17.299961,2025-09-14T10:28:17.299966
1f04e904-0bde-426f-80d4-fb882b8327bf,ismith@example.net,Prof.,Joel,Cordova,Endocrinology,Seeking to join as a Cardiology specialist,https://example.com/applications/e7466ca5-4fba-4ca7-a23d-02d41a71bfd1.jpg,"[""license_2175.pdf"", ""cv_9087.pdf""]",inactive,LIC399622,(503) 324-5425,admin_002,Needs additional documentation,,2025-04-03T02:52:17.300205,2025-08-31T18:17:17.300210
51251dbc-4d13-4b72-bf5b-7c54ff7a9fdd,gonzaleskenneth@example.net,DO,Shari,Carpenter,Radiology,Seeking to join as a Pulmonology specialist,https://example.com/applications/dbdc85ac-c18d-48e9-97bb-8cffdeab2108.jpg,"[""license_6152.pdf"", ""cv_7219.pdf""]",inactive,LIC832198,(575) 246-6753,admin_002,,,2025-07-07T13:58:17.300522,2025-08-31T14:38:17.300527
f40cbfef-b087-4cc9-b5d0-fa15dd78ffaf,christinabrewer@example.net,Dr.,Jesse,Graham,Urology,Seeking to join as a Rheumatology specialist,https://example.com/applications/df0d7771-9128-40ce-b903-3dedf643c681.jpg,"[""license_3846.pdf"", ""cv_7327.pdf""]",pending_approval,LIC358058,(606) 698-8313,admin_002,Under review,,2025-05-05T02:19:17.300831,2025-09-05T01:36:17.300839
4cd843c7-d594-49ab-8528-fa78cb08a02f,william95@example.net,Dr.,Michael,Cole,Oncology,Seeking to join as a Oncology specialist,https://example.com/applications/0f27f261-1898-4fe9-8cc4-802cda2f7f10.jpg,"[""license_2591.pdf"", ""cv_9747.pdf""]",active,LIC130400,(667) 530-4112,admin_001,,,2025-04-02T15:48:17.301072,2025-08-19T03:21:17.301077
3f523cc4-738f-49b2-94ee-e2e0e481a7fd,danielwelch@example.net,DO,Monica,Chavez,Dermatology,Seeking to join as a Pulmonology specialist,https://example.com/applications/0d46742a-8cd3-4d0b-982d-99834c3ab6ed.jpg,"[""license_1441.pdf"", ""cv_6020.pdf""]",suspended,LIC693205,(310) 556-7590,admin_002,Approved,,2025-08-11T10:11:17.301370,2025-08-22T17:23:17.301375
994d5d03-2dc5-4f37-b629-efeec5e5c524,bbrown@example.org,Prof.,Jon,Baker,Geriatrics,Seeking to join as a Pediatrics specialist,https://example.com/applications/1bf9c71f-3f14-440b-b2f2-2a02f7e96af4.jpg,"[""license_2010.pdf"", ""cv_3300.pdf""]",pending_approval,LIC610154,(316) 288-4759,admin_002,Needs additional documentation,,2025-06-05T08:08:17.301634,2025-08-31T15:09:17.301639
98cd443b-8fb6-4760-ba8d-6ce00676bf83,timothy77@example.com,PA,Megan,Flores,Orthopedics,Seeking to join as a Radiology specialist,https://example.com/applications/277b7311-a983-489d-a6ea-09c3eb07c3fe.jpg,"[""license_4152.pdf"", ""cv_1225.pdf""]",inactive,LIC425645,(540) 382-3073,,Approved,344da586-9572-4d0f-89e5-94b4f24439f5,2025-08-03T02:41:17.301861,2025-09-15T05:06:17.301866
8f6408c4-cbee-45fc-b76e-5a81d8921dd5,christopherwalker@example.com,NP,Joshua,Gonzales,Geriatrics,Seeking to join as a Geriatrics specialist,https://example.com/applications/96a6eae7-c77e-4e72-853f-165b92921d80.jpg,"[""license_5197.pdf"", ""cv_9271.pdf""]",inactive,LIC620401,(364) 383-7115,admin_002,,2fbbc5f2-4123-4522-b506-09b5aa866ff4,2025-06-15T04:54:17.302202,2025-09-04T23:01:17.302208
a6d023d4-2cf4-4228-9bbc-4178e1d200bd,eorr@example.net,DO,Zachary,Wallace,Geriatrics,Seeking to join as a Cardiology specialist,https://example.com/applications/ab2e4e11-71c8-4d41-aa09-5aac2fb7e40e.jpg,"[""license_7244.pdf"", ""cv_4760.pdf""]",suspended,LIC521622,(936) 366-9208,admin_001,Needs additional documentation,,2025-07-28T06:07:17.302451,2025-08-24T09:45:17.302456
534d9c48-b1d2-4c0c-bbd3-b99d304ff71e,frivera@example.net,NP,Christopher,Kelley,Orthopedics,Seeking to join as a Endocrinology specialist,https://example.com/applications/f729aeeb-108c-4061-a3b5-ea9d1313451d.jpg,"[""license_1879.pdf"", ""cv_2030.pdf""]",pending_approval,LIC507175,(219) 825-5042,admin_002,Approved,,2025-07-27T23:38:17.302697,2025-09-15T09:03:17.302701
4efc5bd0-14fe-4d71-bf0b-527b7ddbaa50,davidlopez@example.net,Dr.,Monica,Medina,Neurology,Seeking to join as a Cardiology specialist,https://example.com/applications/de0db419-bc30-4f05-af6c-3c974f1306c8.jpg,"[""license_9724.pdf"", ""cv_6874.pdf""]",pending_approval,LIC521588,(458) 705-9029,admin_002,Under review,9e6fbc58-bbec-4bec-9c85-1a7f2eece255,2025-07-14T14:12:17.302987,2025-08-30T11:40:17.302996
0efc7e2b-5cac-4ec7-87b6-e039f2675e87,morrisalexander@example.com,NP,Billy,Maxwell,Dermatology,Seeking to join as a General Practice specialist,https://example.com/applications/d211e846-0468-4d0f-a749-f6356951797f.jpg,"[""license_7427.pdf"", ""cv_9181.pdf""]",active,LIC692721,(912) 556-5437,admin_002,,49f2b024-54f3-4ea9-b471-7064567bc46e,2025-04-14T10:43:17.303286,2025-09-15T20:34:17.303291
6b9ba2f0-9524-4bb3-a7f5-e9bd45ba39e8,noahpierce@example.com,MD,Michael,Wilson,General Practice,Seeking to join as a Radiology specialist,https://example.com/applications/518e197c-3fa6-4260-9d95-5e49880a44e5.jpg,"[""license_3137.pdf"", ""cv_5127.pdf""]",inactive,LIC391814,(419) 861-7867,admin_001,,,2025-03-29T17:24:17.303588,2025-08-19T22:52:17.303593
fec2d96b-8977-4f24-80c0-11ded9c20d77,armstrongjoshua@example.org,MD,Antonio,Daniel,Cardiology,Seeking to join as a General Practice specialist,https://example.com/applications/18e56000-2c0c-4313-96ff-67756714eed0.jpg,"[""license_2558.pdf"", ""cv_3487.pdf""]",suspended,LIC877413,(917) 374-4177,admin_002,Approved,,2025-05-26T20:47:17.303913,2025-09-13T02:25:17.303919
9b9da8f1-519a-4144-ac2e-aade39c073a6,igarcia@example.org,NP,Kelly,Martinez,Geriatrics,Seeking to join as a Oncology specialist,https://example.com/applications/c6d6b7d5-0ec4-4060-be5d-01256fe6b706.jpg,"[""license_4114.pdf"", ""cv_3310.pdf""]",active,LIC370573,(531) 424-7826,,,,2025-09-16T05:57:17.304171,2025-08-24T13:44:17.304177
8565cdfb-371c-4179-8370-aa7e296548db,hamptonkathryn@example.com,PA,Chelsea,Wright,Rheumatology,Seeking to join as a Endocrinology specialist,https://example.com/applications/51dec593-9f7a-4d0d-962b-2764e29fb36f.jpg,"[""license_7454.pdf"", ""cv_3753.pdf""]",suspended,LIC299567,(475) 757-4646,,Needs additional documentation,,2025-07-01T19:03:17.304456,2025-09-17T02:44:17.304461
74df91e0-6f0c-4806-b759-391f8c73d34a,nancyrichardson@example.com,MD,Joel,Watson,Hematology,Seeking to join as a Radiology specialist,https://example.com/applications/c1be7e72-6540-4bb0-9f80-b35cdf3abf12.jpg,"[""license_1728.pdf"", ""cv_2277.pdf""]",active,LIC680336,(973) 772-9571,,Under review,02278cf1-271f-4267-aee9-9b1b2497db00,2025-07-02T01:28:17.304756,2025-09-12T17:55:17.304761
8facb29f-fad9-434f-b482-fcccd21f57f1,hudsonwhitney@example.org,Prof.,Lee,Meadows,General Practice,Seeking to join as a Geriatrics specialist,https://example.com/applications/417df570-e12c-4319-8114-f9daf89955db.jpg,"[""license_3300.pdf"", ""cv_2073.pdf""]",suspended,LIC732079,(567) 556-2792,,Needs additional documentation,,2025-09-18T03:47:17.305052,2025-08-24T18:55:17.305057
0d5757b3-edc9-4a74-b9e3-43ae630301a5,wheelersabrina@example.net,DO,William,Cross,Hematology,Seeking to join as a Pediatrics specialist,https://example.com/applications/910fe437-8cab-40e0-9e14-373f9f0186ac.jpg,"[""license_7556.pdf"", ""cv_7366.pdf""]",suspended,LIC432688,(307) 462-2523,admin_001,Needs additional documentation,,2025-07-11T21:38:17.305343,2025-09-03T10:10:17.305348
9708864e-f7e8-442c-97ad-df60fa614c7f,cynthia88@example.org,Dr.,Tracy,Burns,Pulmonology,Seeking to join as a Cardiology specialist,https://example.com/applications/e01eff0a-2e70-43e4-b468-a5ce4489150e.jpg,"[""license_1880.pdf"", ""cv_8505.pdf""]",inactive,LIC649734,(762) 528-7837,admin_001,,,2025-05-10T10:18:17.305576,2025-09-15T07:36:17.305582
9e6d5ca2-8e0f-4952-b854-ed7caddd0b9f,stevenayers@example.org,NP,Kimberly,Buchanan,Oncology,Seeking to join as a Dermatology specialist,https://example.com/applications/fdf00385-50e9-461a-a29e-853bfe325262.jpg,"[""license_2350.pdf"", ""cv_9011.pdf""]",suspended,LIC542346,(347) 601-6845,admin_001,,a5fba150-2ebe-4807-988f-dcf34265d37a,2025-08-14T10:13:17.305870,2025-09-03T11:18:17.305875
b4323be6-62c0-4787-973d-d87b436a79d1,probinson@example.net,NP,Brandon,Frederick,Endocrinology,Seeking to join as a Geriatrics specialist,https://example.com/applications/9a3c48d8-2abb-43d7-a14b-ace77218796f.jpg,"[""license_9190.pdf"", ""cv_6259.pdf""]",pending_approval,LIC503071,(862) 673-3103,admin_002,Approved,,2025-04-06T16:26:17.306112,2025-09-15T15:44:17.306117
c30d2169-1a6e-4415-a2e6-b70819124d1f,kjenkins@example.com,Dr.,Jenny,Dillon,Hematology,Seeking to join as a Hematology specialist,https://example.com/applications/306f08a7-a35f-4ce8-945b-e89279d32e06.jpg,"[""license_9171.pdf"", ""cv_3853.pdf""]",active,LIC486073,(516) 594-3430,,Approved,2e02bfa6-5dfa-4d48-9031-af2f194645df,2025-05-08T20:53:17.306352,2025-09-14T18:45:17.306357
c1107230-a48a-48f8-8f55-9994f0c35ea7,sarah00@example.net,PA,Diane,Forbes,Radiology,Seeking to join as a Dermatology specialist,https://example.com/applications/ea5d4407-c5ad-4435-af8d-34ed9146af52.jpg,"[""license_8732.pdf"", ""cv_9756.pdf""]",pending_approval,LIC796263,(832) 246-1412,,,dcba8c47-9b70-43da-9d2a-dd31f7370c51,2025-06-22T18:05:17.306580,2025-08-24T02:24:17.306585
0cb46178-0561-49aa-8c05-343bf1c86c8b,dorothy72@example.net,PA,Dawn,Ramirez,Gastroenterology,Seeking to join as a Oncology specialist,https://example.com/applications/1f96bb83-744f-44ec-a12f-3db9f5b23ab3.jpg,"[""license_1305.pdf"", ""cv_1889.pdf""]",inactive,LIC625881,(203) 801-1818,admin_002,Under review,49ddf081-00a3-4bac-9111-80356a401a2a,2025-08-25T11:50:17.306804,2025-09-15T17:55:17.306808
c2d13ee3-1407-4a02-ab02-b065b8e68a55,parksandre@example.com,Prof.,Ricardo,Landry,Dermatology,Seeking to join as a Psychiatry specialist,https://example.com/applications/5c21530b-ba07-4fdf-80d3-be454b81650d.jpg,"[""license_5925.pdf"", ""cv_1477.pdf""]",pending_approval,LIC237988,(447) 213-2327,admin_002,Needs additional documentation,,2025-09-06T10:14:17.307099,2025-08-26T16:12:17.307104
518949ef-e87e-413a-a687-09d4c172a7dd,richardhernandez@example.net,Dr.,Cheryl,Page,Radiology,Seeking to join as a Gastroenterology specialist,https://example.com/applications/9e491b82-01f7-4ecb-97a5-138520353747.jpg,"[""license_9767.pdf"", ""cv_7033.pdf""]",suspended,LIC328054,(475) 934-8805,admin_001,Under review,,2025-06-11T16:07:17.307390,2025-09-16T20:03:17.307395
8c8d767f-8fc1-467a-ad47-e1a9c55e188a,alfredhowell@example.net,MD,Eric,Roberts,General Practice,Seeking to join as a Orthopedics specialist,https://example.com/applications/fd3e4815-b847-4824-a937-535d3d48092d.jpg,"[""license_4886.pdf"", ""cv_6268.pdf""]",inactive,LIC485685,(513) 324-7353,,,50465881-a116-453b-bbc4-c0ceb8524834,2025-07-29T23:34:17.307692,2025-09-18T09:15:17.307697
2a7a2cbc-6c8a-4db7-a5d6-1e7dad024af8,dmartinez@example.com,Dr.,Christian,Bell,Endocrinology,Seeking to join as a Pulmonology specialist,https://example.com/applications/d9538ab7-4aac-442c-a556-c792d1226767.jpg,"[""license_4713.pdf"", ""cv_2443.pdf""]",suspended,LIC659876,(309) 509-3633,admin_002,Needs additional documentation,,2025-06-06T22:57:17.307936,2025-09-08T17:47:17.307940
93306fbe-6773-47c5-9f61-e640c9d22477,zmartin@example.net,PA,Luis,Silva,Psychiatry,Seeking to join as a Oncology specialist,https://example.com/applications/1d267bdc-ea46-43e1-8e09-29bcc9760360.jpg,"[""license_8470.pdf"", ""cv_1948.pdf""]",pending_approval,LIC698925,(707) 685-5379,,Under review,,2025-05-05T16:35:17.308178,2025-08-29T15:52:17.308183
a7048b8c-0df5-4c31-a6e8-5d625fb201f9,glambert@example.net,PA,Leslie,Davis,Dermatology,Seeking to join as a Geriatrics specialist,https://example.com/applications/b254ed60-8cca-4a66-98eb-093926950673.jpg,"[""license_8680.pdf"", ""cv_4480.pdf""]",inactive,LIC823407,(320) 746-9508,admin_002,Approved,0494641e-7d5e-4e2f-979b-3f75cfb9cf74,2025-05-08T01:57:17.308420,2025-09-05T15:12:17.308425
bf518eed-039f-49a4-a527-f16b643216b7,jennifer38@example.org,Dr.,Vincent,Smith,Pulmonology,Seeking to join as a Pediatrics specialist,https://example.com/applications/faf5eb84-2d61-4c3b-aa96-0ab0d9a83a95.jpg,"[""license_8915.pdf"", ""cv_8278.pdf""]",inactive,LIC944369,(970) 351-7042,admin_001,Needs additional documentation,,2025-08-28T13:37:17.308647,2025-09-09T09:34:17.308652
15397157-b79d-477d-b87e-1f53c0f0afe7,christine72@example.com,Prof.,Michael,Harmon,Geriatrics,Seeking to join as a General Practice specialist,https://example.com/applications/d75e3c7f-03b0-4d1b-bb1c-7d71a0ed1df7.jpg,"[""license_2460.pdf"", ""cv_2944.pdf""]",inactive,LIC553026,(217) 238-7019,,Approved,98044f5d-9a71-4841-9bde-bba41008d64e,2025-07-30T23:25:17.308869,2025-09-17T16:56:17.308874
8d906be8-1dad-4ffc-8e2e-4647c634c230,arthur70@example.com,NP,Adrienne,Harrell,Hematology,Seeking to join as a Orthopedics specialist,https://example.com/applications/6a35237d-d56a-4e36-9530-289d6363c9ff.jpg,"[""license_4176.pdf"", ""cv_2412.pdf""]",suspended,LIC231782,(253) 491-8685,,,,2025-04-14T04:25:17.309092,2025-08-24T06:38:17.309097
ad328cc1-1817-4a65-84a6-c8be2459bcf0,ortizrobert@example.org,PA,Christopher,Lee,Endocrinology,Seeking to join as a General Practice specialist,https://example.com/applications/e38635b0-9c22-4bf7-a030-7a798f3aad5f.jpg,"[""license_6190.pdf"", ""cv_4645.pdf""]",inactive,LIC597352,(202) 209-9278,admin_002,Needs additional documentation,,2025-08-23T05:14:17.309386,2025-09-14T08:41:17.309391
f3e1839f-e70e-465f-9471-2929d9e25259,stewartamy@example.net,MD,Calvin,Anderson,Gastroenterology,Seeking to join as a Neurology specialist,https://example.com/applications/83e0da67-dfed-47dd-bf46-1791ca289d98.jpg,"[""license_6357.pdf"", ""cv_8443.pdf""]",inactive,LIC552057,(617) 660-3912,,Approved,,2025-09-08T00:05:17.309685,2025-08-22T21:27:17.309690
50895aa5-9afc-493a-a994-45fdebedf162,timothyblackburn@example.com,NP,Shannon,Johnson,Radiology,Seeking to join as a Rheumatology specialist,https://example.com/applications/a1803823-e537-47dc-b0af-b1d41d54cfaa.jpg,"[""license_4925.pdf"", ""cv_4241.pdf""]",inactive,LIC613742,(562) 795-1930,,Needs additional documentation,,2025-07-06T02:34:17.309978,2025-08-26T11:24:17.309983
2c4f1f5e-6e5c-40b7-ad3c-d6c5fc756e1f,danielgood@example.net,PA,Jeffrey,Carroll,Radiology,Seeking to join as a Oncology specialist,https://example.com/applications/660eff55-f484-400b-8a73-1c858d78f41c.jpg,"[""license_2402.pdf"", ""cv_9712.pdf""]",active,LIC439285,(935) 743-7345,admin_001,Approved,,2025-04-21T21:49:17.310300,2025-09-15T13:46:17.310305
f0d9c119-05d4-4977-a1b8-8efdc4fb524d,thomasmendoza@example.org,Dr.,Ashley,Collins,Pediatrics,Seeking to join as a Oncology specialist,https://example.com/applications/76393fd4-d118-473a-bcb7-18b25fdc9488.jpg,"[""license_7631.pdf"", ""cv_8843.pdf""]",inactive,LIC550880,(863) 709-9810,admin_001,Under review,141bb92f-c8a7-431c-abf0-0f1c38e8f5b0,2025-06-07T07:42:17.310596,2025-09-13T17:32:17.310601
01399e84-2625-4fee-b7dc-e960f9fe361f,ashleypoole@example.net,Dr.,Monica,Simmons,Oncology,Seeking to join as a Rheumatology specialist,https://example.com/applications/037ef2cf-f34e-4a92-8766-a69259eba6d2.jpg,"[""license_6401.pdf"", ""cv_3849.pdf""]",active,LIC225693,(206) 517-6467,admin_002,,c8c6f9de-e696-479b-971d-64ccc8135f78,2025-09-08T14:01:17.310889,2025-09-10T06:55:17.310894
32ce6dc3-7ca6-4c78-8640-fd3a66b05cdf,rhansen@example.net,PA,Nathan,Lewis,General Practice,Seeking to join as a Orthopedics specialist,https://example.com/applications/93cfad8d-f068-4ffc-93b3-4f69b589d5d3.jpg,"[""license_2483.pdf"", ""cv_5516.pdf""]",suspended,LIC314476,(251) 913-8695,admin_001,Under review,28f3aea0-257f-4aee-9756-8cceb7e719f7,2025-08-02T06:59:17.311136,2025-09-18T07:10:17.311141
1fa12df8-efa6-4f56-a514-650e30e27694,hendersonfernando@example.net,Prof.,James,Dalton,Pulmonology,Seeking to join as a Cardiology specialist,https://example.com/applications/3e8241a2-2037-4ef8-9c4d-bb067d185240.jpg,"[""license_9480.pdf"", ""cv_7900.pdf""]",suspended,LIC522754,(409) 655-8003,,Approved,,2025-05-31T20:44:17.311434,2025-09-01T10:35:17.311440
f977e19e-5dda-46c5-8e7a-7f4d2498bcf1,zwilliams@example.com,MD,Ralph,Rogers,Dermatology,Seeking to join as a Dermatology specialist,https://example.com/applications/2790e631-272d-45af-b476-c49e351c5866.jpg,"[""license_9462.pdf"", ""cv_1932.pdf""]",active,LIC401710,(615) 447-4959,admin_002,,,2025-08-15T02:19:17.311677,2025-08-28T15:00:17.311682
b0b36666-0d78-463f-b7be-924eeec11d68,anne73@example.net,Dr.,Timothy,Forbes,Oncology,Seeking to join as a Psychiatry specialist,https://example.com/applications/be64afac-b639-4027-9281-66802c96b2a8.jpg,"[""license_9718.pdf"", ""cv_1303.pdf""]",pending_approval,LIC173976,(865) 223-8143,admin_002,,,2025-03-22T16:48:17.311895,2025-09-04T07:36:17.311900
82bfdc77-f799-4a44-8505-79f90afa8e35,craig05@example.net,Prof.,Robin,Gibbs,Psychiatry,Seeking to join as a Radiology specialist,https://example.com/applications/08d86baa-e773-4119-bc3d-1e6ad888ae08.jpg,"[""license_4254.pdf"", ""cv_8526.pdf""]",inactive,LIC709815,(669) 705-3690,admin_002,Approved,,2025-06-20T17:48:17.312120,2025-08-30T15:35:17.312125
543f31c3-8f96-4f2c-be00-9574adb8fbd7,qolson@example.org,MD,Katherine,Caldwell,Neurology,Seeking to join as a Rheumatology specialist,https://example.com/applications/f7d164e5-6571-4e07-9c21-ad349bde2312.jpg,"[""license_6991.pdf"", ""cv_2817.pdf""]",pending_approval,LIC660341,(845) 844-8452,,Under review,,2025-07-28T16:07:17.312362,2025-08-21T11:54:17.312367
0e35d6d9-1496-4eb0-9384-81e89eac6eea,whitehaley@example.net,Prof.,Michael,Smith,Radiology,Seeking to join as a Geriatrics specialist,https://example.com/applications/2ab1ba2a-e5d2-4d63-a57b-3271d055e4f2.jpg,"[""license_7649.pdf"", ""cv_1852.pdf""]",pending_approval,LIC976717,(847) 226-8042,admin_002,Approved,896f6703-6300-4c39-ac1d-5531ede03efe,2025-07-14T04:33:17.312660,2025-09-05T09:54:17.312664
fc354f8d-82c6-45e8-9dcf-6446b9561497,johnsonamber@example.com,Dr.,Amanda,Mendez,Cardiology,Seeking to join as a Gastroenterology specialist,https://example.com/applications/45016297-8da8-42cf-a1bd-666c3c65beaf.jpg,"[""license_1344.pdf"", ""cv_9598.pdf""]",active,LIC370297,(215) 320-4659,admin_002,,,2025-07-13T12:46:17.312956,2025-09-14T06:27:17.312961
2e3ee101-4acb-486f-9fa8-4e588f7f2c98,jasonwashington@example.com,Dr.,Linda,Rice,Cardiology,Seeking to join as a Pulmonology specialist,https://example.com/applications/9deb27a2-846f-4693-8eda-a69a92f22229.jpg,"[""license_7372.pdf"", ""cv_4682.pdf""]",suspended,LIC482172,(714) 695-7120,admin_001,Needs additional documentation,f3e462b8-d305-424e-8474-8dfb47e2eb2d,2025-04-13T01:46:17.313263,2025-09-07T08:20:17.313268
14a6520f-3107-411e-bde9-3c4184d9f629,brandonsmith@example.com,DO,Katelyn,Mueller,Dermatology,Seeking to join as a Dermatology specialist,https://example.com/applications/62d3afd9-1501-4b84-bfe2-109f513d6878.jpg,"[""license_2818.pdf"", ""cv_1522.pdf""]",active,LIC343997,(830) 837-8155,admin_002,,,2025-07-01T19:48:17.313570,2025-08-22T19:39:17.313575
df1c20bb-74ce-4047-a68d-d7fd7d08513b,christopher07@example.net,DO,Shelly,Smith,Oncology,Seeking to join as a Gastroenterology specialist,https://example.com/applications/31194cc3-6a59-4890-8a7b-4f6f6096e7ad.jpg,"[""license_2746.pdf"", ""cv_7874.pdf""]",suspended,LIC763673,(531) 655-7771,,,b0018eba-c5f8-4eb7-af99-ade111fd4293,2025-05-30T06:17:17.313800,2025-09-06T16:15:17.313805
b59c6d33-2735-4162-afbc-02cf552616f7,darylgray@example.net,PA,Stephanie,Farmer,General Practice,Seeking to join as a Dermatology specialist,https://example.com/applications/d6e9a818-9439-4a03-a5c5-147b61053b1e.jpg,"[""license_6190.pdf"", ""cv_3596.pdf""]",active,LIC394162,(424) 700-1648,,,c4d95faf-f603-423c-8dd5-0895f848b063,2025-03-27T08:59:17.314101,2025-09-05T05:54:17.314107
64ea277c-1715-4bb6-a6cc-61d11c8eb872,millercynthia@example.net,Dr.,Emily,Patterson,Neurology,Seeking to join as a Neurology specialist,https://example.com/applications/cd16d995-91de-4e3a-86b3-949d00c33d3d.jpg,"[""license_7149.pdf"", ""cv_8542.pdf""]",suspended,LIC775695,(720) 963-8839,admin_001,Approved,,2025-07-22T00:10:17.314403,2025-08-29T09:27:17.314408
fe405dc4-61e4-4ecf-9552-3ad0cf16b4a3,deborahsmith@example.com,Dr.,Patrick,Kim,Gastroenterology,Seeking to join as a Geriatrics specialist,https://example.com/applications/db093fd2-9d43-43cb-870b-c93a2081f61d.jpg,"[""license_9426.pdf"", ""cv_5303.pdf""]",inactive,LIC549973,(930) 315-8556,,,f567ebce-3316-45c4-9d1d-bbae98b11f89,2025-08-03T17:10:17.314697,2025-09-12T06:44:17.314702
2bb946ad-9ffc-4263-a775-e7e915087be8,williamsmonica@example.com,Dr.,Scott,Pena,Geriatrics,Seeking to join as a Endocrinology specialist,https://example.com/applications/f91e0f31-beaf-4da9-b6db-633495531208.jpg,"[""license_3965.pdf"", ""cv_2351.pdf""]",suspended,LIC229969,(605) 651-8071,admin_001,Under review,,2025-08-30T03:26:17.314986,2025-09-07T07:30:17.314991
1546b6f9-6afe-4dcf-81e9-d40af4c757cd,davidwoods@example.com,Dr.,Matthew,Turner,Endocrinology,Seeking to join as a General Practice specialist,https://example.com/applications/f9bccf74-ed57-4516-9df5-6682090ce89d.jpg,"[""license_5946.pdf"", ""cv_1517.pdf""]",active,LIC988274,(765) 420-5136,,Approved,,2025-05-26T08:32:17.315384,2025-08-30T21:26:17.315391
249ef327-0b08-4696-b18f-da75c3a387de,mcintoshpatrick@example.net,Prof.,Morgan,Duncan,Hematology,Seeking to join as a Geriatrics specialist,https://example.com/applications/d0d8d075-e676-44b3-a3bd-0a499640ff78.jpg,"[""license_1560.pdf"", ""cv_7387.pdf""]",suspended,LIC663466,(864) 630-7982,,Needs additional documentation,,2025-07-17T07:43:17.315681,2025-09-11T21:49:17.315686
e990923b-2b09-4580-a706-8f411bd629b1,samuel58@example.org,DO,Kristine,Hanson,Endocrinology,Seeking to join as a Hematology specialist,https://example.com/applications/840e2150-e73e-4c2a-b570-7c0c7dfc3e78.jpg,"[""license_1028.pdf"", ""cv_5579.pdf""]",pending_approval,LIC222279,(940) 462-2557,admin_001,,,2025-04-08T03:48:17.315906,2025-08-28T06:03:17.315911
5e3d1409-58d7-4d40-9910-b788473ee099,nclark@example.com,Dr.,Samantha,Perez,Neurology,Seeking to join as a General Practice specialist,https://example.com/applications/f8b368b0-043d-474c-90fb-48d9dc936816.jpg,"[""license_9347.pdf"", ""cv_6973.pdf""]",inactive,LIC786327,(720) 388-8808,,Needs additional documentation,,2025-08-20T19:04:17.316154,2025-09-13T00:10:17.316160
d6dffde8-fec5-47fd-9819-ea108e05ff75,kevinnguyen@example.net,NP,Kelly,Taylor,Radiology,Seeking to join as a Dermatology specialist,https://example.com/applications/26016402-8637-490f-9f18-adb4e42f780a.jpg,"[""license_6523.pdf"", ""cv_1526.pdf""]",suspended,LIC111212,(518) 805-2324,admin_001,,,2025-07-08T10:23:17.316444,2025-08-24T22:33:17.316449
1638f0f4-dd33-487e-9ce1-3a78f390ac7e,warrenjeffrey@example.com,NP,Sabrina,Davis,Psychiatry,Seeking to join as a Rheumatology specialist,https://example.com/applications/e677f8ba-5617-4f86-bf18-11d6f323a33a.jpg,"[""license_7585.pdf"", ""cv_4942.pdf""]",inactive,LIC528253,(281) 609-5975,,Needs additional documentation,,2025-07-25T16:36:17.316735,2025-09-08T09:26:17.316740
beb36407-95f9-4250-aaf0-9e326292df0c,monica24@example.com,DO,Calvin,Hines,Neurology,Seeking to join as a Psychiatry specialist,https://example.com/applications/85a1c62e-126f-4e88-bcee-20965b5c8335.jpg,"[""license_2986.pdf"", ""cv_5397.pdf""]",inactive,LIC561228,(757) 303-9950,,,,2025-05-11T09:33:17.316956,2025-09-04T07:00:17.316960
269335d1-185d-4a5f-b907-8d5a03279354,pmorales@example.net,PA,Deborah,Wiggins,Radiology,Seeking to join as a Radiology specialist,https://example.com/applications/59d38774-5e11-4fc4-a2ad-e303fc550332.jpg,"[""license_7489.pdf"", ""cv_4378.pdf""]",suspended,LIC577922,(313) 599-8423,,Under review,5c80afa3-5709-40f3-8582-d6e785de9d78,2025-05-17T15:17:17.317206,2025-08-19T23:43:17.317211
6391a1ee-2a14-4b83-8c53-2f42c7d3ba2b,greenjason@example.net,MD,Catherine,Townsend,Orthopedics,Seeking to join as a Pulmonology specialist,https://example.com/applications/037f772b-31b3-4fef-8da0-48120abe5ac7.jpg,"[""license_2918.pdf"", ""cv_8034.pdf""]",inactive,LIC380560,(214) 504-5718,admin_002,Under review,21db61f6-ed07-4f39-aed0-2266c224e17f,2025-06-09T18:50:17.317506,2025-08-19T09:46:17.317512
f2b83a09-f5b0-46c9-a8f7-1a50004b2fed,ksimpson@example.com,DO,Ana,Nelson,Cardiology,Seeking to join as a Rheumatology specialist,https://example.com/applications/0903589a-fab6-4483-bac1-2df8b9cc015a.jpg,"[""license_8804.pdf"", ""cv_7410.pdf""]",pending_approval,LIC334167,(269) 494-8700,admin_002,Approved,,2025-04-12T06:12:17.317755,2025-08-30T00:32:17.317760
e5f3cc25-217d-4739-9749-72008403c607,crodriguez@example.org,MD,Dan,Smith,Hematology,Seeking to join as a Cardiology specialist,https://example.com/applications/6f361dac-3a9a-44e4-afd2-7331c6d2888e.jpg,"[""license_1387.pdf"", ""cv_3046.pdf""]",pending_approval,LIC703424,(786) 344-9101,admin_002,Approved,,2025-06-15T18:02:17.318001,2025-09-04T18:43:17.318006
76320296-20f0-4878-af40-04740d7b8372,fclark@example.org,MD,Anne,Shaw,General Practice,Seeking to join as a Neurology specialist,https://example.com/applications/7712ce8d-33ae-4279-8260-c430bbf58c5d.jpg,"[""license_8034.pdf"", ""cv_5342.pdf""]",active,LIC211912,(781) 283-2984,admin_001,,,2025-07-03T05:12:17.318255,2025-08-28T23:23:17.318261
29d3d238-8b5e-4ed3-a0be-7d91ee679b58,claytara@example.net,MD,Stephanie,Mason,Radiology,Seeking to join as a Geriatrics specialist,https://example.com/applications/5328e38b-b007-4f9e-8bb4-88f045c6606c.jpg,"[""license_5427.pdf"", ""cv_4674.pdf""]",active,LIC244083,(712) 733-5826,admin_002,Under review,6ef2b98b-deaa-43dc-a865-2e3325fa3787,2025-05-18T12:48:17.318556,2025-08-30T23:00:17.318561
73a20e50-b1fd-4003-84ff-e7153c52f6ac,hallcourtney@example.com,Dr.,Rhonda,Garcia,Pediatrics,Seeking to join as a Geriatrics specialist,https://example.com/applications/3f0d47cd-f5d5-40b9-b68f-c81b4d830bab.jpg,"[""license_9422.pdf"", ""cv_8372.pdf""]",inactive,LIC326987,(212) 262-5748,admin_002,Approved,,2025-04-15T04:54:17.318845,2025-09-03T07:45:17.318849
49ea5a1b-c2d1-4d61-be6c-0e07dc4a3937,andreadiaz@example.org,Dr.,Noah,Rodriguez,Pulmonology,Seeking to join as a Hematology specialist,https://example.com/applications/03c868a0-a6a5-4531-b21a-95e18c5ec989.jpg,"[""license_5498.pdf"", ""cv_8814.pdf""]",pending_approval,LIC982404,(831) 363-3206,,Approved,,2025-06-16T00:22:17.319132,2025-08-22T23:23:17.319137
37b9abf1-ffc0-48ab-a5eb-40af3682415d,jcruz@example.com,MD,Parker,Nguyen,General Practice,Seeking to join as a Cardiology specialist,https://example.com/applications/0045aeb4-b74d-45a7-a866-4c6647d62b37.jpg,"[""license_2289.pdf"", ""cv_6558.pdf""]",active,LIC488561,(772) 888-9703,admin_002,Approved,,2025-04-04T05:29:17.319379,2025-09-04T23:27:17.319384
834b4519-5303-4e69-b1af-46aa1ef08dd1,jeffery12@example.com,Dr.,Scott,Rodriguez,Cardiology,Seeking to join as a Hematology specialist,https://example.com/applications/3d8e70bd-827e-4654-9f2e-5f69f38f6000.jpg,"[""license_5086.pdf"", ""cv_4943.pdf""]",pending_approval,LIC750526,(660) 330-5110,,Under review,,2025-08-20T10:27:17.319618,2025-09-03T19:17:17.319623
f993d1b4-186c-47da-9503-962fec35dafb,kjackson@example.net,Dr.,Richard,Mason,Neurology,Seeking to join as a Endocrinology specialist,https://example.com/applications/a2d506a1-4b34-4a4c-9c89-d11577bb4652.jpg,"[""license_5997.pdf"", ""cv_1474.pdf""]",inactive,LIC422386,(214) 221-8424,admin_001,Approved,,2025-09-13T00:14:17.319865,2025-09-13T22:12:17.319870
1bd489e1-dd2a-4ce7-be01-e6286d227b11,tracy50@example.net,Dr.,Michael,Jimenez,Urology,Seeking to join as a Geriatrics specialist,https://example.com/applications/9ac75ebc-0615-4b45-9636-2063c4ed9f92.jpg,"[""license_7084.pdf"", ""cv_7821.pdf""]",pending_approval,LIC664643,(715) 558-5732,,Needs additional documentation,,2025-06-27T15:51:17.320098,2025-08-19T18:25:17.320103
b1d6d032-8dfc-4e8f-ba1e-a92268841cb5,owilson@example.net,DO,Brian,Elliott,Rheumatology,Seeking to join as a Psychiatry specialist,https://example.com/applications/b527c02f-3fb3-4bf4-afe3-cd7d1a0f7ff5.jpg,"[""license_1191.pdf"", ""cv_7824.pdf""]",pending_approval,LIC353196,(906) 508-2322,admin_001,Under review,,2025-08-19T05:05:17.320357,2025-08-28T22:30:17.320362
797d650b-b301-47bc-af80-46f73effda2c,bdavis@example.org,NP,Jeffrey,Chang,Oncology,Seeking to join as a General Practice specialist,https://example.com/applications/95606fa7-b073-45b7-9526-859b87cca0a2.jpg,"[""license_4115.pdf"", ""cv_3191.pdf""]",suspended,LIC589266,(315) 502-1399,admin_001,,,2025-05-15T19:44:17.320606,2025-09-07T15:19:17.320610
7352572d-b00e-43e2-9a34-b6da5e9f8f22,bakerrebekah@example.com,NP,Patricia,Thompson,Hematology,Seeking to join as a Gastroenterology specialist,https://example.com/applications/68be5ac7-a311-4d8f-9c94-a08aaf72e458.jpg,"[""license_8970.pdf"", ""cv_7034.pdf""]",active,LIC773793,(217) 464-7046,admin_001,,,2025-06-16T07:54:17.320900,2025-08-28T13:04:17.320905
63b44526-a97a-463c-b507-e3e782010860,benjamin44@example.org,PA,Seth,Mosley,Neurology,Seeking to join as a Hematology specialist,https://example.com/applications/72a40dac-274f-4f9f-a4af-07131454f39a.jpg,"[""license_9117.pdf"", ""cv_6377.pdf""]",pending_approval,LIC142859,(336) 461-3968,,Approved,,2025-07-15T12:28:17.321143,2025-09-13T14:14:17.321149
dc510c93-4144-4374-a014-0f151573d9e7,tanya82@example.net,NP,Mitchell,Jordan,Orthopedics,Seeking to join as a Psychiatry specialist,https://example.com/applications/5377cd47-8876-4fe9-b866-32edbcb4dd66.jpg,"[""license_3172.pdf"", ""cv_1893.pdf""]",inactive,LIC889561,(360) 356-6835,admin_001,Needs additional documentation,,2025-06-18T19:45:17.321378,2025-09-16T09:55:17.321383
768547c3-036d-4a86-a75c-27e477679347,jessica54@example.org,Dr.,Rebecca,Gutierrez,Pediatrics,Seeking to join as a Oncology specialist,https://example.com/applications/64708529-1151-417c-beee-5a9b01eb6bf3.jpg,"[""license_5674.pdf"", ""cv_2728.pdf""]",inactive,LIC708421,(301) 536-4184,admin_001,Under review,,2025-04-13T02:10:17.321609,2025-08-29T21:11:17.321614
509a1738-5c1e-4a45-934b-a8ebeb96a4de,conleysarah@example.com,Dr.,Donna,Combs,Oncology,Seeking to join as a Orthopedics specialist,https://example.com/applications/ed8850eb-2325-495a-a7fe-6ea1aeeeacaf.jpg,"[""license_3381.pdf"", ""cv_8098.pdf""]",active,LIC818369,(947) 786-3644,admin_002,Under review,,2025-03-23T20:08:17.321907,2025-09-10T18:31:17.321912
98669a41-1348-446a-af37-59bd56435cdd,ipoole@example.org,PA,Angela,King,Neurology,Seeking to join as a Endocrinology specialist,https://example.com/applications/5fb587a7-ddc3-4cc5-a9e4-f78cabbe4684.jpg,"[""license_7626.pdf"", ""cv_5102.pdf""]",inactive,LIC243902,(856) 220-3245,admin_002,Approved,,2025-09-11T10:30:17.322156,2025-08-29T05:53:17.322161
ff69ef2c-39e0-4109-a336-4eb460f35c36,seanwheeler@example.com,Prof.,Carrie,Cochran,Dermatology,Seeking to join as a Urology specialist,https://example.com/applications/fb982169-6182-408b-b9ba-26e978ff7459.jpg,"[""license_3502.pdf"", ""cv_8397.pdf""]",suspended,LIC183510,(269) 791-6932,,Approved,,2025-09-04T00:46:17.322457,2025-09-03T07:04:17.322462
56163887-ee7c-4131-b810-84b0a8880c08,lisasantiago@example.org,NP,Jill,Edwards,Rheumatology,Seeking to join as a General Practice specialist,https://example.com/applications/74d154db-5a5f-449f-a039-1151d83b6aa9.jpg,"[""license_1745.pdf"", ""cv_4146.pdf""]",pending_approval,LIC144029,(323) 464-1986,admin_001,,,2025-07-05T12:29:17.322766,2025-09-07T05:12:17.322771
48cbfeeb-31a3-44ad-af40-ab0cfc382802,collinsjose@example.com,PA,Janet,Tucker,Pediatrics,Seeking to join as a Pediatrics specialist,https://example.com/applications/0d798dc6-bec8-4cc5-892a-d3cfb4d0efb3.jpg,"[""license_8726.pdf"", ""cv_1859.pdf""]",inactive,LIC167466,(207) 207-9488,admin_002,,38b81d3c-854b-4c9d-a300-1ca0f7dc0866,2025-09-18T07:39:17.323091,2025-09-11T09:29:17.323096
49712143-33ab-4596-8afa-0df2169f3744,leejames@example.org,Dr.,Adam,Jackson,Dermatology,Seeking to join as a Neurology specialist,https://example.com/applications/7b7b0875-41bd-4763-91f3-5ea3e7accbf1.jpg,"[""license_1725.pdf"", ""cv_3937.pdf""]",pending_approval,LIC645368,(424) 786-3322,admin_002,Approved,,2025-06-13T02:17:17.323394,2025-09-17T06:30:17.323399
f450f086-41f0-45b5-bc99-e1be0358af3b,hawkinsdouglas@example.com,Dr.,Mark,Peterson,Dermatology,Seeking to join as a Geriatrics specialist,https://example.com/applications/ab2e5af9-cfcb-4bc3-b33d-e9dbc0c157b6.jpg,"[""license_1008.pdf"", ""cv_7412.pdf""]",active,LIC606378,(501) 418-6588,admin_001,,,2025-07-02T19:02:17.323696,2025-08-19T07:22:17.323702
ae24555b-0848-4bfa-9918-31b84398b1a6,amandamcmillan@example.net,Prof.,Jennifer,Guerra,Pediatrics,Seeking to join as a General Practice specialist,https://example.com/applications/bb72d6d9-61bb-4c64-9ca3-33ed18868a3a.jpg,"[""license_3616.pdf"", ""cv_2921.pdf""]",suspended,LIC653846,(315) 708-5130,admin_002,Approved,fd864d8a-c037-47a8-bdb5-8debb59f63cc,2025-05-09T03:16:17.323999,2025-09-10T23:59:17.324004
11ddd7d6-2a6a-4bde-863b-c662d442680a,johnstonmichael@example.org,MD,Michael,Jones,Neurology,Seeking to join as a Hematology specialist,https://example.com/applications/8daab7bd-2a45-45a3-a2b0-69551142a1a8.jpg,"[""license_6071.pdf"", ""cv_4146.pdf""]",inactive,LIC599980,(256) 858-3426,,,df608f36-aecd-4124-9624-79cb012bf6b6,2025-07-06T00:02:17.324299,2025-08-19T07:11:17.324304
25467afe-3651-4870-8a26-aebc51a93cbc,michellemorgan@example.com,MD,Monica,Fuller,Psychiatry,Seeking to join as a Pulmonology specialist,https://example.com/applications/2c754d8e-dd97-42f6-ab56-d8a1aef3c8ee.jpg,"[""license_4539.pdf"", ""cv_5647.pdf""]",active,LIC801140,(430) 472-8730,admin_001,Approved,c25f4898-266c-48e0-9898-8738f648833e,2025-05-02T22:51:17.324603,2025-08-30T20:45:17.324609
071fbcd6-25d5-46e7-9ffa-0a41640105d9,dixonjoshua@example.net,PA,Richard,Weaver,Psychiatry,Seeking to join as a Orthopedics specialist,https://example.com/applications/38f83242-3171-4072-874f-5d637d1806b3.jpg,"[""license_5146.pdf"", ""cv_9207.pdf""]",suspended,LIC422188,(475) 679-9934,admin_002,Approved,,2025-07-01T21:52:17.324902,2025-09-04T22:51:17.324907
272bf2bb-e340-4189-8af0-824433d78450,emoore@example.org,Prof.,Sandra,Terry,Pulmonology,Seeking to join as a General Practice specialist,https://example.com/applications/1f271cd1-a540-4f7f-be24-811d54582b19.jpg,"[""license_2356.pdf"", ""cv_4823.pdf""]",suspended,LIC344041,(947) 861-8984,admin_002,,,2025-08-13T16:53:17.325147,2025-08-18T23:28:17.325152
0af44b96-a422-4eba-ad8f-9d2c6e7c0641,schwartzjack@example.net,NP,Peter,Harris,Dermatology,Seeking to join as a Oncology specialist,https://example.com/applications/930b84b1-ebc9-4852-80ee-075f3cbd8dbb.jpg,"[""license_8536.pdf"", ""cv_7737.pdf""]",suspended,LIC546665,(419) 866-6874,admin_001,,c61d19f9-b541-40ca-bf78-2ed88401479b,2025-05-08T05:56:17.325454,2025-09-05T15:52:17.325460
966d70b7-7c63-4d3d-b572-34c5453a3394,quinnjohn@example.com,MD,Jason,Moreno,Geriatrics,Seeking to join as a Rheumatology specialist,https://example.com/applications/666c70d8-783a-4a27-8b4b-7d03411a6589.jpg,"[""license_6351.pdf"", ""cv_3198.pdf""]",suspended,LIC854080,(320) 478-2661,admin_001,,,2025-08-22T12:00:17.325757,2025-08-25T14:39:17.325763
27b3182e-b22e-4014-bf45-d8b70265f49d,ericortiz@example.com,MD,Terry,Hayes,Orthopedics,Seeking to join as a Dermatology specialist,https://example.com/applications/1a461239-4746-4fd5-af31-116fd76d52ea.jpg,"[""license_7856.pdf"", ""cv_4210.pdf""]",active,LIC319821,(682) 851-4507,admin_001,,,2025-07-04T07:00:17.326055,2025-09-08T13:47:17.326060
9aed333c-0129-4673-a469-7125f1ae62f0,ncarter@example.com,NP,Sergio,Le,Orthopedics,Seeking to join as a Cardiology specialist,https://example.com/applications/d44737fd-0070-41d0-b33b-8fa73eec7aa6.jpg,"[""license_2021.pdf"", ""cv_8038.pdf""]",suspended,LIC731779,(505) 844-2301,admin_002,Needs additional documentation,b2b43f4a-8519-45e1-b79a-ce2643ce34cd,2025-07-18T21:33:17.326301,2025-08-19T19:01:17.326305
35b0300b-b3bd-4354-8b4c-5c724e94ff76,carpentermegan@example.com,PA,Rhonda,Leon,General Practice,Seeking to join as a Geriatrics specialist,https://example.com/applications/fc6f7e53-3c77-4a96-bd9e-fce9f273e3c3.jpg,"[""license_9844.pdf"", ""cv_7755.pdf""]",suspended,LIC987667,(434) 552-4500,admin_002,Under review,,2025-07-30T13:14:17.326604,2025-08-21T19:15:17.326610
c538e53a-9535-40cc-b0da-8f5f9dae2d95,lgoodwin@example.net,DO,Amanda,Griffin,Urology,Seeking to join as a Urology specialist,https://example.com/applications/6c815110-e737-4dc5-a5e5-85d0b2f2bb55.jpg,"[""license_9553.pdf"", ""cv_1750.pdf""]",suspended,LIC823923,(320) 503-4645,admin_002,,,2025-03-23T10:39:17.326854,2025-09-02T07:59:17.326860
737b03e8-9db0-4e4f-ba19-7d92fd6a3a3e,catherine31@example.org,PA,Edward,Andrews,Geriatrics,Seeking to join as a Geriatrics specialist,https://example.com/applications/83e0e5b3-02d2-406e-a0c6-d8c80616196d.jpg,"[""license_8532.pdf"", ""cv_9486.pdf""]",suspended,LIC722032,(701) 490-8696,admin_001,Approved,,2025-05-27T15:32:17.327084,2025-08-19T15:38:17.327088
ce95b91b-e3ab-49f4-b4dd-32f0c266c0f3,umoore@example.com,DO,Robert,Reed,Urology,Seeking to join as a Orthopedics specialist,https://example.com/applications/bf79f59a-edc0-49bd-baee-b51216e6bad1.jpg,"[""license_8394.pdf"", ""cv_2704.pdf""]",active,LIC593096,(208) 330-1283,admin_002,Under review,,2025-04-04T03:45:17.327334,2025-09-15T06:41:17.327344
ee710249-6359-4ba2-a9de-4a78bfb73b28,browningmark@example.com,NP,Robert,Green,Urology,Seeking to join as a Pediatrics specialist,https://example.com/applications/9bf60434-2296-4bd7-93da-6caf35455e73.jpg,"[""license_3797.pdf"", ""cv_9214.pdf""]",suspended,LIC873927,(340) 852-3029,,Needs additional documentation,,2025-06-25T15:36:17.327643,2025-08-21T17:39:17.327649
bb7b62f8-6072-4864-ade3-a954b67284a1,kathrynjohnson@example.org,Dr.,Debra,Merritt,Hematology,Seeking to join as a Urology specialist,https://example.com/applications/516d3429-b525-467f-808a-e4edd32951b8.jpg,"[""license_7601.pdf"", ""cv_3287.pdf""]",pending_approval,LIC844382,(534) 329-2675,,,c42427d5-ede9-4aac-b803-ba4a3f963fe2,2025-07-31T13:45:17.327948,2025-09-09T11:43:17.327954
1c293363-ef43-4336-a7af-6948fe295720,nancywebb@example.net,Dr.,Randy,Winters,Urology,Seeking to join as a Cardiology specialist,https://example.com/applications/5fad792b-4681-447b-a07e-ba3c34b5f189.jpg,"[""license_9267.pdf"", ""cv_8404.pdf""]",pending_approval,LIC603958,(701) 764-9366,admin_001,Under review,,2025-09-04T08:57:17.328248,2025-09-08T21:35:17.328253
2dab656c-1958-4c91-859a-b0b35056ddbe,hermanangela@example.net,NP,Alexis,Sanchez,Oncology,Seeking to join as a Neurology specialist,https://example.com/applications/7628b618-542b-4696-b454-eebca70541c6.jpg,"[""license_8563.pdf"", ""cv_6177.pdf""]",inactive,LIC312749,(808) 854-4696,admin_001,,,2025-09-13T05:51:17.328549,2025-09-08T11:39:17.328555
776321da-97c0-4958-b4e9-536150ca61ca,laura18@example.org,Prof.,Jeffrey,Gonzalez,Gastroenterology,Seeking to join as a Rheumatology specialist,https://example.com/applications/ebe69019-d1eb-471c-8d3f-8eefa65c5e85.jpg,"[""license_8837.pdf"", ""cv_9564.pdf""]",active,LIC971304,(409) 292-8371,admin_001,Needs additional documentation,,2025-06-07T10:46:17.328777,2025-08-22T09:18:17.328781
cdaaf4f3-c9c1-4c1a-b75e-0127a86caf21,moorerodney@example.net,PA,Daniel,Powell,Rheumatology,Seeking to join as a Dermatology specialist,https://example.com/applications/2c4342ef-461f-4671-99f7-1e655466301b.jpg,"[""license_9884.pdf"", ""cv_9732.pdf""]",inactive,LIC873748,(847) 227-8044,admin_002,Under review,,2025-03-23T01:08:17.329075,2025-09-03T10:43:17.329080
b0c7e056-bf26-4af7-b4bf-3914dfe581dd,vincentcopeland@example.net,Prof.,Brian,Wilson,Geriatrics,Seeking to join as a Endocrinology specialist,https://example.com/applications/19035c56-4e1e-4569-9547-185e05c4f3de.jpg,"[""license_4837.pdf"", ""cv_6312.pdf""]",active,LIC687265,(443) 976-4076,,,51893f6b-91cd-4f54-b9f1-4ea8f94c22f0,2025-03-21T22:57:17.329380,2025-09-16T21:05:17.329385
1d517d54-58ca-4a0f-8503-8d8bb7db2788,stephanie11@example.com,Prof.,Robin,Newman,Orthopedics,Seeking to join as a Psychiatry specialist,https://example.com/applications/e60376e2-cc33-4a6f-9f77-b56216b79743.jpg,"[""license_8387.pdf"", ""cv_7662.pdf""]",active,LIC708802,(563) 325-2757,,Approved,c71cecf8-b583-4f7d-88fa-af7548c20a85,2025-06-05T15:11:17.329624,2025-08-20T12:52:17.329630
e7324765-9e56-4978-a6a5-aa9987eb25bd,annastephens@example.org,DO,Joshua,Mcclure,General Practice,Seeking to join as a Psychiatry specialist,https://example.com/applications/8ad56b62-c4dd-4519-bbb0-8628f8a89ed2.jpg,"[""license_6744.pdf"", ""cv_2315.pdf""]",active,LIC878504,(682) 834-3572,,Needs additional documentation,,2025-04-09T18:40:17.329928,2025-09-03T08:55:17.329933
5823ca6f-90e3-41b1-98b5-8f2e6672fd1f,daltonbethany@example.org,MD,Michael,Sanchez,Radiology,Seeking to join as a Urology specialist,https://example.com/applications/2b647a92-2ec2-4c29-b901-4a6d9b493bec.jpg,"[""license_5679.pdf"", ""cv_5089.pdf""]",suspended,LIC601156,(667) 665-5751,,Under review,867acf07-d58a-42fc-b1dc-ee154d46a3e2,2025-05-05T14:51:17.330247,2025-08-26T10:38:17.330253
649d142f-9d76-43c3-9096-e186d5753d13,asmith@example.org,Prof.,Andrew,Gray,Neurology,Seeking to join as a Gastroenterology specialist,https://example.com/applications/1316d0c9-2640-48d3-b712-ae3bca046363.jpg,"[""license_9725.pdf"", ""cv_5267.pdf""]",suspended,LIC289931,(737) 294-2018,,Needs additional documentation,,2025-03-31T08:33:17.330501,2025-09-09T00:37:17.330506
d680f7fc-1a4f-42a5-9a3b-a64b895524d6,robertsbenjamin@example.org,MD,Joe,James,General Practice,Seeking to join as a Urology specialist,https://example.com/applications/bfa4b51b-62e0-4d4a-b2d9-c68aeebf97da.jpg,"[""license_7061.pdf"", ""cv_4858.pdf""]",suspended,LIC382152,(208) 957-6771,admin_001,Needs additional documentation,,2025-05-14T18:02:17.330794,2025-09-08T19:46:17.330799
b54d3645-4c6f-46a2-bf16-f042ed6ef301,lisacollins@example.com,Dr.,Robert,Zhang,Psychiatry,Seeking to join as a Dermatology specialist,https://example.com/applications/cccf16d7-d9a4-4b39-b0e0-e399ee48ec56.jpg,"[""license_4825.pdf"", ""cv_5790.pdf""]",inactive,LIC954796,(629) 220-8772,admin_001,Under review,,2025-05-08T02:56:17.331196,2025-08-27T12:04:17.331208
32aed8fe-4ac0-4e69-998b-efdb7c146565,sarahhaley@example.org,NP,Andrea,Jacobs,Oncology,Seeking to join as a Pulmonology specialist,https://example.com/applications/73fc8ab1-3ba4-464b-877b-aff3be43f343.jpg,"[""license_2756.pdf"", ""cv_1028.pdf""]",inactive,LIC573485,(336) 729-7317,,,e043f37b-2492-46dc-8484-2de502091a71,2025-04-28T13:56:17.331627,2025-08-27T22:17:17.331636
dab5ecd5-1226-4fd9-ba89-2df8a42fd5b5,mistyenglish@example.net,PA,Danielle,Pierce,Hematology,Seeking to join as a Pulmonology specialist,https://example.com/applications/9e7893dd-d042-4fde-ab2c-ab7bd3a04159.jpg,"[""license_4684.pdf"", ""cv_6776.pdf""]",suspended,LIC146527,(440) 846-6986,admin_001,,7d492a5e-5265-46c3-bab1-f09908bb220b,2025-06-17T12:18:17.331944,2025-09-13T09:45:17.331949
84f8cbf2-8d1e-4b30-ba5e-d09eb20615c4,matthewmoses@example.org,Prof.,Cory,Conner,Radiology,Seeking to join as a Rheumatology specialist,https://example.com/applications/9575c83a-18a5-428a-8781-922f36efdbc7.jpg,"[""license_5885.pdf"", ""cv_3688.pdf""]",suspended,LIC697670,(872) 657-6325,admin_002,Approved,,2025-05-12T13:17:17.332292,2025-09-08T18:25:17.332299
679fb772-3288-42a7-bf3d-ab084e75a734,jonesmichelle@example.net,Dr.,Calvin,Moreno,Pediatrics,Seeking to join as a Radiology specialist,https://example.com/applications/55f1efe5-ece8-4808-9ff6-855d1c2c26ab.jpg,"[""license_9487.pdf"", ""cv_3896.pdf""]",pending_approval,LIC520118,(724) 726-9911,admin_001,,036aaefb-faef-489d-a175-67189a844e28,2025-09-05T06:02:17.332597,2025-09-17T04:20:17.332602
9bf538a4-8659-4855-9862-77b175dc2236,fosterjenna@example.net,DO,Pamela,Crawford,Psychiatry,Seeking to join as a Rheumatology specialist,https://example.com/applications/1b0f3f2f-d130-47aa-bc03-34f8e9dbbb1f.jpg,"[""license_2433.pdf"", ""cv_4763.pdf""]",active,LIC466230,(220) 931-4767,admin_002,Needs additional documentation,,2025-08-05T19:31:17.332892,2025-08-24T09:49:17.332905
84d24e4a-95e9-462d-89b6-d712596ff01b,lday@example.com,MD,Caleb,Elliott,General Practice,Seeking to join as a Geriatrics specialist,https://example.com/applications/267b6943-2168-49b5-bf67-d08a3691d877.jpg,"[""license_6266.pdf"", ""cv_8642.pdf""]",inactive,LIC378028,(910) 856-6760,,Under review,ae7e4d8b-78de-411d-9498-0796ea3da492,2025-08-26T04:31:17.333149,2025-09-11T15:18:17.333154
92fd1ca5-2355-4394-b5fa-778b2a67f447,brandon83@example.com,PA,Amanda,Barnes,Dermatology,Seeking to join as a Dermatology specialist,https://example.com/applications/93f936bf-1be1-45f3-8ba9-d15fc400bd62.jpg,"[""license_2923.pdf"", ""cv_6291.pdf""]",active,LIC717491,(774) 964-5515,,Under review,ee856e3b-d5be-4cb2-8c39-7d3a103219fc,2025-04-15T14:16:17.333375,2025-08-23T14:46:17.333380
972b20e7-cfea-46ed-904d-070ead0bef32,danielwilliams@example.org,Prof.,Andrea,Farmer,Psychiatry,Seeking to join as a Orthopedics specialist,https://example.com/applications/4f38a204-bc84-4994-a16c-55dd2aca213e.jpg,"[""license_6719.pdf"", ""cv_5775.pdf""]",suspended,LIC744403,(985) 801-3082,admin_002,Approved,,2025-06-15T09:29:17.333664,2025-08-21T18:43:17.333669
b8e3402f-df4e-495d-a0d8-7d0cce8af6e0,rmiller@example.org,MD,Thomas,Gonzalez,Pulmonology,Seeking to join as a Psychiatry specialist,https://example.com/applications/a5175503-beb5-4970-bc22-5d3fe8d0d60e.jpg,"[""license_6931.pdf"", ""cv_3975.pdf""]",active,LIC314447,(435) 626-4684,admin_001,Under review,,2025-04-22T11:14:17.333903,2025-08-30T21:13:17.333908
