id,user_id,title,start,end,type,appointment_id,linked_user_id,provider_id,description,location,created_at,updated_at
7a4a60ff-ec3c-4570-aa7e-dfd18913f511,239f182e-b3c4-48af-be60-2c9de8bc11b4,Appointment Event,2025-11-10T15:28:43.026647,2025-11-10T16:28:43.026647,appointment,c1458ae4-29a7-4499-9f2d-c3a2f839a8d0,,,Calendar event for lab_test,Downtown Office,2025-09-08T11:49:43.026706,2025-09-06T07:14:43.026715
b7875803-4238-4434-9b9c-dad5e3aeb83b,7bdaa441-f326-4d4e-9ac9-d8a06603dc27,Lab_Test Event,2025-09-21T15:28:43.026731,2025-09-21T17:28:43.026731,lab_test,b850ffcc-eb18-433f-9c97-705863192693,,2ee0471d-db63-495c-bd9e-923fa33a67ad,Calendar event for reminder,Main Clinic,2025-08-04T02:05:43.026751,2025-08-28T16:27:43.026756
d9c7cfc3-a011-48ea-af13-b6242426b065,b208d1c9-5689-4942-968e-78d2960f8cf1,Lab_Test Event,2025-09-12T15:28:43.026763,2025-09-12T19:28:43.026763,appointment,,,9bee8a8e-7022-4aed-ad2b-641b1a2e2759,Calendar event for lab_test,Main Clinic,2025-08-07T19:06:43.026778,2025-08-21T17:07:43.026782
0ee8c26b-0190-4718-8d10-40fda623e4af,4e563fa4-c403-466b-a0e6-da3304ecd66f,Lab_Test Event,2025-10-10T15:28:43.026789,2025-10-10T17:28:43.026789,lab_test,210ce92b-7f14-4d30-bf48-2990b76c7f5c,,12fa8f1f-7ef5-4fcb-82cc-3b2e54fe0dd5,Calendar event for reminder,Lab Center,2025-09-06T14:42:43.026802,2025-08-28T19:47:43.026806
3b3cec62-bdf4-4db6-88e9-67d28f1532d8,372baa59-e0f5-4f53-9af0-0aa4bfc5c0b5,Follow_Up Event,2025-10-30T15:28:43.026828,2025-10-30T19:28:43.026828,consultation,,,35c1bc5d-8d96-4857-a9b7-efab6b44d65f,Calendar event for follow_up,Main Clinic,2025-08-05T07:02:43.026841,2025-08-30T20:11:43.026845
637ad31f-f095-4fd2-8bcc-4898a670a88e,5b7e7622-8d3e-482f-af9d-8890a8519cf3,Lab_Test Event,2025-11-08T15:28:43.026852,2025-11-08T17:28:43.026852,consultation,,,0ef27299-0d50-47c3-b15f-9d9f4e07147e,Calendar event for appointment,Main Clinic,2025-07-26T22:49:43.026864,2025-09-13T18:08:43.026867
10ebb7e5-ecf8-4c0c-aebf-a06a71e90139,a09cbbc2-e855-4648-bac4-4f0049d125a0,Consultation Event,2025-11-12T15:28:43.026873,2025-11-12T17:28:43.026873,appointment,,,,Calendar event for lab_test,Main Clinic,2025-08-21T04:58:43.026883,2025-09-08T04:22:43.026889
c46a2408-97d5-4cae-a61b-81c5be7d6d95,ccf68a8f-4a21-4970-a4ca-a5eaf95e041c,Follow_Up Event,2025-08-28T15:28:43.026894,2025-08-28T19:28:43.026894,follow_up,,,,Calendar event for appointment,Main Clinic,2025-09-07T01:43:43.026906,2025-09-11T08:51:43.026910
430b58e8-1314-41f8-9f47-0a63cf7d527f,cde88888-c738-4638-a9e7-2eb8cd4a3afe,Lab_Test Event,2025-10-12T15:28:43.026916,2025-10-12T18:28:43.026916,consultation,,,654314ef-6743-4f95-ac48-dcf8f9251dd2,Calendar event for appointment,Lab Center,2025-07-24T02:18:43.026926,2025-08-24T16:12:43.026930
f97784ce-e6b7-4a4e-9cb9-3fe1cba00209,44eb072e-c71c-4f4e-8af5-79e118ccdd23,Consultation Event,2025-09-14T15:28:43.026936,2025-09-14T18:28:43.026936,appointment,,,227b4beb-66ee-4133-ac31-a9ce5e5dd46a,Calendar event for consultation,Lab Center,2025-08-03T05:06:43.026947,2025-09-17T20:30:43.026951
84f3180a-1fff-407b-9870-9f152f958e26,97dfd549-86f6-4ce5-a678-8a1f71a88b29,Appointment Event,2025-10-03T15:28:43.026956,2025-10-03T17:28:43.026956,lab_test,,,,Calendar event for follow_up,Main Clinic,2025-07-19T23:08:43.026966,2025-09-11T03:58:43.026970
ab460936-995a-4232-ad92-f6857152522d,9357d661-a554-4adb-b738-2e33021bc7e0,Consultation Event,2025-09-06T15:28:43.026975,2025-09-06T16:28:43.026975,follow_up,,,,Calendar event for follow_up,Lab Center,2025-09-14T18:37:43.026986,2025-09-07T10:38:43.026990
583bd569-7438-45ba-b7f6-2e66a5c56527,31d19268-ed8a-44c2-be95-93ce77b8f6b7,Reminder Event,2025-08-23T15:28:43.026995,2025-08-23T19:28:43.026995,consultation,,,5e40ca09-0f61-4394-b082-eabe1b137f0b,Calendar event for consultation,Downtown Office,2025-09-04T14:39:43.027006,2025-08-21T21:26:43.027010
66e115b4-acd3-45e0-8f88-7814ae7c4946,b5b8ee3b-ca5b-44f8-96b4-ab5a600d10ba,Consultation Event,2025-11-17T15:28:43.027016,2025-11-17T19:28:43.027016,follow_up,4389397a-82e0-43aa-8195-701b106e8f94,,ee2ddf1b-c0a9-4ccd-aad5-993877465faf,Calendar event for appointment,Downtown Office,2025-08-12T16:51:43.027028,2025-08-25T20:16:43.027032
888a2a1a-edc9-4b85-97b4-d2ba7e0dddd3,ee0c69b7-4eb3-48a9-b387-65ac5807fe5d,Reminder Event,2025-10-05T15:28:43.027039,2025-10-05T16:28:43.027039,follow_up,,,179e451e-bfc8-4f9a-8529-625ab6c71392,Calendar event for consultation,Downtown Office,2025-09-02T09:44:43.027050,2025-09-11T07:53:43.027053
9fb69e1e-ac77-4d34-9ebb-c4978e62c667,14da13ff-d2e0-40bb-83aa-18be95a7b59f,Follow_Up Event,2025-08-23T15:28:43.027059,2025-08-23T17:28:43.027059,appointment,efffd0f1-0af4-4f75-99c9-ab160f083193,,4dd216e7-4007-4199-86ff-175979388318,Calendar event for lab_test,Main Clinic,2025-09-13T14:28:43.027072,2025-08-20T05:37:43.027076
2c16b07a-e8b2-440e-93d7-129ca974b4b5,c9f30d16-ec2a-4bde-a616-fdd229241a98,Reminder Event,2025-10-02T15:28:43.027081,2025-10-02T18:28:43.027081,reminder,,,,Calendar event for lab_test,Telehealth,2025-08-16T21:05:43.027092,2025-09-16T11:10:43.027096
7aec13d2-5ccc-4143-8402-4c6b5171181c,2748cc72-efa2-4179-a29e-db137c48ad41,Appointment Event,2025-11-04T15:28:43.027101,2025-11-04T18:28:43.027101,follow_up,,,b5ac5be2-d108-4b61-a94c-f44fae008132,Calendar event for appointment,Telehealth,2025-09-07T07:17:43.027113,2025-09-05T08:30:43.027117
47bef6ed-e3bd-4b08-802f-8d5eb1dce112,6f73129d-6ef2-436b-b05f-c61b9121f8c7,Consultation Event,2025-10-06T15:28:43.027124,2025-10-06T18:28:43.027124,follow_up,b1c540f1-f421-4be8-b059-22a23bfb083c,,,Calendar event for appointment,Telehealth,2025-09-16T20:20:43.027135,2025-09-12T05:51:43.027139
d12951a7-cfa2-420e-bf6f-009799c19084,2abc44b8-a17d-4179-9aa8-9e42d9314a68,Follow_Up Event,2025-09-16T15:28:43.027144,2025-09-16T18:28:43.027144,consultation,,,d8471c96-2a88-4136-bd44-367286d9a0c7,Calendar event for lab_test,Telehealth,2025-07-21T01:35:43.027155,2025-08-23T07:32:43.027158
053ebd9e-34db-49f4-84da-1a3c2145bdbc,0c43d0e9-e1b2-43c6-ba38-6c93edea00b7,Follow_Up Event,2025-10-22T15:28:43.027163,2025-10-22T16:28:43.027163,lab_test,,,,Calendar event for appointment,Downtown Office,2025-09-07T03:52:43.027173,2025-09-06T02:26:43.027177
97238e0c-2a3a-450e-91c5-34cd1f7c3da0,d7f30998-0209-45a0-84a4-393f0ff62b52,Consultation Event,2025-10-01T15:28:43.027188,2025-10-01T19:28:43.027188,consultation,6bbcbc4f-6dc6-497b-acd6-ab996b73a97e,,eaacf5d5-0ab4-476a-b840-915a7db4701e,Calendar event for lab_test,Lab Center,2025-09-12T04:00:43.027199,2025-08-25T06:20:43.027203
c9ec1dbc-b3b9-4047-8b76-557f6d4e5e61,07c8dac6-2f7c-47d3-bcf7-2d4447216e1c,Reminder Event,2025-11-08T15:28:43.027208,2025-11-08T16:28:43.027208,lab_test,,,,Calendar event for reminder,Main Clinic,2025-08-06T00:21:43.027218,2025-08-29T07:18:43.027222
48cf72bc-faa8-4dac-b07b-4a06663fdf8c,a2f11ff3-d5cb-4bdf-8079-7f8eeb18a0dd,Appointment Event,2025-11-04T15:28:43.027228,2025-11-04T16:28:43.027228,lab_test,b21df65b-58c2-4a8a-bac4-0d0dc7d45b68,,3c7318d6-f882-4b1b-aa15-0c231d52f045,Calendar event for lab_test,Downtown Office,2025-07-23T01:18:43.027239,2025-09-02T02:00:43.027244
d84fecff-dd88-4e4e-8659-ce855cad021b,637a6e85-fff0-48db-8be5-94d5b9adefd2,Consultation Event,2025-09-15T15:28:43.027250,2025-09-15T19:28:43.027250,reminder,07c9fa8f-bd9d-4469-8a28-bf8d5e15134b,,,Calendar event for consultation,Downtown Office,2025-08-23T17:20:43.027260,2025-09-18T05:55:43.027264
3a7d748b-4eff-4b0b-9f65-bd95ea4a33e3,206c1bd1-c7f5-4387-b724-73d5dc620fb5,Lab_Test Event,2025-09-30T15:28:43.027271,2025-09-30T17:28:43.027271,appointment,c99f65f2-d3ce-491b-a58c-54d58c5d693d,,dc080ce1-9697-49ca-b66b-3f6a630f39af,Calendar event for appointment,Lab Center,2025-07-25T03:09:43.027281,2025-08-18T19:13:43.027285
51550af2-ea20-492c-b468-e06db6834017,e0abe216-9d02-4ad4-bc8e-fd0fde768665,Lab_Test Event,2025-10-30T15:28:43.027291,2025-10-30T16:28:43.027291,consultation,,,5b82d411-a4ef-413c-b5c0-451d8ddb24f4,Calendar event for reminder,Lab Center,2025-07-21T00:30:43.027301,2025-09-16T07:27:43.027305
d39d005d-38a0-4482-a752-c8a9a4e460cb,1c7e05a4-3af3-41ff-8480-d3d8069e542f,Lab_Test Event,2025-10-25T15:28:43.027311,2025-10-25T17:28:43.027311,appointment,,,fbabce53-9c17-466e-b315-c3f38a482199,Calendar event for follow_up,Telehealth,2025-08-01T10:11:43.027320,2025-09-01T12:59:43.027324
a3ade086-a22b-4817-b27d-ba13b0000e29,39b77888-47b8-47a6-8275-9b1064461939,Consultation Event,2025-09-15T15:28:43.027329,2025-09-15T17:28:43.027329,reminder,,,,Calendar event for consultation,Main Clinic,2025-08-08T08:53:43.027339,2025-09-05T21:27:43.027343
1c6867d8-5798-4fa2-9a64-678af0053163,9d437fbc-a6af-48d5-a14d-2631213716fa,Reminder Event,2025-09-23T15:28:43.027349,2025-09-23T19:28:43.027349,reminder,87287479-f269-4c62-8eee-05b0cd383a87,,933f5e46-2832-4b31-84a6-024cbd566c60,Calendar event for reminder,Main Clinic,2025-09-01T19:44:43.027359,2025-08-20T20:10:43.027363
e4345117-fefe-44b0-94c2-8fd0da57c17a,4f4eecc2-313f-419e-9a27-60faca8270b4,Reminder Event,2025-10-20T15:28:43.027368,2025-10-20T18:28:43.027368,reminder,,,,Calendar event for lab_test,Lab Center,2025-09-16T22:31:43.027378,2025-09-12T09:40:43.027381
34b8c950-ea5f-499e-b47f-391f3791be44,fe91be86-9b83-4c9c-b083-57a0f4227eaf,Lab_Test Event,2025-10-08T15:28:43.027388,2025-10-08T17:28:43.027388,consultation,c457640a-f25b-4a6d-bf0e-1bce22a2c1f9,,84556c68-2832-4c51-9195-8f084359d979,Calendar event for consultation,Telehealth,2025-08-17T18:54:43.027398,2025-09-10T14:38:43.027403
937ddaf3-da58-4066-bfce-5c04ee4a5458,1b9a5c61-a261-4e54-a025-4e1f67ad51a5,Consultation Event,2025-10-20T15:28:43.027409,2025-10-20T19:28:43.027409,reminder,,,a6ac8e51-13d7-4492-8248-afe704288011,Calendar event for lab_test,Telehealth,2025-08-12T11:05:43.027421,2025-09-11T21:47:43.027425
f0155af7-54d4-4fa8-bf76-68a99d2a415c,a2f11ff3-d5cb-4bdf-8079-7f8eeb18a0dd,Lab_Test Event,2025-10-20T15:28:43.027431,2025-10-20T17:28:43.027431,lab_test,cb3cb597-5c97-4620-95ba-118edd74e65e,,916ed44f-8ec8-4a5b-8821-2d5951eb5d67,Calendar event for consultation,Lab Center,2025-08-02T12:32:43.027441,2025-09-06T20:52:43.027445
93037c09-86e2-41b0-9fc8-bab11c8263d1,b46ee4ff-8470-4e7a-aebd-a05d48f6e2c2,Consultation Event,2025-10-23T15:28:43.027451,2025-10-23T19:28:43.027451,consultation,,,5bc9e119-b437-43ea-b8ae-b51b426769b5,Calendar event for reminder,Main Clinic,2025-07-28T22:29:43.027463,2025-08-21T07:48:43.027467
52c5a56b-a608-4388-86d9-878d6a6fc0e9,1e2f8dfd-8f1a-4dc9-b0ad-852c8a906ee2,Consultation Event,2025-11-08T15:28:43.027472,2025-11-08T17:28:43.027472,lab_test,,,69507f83-cc7d-45e9-9f38-517a17c12e28,Calendar event for reminder,Lab Center,2025-08-26T14:36:43.027482,2025-09-01T13:48:43.027486
c1126cff-af32-40e1-9693-2dced3614a44,d7d6f9c0-5268-48e0-a3dc-401ce7cf2925,Appointment Event,2025-09-25T15:28:43.027492,2025-09-25T19:28:43.027492,follow_up,,,a07f0161-7376-4633-a084-3a8b4d925540,Calendar event for follow_up,Lab Center,2025-07-25T08:23:43.027502,2025-08-22T09:05:43.027506
a8607b3d-ba8e-41b7-a098-3511cce08e48,941b9708-b03c-416f-9e01-71046df9060c,Consultation Event,2025-09-19T15:28:43.027512,2025-09-19T19:28:43.027512,reminder,,,dc4f7440-7d77-472d-8dc2-bdc3e77b680d,Calendar event for reminder,Downtown Office,2025-09-10T10:37:43.027522,2025-09-10T09:16:43.027525
530bfdcb-a1dd-4bfc-b592-4c2b350c67c5,6a21f79d-b5f4-4a79-bf34-055be50c4471,Consultation Event,2025-10-23T15:28:43.027531,2025-10-23T16:28:43.027531,consultation,ad2ef8ea-e48d-43e9-a87e-569950733ce3,,,Calendar event for appointment,Telehealth,2025-07-29T10:00:43.027542,2025-09-05T00:43:43.027546
d1a17031-26b7-4186-b70a-bbf13bf0a925,fa188755-21ce-4c4f-8846-dec000202d48,Follow_Up Event,2025-08-27T15:28:43.027551,2025-08-27T17:28:43.027551,consultation,,,a5e74e3b-ed25-4206-adc5-a0366280c130,Calendar event for follow_up,Downtown Office,2025-07-22T20:30:43.027562,2025-09-14T15:22:43.027565
e6e34be5-eb99-4548-a631-a5dfc1e27ebf,e8476a69-5860-4fdf-ae57-e21d7c3ade90,Consultation Event,2025-11-14T15:28:43.027572,2025-11-14T19:28:43.027572,lab_test,2e859d54-065f-4b1c-92d1-0117a37ba585,,50cf80b6-d7a2-49a0-9491-82073ccaa506,Calendar event for appointment,Lab Center,2025-07-24T12:15:43.027582,2025-09-05T04:19:43.027587
07c6f81a-8eb9-48cf-a332-a9690261e8eb,f97fc2d1-a001-49b3-8e0c-504300fa138f,Consultation Event,2025-10-10T15:28:43.027594,2025-10-10T16:28:43.027594,lab_test,,,ab3f9b19-5ac7-4212-be72-50eedd6bd243,Calendar event for follow_up,Telehealth,2025-09-09T22:09:43.027605,2025-09-18T12:38:43.027609
df4b54b9-8e19-400a-98b4-757f233e7dd6,b9610b44-ce55-44bb-8e54-2439766f1fc5,Lab_Test Event,2025-10-04T15:28:43.027614,2025-10-04T19:28:43.027614,consultation,,,37599bb7-070b-49db-982c-4eea56f4db55,Calendar event for lab_test,Telehealth,2025-08-04T01:00:43.027624,2025-09-13T03:09:43.027628
7bdd8a3b-9012-480b-b929-faa2b7e03eb6,de235b06-6b77-43f3-b4a9-d69c0267859c,Follow_Up Event,2025-10-21T15:28:43.027633,2025-10-21T19:28:43.027633,consultation,,,0a54a5b9-e543-4a03-b282-e96d5eb17c4c,Calendar event for reminder,Downtown Office,2025-08-17T18:40:43.027643,2025-08-25T16:40:43.027647
e33641ba-9f6e-423b-b03d-12fe48f979d0,226b7205-d45f-4ce5-80ed-9d5d687d01ee,Appointment Event,2025-10-10T15:28:43.027654,2025-10-10T17:28:43.027654,follow_up,,,ede6cca6-21f7-42a2-8894-e498d1fd9fb5,Calendar event for consultation,Downtown Office,2025-07-20T17:52:43.027665,2025-09-08T19:51:43.027668
dd695e99-9c3f-4d66-9e86-e9623540368f,2a2d645d-1368-4fd0-abb3-94c1fd70c782,Reminder Event,2025-10-06T15:28:43.027673,2025-10-06T19:28:43.027673,follow_up,,,,Calendar event for lab_test,Downtown Office,2025-07-30T17:29:43.027683,2025-09-08T14:33:43.027687
c58c37aa-44e9-4707-83d0-4d945b7dc18c,a56780f5-0ab8-44ef-b3e6-3ecc7f07e9ad,Appointment Event,2025-11-17T15:28:43.027693,2025-11-17T17:28:43.027693,consultation,,,b90d5cb2-e6ff-4055-8671-2a3938909cea,Calendar event for reminder,Telehealth,2025-07-23T15:07:43.027703,2025-08-20T07:07:43.027707
4e17121b-9b1c-47bb-b4b8-f5d444ed047a,ba9feb0e-0f9f-4874-b9c1-f0ae4f34b025,Appointment Event,2025-11-15T15:28:43.027712,2025-11-15T17:28:43.027712,lab_test,,,70b83be5-030c-4e9f-bc08-34dfe2bdb0ac,Calendar event for reminder,Downtown Office,2025-08-29T09:24:43.027722,2025-09-09T08:34:43.027726
fb84c192-33c2-437c-94a6-df58f87d99fb,d39d1a65-b533-4813-bc31-45b574a8f141,Appointment Event,2025-10-06T15:28:43.027732,2025-10-06T18:28:43.027732,consultation,95e42d36-5641-480e-b9f4-5d2f3503586c,,cb4b4e7e-3d4d-4fa6-8dd0-104d2a4b565e,Calendar event for consultation,Main Clinic,2025-08-05T04:57:43.027743,2025-09-08T22:07:43.027746
5d8a7d33-590e-475a-adef-7ac70e50b442,aaf9d183-ea25-48e7-801e-622654b453bd,Consultation Event,2025-11-03T15:28:43.027752,2025-11-03T18:28:43.027752,consultation,db1c5369-ed02-4543-af3b-71d534d55cc8,,63adce40-c876-4a0e-a8cf-ca8bb2fbcc42,Calendar event for follow_up,Main Clinic,2025-08-15T21:56:43.027764,2025-08-22T17:38:43.027768
86e217cd-680c-4c01-9767-218ee22ab517,7db79da5-33b5-42f6-8dcb-0569c07a0eb2,Consultation Event,2025-09-20T15:28:43.027773,2025-09-20T19:28:43.027773,reminder,,,,Calendar event for reminder,Downtown Office,2025-08-18T18:24:43.027782,2025-08-24T06:31:43.027786
932d8c8e-7c20-4cd9-b8aa-06242756dc2f,49426972-b5b6-4288-b647-cdc63f471e3f,Follow_Up Event,2025-09-16T15:28:43.027791,2025-09-16T18:28:43.027791,lab_test,,,,Calendar event for consultation,Lab Center,2025-08-25T12:05:43.027801,2025-09-17T03:11:43.027804
6fc1c54d-5c63-4569-bba0-df1440baafd4,2b34c8ba-dc03-4957-9aa6-255d8b00fda7,Follow_Up Event,2025-09-18T15:28:43.027810,2025-09-18T19:28:43.027810,reminder,af7fcf02-9d75-41db-9eba-d1a15e8cc05b,,3be99888-d005-4896-b6df-fcff7281535b,Calendar event for lab_test,Main Clinic,2025-09-11T22:17:43.027821,2025-09-15T22:57:43.027825
c01b12da-31a6-44e9-a134-31b37db515cd,72049d9d-217b-4113-ac52-ec9a67c0f47b,Appointment Event,2025-09-08T15:28:43.027832,2025-09-08T17:28:43.027832,lab_test,,,60a88d30-3dcf-4708-bd68-397f652e5e57,Calendar event for consultation,Lab Center,2025-07-26T16:16:43.027843,2025-09-04T21:12:43.027847
7ca3c0bd-591f-49ff-8ff1-5036bf5d7ca9,9151d7d3-9cd4-43a0-9325-ac8752a24683,Lab_Test Event,2025-10-23T15:28:43.027853,2025-10-23T17:28:43.027853,lab_test,,,,Calendar event for follow_up,Lab Center,2025-08-19T03:36:43.027863,2025-08-27T17:19:43.027866
bf8c0f43-8f4c-450d-8084-a727691a6c84,723c38c9-02cd-4769-858e-57c551e7ff38,Lab_Test Event,2025-09-03T15:28:43.027871,2025-09-03T16:28:43.027871,consultation,efca3f8d-1394-4b74-98c0-1e96348024d3,,,Calendar event for follow_up,Telehealth,2025-09-09T09:28:43.027882,2025-08-21T10:50:43.027886
98366d29-fc5f-48d9-b12b-104418847115,6a21f79d-b5f4-4a79-bf34-055be50c4471,Reminder Event,2025-10-29T15:28:43.027891,2025-10-29T17:28:43.027891,lab_test,,,8a9debcf-fe08-4d83-900f-d410ca1c86a7,Calendar event for consultation,Downtown Office,2025-07-24T10:41:43.027901,2025-09-04T21:34:43.027905
2c77e5cd-aca3-43c6-97a9-154e26250939,f4ae0737-1eab-4cac-890f-c19e89cf68af,Lab_Test Event,2025-10-16T15:28:43.027911,2025-10-16T16:28:43.027911,appointment,cc4f6bcc-aa4b-42c2-9ede-b1550bc44836,,7b1e6d39-8f6e-4270-971d-7a9af3743814,Calendar event for appointment,Main Clinic,2025-09-16T16:05:43.027921,2025-09-08T04:11:43.027926
975afa25-48c5-4995-906b-cf10a8714106,cfa6669c-0cbc-44f1-b3cc-39242e8001de,Lab_Test Event,2025-09-28T15:28:43.027932,2025-09-28T17:28:43.027932,appointment,5254261b-faf7-4666-81dc-735021ad9e5e,,2d499732-84fa-47c6-99e4-cb21b3774637,Calendar event for reminder,Telehealth,2025-08-01T02:27:43.027942,2025-09-13T23:44:43.027946
d06b504e-263a-4c1f-86dd-20cf823d14bd,f243acc5-4bef-4360-a9cd-186b13904eda,Reminder Event,2025-08-21T15:28:43.027952,2025-08-21T16:28:43.027952,lab_test,b3ddc7ed-86b1-4963-a64e-4501c2f3d7db,,82819c2d-2adc-41b2-ba13-84e21fa811ec,Calendar event for appointment,Lab Center,2025-08-23T07:02:43.027962,2025-08-30T17:20:43.027966
f0751457-845c-493e-8074-ea437fd09e42,97989895-af7f-48d1-9308-2d577a24cd4b,Appointment Event,2025-11-07T15:28:43.027971,2025-11-07T16:28:43.027971,reminder,7eb1a6bc-b4ee-443e-88b0-d096d196f20e,,,Calendar event for appointment,Main Clinic,2025-08-17T22:30:43.027981,2025-09-06T01:14:43.027984
e0c0b0d7-bcc3-4944-8a1d-7dcc9027fdcd,9f778e0c-d88a-4f2d-88a3-a469e2f08c5c,Lab_Test Event,2025-08-22T15:28:43.027990,2025-08-22T18:28:43.027990,lab_test,25a7c1ce-ca3d-4bb8-a166-77d87b6a7235,,2dbc4205-f9e0-4d22-a477-a13da7461d55,Calendar event for appointment,Telehealth,2025-07-20T18:23:43.028001,2025-08-24T04:01:43.028004
afeb1149-77b2-4d91-83eb-378a08add825,8c9af9d3-0113-4ac0-8b56-50b325921648,Appointment Event,2025-09-07T15:28:43.028011,2025-09-07T19:28:43.028011,reminder,,,ef0a75a6-e136-41a0-8922-586a0cd93b07,Calendar event for reminder,Downtown Office,2025-09-17T00:18:43.028022,2025-08-19T05:57:43.028025
eebc0292-4004-4f2e-80af-6b22496a3d95,3a84e36a-be84-4404-824d-9ebf97ab80be,Appointment Event,2025-09-08T15:28:43.028031,2025-09-08T17:28:43.028031,reminder,bcd31c8d-c51c-46e0-aceb-7e79af9dcc3a,,,Calendar event for appointment,Telehealth,2025-08-16T06:01:43.028041,2025-09-08T16:26:43.028045
b3a8f644-3368-43de-8f3f-44e2cf8e73e5,3e9dc760-9266-45fd-9ffb-ed4abcdb5b4d,Lab_Test Event,2025-08-19T15:28:43.028051,2025-08-19T16:28:43.028051,consultation,,,91745df8-3237-441b-a704-8578c796254d,Calendar event for consultation,Main Clinic,2025-08-16T08:08:43.028061,2025-08-26T12:17:43.028065
a27c4c38-6d7c-4b97-8b4a-6fc625893c67,3a67cefa-19d9-4aa1-9b93-bf1ee0820859,Lab_Test Event,2025-09-07T15:28:43.028072,2025-09-07T17:28:43.028072,appointment,f1f4e05b-af13-49e5-a174-cf03ac94e7dc,,,Calendar event for reminder,Downtown Office,2025-08-12T06:38:43.028082,2025-08-20T17:21:43.028086
4cfc3719-0a3e-44cd-8f39-228a6002091b,a57fb70a-40a1-4835-8fc7-33d400422480,Consultation Event,2025-09-06T15:28:43.028091,2025-09-06T16:28:43.028091,appointment,31eaf271-27c3-45c9-895c-787e74ea894a,,,Calendar event for consultation,Main Clinic,2025-07-30T02:54:43.028103,2025-09-13T11:48:43.028107
820ef6d0-1e54-477a-8836-cb6f76f20929,9e4793b9-f3f1-4fca-bccc-7d808671abc6,Lab_Test Event,2025-09-13T15:28:43.028113,2025-09-13T19:28:43.028113,reminder,4624cc58-4cbc-4785-854c-f17ef54ce078,,cfd893b6-b37b-4c65-a580-5fd641516b34,Calendar event for reminder,Main Clinic,2025-08-28T07:01:43.028123,2025-09-06T22:51:43.028127
4a136881-67f0-4990-9ba0-11e4ba1ebe86,ba9feb0e-0f9f-4874-b9c1-f0ae4f34b025,Lab_Test Event,2025-09-20T15:28:43.028132,2025-09-20T17:28:43.028132,consultation,45535020-cf34-4e98-aeb0-e22ae512a8d8,,,Calendar event for consultation,Lab Center,2025-08-17T19:49:43.028142,2025-08-29T14:22:43.028146
ad628f4f-9af4-4c85-890b-3029a6d00c87,6b766cb7-c655-4b3b-b058-d412dae46f31,Reminder Event,2025-08-20T15:28:43.028151,2025-08-20T17:28:43.028151,consultation,,,,Calendar event for consultation,Lab Center,2025-08-24T11:41:43.028161,2025-08-27T17:30:43.028164
7dab8534-d38f-4ca1-a499-661a3eb49c4d,fad25537-1269-44f4-9d36-dad81b29bb77,Reminder Event,2025-08-25T15:28:43.028170,2025-08-25T17:28:43.028170,lab_test,,,5b4afd86-5e7c-42f9-8a8c-5bb6f27c14d6,Calendar event for appointment,Main Clinic,2025-07-22T08:21:43.028180,2025-08-25T04:02:43.028187
c0a65ba8-db0d-4e9b-a6fa-d0ba43ca7ce3,433932df-f92e-4055-af1e-56a650b56ba3,Lab_Test Event,2025-09-20T15:28:43.028193,2025-09-20T19:28:43.028193,reminder,98383af0-46f7-4fa9-9b3f-92075ce0b9e0,,,Calendar event for consultation,Downtown Office,2025-08-07T06:13:43.028204,2025-08-25T04:04:43.028208
34e01cde-9fe9-495f-ab10-fdc5d3a0498b,77b9fab9-f537-4da4-a125-a10515de06c0,Appointment Event,2025-09-19T15:28:43.028215,2025-09-19T17:28:43.028215,follow_up,dc35a7f2-b6fa-4479-9f0f-81bdfcca4cfb,,24832eba-b90d-4fe1-84a1-b05847420414,Calendar event for reminder,Lab Center,2025-07-28T19:55:43.028225,2025-09-10T19:27:43.028229
df15dbdf-23ad-4e6e-8ae6-78246cbdce76,db26dc0b-cac5-42b9-9bfb-05b46b3180a5,Consultation Event,2025-11-11T15:28:43.028235,2025-11-11T19:28:43.028235,lab_test,b3d82cad-c24b-4b99-8b48-3514f722abf3,,2371079f-7634-4f03-ba05-e1d9e6a99872,Calendar event for consultation,Telehealth,2025-07-21T20:54:43.028245,2025-09-15T06:27:43.028249
bc0df705-6103-4985-9aa3-8fdfa041421c,75d3c6e1-1107-4c09-9bc3-b1508fa66ca7,Consultation Event,2025-08-30T15:28:43.028255,2025-08-30T18:28:43.028255,follow_up,,,,Calendar event for appointment,Telehealth,2025-07-20T03:09:43.028265,2025-09-05T16:56:43.028270
282433f3-5cac-4491-a550-fda94ebfcb86,8e09acbb-f592-431c-98d3-706e9a913f84,Consultation Event,2025-09-20T15:28:43.028275,2025-09-20T16:28:43.028275,reminder,,,d4c9ba3f-7ce5-4ad3-98a6-fa27bbc41c33,Calendar event for follow_up,Main Clinic,2025-07-28T17:02:43.028286,2025-08-25T20:18:43.028289
513eb5dc-8fdc-4998-bc2c-b95cded15839,7084d7cb-6a5c-4d20-a887-58fb4e53e89a,Follow_Up Event,2025-09-02T15:28:43.028295,2025-09-02T17:28:43.028295,consultation,,,970794b7-8f7d-4d78-815a-4345bf796844,Calendar event for appointment,Downtown Office,2025-09-17T21:55:43.028305,2025-08-27T16:18:43.028309
1dc66863-a05e-4b24-814e-f74bd2702caa,02330400-b328-4ead-9f55-00197faa5d9a,Follow_Up Event,2025-09-17T15:28:43.028315,2025-09-17T18:28:43.028315,consultation,,,,Calendar event for lab_test,Telehealth,2025-08-10T17:51:43.028326,2025-09-01T06:30:43.028329
3dc3f3f4-dd58-4caf-b25a-41dd2820c89e,a6ae4171-40e5-4fd2-8f1e-1e8f7629af83,Reminder Event,2025-10-29T15:28:43.028335,2025-10-29T18:28:43.028335,consultation,da88c5c1-2ba4-4a08-8a49-6cc6a8b3de97,,,Calendar event for reminder,Downtown Office,2025-09-15T13:10:43.028345,2025-09-11T22:31:43.028348
52641936-a69d-4982-bcae-3ca6e90ce98c,0939eb9b-bf75-4f17-bc7c-cbe87102df69,Follow_Up Event,2025-08-24T15:28:43.028353,2025-08-24T19:28:43.028353,appointment,,,,Calendar event for consultation,Telehealth,2025-08-25T10:43:43.028363,2025-09-10T19:45:43.028367
f5b1f2d1-66a8-49f9-97d8-6c986153669b,cfa6669c-0cbc-44f1-b3cc-39242e8001de,Reminder Event,2025-10-25T15:28:43.028372,2025-10-25T19:28:43.028372,lab_test,0991c8b8-4928-4672-96be-1d9f0c05ee09,,,Calendar event for reminder,Main Clinic,2025-08-13T23:01:43.028383,2025-08-27T09:15:43.028387
ba38b28d-d44c-4199-bc54-86e69c9e4820,de235b06-6b77-43f3-b4a9-d69c0267859c,Reminder Event,2025-10-05T15:28:43.028392,2025-10-05T19:28:43.028392,reminder,8fdca176-56ef-447c-a6e0-26ffd41e4e45,,,Calendar event for consultation,Downtown Office,2025-08-03T23:39:43.028402,2025-09-01T05:01:43.028406
b38c30dc-36d4-4b77-9937-696e98d376cd,bd4f8108-094a-46fd-ade1-e03236eed9c4,Reminder Event,2025-11-06T15:28:43.028411,2025-11-06T17:28:43.028411,lab_test,,,b11171f6-7dc4-475d-84e0-b185ff469d93,Calendar event for consultation,Lab Center,2025-09-13T10:19:43.028421,2025-08-19T05:46:43.028425
aba0418f-7d8d-4b3e-b73c-ab30fd0c284c,4133688a-ca57-42cd-acc6-d7636c91a6a7,Lab_Test Event,2025-09-18T15:28:43.028431,2025-09-18T18:28:43.028431,lab_test,c8989547-61cb-451b-a400-2a27a0a1108c,,9c7c46bf-f379-459f-b901-0d4197a957eb,Calendar event for lab_test,Lab Center,2025-09-05T13:17:43.028448,2025-09-08T17:15:43.028452
6c9cdfee-5ca3-4c13-a7d8-bb4dc5a7afde,955114de-7b68-441a-9eab-3edbce918d9d,Consultation Event,2025-11-10T15:28:43.028458,2025-11-10T16:28:43.028458,follow_up,c5bcef0c-e61f-4605-838b-238d1e7adeb5,,,Calendar event for appointment,Lab Center,2025-09-05T05:31:43.028469,2025-08-23T05:43:43.028473
8995a301-9910-4dc5-aa4d-f04c88acb60b,9d437fbc-a6af-48d5-a14d-2631213716fa,Follow_Up Event,2025-08-30T15:28:43.028477,2025-08-30T17:28:43.028477,lab_test,,,,Calendar event for appointment,Downtown Office,2025-08-20T04:50:43.028488,2025-08-19T22:17:43.028491
d11ed815-50bf-444a-a858-82a2048b6e3c,548b186a-640e-483c-8707-04fe8eb8d44a,Lab_Test Event,2025-10-19T15:28:43.028496,2025-10-19T16:28:43.028496,reminder,,,,Calendar event for appointment,Telehealth,2025-08-09T20:30:43.028506,2025-08-22T11:55:43.028509
412f7c2a-1cc3-4bb9-b7a5-c88d6bd87b51,8b084433-3ac0-4cac-819c-e9a7d0b3c611,Reminder Event,2025-09-04T15:28:43.028515,2025-09-04T19:28:43.028515,consultation,c597cec0-84d7-4631-932d-382a55e2333b,,f09c51d2-ae51-4881-9fbf-18879dd7d0e8,Calendar event for appointment,Main Clinic,2025-08-25T15:04:43.028525,2025-09-17T07:31:43.028529
8e1966c9-1cc6-4ef7-9a1e-3e20c5d34f8e,c423ff28-b423-4704-ba7a-1b151d535781,Appointment Event,2025-10-07T15:28:43.028535,2025-10-07T19:28:43.028535,appointment,cc6de922-0788-40f7-953d-0ad8fc99aa95,,,Calendar event for consultation,Telehealth,2025-09-17T20:20:43.028545,2025-08-25T12:24:43.028549
ded7c2c7-c981-4330-b297-ae2b1e91e97f,cb01d6ce-0af4-44ec-ac93-249227cea8b2,Appointment Event,2025-09-11T15:28:43.028554,2025-09-11T18:28:43.028554,follow_up,,,f20ece89-b82f-4050-82c9-76a465bf0c52,Calendar event for follow_up,Downtown Office,2025-08-10T05:05:43.028564,2025-09-13T08:14:43.028568
1c9d71c3-3e47-4102-81e4-1d6c671c59ce,efd80958-d8f7-4729-bafa-a5c8c72b2abb,Appointment Event,2025-10-21T15:28:43.028574,2025-10-21T16:28:43.028574,follow_up,a47298c1-4d65-4287-a233-1894f11e242d,,cec785c0-7aa3-4d67-a2ac-2aadd803fa6a,Calendar event for appointment,Main Clinic,2025-08-21T05:42:43.028584,2025-09-14T10:54:43.028588
175e92ee-2567-4c3b-b27f-cd53d6213f2c,e2a22f06-239e-45e6-8ada-19dc69246cef,Follow_Up Event,2025-09-09T15:28:43.028593,2025-09-09T18:28:43.028593,consultation,,,8de56d0b-acbe-49e1-8b0e-0cd0ac17f2a7,Calendar event for appointment,Downtown Office,2025-08-30T03:08:43.028603,2025-09-14T18:30:43.028607
8d44fd02-a78d-4f10-8c4a-98c243bda755,56cb3c26-2357-4463-8a7f-cea94a61b08b,Consultation Event,2025-11-11T15:28:43.028613,2025-11-11T16:28:43.028613,lab_test,9fe29b8c-c7f4-43de-8184-ecf469e94dd7,,b45bb7d5-d317-4e37-9cda-3edf2e61e632,Calendar event for lab_test,Telehealth,2025-08-05T05:24:43.028625,2025-09-12T23:24:43.028629
d476ee4c-6b1b-4a96-b2f2-5bcf29579726,dfca5e50-7b9e-49bb-b991-7840dff9c6fe,Consultation Event,2025-10-03T15:28:43.028636,2025-10-03T19:28:43.028636,reminder,51dff8f9-5f57-49b6-99b8-b599bebf3cae,,b9470e71-f053-437c-88e8-903113e0aa92,Calendar event for reminder,Lab Center,2025-08-05T03:00:43.028647,2025-09-05T06:07:43.028651
7fee5735-47e3-40bc-a8eb-ef37105abe3b,1c6a811c-ee84-472a-82f6-78188224611b,Appointment Event,2025-11-10T15:28:43.028656,2025-11-10T19:28:43.028656,lab_test,a83a00f3-625f-4454-a4b5-9b50e85ced4c,,,Calendar event for lab_test,Lab Center,2025-09-06T06:40:43.028666,2025-09-07T11:34:43.028670
3e618990-b0d0-46f4-a616-be6cfb813f89,0f7a5dba-0ccb-4b25-8bac-c3e130e5e045,Consultation Event,2025-09-02T15:28:43.028675,2025-09-02T18:28:43.028675,lab_test,,,0cdc6663-a52b-4e1d-984a-18a33086c793,Calendar event for reminder,Downtown Office,2025-09-05T07:38:43.028686,2025-08-28T15:59:43.028690
e7f917ba-4afb-4620-846a-0285c5720474,6e99a1ff-64f1-4c53-ba64-cb73d3456b3a,Reminder Event,2025-09-16T15:28:43.028696,2025-09-16T17:28:43.028696,reminder,ef3ea21c-bcf5-431f-9b27-fda932f00dff,,53062dd7-e111-4595-90ae-c2269a2a3b20,Calendar event for lab_test,Downtown Office,2025-09-12T10:37:43.028706,2025-08-30T12:39:43.028709
4df7431e-397b-4f25-8b4f-4a26128ccbbb,6da0be67-1fb7-42fb-8d2b-33401c69408d,Lab_Test Event,2025-10-30T15:28:43.028714,2025-10-30T18:28:43.028714,lab_test,,,,Calendar event for lab_test,Telehealth,2025-08-26T23:17:43.028724,2025-09-11T02:01:43.028728
2ae573c5-df22-4c67-95c8-811631d92705,ba9feb0e-0f9f-4874-b9c1-f0ae4f34b025,Follow_Up Event,2025-11-06T15:28:43.028733,2025-11-06T19:28:43.028733,appointment,,,e49d541e-114a-4abc-ae67-03a0f5ad8f7e,Calendar event for lab_test,Telehealth,2025-08-29T09:42:43.028744,2025-09-13T02:54:43.028748
589427b0-6e3d-41d4-9138-6e3d3b1846af,a2bbe51a-7f7f-4a0a-be76-fad34dc591d6,Lab_Test Event,2025-10-01T15:28:43.028754,2025-10-01T17:28:43.028754,appointment,8519e586-645a-407e-b6a6-abca6e048a64,,0256dd58-ae5f-43a4-a8ca-95888d60b38e,Calendar event for appointment,Lab Center,2025-07-21T01:09:43.028764,2025-09-05T17:23:43.028768
3a674730-be35-4ee3-8bad-89d3264c2807,49426972-b5b6-4288-b647-cdc63f471e3f,Reminder Event,2025-08-29T15:28:43.028773,2025-08-29T19:28:43.028773,lab_test,,,8f3bfa2a-efed-4178-bac0-b05b885c64d5,Calendar event for reminder,Telehealth,2025-07-22T00:23:43.028783,2025-08-28T02:07:43.028787
e27eafbb-2bc7-4ec4-a3d2-a3c73c7945ac,eda9619f-b17a-4bd3-8455-e2dc2d94e181,Reminder Event,2025-10-23T15:28:43.028792,2025-10-23T17:28:43.028792,follow_up,,,a591028a-f392-402f-b733-b627bfa7cec8,Calendar event for reminder,Telehealth,2025-09-18T02:20:43.028804,2025-09-10T12:29:43.028807
8a29fead-b50f-4294-aa77-8e8b98875e1f,31d19268-ed8a-44c2-be95-93ce77b8f6b7,Reminder Event,2025-09-22T15:28:43.028813,2025-09-22T18:28:43.028813,appointment,394533f8-57a0-4c3b-a4f6-26e0b2f87e77,,,Calendar event for follow_up,Main Clinic,2025-08-23T20:13:43.028823,2025-09-17T22:11:43.028827
a79f88dc-1cf8-424d-af55-e0866ab5b013,7afeabdf-e8f2-4923-b7a1-3d70926fb104,Lab_Test Event,2025-10-29T15:28:43.028833,2025-10-29T18:28:43.028833,consultation,75f9bcae-8394-4caf-b85f-03857775faf1,,70b83be5-030c-4e9f-bc08-34dfe2bdb0ac,Calendar event for consultation,Telehealth,2025-08-13T10:17:43.028843,2025-08-30T09:22:43.028847
945ce2b5-7327-4059-9bff-e942eb101407,672fd092-c4e1-41ac-8cd4-c1fc3b1435fd,Appointment Event,2025-11-11T15:28:43.028853,2025-11-11T19:28:43.028853,lab_test,aa12c37d-a3ce-4be4-89a8-7c8f59b4f757,,e1c1223b-a603-4827-8a90-572404ae8358,Calendar event for lab_test,Lab Center,2025-08-06T01:41:43.028864,2025-09-11T10:55:43.028867
4f2036a4-c059-4bdb-9e1f-7a1cc0640b83,784f576f-43a0-4577-bd3e-54330d02e2a6,Lab_Test Event,2025-10-26T15:28:43.028872,2025-10-26T18:28:43.028872,consultation,,,,Calendar event for appointment,Downtown Office,2025-09-06T21:19:43.028882,2025-09-15T00:35:43.028886
56fe3f92-d6cf-4a26-a84c-33995f0dd7e2,56cb3c26-2357-4463-8a7f-cea94a61b08b,Lab_Test Event,2025-10-29T15:28:43.028891,2025-10-29T18:28:43.028891,consultation,90ffeddf-4d02-419e-89b4-7cbcd54349f1,,,Calendar event for reminder,Main Clinic,2025-08-22T00:16:43.028903,2025-09-13T06:53:43.028907
9a74593f-f674-4806-8176-38aab2eca4f0,ca3e008d-634a-4b46-97ad-81484f104533,Consultation Event,2025-10-11T15:28:43.028913,2025-10-11T17:28:43.028913,reminder,,,bcb0e203-6f8f-483f-94d9-8309f2d7be5c,Calendar event for lab_test,Main Clinic,2025-07-20T10:38:43.028924,2025-09-05T15:03:43.028927
b505a520-cbbb-48d8-a36c-2e39c64ec6b8,9357d661-a554-4adb-b738-2e33021bc7e0,Follow_Up Event,2025-11-06T15:28:43.028932,2025-11-06T19:28:43.028932,lab_test,b850ffcc-eb18-433f-9c97-705863192693,,,Calendar event for follow_up,Main Clinic,2025-09-08T05:13:43.028942,2025-09-03T09:33:43.028946
eecc6fdd-79d0-4388-8f59-188b8f4a1f70,bddd75cd-4108-4bdb-9476-955483306984,Lab_Test Event,2025-09-13T15:28:43.028952,2025-09-13T17:28:43.028952,lab_test,d2dfa1ff-4ee8-4634-b981-115556ef2c9a,,66b47382-1747-4ba0-9a2f-29b3bb6d1010,Calendar event for appointment,Main Clinic,2025-09-02T11:10:43.028963,2025-09-06T00:18:43.028967
25db3e01-c1bc-4618-aa15-cb831a5a974e,75a8a2ca-bd18-460c-ad24-b6817f2b19a5,Consultation Event,2025-09-05T15:28:43.028972,2025-09-05T16:28:43.028972,lab_test,3dea8a8d-c05e-4a49-9714-4718e4aed20a,,80f75ef6-be49-4a59-9de4-64a51a76ba8e,Calendar event for consultation,Downtown Office,2025-08-09T03:54:43.028983,2025-09-10T07:59:43.028987
08097ee3-6342-41a0-adc3-38e7a1d0da06,e2a51e06-a730-433e-9982-9378b071d2a7,Reminder Event,2025-10-17T15:28:43.028993,2025-10-17T16:28:43.028993,consultation,9c8f0949-cd5e-492f-9982-9885751d8426,,f85a66e0-7b9c-4b43-af6a-b81ac2b08497,Calendar event for lab_test,Downtown Office,2025-08-17T03:24:43.029004,2025-09-01T07:26:43.029008
8ee25656-3005-4a6c-8d26-edd9e0995dc7,afeb7fe6-e8f8-43c2-b527-b6fa27e6f146,Follow_Up Event,2025-11-03T15:28:43.029013,2025-11-03T19:28:43.029013,appointment,,,378243c2-a0ab-4a9d-aa23-626b130e48ed,Calendar event for lab_test,Downtown Office,2025-08-28T20:59:43.029025,2025-09-13T11:44:43.029029
3a912c24-a75b-459f-8263-551a8d622c07,4f3795fb-7256-4e59-9103-745b8e6e045e,Lab_Test Event,2025-09-28T15:28:43.029035,2025-09-28T17:28:43.029035,consultation,0a58c6b7-8ddf-4535-9439-cf1312ca3075,,678ed84a-5d7f-4623-8e11-29b52076b0a3,Calendar event for follow_up,Telehealth,2025-09-14T02:26:43.029045,2025-08-31T11:59:43.029049
36048758-70f8-4d2a-8feb-f9413e1207d4,7afeabdf-e8f2-4923-b7a1-3d70926fb104,Lab_Test Event,2025-09-11T15:28:43.029054,2025-09-11T18:28:43.029054,lab_test,,,,Calendar event for follow_up,Lab Center,2025-08-30T03:07:43.029064,2025-09-09T15:52:43.029068
dc3545b6-51cf-4815-b72d-a25d1f9dc2fc,62edf367-18df-4e2f-beae-495d48d4a814,Reminder Event,2025-09-20T15:28:43.029073,2025-09-20T19:28:43.029073,lab_test,a4a8cc3c-66f2-4d61-b2f2-23cb5f4ceada,,,Calendar event for appointment,Main Clinic,2025-08-19T22:20:43.029083,2025-09-04T19:46:43.029087
2bb7fb05-61a0-4222-80a8-a453ae79c8ac,f1d6506f-1546-45b9-bfa9-51d24ae6518b,Reminder Event,2025-09-30T15:28:43.029092,2025-09-30T17:28:43.029092,reminder,9eb6552e-4c89-4ad9-b0d8-b3746bd1bd93,,,Calendar event for appointment,Lab Center,2025-07-23T06:33:43.029102,2025-09-04T16:28:43.029105
4c399507-cae3-4a3c-ae54-633fc2f8a33d,a9c2d67a-a3f7-4548-9264-b3e5970523ed,Reminder Event,2025-08-31T15:28:43.029111,2025-08-31T16:28:43.029111,consultation,,,583d0657-86cd-4561-9c96-7c1ee701916e,Calendar event for follow_up,Main Clinic,2025-08-05T06:45:43.029122,2025-09-03T19:33:43.029125
58df0f8f-24c4-4e6a-8c6a-c77539f52669,3b55b70a-7f34-4267-9fbf-38b633e14e61,Consultation Event,2025-11-05T15:28:43.029131,2025-11-05T18:28:43.029131,lab_test,,,c75a07c8-771c-4ff4-8a57-5b60df1ac965,Calendar event for lab_test,Lab Center,2025-07-21T21:31:43.029141,2025-09-17T17:05:43.029145
2fee3527-31d3-4757-94a0-f8321f957021,e28f3869-b254-47b6-a8af-597642de522f,Follow_Up Event,2025-10-24T15:28:43.029150,2025-10-24T17:28:43.029150,lab_test,,,1138b922-15d1-4db6-9a06-6359c348c8de,Calendar event for follow_up,Downtown Office,2025-09-05T08:53:43.029160,2025-08-27T15:13:43.029164
5162331e-e2dd-4bb6-b5a8-298066a9507d,45f0498d-23f0-43cc-bcff-baf3e29ce273,Reminder Event,2025-09-26T15:28:43.029170,2025-09-26T16:28:43.029170,consultation,25cd23c6-ca86-4899-9141-4462f1d77ed2,,0b166546-858a-413f-a898-a3b34c96ad40,Calendar event for follow_up,Downtown Office,2025-08-26T12:25:43.029180,2025-08-24T16:58:43.029187
12bca1fa-f904-4233-a372-e7f0f92743ce,2760a327-cca8-4532-8b07-6797d2a388dc,Lab_Test Event,2025-10-09T15:28:43.029194,2025-10-09T18:28:43.029194,reminder,,,24976b52-ada5-4236-ba30-3b7850eb3603,Calendar event for consultation,Telehealth,2025-08-23T13:08:43.029204,2025-09-07T09:30:43.029208
ac127b7c-b211-419d-b73d-49faca33f194,71cf2dc8-ad51-4b98-9f69-b5af87fbaf27,Consultation Event,2025-10-21T15:28:43.029213,2025-10-21T18:28:43.029213,lab_test,,,90dd8faf-8699-4f43-b2d5-60ddcca53391,Calendar event for appointment,Telehealth,2025-08-17T21:30:43.029224,2025-09-09T05:30:43.029228
d5b59ac1-efc6-4336-a77d-acedd69d560c,56560f16-d8ff-4b63-9aeb-dac97f4ffc75,Follow_Up Event,2025-11-16T15:28:43.029233,2025-11-16T17:28:43.029233,reminder,3e36130b-9a52-4f27-9796-b3f47bb9cbed,,,Calendar event for appointment,Lab Center,2025-09-05T23:03:43.029244,2025-09-18T06:42:43.029247
4ab4540e-3321-49b5-bb0f-799d1a0a741b,303a1a1d-048a-489e-99b6-66ebb7fbd506,Follow_Up Event,2025-09-22T15:28:43.029253,2025-09-22T18:28:43.029253,reminder,0b45f8e0-43e9-413b-9f0c-51fd5964b149,,,Calendar event for lab_test,Downtown Office,2025-07-24T11:08:43.029263,2025-08-29T08:08:43.029267
d22371b5-a63b-4bfb-a20d-5d4b3f75b2e6,4b40f830-0afd-4a6e-a504-821c36a78dca,Lab_Test Event,2025-09-30T15:28:43.029272,2025-09-30T18:28:43.029272,lab_test,5c73a949-8e00-4226-a05e-75b26e383b08,,,Calendar event for reminder,Telehealth,2025-08-22T16:50:43.029282,2025-09-17T10:29:43.029286
e561f0c6-f1c9-47cb-b8e5-42341029f5fe,a106901e-6865-4955-8741-e3aa3fd25969,Lab_Test Event,2025-09-16T15:28:43.029291,2025-09-16T18:28:43.029291,lab_test,,,668eff2f-bfd6-4405-a74a-e8a9539cbe64,Calendar event for appointment,Main Clinic,2025-09-11T19:45:43.029301,2025-09-15T07:02:43.029305
d07554f7-fc37-423a-8f18-ca711e493f35,3fad6f92-f5fc-42e9-9254-a7acea8ea61b,Follow_Up Event,2025-10-30T15:28:43.029311,2025-10-30T18:28:43.029311,consultation,7b8ec77e-a932-4d73-98e4-be5d29054f3e,,86baff01-5693-4071-87dd-2d6d010be829,Calendar event for reminder,Telehealth,2025-09-13T17:05:43.029321,2025-08-23T06:57:43.029325
ee6e8562-d69f-4f5d-84a4-a31ad44620e5,704fb465-8998-4eca-a997-7658bdc3b816,Lab_Test Event,2025-09-06T15:28:43.029329,2025-09-06T16:28:43.029329,follow_up,,,,Calendar event for lab_test,Lab Center,2025-09-14T19:32:43.029339,2025-09-07T18:51:43.029343
c815e0e1-2318-4866-9472-6cbb43bcd392,faa963c6-7512-4d53-b92d-f535d67f43dd,Consultation Event,2025-10-01T15:28:43.029349,2025-10-01T19:28:43.029349,follow_up,,,aab74b7d-ee4e-49d8-9b66-67f892ea561c,Calendar event for appointment,Telehealth,2025-08-08T20:31:43.029359,2025-09-12T15:10:43.029363
7362f8a5-5a1e-48e4-bdb7-f9234b006705,1e7fb511-2e2c-4b7a-8d36-618a097e1142,Follow_Up Event,2025-09-22T15:28:43.029369,2025-09-22T19:28:43.029369,consultation,02cecabc-24f4-426f-8c1f-828ef53d7f97,,e64b8c2a-1289-46b3-9435-2454474e62b7,Calendar event for appointment,Main Clinic,2025-07-31T19:26:43.029381,2025-08-23T13:21:43.029385
fd89c347-cf0d-49ec-a846-1a50db05d9a0,87546683-a6d0-43e5-aca2-3740126d0b28,Lab_Test Event,2025-09-14T15:28:43.029391,2025-09-14T19:28:43.029391,follow_up,,,0398066e-82d5-4cc0-9026-72e95cec192d,Calendar event for appointment,Lab Center,2025-08-21T01:03:43.029401,2025-09-14T20:24:43.029405
1afbb0ee-2222-4d59-9e3c-decc41f9a5a9,517b71be-37fb-4b3a-8237-5f822790f05a,Consultation Event,2025-11-13T15:28:43.029409,2025-11-13T17:28:43.029409,appointment,,,,Calendar event for lab_test,Main Clinic,2025-07-20T06:51:43.029419,2025-09-04T08:06:43.029423
2496c07c-115b-471e-adbb-38cee9a401e9,7a854a59-919f-4494-bf05-89d4134e0703,Follow_Up Event,2025-11-07T15:28:43.029428,2025-11-07T18:28:43.029428,consultation,40be8384-a148-4265-abab-e1186ffba031,,,Calendar event for reminder,Telehealth,2025-08-07T20:15:43.029438,2025-09-15T06:26:43.029442
feba42ce-d5c8-456c-a6ea-860bb1dd1561,afcf0ac2-bbdd-42ba-8a1e-e5490b874f10,Appointment Event,2025-09-25T15:28:43.029447,2025-09-25T19:28:43.029447,consultation,,,67a10473-a2b7-47dc-9345-6f77db696dd7,Calendar event for follow_up,Telehealth,2025-08-02T08:08:43.029458,2025-08-22T14:14:43.029462
bd37d20e-d39f-4669-baa3-84a9dc776ef9,2354c83d-1a2e-4092-9826-2b716478a105,Appointment Event,2025-08-31T15:28:43.029467,2025-08-31T19:28:43.029467,reminder,bc6fceeb-85b5-459d-ab9f-2bd1f8637417,,,Calendar event for reminder,Main Clinic,2025-08-16T16:54:43.029477,2025-08-30T16:49:43.029481
1f76c102-317b-43ce-87a6-8584239b8812,ddf99dee-1612-4225-8faf-2889e27957b8,Follow_Up Event,2025-10-23T15:28:43.029487,2025-10-23T19:28:43.029487,follow_up,a3229381-d688-4caf-8727-714245d1de42,,,Calendar event for lab_test,Telehealth,2025-08-22T04:34:43.029496,2025-08-20T01:50:43.029500
74221604-9772-4737-948e-d4321d7ef105,1c7e05a4-3af3-41ff-8480-d3d8069e542f,Lab_Test Event,2025-10-28T15:28:43.029505,2025-10-28T19:28:43.029505,appointment,daa86235-b96e-4c15-b83d-c9cbe28cae12,,,Calendar event for consultation,Downtown Office,2025-08-24T06:12:43.029515,2025-09-16T09:01:43.029519
c540d312-8679-47f1-99c4-ebb78dc9453f,5c6d8351-a840-4b57-9861-ad9adff57605,Appointment Event,2025-10-12T15:28:43.029524,2025-10-12T16:28:43.029524,follow_up,a47298c1-4d65-4287-a233-1894f11e242d,,,Calendar event for reminder,Telehealth,2025-08-05T22:49:43.029534,2025-09-17T09:13:43.029537
d6f30c37-b15d-4abd-98f0-abc9a07f689d,331b296c-3d42-415c-b3ed-39a5e1e2fbaa,Follow_Up Event,2025-11-13T15:28:43.029542,2025-11-13T18:28:43.029542,lab_test,,,,Calendar event for lab_test,Lab Center,2025-09-04T20:52:43.029552,2025-08-29T22:41:43.029557
03be8311-c01e-404c-b79d-e021c4fe2774,6e788a51-d0f5-4757-8747-196fbd79e4a0,Lab_Test Event,2025-11-08T15:28:43.029563,2025-11-08T18:28:43.029563,follow_up,,,533652d3-e9a4-4ce7-b11f-57b934a26168,Calendar event for appointment,Main Clinic,2025-07-30T01:58:43.029573,2025-09-03T08:59:43.029576
4fe1e990-7ab5-4149-aa29-c835e5744551,a5c34b24-0588-43de-9e22-092b5068130b,Reminder Event,2025-10-09T15:28:43.029582,2025-10-09T18:28:43.029582,lab_test,,,a3c08d14-42d9-4b76-bfa8-605bdd275677,Calendar event for reminder,Downtown Office,2025-08-06T13:35:43.029592,2025-08-25T09:53:43.029596
7c4be3bd-eb43-4075-aa02-f017c4ca3aa1,d72da028-27e8-49d8-bafe-92eda4f04b3f,Appointment Event,2025-09-20T15:28:43.029601,2025-09-20T19:28:43.029601,appointment,,,,Calendar event for lab_test,Lab Center,2025-08-15T14:59:43.029611,2025-09-05T03:46:43.029615
8cb85b6c-6d7b-4dbb-8488-9779af61b381,7a854a59-919f-4494-bf05-89d4134e0703,Follow_Up Event,2025-09-29T15:28:43.029620,2025-09-29T17:28:43.029620,lab_test,,,,Calendar event for reminder,Telehealth,2025-08-04T23:51:43.029630,2025-09-16T10:36:43.029633
02a1bc9b-863e-4090-920d-daac9fe756c4,d3c03e9a-dfd5-4fe9-b887-e6d077ff2b7b,Reminder Event,2025-10-14T15:28:43.029639,2025-10-14T19:28:43.029639,lab_test,,,6aaa19c2-5fa6-45ce-9860-74507d782d4c,Calendar event for consultation,Telehealth,2025-08-18T19:20:43.029649,2025-08-30T08:48:43.029653
6603024a-19c6-4aaf-bc13-58fab37be3e2,f1449121-5f93-4a85-8c44-9046a9e00731,Reminder Event,2025-11-15T15:28:43.029658,2025-11-15T19:28:43.029658,consultation,,,198c2c26-593a-458a-bc4a-e7e7bcf11b9f,Calendar event for lab_test,Downtown Office,2025-08-08T07:32:43.029668,2025-09-09T16:43:43.029672
4578bb52-764c-41a6-bbb3-40c554e5835d,ac3783c1-fec9-401f-88ec-025f01e32d90,Consultation Event,2025-08-28T15:28:43.029677,2025-08-28T17:28:43.029677,appointment,e474d48c-a2a6-488f-888e-6e7c538103ce,,,Calendar event for reminder,Lab Center,2025-08-22T02:42:43.029687,2025-08-28T12:13:43.029691
870c0029-05b2-481f-a75d-813338bf3961,31a2380d-aa1f-4e8d-b029-44da01fe6fd9,Reminder Event,2025-10-18T15:28:43.029697,2025-10-18T19:28:43.029697,reminder,02df165e-1ca0-4d78-815a-50e038776da1,,f89c210b-c62b-4c4e-9608-8bf90d031373,Calendar event for lab_test,Telehealth,2025-08-29T13:54:43.029707,2025-09-07T21:07:43.029711
3105d85e-0861-4c17-897d-1c887302e027,328fa412-4e38-4832-8521-89982d8ae5d7,Appointment Event,2025-10-28T15:28:43.029716,2025-10-28T19:28:43.029716,follow_up,,,ab1f9bc0-a7f2-4e64-a089-900de60bfb5c,Calendar event for follow_up,Main Clinic,2025-09-08T20:00:43.029726,2025-08-20T06:27:43.029730
05e37bf6-5342-4c9d-a404-5a62fb7e9073,cdab1c05-7bce-42de-94ed-271a5b0ae869,Reminder Event,2025-11-08T15:28:43.029736,2025-11-08T18:28:43.029736,lab_test,,,,Calendar event for lab_test,Downtown Office,2025-07-19T18:20:43.029746,2025-08-18T21:54:43.029750
872daf33-2951-44bf-821c-9c5f002e1438,43bf00d3-a3c2-44c4-8c53-e474fe3c0dd7,Reminder Event,2025-09-05T15:28:43.029756,2025-09-05T17:28:43.029756,appointment,,,eb9c3413-0164-4845-946e-80c30d0855a9,Calendar event for lab_test,Main Clinic,2025-08-16T09:43:43.029766,2025-09-04T02:11:43.029770
72fa59ee-56c8-4b93-a828-fdb2ea385b42,1e797b7d-d1f5-475c-9a08-6d30767d6376,Appointment Event,2025-10-19T15:28:43.029777,2025-10-19T17:28:43.029777,reminder,5f3f030e-ff4f-46ff-9ba0-df310b43e05d,,b11171f6-7dc4-475d-84e0-b185ff469d93,Calendar event for follow_up,Lab Center,2025-09-09T13:49:43.029789,2025-08-31T21:02:43.029793
eb9f142b-2df2-4012-87cb-85ba0993ab1d,5f06d3ff-f1f3-49ef-b23c-69ed92d0337e,Lab_Test Event,2025-10-19T15:28:43.029799,2025-10-19T18:28:43.029799,follow_up,2f17d3ba-8d88-4a07-b950-36c8cd447813,,bcb0e203-6f8f-483f-94d9-8309f2d7be5c,Calendar event for follow_up,Main Clinic,2025-09-07T05:41:43.029808,2025-09-13T20:18:43.029812
f143e441-b8de-4a38-ab18-cead6045edeb,a6fbcc6f-e92a-41c8-9033-d2f348e6b842,Lab_Test Event,2025-09-03T15:28:43.029818,2025-09-03T19:28:43.029818,reminder,4146f723-a294-42e0-b4d6-d5e20d4df065,,5f9d053b-6078-458f-8f03-fbd260425bfa,Calendar event for appointment,Main Clinic,2025-08-29T00:57:43.029828,2025-09-07T03:07:43.029832
68e3f16d-22b8-4c8c-b347-74c32024faaa,caa92adc-7b0e-452f-a682-84da8206d58f,Consultation Event,2025-09-22T15:28:43.029837,2025-09-22T17:28:43.029837,lab_test,,,,Calendar event for follow_up,Telehealth,2025-07-27T16:02:43.029847,2025-09-09T12:12:43.029851
8ae84423-888a-4d17-894a-5c6b72b8756b,ac3783c1-fec9-401f-88ec-025f01e32d90,Lab_Test Event,2025-09-23T15:28:43.029856,2025-09-23T18:28:43.029856,lab_test,c06d6c8b-8412-4b67-84c1-5b7b690809f9,,d9b7c41f-1c97-4eb9-b9f3-59da26b4cedd,Calendar event for reminder,Downtown Office,2025-07-24T17:53:43.029866,2025-08-27T07:55:43.029870
b2067409-ebdd-4b2f-8abd-ac6d148e40cb,3e563fcd-4534-44d7-8b37-25322be5bab5,Follow_Up Event,2025-09-14T15:28:43.029876,2025-09-14T18:28:43.029876,lab_test,,,e46a5804-98cc-422b-987a-4bbc37f89dba,Calendar event for reminder,Main Clinic,2025-08-12T08:09:43.029885,2025-08-24T03:55:43.029889
a3814b17-7bc3-44c6-a259-ccba4989c0e9,85032447-bb63-4a85-8afa-b95ff27d5616,Appointment Event,2025-09-23T15:28:43.029895,2025-09-23T17:28:43.029895,follow_up,63b93751-5648-431a-b9be-f3263d390a46,,e233fa2d-9462-47b0-b1fc-43e9c560dd10,Calendar event for lab_test,Downtown Office,2025-08-23T18:35:43.029905,2025-09-16T23:44:43.029909
84fc53ec-ed33-406b-abdd-284b992ccba5,924a08ea-5fd0-4d48-bcb4-dd70f5491a06,Reminder Event,2025-10-08T15:28:43.029915,2025-10-08T17:28:43.029915,appointment,,,4c7632ac-5f18-4196-bbfe-fae7750c3c99,Calendar event for lab_test,Downtown Office,2025-09-01T00:23:43.029925,2025-09-12T16:48:43.029929
eb9a568f-e93d-4817-8ed4-72ff4f961639,a9eda9f4-b598-43ee-abee-8d99b495f578,Appointment Event,2025-10-04T15:28:43.029935,2025-10-04T16:28:43.029935,follow_up,cc6de922-0788-40f7-953d-0ad8fc99aa95,,17d13e30-a230-47e0-b7bf-9bd56a2a6872,Calendar event for lab_test,Downtown Office,2025-08-05T00:33:43.029945,2025-08-21T16:26:43.029950
8b94d044-0ecc-44ca-98f0-16d67bed3e9e,9151d7d3-9cd4-43a0-9325-ac8752a24683,Follow_Up Event,2025-09-09T15:28:43.029956,2025-09-09T16:28:43.029956,reminder,725390ab-b92f-418a-ad5d-6cb439d813b4,,93312067-42db-4392-afbe-7d54a11dceb1,Calendar event for consultation,Lab Center,2025-08-06T00:05:43.029966,2025-09-14T05:10:43.029970
32af558a-2003-4f0e-8e61-397dd1deb461,f8e1c9fe-4c1f-45e2-9c93-754582e4eb62,Follow_Up Event,2025-09-30T15:28:43.029975,2025-09-30T18:28:43.029975,lab_test,,,,Calendar event for consultation,Downtown Office,2025-08-20T22:32:43.029986,2025-09-16T10:47:43.029990
1c5c69ca-2375-498d-a9bb-36f785a0bf84,46a8381a-2659-4560-b09a-2077b355c4a3,Follow_Up Event,2025-10-15T15:28:43.029995,2025-10-15T18:28:43.029995,appointment,c3171e54-2446-4c6a-839a-3c4f016e87b4,,,Calendar event for appointment,Downtown Office,2025-07-28T05:22:43.030006,2025-09-02T20:35:43.030009
5c635333-0687-4cf4-93a0-e8020d828cfd,1240e7fd-b0e1-4f8a-85ac-ecc9c04834ce,Consultation Event,2025-11-12T15:28:43.030015,2025-11-12T19:28:43.030015,reminder,18f683e5-af14-47d0-a917-65f9cf71e583,,fbabce53-9c17-466e-b315-c3f38a482199,Calendar event for lab_test,Telehealth,2025-08-03T04:06:43.030025,2025-09-18T07:28:43.030029
e52cec89-6da9-4d7a-ba9f-55a29115b17a,111b7a09-5290-412d-8315-f41cea52ed61,Consultation Event,2025-10-30T15:28:43.030035,2025-10-30T19:28:43.030035,follow_up,,,,Calendar event for lab_test,Telehealth,2025-08-06T01:56:43.030045,2025-09-05T05:19:43.030049
d32b7da6-5571-47e0-addf-0e57e013fc84,d0c75633-ef16-4cd1-b176-6bbd2bd2bea4,Consultation Event,2025-11-08T15:28:43.030053,2025-11-08T16:28:43.030053,appointment,,,,Calendar event for appointment,Main Clinic,2025-08-21T08:33:43.030063,2025-09-16T09:24:43.030067
b8724f8e-e380-466f-8a02-82363b5bccac,d2a76e34-eb33-4c3d-b05a-6ed22423fbd3,Appointment Event,2025-10-09T15:28:43.030073,2025-10-09T19:28:43.030073,reminder,53f7e3a7-adad-4fab-b03f-23dfbc655a78,,fe9a8174-7a3a-40ce-a7ea-20c53917c370,Calendar event for appointment,Main Clinic,2025-08-11T18:12:43.030083,2025-09-14T13:23:43.030087
0abae863-3559-477a-837f-f084e0d14981,dc01bad4-96bb-4a5c-91d9-840666d08375,Follow_Up Event,2025-08-31T15:28:43.030092,2025-08-31T19:28:43.030092,consultation,49a891e4-a4fd-431f-a859-91e007011c0e,,9bace9a6-b755-4706-b617-a73f236eaa8d,Calendar event for lab_test,Lab Center,2025-08-24T03:44:43.030103,2025-08-25T22:39:43.030107
75f27b41-d21b-493b-9432-d6ebacfa7f39,6b66de3b-22c6-45cc-a1bc-4a437d00c469,Lab_Test Event,2025-10-10T15:28:43.030112,2025-10-10T19:28:43.030112,reminder,,,1750a4de-1f9d-4da8-8110-923aa891a2d6,Calendar event for appointment,Downtown Office,2025-08-10T18:33:43.030123,2025-09-02T19:33:43.030127
1521e0bf-bf9f-4390-8072-0a425a2ca842,d2a76e34-eb33-4c3d-b05a-6ed22423fbd3,Reminder Event,2025-09-01T15:28:43.030132,2025-09-01T17:28:43.030132,reminder,,,2038d70f-ce47-4b10-a332-8eb194c1e1aa,Calendar event for appointment,Downtown Office,2025-08-04T04:24:43.030142,2025-09-13T06:17:43.030146
23c129b0-b3b4-4c36-8ec1-eb1fd9069381,0a6cbc6e-8106-49e6-881a-fe825b4e9f69,Appointment Event,2025-10-21T15:28:43.030151,2025-10-21T18:28:43.030151,reminder,481d07aa-32f8-4560-96dd-30f1dbac2d85,,74522380-af74-40a2-a1f0-983194fc3e47,Calendar event for appointment,Downtown Office,2025-08-19T11:06:43.030162,2025-09-13T19:43:43.030166
15c7bd53-6b5f-4d9f-9b5c-a4657f6b8a85,8bc276e6-38fb-4e26-aec3-81374f48575e,Lab_Test Event,2025-09-19T15:28:43.030172,2025-09-19T19:28:43.030172,lab_test,97a4f733-bb09-4393-b999-2b782b7ff1af,,17d13e30-a230-47e0-b7bf-9bd56a2a6872,Calendar event for appointment,Telehealth,2025-08-03T00:12:43.030182,2025-08-26T22:09:43.030189
f73f54cb-57d9-4571-83f5-c571dd6bafd6,ddf99dee-1612-4225-8faf-2889e27957b8,Lab_Test Event,2025-08-19T15:28:43.030195,2025-08-19T17:28:43.030195,appointment,12c7ab88-d1b0-4edb-9453-cdcd17602def,,7b7608fc-8d0e-4f09-9859-d9d923d68b31,Calendar event for lab_test,Telehealth,2025-08-30T03:01:43.030206,2025-08-29T14:35:43.030210
a34928f8-098a-469c-a330-fe061ab4f65c,315d929e-2bed-4637-bf3b-aaca11b9573a,Appointment Event,2025-09-27T15:28:43.030216,2025-09-27T18:28:43.030216,follow_up,,,,Calendar event for lab_test,Downtown Office,2025-08-30T02:26:43.030226,2025-09-06T17:32:43.030230
848660f8-8acc-426f-8427-ab7e882506ce,9d3d2b66-8642-46a0-8477-e9c93822c07f,Reminder Event,2025-10-21T15:28:43.030236,2025-10-21T19:28:43.030236,consultation,4e5da685-fc90-4ac2-b600-86558b584c2a,,f7c6f3d3-5186-4b2c-b6b9-edf5ed70ce5c,Calendar event for reminder,Lab Center,2025-09-15T06:01:43.030246,2025-09-11T04:49:43.030250
e51b06a3-40a6-4b0c-b13e-887efdb86d00,63525808-2be1-49b0-8570-092a0f3f7919,Lab_Test Event,2025-11-06T15:28:43.030256,2025-11-06T16:28:43.030256,appointment,5554de7b-ef05-45c2-9490-a78700abbdb6,,48b44058-00af-4529-88ba-3dec4bfa9157,Calendar event for consultation,Lab Center,2025-09-02T19:48:43.030267,2025-08-29T13:56:43.030271
ff202b43-e038-40b6-9d8e-837729ac046d,1e4a4607-c273-4c0c-81e2-e59af23c7d24,Follow_Up Event,2025-09-18T15:28:43.030276,2025-09-18T16:28:43.030276,reminder,a74bec9e-1d59-4c57-bedf-87961c0f33b4,,,Calendar event for consultation,Telehealth,2025-07-29T19:51:43.030287,2025-09-10T09:03:43.030291
ed759915-d0a8-4473-b0b7-311c762165bf,6c91fd74-79c9-47ff-a89a-cb7e8880f872,Follow_Up Event,2025-11-10T15:28:43.030297,2025-11-10T16:28:43.030297,reminder,df5c677c-0e0d-47b1-aa12-e24f99b5afd2,,,Calendar event for reminder,Downtown Office,2025-08-11T14:27:43.030307,2025-08-29T11:40:43.030311
140ffd8e-75dc-4e8a-ae07-93224cc30b8c,4b637a3e-863e-4a4d-8a05-2277e848e67a,Consultation Event,2025-10-06T15:28:43.030316,2025-10-06T19:28:43.030316,appointment,51b42968-a509-4dee-903a-c2ed12626771,,,Calendar event for lab_test,Main Clinic,2025-07-29T02:25:43.030326,2025-09-03T20:42:43.030330
dc5ad4b9-65b4-4e08-962b-fb38a5c98d30,07c8dac6-2f7c-47d3-bcf7-2d4447216e1c,Follow_Up Event,2025-11-17T15:28:43.030335,2025-11-17T16:28:43.030335,appointment,,,37599bb7-070b-49db-982c-4eea56f4db55,Calendar event for consultation,Telehealth,2025-08-02T04:16:43.030345,2025-09-02T21:22:43.030349
da184c9d-36d6-46d9-9408-ec28ccf4c5e7,f3bee4c9-4e1d-4704-8038-f222f5b503e9,Follow_Up Event,2025-10-15T15:28:43.030354,2025-10-15T18:28:43.030354,reminder,,,,Calendar event for appointment,Telehealth,2025-08-25T14:06:43.030364,2025-08-27T14:29:43.030367
5c5723d1-805c-4ae4-af8c-13bd926e8331,c581edb3-07ed-48bd-9b19-bff37676b0b1,Follow_Up Event,2025-09-18T15:28:43.030372,2025-09-18T19:28:43.030372,follow_up,,,70941949-a7d6-42ac-8e21-c5f2e5487659,Calendar event for appointment,Downtown Office,2025-07-22T08:09:43.030382,2025-09-05T22:30:43.030386
69006d46-684f-429a-8d62-f1e2396cf762,1a0c3048-7f38-4f8f-8b46-45cad54cd3b6,Consultation Event,2025-10-02T15:28:43.030391,2025-10-02T17:28:43.030391,lab_test,,,cec785c0-7aa3-4d67-a2ac-2aadd803fa6a,Calendar event for lab_test,Lab Center,2025-09-09T12:34:43.030401,2025-08-21T06:03:43.030405
c087ead7-fb24-4e7b-a0a5-693f6c53d6a8,77b9fab9-f537-4da4-a125-a10515de06c0,Lab_Test Event,2025-08-20T15:28:43.030410,2025-08-20T19:28:43.030410,appointment,3f1e006d-0bb2-414a-8cec-10f3a4e9d385,,f06694cb-9b88-439c-972c-5bd880173fd0,Calendar event for appointment,Main Clinic,2025-07-31T23:03:43.030421,2025-09-08T17:09:43.030424
82141e18-fd94-4287-819d-daa5f920216b,9b055547-6c6b-4003-94a8-5523ccc705ce,Follow_Up Event,2025-09-15T15:28:43.030431,2025-09-15T16:28:43.030431,lab_test,,,9406540f-63cb-4f8e-a563-b47fcf1f9ed2,Calendar event for appointment,Main Clinic,2025-08-22T08:20:43.030441,2025-09-04T03:49:43.030444
ad96b674-4015-48f0-9f19-b8923cadce1c,6bb078ca-c23e-4756-9423-c0842148e561,Consultation Event,2025-10-10T15:28:43.030449,2025-10-10T17:28:43.030449,reminder,,,,Calendar event for lab_test,Telehealth,2025-07-25T18:24:43.030460,2025-08-24T09:45:43.030464
fc38e583-fd9e-4b28-8c68-af6325c1af0a,3d69a14e-4fd4-4165-b88d-178a7edbba04,Reminder Event,2025-09-01T15:28:43.030469,2025-09-01T18:28:43.030469,lab_test,,,,Calendar event for consultation,Downtown Office,2025-09-18T11:16:43.030479,2025-09-16T08:01:43.030483
101435aa-9b66-4ae4-8e9a-f274533d3cec,1df4fc39-8480-41a8-9260-2833d0e2b5a2,Lab_Test Event,2025-11-16T15:28:43.030488,2025-11-16T17:28:43.030488,reminder,,,6faebc7c-7a51-4b9e-a4c3-1b2c405842d8,Calendar event for reminder,Telehealth,2025-08-02T19:17:43.030499,2025-09-02T12:37:43.030503
b9386124-34fa-4ebf-b46b-79bcc10b7912,eff395dc-6966-4789-9b28-d074d8a8ea3c,Consultation Event,2025-10-16T15:28:43.030508,2025-10-16T16:28:43.030508,follow_up,,,,Calendar event for lab_test,Downtown Office,2025-07-31T04:19:43.030518,2025-09-16T20:20:43.030522
0fdd1fdb-5f2e-4df2-bab9-4d6abd30aa35,c399a477-eb9f-4dad-9715-d85888ebc2ef,Appointment Event,2025-09-07T15:28:43.030527,2025-09-07T17:28:43.030527,consultation,,,aba22bdb-b5ba-4a59-836b-1953ef9b1e0e,Calendar event for follow_up,Lab Center,2025-07-20T16:56:43.030537,2025-09-05T16:15:43.030541
3a67e1fc-11f1-40a5-9689-ad1f3a23f8a0,fbed5e86-a2fe-42b8-a079-a1c620de1cb6,Reminder Event,2025-09-08T15:28:43.030546,2025-09-08T18:28:43.030546,reminder,,,75c8e4b7-c53d-4f36-8f05-8ff3a60ebdcf,Calendar event for follow_up,Main Clinic,2025-08-21T04:42:43.030557,2025-09-14T13:10:43.030561
180fd339-628f-4ecd-94d5-2ad42696a733,74621e98-5d5b-4cf7-9ff8-1395470013ba,Follow_Up Event,2025-11-05T15:28:43.030566,2025-11-05T18:28:43.030566,appointment,,,466be328-e1a4-428c-91d0-56140313d9e9,Calendar event for lab_test,Telehealth,2025-08-13T19:45:43.030577,2025-08-18T18:15:43.030581
5e9a922d-94e0-45d1-ba08-71fad6641263,98a605fa-b30a-41e2-a514-73f58e7c49e5,Reminder Event,2025-08-19T15:28:43.030587,2025-08-19T17:28:43.030587,reminder,0ce8ccf8-79e1-437d-b50f-a935926119a6,,59278e3d-ef72-436d-a8c1-55e06b793e60,Calendar event for appointment,Lab Center,2025-09-14T16:34:43.030597,2025-08-20T18:45:43.030601
5fc54459-6eb0-4b79-873e-9d7ec7a7d57d,25118484-6b50-475d-aa9b-07b1378c7b22,Lab_Test Event,2025-11-17T15:28:43.030605,2025-11-17T17:28:43.030605,lab_test,,,,Calendar event for consultation,Lab Center,2025-08-05T22:48:43.030617,2025-08-27T07:08:43.030621
a3ebff4c-178f-4a70-890b-2d40d9b7fdf3,400bcfdc-a5df-4535-a14b-9987abfdfbdd,Consultation Event,2025-10-09T15:28:43.030628,2025-10-09T17:28:43.030628,reminder,4624cc58-4cbc-4785-854c-f17ef54ce078,,bffc2a2d-a2b0-422e-8bfe-f3d7c1a63e88,Calendar event for follow_up,Telehealth,2025-09-17T13:20:43.030638,2025-09-17T20:36:43.030642
4345e72a-e5e4-4e6e-a3c7-1f6e7d29c023,303a1a1d-048a-489e-99b6-66ebb7fbd506,Lab_Test Event,2025-08-25T15:28:43.030647,2025-08-25T19:28:43.030647,follow_up,56c4ae6f-aebb-4cff-8304-694b614be700,,,Calendar event for lab_test,Downtown Office,2025-07-26T18:11:43.030657,2025-09-11T23:03:43.030661
51d2c93b-0423-4f8c-a031-9a1d31beeaed,a8d14b17-9849-4da1-9aee-8f7389ca6901,Consultation Event,2025-09-09T15:28:43.030666,2025-09-09T16:28:43.030666,consultation,,,5e40ca09-0f61-4394-b082-eabe1b137f0b,Calendar event for appointment,Downtown Office,2025-07-25T17:05:43.030677,2025-08-23T10:00:43.030680
d4977ac3-ff42-46f9-b860-fe24681bd954,84120b5f-27f3-4d64-8d10-fc6cb7235aea,Appointment Event,2025-10-06T15:28:43.030686,2025-10-06T19:28:43.030686,reminder,,,8e0cd3d4-ee3b-478c-af5f-d3dc728f7131,Calendar event for follow_up,Main Clinic,2025-09-13T02:04:43.030695,2025-09-13T16:31:43.030699
c074cdfc-a725-4779-949c-86ab0cbfa541,b9610b44-ce55-44bb-8e54-2439766f1fc5,Lab_Test Event,2025-10-10T15:28:43.030704,2025-10-10T16:28:43.030704,lab_test,a74bec9e-1d59-4c57-bedf-87961c0f33b4,,,Calendar event for appointment,Downtown Office,2025-08-19T12:18:43.030714,2025-09-08T01:54:43.030718
b06897ee-54e4-412f-94a9-d3bcf78ea73a,1129de12-50a1-43b0-8326-817fa17db764,Lab_Test Event,2025-11-05T15:28:43.030724,2025-11-05T19:28:43.030724,follow_up,7b0c611f-01cc-4401-853f-4c06ea6acc23,,4bd93919-cdef-49ec-acf5-4d104ff2d644,Calendar event for consultation,Telehealth,2025-08-21T09:15:43.030734,2025-09-09T12:34:43.030738
553fc9a4-b648-4a88-9458-5355c81f87da,28d7fffa-968e-45c4-8e21-6b1f01d87ef7,Appointment Event,2025-09-15T15:28:43.030743,2025-09-15T19:28:43.030743,lab_test,,,a81477fe-228c-4449-8f1b-e23bbbb02d39,Calendar event for reminder,Lab Center,2025-09-05T17:52:43.030753,2025-09-16T09:41:43.030757
c66166ee-11eb-454c-acbe-dd6dd76503c7,44ec440a-3090-44bf-ae6f-fc3f2e1392b2,Lab_Test Event,2025-09-08T15:28:43.030764,2025-09-08T18:28:43.030764,lab_test,,,dcab5538-1290-4106-a7ca-a2c2ec711e9e,Calendar event for lab_test,Telehealth,2025-08-13T19:59:43.030773,2025-09-01T18:47:43.030777
9d2d9dbd-623d-48a9-b8d6-564d15596067,84c9141a-e07a-4098-95d2-0c9f339a6136,Follow_Up Event,2025-08-31T15:28:43.030783,2025-08-31T16:28:43.030783,lab_test,8a464cce-06f5-4f71-95b4-1af065270fc3,,f89c210b-c62b-4c4e-9608-8bf90d031373,Calendar event for follow_up,Telehealth,2025-08-02T17:33:43.030795,2025-09-06T12:25:43.030799
0ea313c9-0e34-4433-9652-10d89c6b74d1,271deb57-464f-4e87-8afd-20991224e965,Follow_Up Event,2025-11-09T15:28:43.030804,2025-11-09T19:28:43.030804,follow_up,,,0256dd58-ae5f-43a4-a8ca-95888d60b38e,Calendar event for lab_test,Main Clinic,2025-08-14T07:20:43.030815,2025-09-15T18:41:43.030819
a0ae09a1-6ae6-4f08-983d-e0d0b34fa2ea,226b7205-d45f-4ce5-80ed-9d5d687d01ee,Follow_Up Event,2025-10-02T15:28:43.030825,2025-10-02T16:28:43.030825,follow_up,0a68e0fc-8824-4f43-915e-6967dbd61121,,d4c9ba3f-7ce5-4ad3-98a6-fa27bbc41c33,Calendar event for appointment,Telehealth,2025-08-20T00:28:43.030835,2025-08-23T07:11:43.030839
948ed8ae-56f8-45a1-b194-9a3c4612f3eb,57abb1b3-79a4-4634-b1db-e2142accaa7d,Lab_Test Event,2025-09-10T15:28:43.030844,2025-09-10T19:28:43.030844,appointment,,,48b44058-00af-4529-88ba-3dec4bfa9157,Calendar event for reminder,Lab Center,2025-09-17T09:38:43.030854,2025-08-22T16:56:43.030858
a6b8fe00-de21-4b56-bdbe-f5b3f200383d,d84769d4-7ccb-424d-b49b-66c919b879d3,Appointment Event,2025-11-08T15:28:43.030864,2025-11-08T16:28:43.030864,reminder,31eaf271-27c3-45c9-895c-787e74ea894a,,,Calendar event for lab_test,Main Clinic,2025-07-26T04:07:43.030873,2025-09-09T14:05:43.030877
fe03bd3c-cee8-4317-b5ed-5b8d830017ab,7b4944d4-41b9-472e-95f0-864d53add3ff,Follow_Up Event,2025-10-18T15:28:43.030883,2025-10-18T18:28:43.030883,reminder,,,3f52bee8-08fb-4b21-8f48-05f5c8e5262a,Calendar event for follow_up,Telehealth,2025-08-31T20:18:43.030893,2025-08-27T10:48:43.030896
7118832d-27cf-4132-9754-b0a6cf4d801d,b1faa8a1-2571-4a4a-89fa-4dfd0b8c75a0,Consultation Event,2025-09-12T15:28:43.030902,2025-09-12T16:28:43.030902,lab_test,,,27eb7c55-0f34-4e7c-bc2d-9de14146b456,Calendar event for appointment,Telehealth,2025-07-30T02:47:43.030912,2025-09-11T11:34:43.030916
89cac913-88d3-417e-ac73-9941e1597c15,820af457-72a7-47c8-9a4b-5b4583d649c8,Consultation Event,2025-09-07T15:28:43.030921,2025-09-07T19:28:43.030921,follow_up,,,,Calendar event for consultation,Lab Center,2025-09-13T12:25:43.030931,2025-08-25T13:18:43.030935
c44f3d16-39ea-43ab-a82e-70e43e61c89c,8e09acbb-f592-431c-98d3-706e9a913f84,Appointment Event,2025-08-21T15:28:43.030940,2025-08-21T17:28:43.030940,reminder,4e8e6359-fcdf-49c7-9f2d-d547bdeee192,,6faebc7c-7a51-4b9e-a4c3-1b2c405842d8,Calendar event for consultation,Lab Center,2025-08-13T00:58:43.030950,2025-08-28T14:22:43.030955
f221bde0-2273-4556-b5fe-10088eebd307,a2f11ff3-d5cb-4bdf-8079-7f8eeb18a0dd,Follow_Up Event,2025-09-30T15:28:43.030961,2025-09-30T19:28:43.030961,reminder,,,01284f1f-1697-4837-b965-f17fc822f6e2,Calendar event for follow_up,Main Clinic,2025-08-04T05:07:43.030970,2025-08-29T21:07:43.030975
0b6f48ab-3edc-4b00-895b-cc9556d0692e,da201f6b-b2e3-4f7a-8446-30fbbf92a193,Consultation Event,2025-10-01T15:28:43.030980,2025-10-01T18:28:43.030980,reminder,394533f8-57a0-4c3b-a4f6-26e0b2f87e77,,2c48055b-ee7d-4d6b-936b-37e3a113e4a4,Calendar event for appointment,Main Clinic,2025-09-17T21:25:43.030990,2025-08-30T17:28:43.030994
24560394-7347-4929-a089-7e8b11005bd0,a740277c-194a-426a-809e-910b6cc096c7,Appointment Event,2025-10-17T15:28:43.031000,2025-10-17T19:28:43.031000,follow_up,df5c677c-0e0d-47b1-aa12-e24f99b5afd2,,a91c3e6d-5c06-4e3a-abb3-b9ac78fee85e,Calendar event for appointment,Telehealth,2025-08-01T12:24:43.031010,2025-08-19T10:46:43.031014
a9adce60-e4c8-4a10-936f-267b622fe24b,5675724c-577c-4b4b-a0b0-61ca6dd8b49b,Reminder Event,2025-08-31T15:28:43.031020,2025-08-31T19:28:43.031020,follow_up,,,5ec7130a-5187-4a6b-9fd5-05e7c2c5aa9b,Calendar event for reminder,Main Clinic,2025-08-06T12:31:43.031030,2025-08-23T02:44:43.031034
4f21ac2b-1576-43d8-9a81-caad0837a43c,8f592450-4065-49c8-a0e0-8866be5b0dce,Lab_Test Event,2025-11-16T15:28:43.031040,2025-11-16T18:28:43.031040,follow_up,c8fc3fba-5d7f-46fe-9871-ef166befacc2,,49759934-7534-461d-95dc-2f6307c67cea,Calendar event for appointment,Lab Center,2025-08-22T04:44:43.031050,2025-09-12T08:54:43.031054
375c8c82-7a88-41ed-b8ad-c95d5435f356,04019969-8967-4534-a801-7c7a5a5a7f9f,Appointment Event,2025-09-20T15:28:43.031060,2025-09-20T17:28:43.031060,lab_test,78214781-9448-429e-9a3b-8d3b9bd37adf,,eadcc86a-511e-4a39-ac5d-b3d23e004e98,Calendar event for reminder,Telehealth,2025-07-26T00:09:43.031070,2025-09-12T00:10:43.031074
cbaaf126-74ac-4df4-9230-aff595baa20b,11cf74ec-a823-4ccf-b6e3-dfa3c9ea35a0,Appointment Event,2025-09-02T15:28:43.031079,2025-09-02T18:28:43.031079,follow_up,,,,Calendar event for follow_up,Telehealth,2025-07-21T03:57:43.031089,2025-09-11T06:51:43.031093
57fbb82d-3f74-4d95-b7a3-3c9cd5a377ec,316ef1b3-bf40-4abe-9cc8-afb0fe91d71d,Reminder Event,2025-10-08T15:28:43.031098,2025-10-08T18:28:43.031098,appointment,,,b5991a95-e156-40bd-8135-41d5a9345b42,Calendar event for lab_test,Lab Center,2025-07-23T08:23:43.031108,2025-08-23T05:27:43.031112
e948eac0-c1c5-455a-aa39-2ed545f198fe,52473e02-7b4d-42d0-bdae-905513707d2e,Consultation Event,2025-08-30T15:28:43.031117,2025-08-30T18:28:43.031117,consultation,,,,Calendar event for appointment,Downtown Office,2025-08-03T17:35:43.031128,2025-09-06T00:08:43.031132
d0316fdb-b4da-4ab8-87c5-15987c83e91b,cecb7440-2211-41a1-98a3-c479a08af3d7,Appointment Event,2025-09-03T15:28:43.031138,2025-09-03T17:28:43.031138,lab_test,5004e66c-b032-4488-a698-e1f4198d193b,,deb9cc07-da7d-475a-9702-00cc7f599595,Calendar event for lab_test,Main Clinic,2025-07-27T01:52:43.031148,2025-09-15T15:34:43.031152
34ad0fda-3630-44e5-96c0-61d7e0125ea2,43a3f667-58b0-4025-90c3-70f4ace353da,Lab_Test Event,2025-08-26T15:28:43.031158,2025-08-26T18:28:43.031158,reminder,,,1d73ed0c-e06b-4db5-b37b-1cc4a8062a5b,Calendar event for follow_up,Main Clinic,2025-09-14T10:25:43.031167,2025-09-10T20:11:43.031171
9d49b528-06f6-4ef2-9451-0b52d372a884,947d8026-f917-4dea-83cb-de4610ca7851,Lab_Test Event,2025-09-03T15:28:43.031176,2025-09-03T17:28:43.031176,appointment,,,,Calendar event for consultation,Lab Center,2025-07-23T09:48:43.031191,2025-09-17T03:20:43.031195
32b49ddc-4c36-4cb3-9e6f-eb29267d6230,f8a25b23-66d6-49e7-ab65-0bb35da4a129,Lab_Test Event,2025-09-15T15:28:43.031201,2025-09-15T19:28:43.031201,consultation,eabbd625-2409-4ba1-82a7-708acede8b44,,c11b3528-87bd-4533-92c1-fba4a351c3ad,Calendar event for appointment,Downtown Office,2025-08-08T20:58:43.031212,2025-08-31T05:54:43.031216
e58ed37b-335b-4413-8d31-42527fcce0fd,eff395dc-6966-4789-9b28-d074d8a8ea3c,Reminder Event,2025-11-16T15:28:43.031223,2025-11-16T17:28:43.031223,appointment,7f7faced-f12c-45b0-9387-c2d6b8246eff,,0017c4e7-af99-4605-9ef5-0b9e6a7752fe,Calendar event for appointment,Main Clinic,2025-07-25T16:05:43.031234,2025-08-28T18:55:43.031238
1ba25da3-3fa0-4784-8785-ae7c6da0c808,218ef079-1860-436d-b730-b2c3c58f35da,Consultation Event,2025-11-08T15:28:43.031243,2025-11-08T16:28:43.031243,appointment,46cac851-7ab1-4ec1-ba1f-59acfe620eb7,,,Calendar event for reminder,Telehealth,2025-09-15T14:08:43.031254,2025-09-08T02:27:43.031259
6d8cd6f5-e1ea-42b8-8238-4571d1203486,81ea37ab-543f-48b1-8d02-ad9d153a53a0,Appointment Event,2025-10-31T15:28:43.031264,2025-10-31T17:28:43.031264,appointment,,,567804db-ca8d-4255-aa73-cb097a45ab62,Calendar event for appointment,Telehealth,2025-09-16T17:30:43.031274,2025-09-12T02:26:43.031278
9ecd9d02-3d35-4542-af2f-106c23581ed0,b9fbdedd-5cf8-4f96-b202-4c1fd95bf6de,Consultation Event,2025-08-22T15:28:43.031284,2025-08-22T16:28:43.031284,lab_test,,,,Calendar event for consultation,Downtown Office,2025-08-28T14:33:43.031294,2025-09-07T23:19:43.031299
d2d0161b-4874-413d-8ce8-83c3259fac40,add37fb5-266b-49f6-bb11-09e657173ce4,Follow_Up Event,2025-08-28T15:28:43.031304,2025-08-28T18:28:43.031304,lab_test,,,ea57fcbc-ecb0-4909-8c86-9c103f7c11c0,Calendar event for consultation,Main Clinic,2025-08-27T07:49:43.031315,2025-09-12T14:34:43.031318
e7933d41-18f8-4cdf-a24c-b99d498c8a32,7d36d29e-fb20-4242-bfbf-228ac31873b5,Lab_Test Event,2025-09-09T15:28:43.031324,2025-09-09T19:28:43.031324,reminder,520187a5-1c5f-444a-b296-b58252561c03,,ade2b208-76bf-4529-adad-19402fbbed5f,Calendar event for follow_up,Lab Center,2025-08-14T15:59:43.031334,2025-08-27T05:01:43.031338
e0b49388-ef10-4f8d-b6cc-d3a284dfe93c,446d9ed7-421d-491c-940b-c0dbcd8680fa,Reminder Event,2025-10-05T15:28:43.031344,2025-10-05T19:28:43.031344,lab_test,,,8e0cd3d4-ee3b-478c-af5f-d3dc728f7131,Calendar event for lab_test,Telehealth,2025-07-31T21:23:43.031353,2025-08-20T04:40:43.031357
bcad2df6-29d1-4254-abdf-13c92ffe104e,2fc6e8b6-f208-4058-860e-02a84fccbd55,Reminder Event,2025-09-18T15:28:43.031363,2025-09-18T19:28:43.031363,appointment,f1bc79fb-a322-4d81-b74c-143f8ea9170a,,ccd7804a-f507-4d25-86e8-77e5e51b81b8,Calendar event for appointment,Main Clinic,2025-08-17T09:50:43.031374,2025-08-28T07:22:43.031378
f2e09c07-d8aa-412f-812f-8ed0630506dc,947d8026-f917-4dea-83cb-de4610ca7851,Follow_Up Event,2025-10-15T15:28:43.031383,2025-10-15T16:28:43.031383,lab_test,ef84829b-f797-4aa4-be8c-837157ce09bf,,df325577-f363-4d36-b31e-074f08b58b10,Calendar event for appointment,Main Clinic,2025-09-07T12:25:43.031393,2025-08-26T11:50:43.031397
c4dc5b87-9978-48db-8834-578b7db3440c,a7ad65e9-a855-4626-aea1-73c1e8ebc724,Appointment Event,2025-10-26T15:28:43.031403,2025-10-26T18:28:43.031403,reminder,,,2e9ba3a7-43e7-4c3d-a2d6-9a666a548cee,Calendar event for lab_test,Main Clinic,2025-08-10T08:29:43.031413,2025-09-16T14:26:43.031417
8166c7f8-9595-4100-a9a0-9937c0e62b5e,bc6efe0a-d7d9-4f1d-aa93-6bf702c575bf,Reminder Event,2025-11-09T15:28:43.031423,2025-11-09T18:28:43.031423,follow_up,,,4212dcd2-f051-42a8-b4b8-a66648970236,Calendar event for reminder,Telehealth,2025-08-22T18:02:43.031433,2025-09-09T07:54:43.031437
345974c9-1f0c-4600-8ffb-f5179e44bf9d,75d3c6e1-1107-4c09-9bc3-b1508fa66ca7,Follow_Up Event,2025-11-06T15:28:43.031442,2025-11-06T19:28:43.031442,follow_up,,,,Calendar event for consultation,Main Clinic,2025-09-09T14:06:43.031451,2025-09-04T18:58:43.031455
509cc6ae-073d-4f93-85e3-29d90a825a40,0cf93490-9b1a-403f-af00-8e2e1cacb323,Appointment Event,2025-09-21T15:28:43.031460,2025-09-21T18:28:43.031460,lab_test,,,,Calendar event for consultation,Downtown Office,2025-08-07T07:56:43.031471,2025-09-16T17:52:43.031474
9e81f9ea-c555-4464-bb29-010a415f63b9,0779673b-72bf-4e8e-845a-9259559714f5,Follow_Up Event,2025-11-12T15:28:43.031479,2025-11-12T18:28:43.031479,follow_up,,,,Calendar event for follow_up,Main Clinic,2025-08-12T22:02:43.031489,2025-09-08T19:38:43.031493
7f17dca5-0dfc-46cc-b0dc-06253de4156d,28d68750-0629-42d1-84e4-f3441aef66b6,Follow_Up Event,2025-11-02T15:28:43.031498,2025-11-02T16:28:43.031498,consultation,,,691ae08c-fc2c-4842-b714-a21c7b232233,Calendar event for follow_up,Downtown Office,2025-07-24T03:44:43.031508,2025-09-09T12:28:43.031512
16ab22a4-d5e5-4046-b034-c40f4f0285a7,14005905-bde0-4a73-afd0-18829d936cd4,Consultation Event,2025-09-29T15:28:43.031517,2025-09-29T17:28:43.031517,lab_test,,,dfbb0fb3-29f3-404d-a60b-b3f0981523a4,Calendar event for consultation,Lab Center,2025-09-08T21:25:43.031527,2025-08-27T03:09:43.031531
fc23f60b-f683-49fd-b1a7-fab51fc5e656,f17e6e34-e882-4c9c-8d29-68e1123adf43,Reminder Event,2025-10-02T15:28:43.031537,2025-10-02T18:28:43.031537,lab_test,c223f8c1-33a5-4e69-847d-55b9f4411788,,863e050c-602e-4cec-8471-7977f320153b,Calendar event for consultation,Telehealth,2025-07-21T09:08:43.031547,2025-09-16T07:33:43.031551
ddb9d178-b8fe-48f1-bcf6-51622b59264b,cc69dd67-d7cd-40ea-80ea-7836a5c3dfc6,Lab_Test Event,2025-09-12T15:28:43.031556,2025-09-12T17:28:43.031556,appointment,,,,Calendar event for appointment,Lab Center,2025-08-16T17:29:43.031566,2025-08-22T12:07:43.031570
8dbf3a88-9e36-4c96-bdfa-e56d86b772f7,7b38b82a-818c-4f09-8a49-f314e47c870a,Follow_Up Event,2025-09-01T15:28:43.031575,2025-09-01T17:28:43.031575,consultation,,,,Calendar event for lab_test,Lab Center,2025-07-20T00:34:43.031585,2025-09-11T22:30:43.031588
4633f4fc-3900-4c2e-a8aa-a7219336c690,ad9de380-df74-48fa-8ec8-4c2795f080f2,Follow_Up Event,2025-11-10T15:28:43.031594,2025-11-10T17:28:43.031594,follow_up,,,6b47f432-2e78-46c7-b9fe-8e84d1b2095a,Calendar event for consultation,Lab Center,2025-09-04T11:58:43.031604,2025-08-31T06:59:43.031609
0d844eba-f95b-431c-b629-58024d2aa5d8,b874b0a2-4747-4874-a9d0-b57802ec75f9,Lab_Test Event,2025-09-17T15:28:43.031616,2025-09-17T19:28:43.031616,follow_up,,,,Calendar event for consultation,Lab Center,2025-08-30T23:19:43.031626,2025-09-01T20:26:43.031631
a645560e-e7dd-4bd1-848c-8e1d5967f6d5,a57fb70a-40a1-4835-8fc7-33d400422480,Lab_Test Event,2025-10-01T15:28:43.031636,2025-10-01T19:28:43.031636,consultation,,,,Calendar event for lab_test,Lab Center,2025-08-22T15:52:43.031645,2025-09-02T16:06:43.031649
e7f39977-be4f-4f4c-8689-8e34c55dc7e5,ecdd233e-3698-4417-ac8f-933249f4e2b1,Reminder Event,2025-10-31T15:28:43.031654,2025-10-31T17:28:43.031654,follow_up,,,,Calendar event for consultation,Downtown Office,2025-08-12T11:40:43.031664,2025-09-06T22:41:43.031668
1d81ebaa-a38c-499c-a7cb-d4eaea8ab2b9,a289b82d-bd9d-4055-a64c-fe844d0be72b,Lab_Test Event,2025-11-16T15:28:43.031672,2025-11-16T17:28:43.031672,reminder,,,,Calendar event for appointment,Telehealth,2025-09-13T00:40:43.031682,2025-08-30T20:47:43.031686
cbdf5616-a386-4c53-a9cc-f82b6379412b,fe86e2a2-1437-433c-959f-84cf6b655698,Reminder Event,2025-10-28T15:28:43.031691,2025-10-28T18:28:43.031691,appointment,,,65d5064e-a1f9-4319-b1ac-16e8c90acd69,Calendar event for follow_up,Telehealth,2025-09-15T08:51:43.031701,2025-09-02T15:57:43.031705
040956ed-a2fa-4706-bd14-5b239d5e1cd4,c1357c46-ee27-4fb4-b5d4-395a2d832b9d,Consultation Event,2025-10-10T15:28:43.031711,2025-10-10T16:28:43.031711,appointment,,,6e658029-f2c9-43da-9d20-d10ce9f38aed,Calendar event for appointment,Downtown Office,2025-07-29T13:39:43.031721,2025-09-15T02:28:43.031725
d297d82f-109c-40ed-8d94-535aeb72a912,644584e5-7788-4403-ac96-52c58ee24ebb,Lab_Test Event,2025-09-17T15:28:43.031730,2025-09-17T19:28:43.031730,appointment,,,05d1c278-22a1-4a2b-b3ca-700d60cf4dcf,Calendar event for reminder,Lab Center,2025-07-23T17:47:43.031740,2025-08-22T04:24:43.031744
8d759737-4cfe-47e3-94c4-28a55d590339,a8efa92c-4013-41fd-810d-e2d557c9cdb7,Appointment Event,2025-10-09T15:28:43.031750,2025-10-09T17:28:43.031750,appointment,61e2d27e-b373-436b-ad8f-9e131d150267,,49759934-7534-461d-95dc-2f6307c67cea,Calendar event for appointment,Lab Center,2025-08-19T04:21:43.031760,2025-09-02T06:48:43.031763
c1cdbb73-01b9-4563-b028-04af626c635f,621da2bf-3867-4ad0-b614-3e23d64f366f,Reminder Event,2025-09-11T15:28:43.031768,2025-09-11T19:28:43.031768,appointment,,,,Calendar event for reminder,Downtown Office,2025-08-06T03:19:43.031778,2025-08-29T23:48:43.031782
7d054b06-f6b6-4156-8825-52bebd64d72d,09f36566-bc4e-4753-9f6f-80de609c2601,Consultation Event,2025-09-14T15:28:43.031787,2025-09-14T17:28:43.031787,appointment,,,a2dbadeb-8973-4f18-bb12-5569f593a84c,Calendar event for reminder,Telehealth,2025-09-05T03:53:43.031798,2025-08-21T11:48:43.031802
4690229c-ced4-41d6-85a2-09b03e83ba1d,46a8381a-2659-4560-b09a-2077b355c4a3,Follow_Up Event,2025-10-23T15:28:43.031808,2025-10-23T19:28:43.031808,appointment,19aa5e09-2806-4fc2-be04-568d6085e6ba,,,Calendar event for follow_up,Downtown Office,2025-07-20T12:34:43.031818,2025-08-23T04:59:43.031823
49267d00-4d3c-4fd0-ad97-9af0e4f06346,15ba5601-ea89-418a-bc03-80fb94642309,Follow_Up Event,2025-10-23T15:28:43.031828,2025-10-23T16:28:43.031828,reminder,,,1c2b3aab-a2ee-4cce-bea1-5e0e9773a8dd,Calendar event for reminder,Main Clinic,2025-08-24T17:14:43.031839,2025-09-09T08:54:43.031842
c41c3928-32b5-48b5-9ca9-44f43606e9ef,2d72c254-ab5b-4238-860d-586acd8232bc,Reminder Event,2025-08-30T15:28:43.031848,2025-08-30T17:28:43.031848,lab_test,c0af589e-c8e8-4612-a964-474d607e00e1,,64706e1c-3964-4c6a-aad0-42da0ad76c9b,Calendar event for follow_up,Telehealth,2025-09-08T22:26:43.031858,2025-08-26T06:23:43.031862
37386eac-ba05-47ac-8368-1c411260a640,621da2bf-3867-4ad0-b614-3e23d64f366f,Follow_Up Event,2025-10-02T15:28:43.031867,2025-10-02T18:28:43.031867,follow_up,,,f85a66e0-7b9c-4b43-af6a-b81ac2b08497,Calendar event for follow_up,Lab Center,2025-08-08T03:00:43.031879,2025-09-09T20:33:43.031883
032d30ed-bbf3-4f4a-a9cc-61421ff0182b,fe099718-0fd4-4a4e-997a-1cf71be38e47,Appointment Event,2025-11-14T15:28:43.031889,2025-11-14T17:28:43.031889,consultation,720dc2f9-8482-4b89-bf56-bb9c4466460c,,ad7460d5-af7e-463b-b055-5b77ccd871b0,Calendar event for reminder,Telehealth,2025-07-25T22:55:43.031899,2025-08-22T13:58:43.031903
ff6ccef4-719c-4c14-bfd3-677c889c30ab,7570093b-f422-4f55-bfed-55e59b7903b7,Appointment Event,2025-11-08T15:28:43.031908,2025-11-08T16:28:43.031908,reminder,,,,Calendar event for follow_up,Lab Center,2025-09-15T04:53:43.031918,2025-09-06T07:48:43.031922
7db2368f-9d4e-44b1-9f41-40ff3cb9e952,cfa6e08e-d814-4d11-b789-c551e2905490,Appointment Event,2025-08-26T15:28:43.031927,2025-08-26T19:28:43.031927,consultation,dc5d02c7-29ec-4292-b7f5-47bbe04f5817,,,Calendar event for reminder,Main Clinic,2025-08-20T07:18:43.031938,2025-08-24T05:10:43.031942
8fa0cd1b-506a-4a58-97e3-1a15582e1572,75a8a2ca-bd18-460c-ad24-b6817f2b19a5,Follow_Up Event,2025-10-24T15:28:43.031947,2025-10-24T18:28:43.031947,reminder,c5bcef0c-e61f-4605-838b-238d1e7adeb5,,,Calendar event for appointment,Lab Center,2025-08-24T08:08:43.031957,2025-08-29T20:47:43.031961
f47bf8d4-cb2a-4907-873e-32b3a174b67c,a8efa92c-4013-41fd-810d-e2d557c9cdb7,Lab_Test Event,2025-10-29T15:28:43.031966,2025-10-29T16:28:43.031966,follow_up,,,,Calendar event for reminder,Lab Center,2025-07-28T11:28:43.031976,2025-09-10T07:20:43.031980
290faf5a-5c73-4035-961a-ff35a1402834,69079fb1-30ee-4d4d-bb90-a12bfb723a13,Lab_Test Event,2025-09-19T15:28:43.031985,2025-09-19T19:28:43.031985,appointment,,,04bc93c5-0d8a-4a09-a102-d7ccf3e708ed,Calendar event for reminder,Lab Center,2025-08-22T11:29:43.031995,2025-09-16T00:52:43.031999
03e6f57f-501d-4295-8c9e-f8bd404b9c33,1001ca99-4108-4ec8-9fcc-4b6225aad1c3,Appointment Event,2025-10-12T15:28:43.032005,2025-10-12T17:28:43.032005,lab_test,,,505712e3-7313-4dca-9bbd-1328436e9252,Calendar event for consultation,Downtown Office,2025-08-16T12:37:43.032015,2025-08-23T11:01:43.032019
d8702d1f-4342-4f7e-a6d6-867010f26993,b75dd4fd-410c-4573-85db-4aaa1e6ded73,Reminder Event,2025-11-06T15:28:43.032025,2025-11-06T17:28:43.032025,lab_test,15a59313-9a08-42b9-8053-77c9fed79bff,,43b1f830-0615-46d8-a470-fdffb28ba9cd,Calendar event for reminder,Downtown Office,2025-08-01T04:20:43.032035,2025-08-20T12:41:43.032039
d3812c24-77ae-45cc-b465-8ef994bece7a,84b01def-7ee0-4270-beee-edc663dadb7e,Lab_Test Event,2025-09-07T15:28:43.032044,2025-09-07T16:28:43.032044,consultation,,,0e05210f-78a0-45aa-a800-2435d7ed2092,Calendar event for reminder,Lab Center,2025-08-14T02:35:43.032054,2025-09-12T06:58:43.032058
f7e1e3d0-7c3f-44ba-abc8-f3098ef397e5,99289a86-0bee-4632-b475-f7a34c5238f5,Consultation Event,2025-10-31T15:28:43.032064,2025-10-31T16:28:43.032064,reminder,4d050282-bdf1-473b-9dd3-af32688ec55a,,89d804c8-cea8-45bb-8f58-df3671913fd2,Calendar event for appointment,Main Clinic,2025-08-22T22:06:43.032074,2025-09-06T03:25:43.032078
2d7e19a8-5c15-4114-8c75-4d681065b99f,b1faa8a1-2571-4a4a-89fa-4dfd0b8c75a0,Follow_Up Event,2025-10-26T15:28:43.032083,2025-10-26T16:28:43.032083,consultation,,,,Calendar event for lab_test,Lab Center,2025-07-25T22:36:43.032092,2025-09-17T12:03:43.032096
4b22eda5-2f57-4b35-ab74-dbb641905c2b,13d91624-9946-44fc-a04c-69aef00133b7,Follow_Up Event,2025-10-16T15:28:43.032102,2025-10-16T16:28:43.032102,consultation,,,abfd2c18-ab27-4b39-8aef-ee1a1368f696,Calendar event for appointment,Downtown Office,2025-08-01T08:14:43.032112,2025-09-10T23:37:43.032116
a6799341-6ff9-44c0-84ea-750da6f02ed0,9d7210ec-2ef1-4e1d-a86e-878e8883bf42,Lab_Test Event,2025-09-06T15:28:43.032121,2025-09-06T16:28:43.032121,consultation,94e59d39-1a65-4b88-a120-5932afcb6c55,,,Calendar event for consultation,Downtown Office,2025-07-29T08:46:43.032132,2025-09-09T18:39:43.032135
7d97211c-16f0-4863-bf74-bc27ee86064d,d475e187-e58b-40d4-978f-87fc4fb8963a,Consultation Event,2025-09-22T15:28:43.032140,2025-09-22T19:28:43.032140,follow_up,,,1d73ed0c-e06b-4db5-b37b-1cc4a8062a5b,Calendar event for reminder,Main Clinic,2025-08-02T08:40:43.032150,2025-09-03T20:11:43.032154
4a09d501-5ca9-4183-9ef2-42d2931ed671,0939eb9b-bf75-4f17-bc7c-cbe87102df69,Appointment Event,2025-11-08T15:28:43.032160,2025-11-08T18:28:43.032160,reminder,23e4c7b3-4626-4c4f-bc7c-d30e00d1646c,,543cdc0e-3b03-43e5-9339-a4a7d7edbe4b,Calendar event for consultation,Telehealth,2025-09-15T19:51:43.032170,2025-08-28T02:22:43.032174
020e5db3-9edf-4803-bf16-38c900d31398,a9a5a499-cf9c-4570-84b7-7cdccc74ac7d,Reminder Event,2025-11-08T15:28:43.032179,2025-11-08T18:28:43.032179,reminder,14460876-d7df-4536-9bfb-266bc91b9671,,,Calendar event for consultation,Telehealth,2025-08-29T16:29:43.032192,2025-08-31T00:28:43.032196
d18c5120-734b-4e91-811d-d93b5481d751,d2cf09c6-1b3c-476d-b127-324c06e162ad,Follow_Up Event,2025-10-05T15:28:43.032202,2025-10-05T18:28:43.032202,lab_test,,,ea415ad2-dfdc-4911-82be-e315dad2e593,Calendar event for follow_up,Main Clinic,2025-08-16T01:59:43.032213,2025-09-14T11:03:43.032216
a7de5090-a8e4-43c7-b2b7-f5747766e10b,5e520e4c-03d6-4be3-9894-2a2bdf7363fa,Lab_Test Event,2025-10-19T15:28:43.032221,2025-10-19T17:28:43.032221,appointment,,,807cb6ed-0db7-40cc-a61f-cfb56c0b12ca,Calendar event for reminder,Telehealth,2025-09-13T04:49:43.032231,2025-08-29T10:04:43.032235
0b7babd5-f754-43ac-882a-da01bb387011,d8685efa-dee9-4058-b81c-bed33dedb9d3,Reminder Event,2025-08-19T15:28:43.032241,2025-08-19T19:28:43.032241,follow_up,c2c5e9a4-b5ce-4331-9b9e-bcf770a1ca0c,,de2f9523-f25b-4490-935f-940de3db258e,Calendar event for appointment,Main Clinic,2025-08-14T02:48:43.032251,2025-09-15T06:18:43.032254
8ef2fedf-4a90-4fb7-ba2e-ec90ad55b5e7,4595f012-5753-4187-9e61-b98764fa17ea,Appointment Event,2025-09-11T15:28:43.032260,2025-09-11T18:28:43.032260,lab_test,bbeedf26-05b9-420e-a52e-e597054e49cd,,79aa8883-1004-46d7-bdee-da513806f2f7,Calendar event for appointment,Lab Center,2025-08-22T12:41:43.032270,2025-09-13T05:34:43.032274
f0c0e80a-9b64-4b79-b210-24c23e1dc885,53fcd55b-2d1a-46ce-bf45-6ca4161087de,Consultation Event,2025-09-25T15:28:43.032279,2025-09-25T16:28:43.032279,reminder,,,,Calendar event for lab_test,Main Clinic,2025-08-09T06:11:43.032288,2025-09-10T06:03:43.032294
d6396f49-f616-4eed-ba7a-309f53bfd8be,39074226-10b2-43d4-ba7c-d3f85429d0da,Consultation Event,2025-11-07T15:28:43.032299,2025-11-07T19:28:43.032299,consultation,,,3ab94848-e6ee-4119-8cf8-33ea918aec1c,Calendar event for consultation,Downtown Office,2025-07-29T10:05:43.032309,2025-09-18T15:21:43.032313
f6aa0f49-844e-4f03-9cbb-c5766be999d5,dc135d21-673e-4f9a-8858-1f147591228f,Follow_Up Event,2025-09-30T15:28:43.032319,2025-09-30T18:28:43.032319,follow_up,,,bb5aeee2-8fd2-45a3-9162-d39994a044aa,Calendar event for appointment,Main Clinic,2025-07-21T04:12:43.032329,2025-08-24T18:00:43.032332
17f414a5-5f4a-446b-a5d5-51cd3f4850de,3ac7fefc-21c9-421e-8d03-4663dc9ef7a6,Appointment Event,2025-11-16T15:28:43.032338,2025-11-16T17:28:43.032338,reminder,e4c9d270-fa71-438b-b587-bdbb4084f478,,9237d08f-affe-4c06-8d6c-5c3391333842,Calendar event for appointment,Telehealth,2025-08-12T09:48:43.032348,2025-08-28T00:16:43.032352
30be658b-aa00-498f-b546-f42939043c5d,8b084433-3ac0-4cac-819c-e9a7d0b3c611,Reminder Event,2025-08-22T15:28:43.032357,2025-08-22T16:28:43.032357,consultation,,,be81ad25-4247-4a83-9dbe-0fed48f5a87d,Calendar event for reminder,Lab Center,2025-08-12T16:34:43.032367,2025-09-18T15:14:43.032371
1a8b5c3e-83d4-4c83-a5b8-606ca2dd4763,662848d9-84ef-4bc7-9d7b-d7fd3b8b3e11,Consultation Event,2025-09-25T15:28:43.032376,2025-09-25T17:28:43.032376,appointment,,,,Calendar event for reminder,Telehealth,2025-08-11T10:43:43.032385,2025-09-03T09:41:43.032389
f7bc2e33-f4df-4ed4-b32b-b2fc8371900d,671e0405-88ea-454e-bf65-978e36acb5d3,Consultation Event,2025-10-01T15:28:43.032395,2025-10-01T16:28:43.032395,consultation,,,,Calendar event for lab_test,Telehealth,2025-07-21T14:26:43.032405,2025-08-19T10:59:43.032408
5d5fc89f-8d93-4c8c-b8ac-3382a40e646e,2b819c44-4f2d-4010-b336-305e52f60cff,Follow_Up Event,2025-09-03T15:28:43.032413,2025-09-03T19:28:43.032413,consultation,,,,Calendar event for consultation,Telehealth,2025-08-12T12:17:43.032423,2025-08-19T21:15:43.032426
d4f9b48e-4b26-4978-8736-1339943a4e73,cd31dc7d-8af7-48b2-b961-2c42699d291c,Reminder Event,2025-10-14T15:28:43.032432,2025-10-14T19:28:43.032432,lab_test,1277840b-667f-49eb-b2df-acad0ece3ab0,,,Calendar event for follow_up,Lab Center,2025-07-25T10:23:43.032442,2025-08-29T00:50:43.032445
2c33dd9f-fc24-458a-b565-c571dbc774b0,84120b5f-27f3-4d64-8d10-fc6cb7235aea,Appointment Event,2025-08-20T15:28:43.032450,2025-08-20T16:28:43.032450,follow_up,,,,Calendar event for appointment,Main Clinic,2025-08-17T21:51:43.032461,2025-09-07T12:47:43.032465
d089bdfd-f0ba-496a-89eb-cda33f8a26f0,7e1fa9c9-1dcf-4944-9523-d1006e317f22,Reminder Event,2025-10-30T15:28:43.032471,2025-10-30T16:28:43.032471,appointment,f01c0e8c-062e-4993-a5ff-a7239f37e2f5,,d356f642-79cd-4d5e-a899-48873b2b791b,Calendar event for lab_test,Main Clinic,2025-08-21T01:42:43.032481,2025-08-29T05:17:43.032484
86704cfd-8530-4473-b697-9794db019be5,e2b75059-4fa0-4bf9-8661-f22242629b1b,Follow_Up Event,2025-09-21T15:28:43.032490,2025-09-21T17:28:43.032490,consultation,,,,Calendar event for consultation,Telehealth,2025-07-23T20:18:43.032501,2025-08-28T12:24:43.032504
18a27772-3725-4a5c-a842-449b238209e6,ad9de380-df74-48fa-8ec8-4c2795f080f2,Reminder Event,2025-10-30T15:28:43.032510,2025-10-30T17:28:43.032510,reminder,dc192d3c-727a-429d-a36e-6dd3fcd0e657,,d987794d-d02a-45cc-a79f-2a7e6a3b7e44,Calendar event for appointment,Telehealth,2025-08-27T09:52:43.032520,2025-08-30T23:56:43.032524
6e105a02-c6c7-47a4-b0d8-1f88af914505,ffb220b2-ada2-429b-b38e-136bf791254a,Consultation Event,2025-09-12T15:28:43.032530,2025-09-12T16:28:43.032530,follow_up,02cecabc-24f4-426f-8c1f-828ef53d7f97,,f7587ee2-2fa7-46b8-9a13-8c16104e0aaa,Calendar event for consultation,Main Clinic,2025-07-21T03:12:43.032540,2025-08-31T00:36:43.032543
bf9ea75b-e98a-48ac-9278-11e6d5817f06,81738523-3c6f-49ab-8516-a4e1c85014eb,Appointment Event,2025-09-29T15:28:43.032549,2025-09-29T19:28:43.032549,follow_up,,,32e5b921-6575-499d-83b8-170c50ca9287,Calendar event for lab_test,Lab Center,2025-09-05T03:50:43.032558,2025-08-23T08:12:43.032562
e4595977-3411-40de-962d-ace1871dd6b2,956f4de9-be8c-42db-962d-89df7f379f0b,Appointment Event,2025-10-28T15:28:43.032567,2025-10-28T18:28:43.032567,follow_up,,,,Calendar event for appointment,Downtown Office,2025-08-25T06:17:43.032578,2025-08-30T18:11:43.032582
65320db8-585a-44fd-9a30-9af6f27e4df4,fe4243a7-53b3-4cdc-a0aa-bd66e46b12f2,Appointment Event,2025-11-05T15:28:43.032588,2025-11-05T19:28:43.032588,reminder,,,b05370d5-9e8d-475c-9d2a-306d8cce1099,Calendar event for follow_up,Lab Center,2025-07-22T03:09:43.032599,2025-09-09T01:33:43.032602
3bc41da5-7160-4738-ad38-b50b417cdcc6,11cf74ec-a823-4ccf-b6e3-dfa3c9ea35a0,Follow_Up Event,2025-10-26T15:28:43.032607,2025-10-26T17:28:43.032607,lab_test,66549cf1-6618-45e3-b539-7385a842fa19,,,Calendar event for follow_up,Downtown Office,2025-09-13T18:50:43.032618,2025-09-09T16:36:43.032622
f3b90cbf-8ba2-431e-9fdb-b5084281d18e,7b38b82a-818c-4f09-8a49-f314e47c870a,Lab_Test Event,2025-08-20T15:28:43.032628,2025-08-20T18:28:43.032628,lab_test,a141048a-beb8-430c-b33d-2be8afe88465,,1138b922-15d1-4db6-9a06-6359c348c8de,Calendar event for follow_up,Main Clinic,2025-08-24T04:57:43.032638,2025-09-09T01:28:43.032642
5c66601f-a01f-4afe-a9eb-e81c750d29aa,34f73392-780d-4053-ae06-737442b9fe3b,Reminder Event,2025-08-22T15:28:43.032648,2025-08-22T17:28:43.032648,appointment,e0031ba1-3291-4a4e-b557-74e903e9389a,,560a7e03-018d-4e96-b434-6230e4a6a2e5,Calendar event for reminder,Downtown Office,2025-08-18T07:38:43.032658,2025-08-27T21:26:43.032662
bca2eeac-96d8-490e-b749-6666eed2fe32,1001ca99-4108-4ec8-9fcc-4b6225aad1c3,Consultation Event,2025-11-04T15:28:43.032667,2025-11-04T16:28:43.032667,follow_up,,,,Calendar event for follow_up,Main Clinic,2025-09-06T09:07:43.032676,2025-08-30T22:44:43.032680
360828fa-62ba-4133-92ba-ced45d61e362,acf30c88-35b5-4775-aece-6ed33ec4b7c3,Follow_Up Event,2025-09-29T15:28:43.032685,2025-09-29T16:28:43.032685,follow_up,,,,Calendar event for lab_test,Lab Center,2025-07-21T06:03:43.032694,2025-09-02T02:17:43.032698
fd2899a4-0c1f-4027-8fd9-54aec15d0c6d,56560f16-d8ff-4b63-9aeb-dac97f4ffc75,Appointment Event,2025-08-28T15:28:43.032703,2025-08-28T16:28:43.032703,appointment,,,bc081b9d-0ef3-419b-8cc2-561e394bd168,Calendar event for appointment,Main Clinic,2025-08-27T23:12:43.032714,2025-09-01T18:11:43.032717
03cdaa41-eea7-484d-84dc-608f46c96cb6,6dd0cffd-2fac-4d01-8f1d-7261c016bde1,Appointment Event,2025-11-06T15:28:43.032723,2025-11-06T18:28:43.032723,follow_up,,,a729a7a5-16c7-4825-9d97-9c8dca6c71d0,Calendar event for appointment,Lab Center,2025-08-24T08:11:43.032733,2025-08-19T17:36:43.032737
ea1e4de1-eea5-41b3-a93c-edbfb6cf05b4,f6b70737-7b9b-425b-b379-ca20a337df16,Appointment Event,2025-10-19T15:28:43.032742,2025-10-19T18:28:43.032742,reminder,,,3d9aa94e-2324-4f3a-9d70-43f3cbb0236e,Calendar event for reminder,Downtown Office,2025-09-17T13:17:43.032752,2025-09-14T13:09:43.032756
24983a74-361c-4aed-acd8-a24e8385c4cc,c0e94733-3b3c-4173-ade4-463ecfb5830b,Reminder Event,2025-09-07T15:28:43.032761,2025-09-07T18:28:43.032761,follow_up,,,,Calendar event for reminder,Main Clinic,2025-07-21T20:55:43.032770,2025-09-16T00:18:43.032774
9981c0e4-8506-4970-a914-d7398e5df34f,12d77689-5de3-476a-8d9a-3892baa327bf,Appointment Event,2025-10-09T15:28:43.032779,2025-10-09T18:28:43.032779,reminder,,,,Calendar event for appointment,Lab Center,2025-08-18T08:20:43.032790,2025-09-11T17:54:43.032794
ad578b9c-37f7-43f5-846c-3b9a114af041,36b0d06a-9239-4197-8ff2-37fa85645e62,Consultation Event,2025-10-27T15:28:43.032799,2025-10-27T18:28:43.032799,reminder,d8536ea9-fa93-4a29-ace1-b9530c9bc178,,,Calendar event for appointment,Main Clinic,2025-07-28T17:36:43.032809,2025-09-15T12:47:43.032813
29a123b4-c00d-417a-9584-b7e8db9e44b5,36b00246-c709-4adc-ab33-627cde13016f,Lab_Test Event,2025-10-01T15:28:43.032818,2025-10-01T19:28:43.032818,appointment,,,,Calendar event for consultation,Main Clinic,2025-08-29T13:57:43.032827,2025-09-14T14:53:43.032831
cb116217-41bd-493f-b8d0-bfedf8b23e28,4e9b3f44-ab37-4482-ba9e-2e27aa8d1768,Appointment Event,2025-10-20T15:28:43.032837,2025-10-20T16:28:43.032837,lab_test,146ff144-483c-41c7-8674-22a5d7b1c0bc,,f158d43a-197d-432d-8a3b-16058d242468,Calendar event for appointment,Telehealth,2025-08-24T08:01:43.032847,2025-09-17T18:41:43.032851
c836ad2e-c251-47d7-b573-c16db3d43fc3,80017c03-5547-42b2-aab4-b21a4febefd5,Reminder Event,2025-10-19T15:28:43.032856,2025-10-19T19:28:43.032856,lab_test,7f6e47d7-a487-4d72-a5ce-fb92950975ac,,,Calendar event for reminder,Main Clinic,2025-09-05T18:21:43.032866,2025-08-21T08:41:43.032870
24984b0c-682d-4c20-be9f-5111daf07d7e,ad9de380-df74-48fa-8ec8-4c2795f080f2,Lab_Test Event,2025-10-27T15:28:43.032877,2025-10-27T17:28:43.032877,appointment,06f66f4b-ab49-4c3a-bec5-576656ea80b3,,be23ae36-cde2-4de5-9997-831251d55f47,Calendar event for follow_up,Telehealth,2025-07-19T23:22:43.032887,2025-09-17T00:30:43.032891
843d9a25-a6a3-4c87-bb36-96ac14dd5317,93a9869f-3fa8-4737-beba-c4ab422cc677,Follow_Up Event,2025-09-20T15:28:43.032898,2025-09-20T16:28:43.032898,consultation,6ac0e8b8-05be-4a00-bde8-d1f0c3806851,,654314ef-6743-4f95-ac48-dcf8f9251dd2,Calendar event for appointment,Telehealth,2025-09-04T01:38:43.032908,2025-08-21T14:45:43.032912
fc49c696-d4d6-4cca-8b1c-d89a1716b4b3,a192ef15-0a52-487e-a2df-8d693dfffc32,Lab_Test Event,2025-10-07T15:28:43.032918,2025-10-07T16:28:43.032918,follow_up,fc1ca3d4-a722-422a-a2af-20d9b06ad043,,7bad2ea7-b0b2-459b-973b-c0dde54fe157,Calendar event for lab_test,Main Clinic,2025-09-01T01:23:43.032929,2025-08-26T00:22:43.032932
63fd87d4-c288-4474-afff-b8c2eca24285,a41e0d8b-b9de-421a-a0f5-e9b67064af70,Appointment Event,2025-09-06T15:28:43.032938,2025-09-06T18:28:43.032938,follow_up,,,,Calendar event for follow_up,Telehealth,2025-07-22T02:17:43.032948,2025-09-05T02:47:43.032953
f0079e73-6ac2-464f-9eaf-12c2b2b6e8a1,5ed72750-c373-491a-a06b-dd16f157d623,Follow_Up Event,2025-09-18T15:28:43.032958,2025-09-18T17:28:43.032958,follow_up,92259d8e-3723-47a4-af0c-f869cc99547f,,,Calendar event for consultation,Telehealth,2025-07-26T20:56:43.032968,2025-09-17T09:07:43.032972
ad8fdca4-2c26-4c50-a8fa-77d9cf8a6ca8,9123fcc5-6c71-4d35-bc9a-0478a734e7e6,Reminder Event,2025-11-04T15:28:43.032979,2025-11-04T17:28:43.032979,reminder,,,87f107c2-3d15-48a1-a2e9-8ea02eec589e,Calendar event for lab_test,Downtown Office,2025-08-18T10:34:43.032989,2025-08-22T14:18:43.032993
ff8419b5-1cab-4279-a731-9b02293d1e4e,94114862-840b-4451-adb9-873b2d8b8367,Lab_Test Event,2025-11-16T15:28:43.032998,2025-11-16T16:28:43.032998,lab_test,,,060f2b16-56d0-44f8-a812-207aadfe420a,Calendar event for reminder,Lab Center,2025-09-17T05:07:43.033008,2025-09-03T01:43:43.033012
8ee974b2-aeaa-4100-abe4-b20227ecc95e,4f4477ec-ed90-4e02-a000-b9733549fe07,Consultation Event,2025-08-25T15:28:43.033016,2025-08-25T17:28:43.033016,appointment,,,,Calendar event for lab_test,Telehealth,2025-08-01T17:40:43.033026,2025-08-21T22:04:43.033030
6818fbf2-de04-44f1-be03-f3740ce64ef2,ae02926b-2afe-4ef9-ab2b-b15a3f5cb9fd,Follow_Up Event,2025-10-03T15:28:43.033036,2025-10-03T19:28:43.033036,appointment,09e9d240-9488-41e6-a706-1a2aca07c045,,,Calendar event for lab_test,Main Clinic,2025-09-01T18:58:43.033045,2025-09-13T07:50:43.033049
fd3f8272-695a-4dd3-b230-f7f001421159,0509bb75-9376-424a-ad72-5280fc197d71,Lab_Test Event,2025-11-03T15:28:43.033055,2025-11-03T16:28:43.033055,consultation,b2f16b63-10ac-4b14-9c2c-bbd0a85de8e2,,67a10473-a2b7-47dc-9345-6f77db696dd7,Calendar event for lab_test,Main Clinic,2025-09-11T12:05:43.033064,2025-08-20T10:06:43.033068
d1ff270a-dce6-410a-a371-b27e649c9d03,3a925c65-2b15-4eb9-87e0-57948a1ee2b8,Reminder Event,2025-09-05T15:28:43.033073,2025-09-05T17:28:43.033073,consultation,,,156b0987-3326-4941-837e-f4924cdcc8ea,Calendar event for consultation,Main Clinic,2025-08-26T01:20:43.033083,2025-09-07T00:05:43.033087
49f76f07-b4a5-407b-87cb-3cc15c017418,5bd5f814-7843-4540-aa52-b339a9a4dc94,Reminder Event,2025-08-30T15:28:43.033092,2025-08-30T17:28:43.033092,consultation,,,,Calendar event for lab_test,Telehealth,2025-09-05T18:04:43.033102,2025-09-08T02:30:43.033105
2dd8e05f-e085-44d0-a742-c808c4caaf21,aa7f2638-9e12-4693-8772-63f608ccf610,Consultation Event,2025-10-02T15:28:43.033111,2025-10-02T16:28:43.033111,reminder,,,331adf08-af8d-4792-86ac-0adc18a432f1,Calendar event for consultation,Downtown Office,2025-07-31T11:12:43.033123,2025-09-15T11:35:43.033126
70a74267-da50-4a51-b6fe-c88dc829f4ea,8d07a78c-c522-4c97-b76f-d77de1345295,Lab_Test Event,2025-10-14T15:28:43.033131,2025-10-14T17:28:43.033131,follow_up,,,eaacf5d5-0ab4-476a-b840-915a7db4701e,Calendar event for appointment,Lab Center,2025-07-31T19:12:43.033141,2025-09-03T18:13:43.033145
47bafef4-c423-437c-9864-975288eeaaa3,eac253ca-0a89-485a-b978-29fd6578355f,Reminder Event,2025-10-17T15:28:43.033150,2025-10-17T19:28:43.033150,appointment,726ed6f3-6b38-4dd3-8c9b-dd4ad4fc40bc,,b530a816-85e0-4e85-b298-801d76ce463a,Calendar event for reminder,Lab Center,2025-09-04T13:02:43.033160,2025-09-17T12:15:43.033164
d0de6436-88b8-45f0-91d4-17bf5979a2da,1569e2d5-ce3e-427e-a81b-2fb4451235b8,Lab_Test Event,2025-09-29T15:28:43.033170,2025-09-29T18:28:43.033170,appointment,,,,Calendar event for follow_up,Downtown Office,2025-08-06T13:04:43.033181,2025-09-16T11:03:43.033185
1a6d97c7-6149-434a-8ae7-dd60eb94e461,5798092f-286e-429c-adbb-7287e66036f2,Reminder Event,2025-11-02T15:28:43.033193,2025-11-02T16:28:43.033193,lab_test,,,9d090237-d164-4ffa-8dbb-40d997de8e23,Calendar event for reminder,Main Clinic,2025-07-22T08:09:43.033203,2025-08-27T08:54:43.033207
9291f530-4591-4bc8-a8ab-d4998f8e86f8,13a4efe0-425e-45fd-b193-1c881274c268,Consultation Event,2025-11-14T15:28:43.033212,2025-11-14T19:28:43.033212,follow_up,,,2e9ba3a7-43e7-4c3d-a2d6-9a666a548cee,Calendar event for reminder,Downtown Office,2025-07-21T23:11:43.033222,2025-09-13T15:52:43.033225
3642b395-1f94-4857-9678-344f74f751d1,e0f9fd93-39dc-4456-8606-eee2cf4c398b,Reminder Event,2025-11-01T15:28:43.033230,2025-11-01T17:28:43.033230,follow_up,9878085e-4ce6-403f-b597-3f1ecb75e198,,,Calendar event for lab_test,Telehealth,2025-08-07T02:02:43.033242,2025-08-22T11:45:43.033245
a48ac137-cafb-4a48-a4b1-83c79581d34e,867d39b9-09a4-41cf-bd32-3233c16b80a2,Reminder Event,2025-10-15T15:28:43.033250,2025-10-15T17:28:43.033250,lab_test,,,,Calendar event for reminder,Telehealth,2025-08-29T22:41:43.033260,2025-09-09T15:15:43.033263
6d833068-0cfc-4fe0-a5eb-26bb03d7d00a,4133688a-ca57-42cd-acc6-d7636c91a6a7,Consultation Event,2025-09-12T15:28:43.033268,2025-09-12T18:28:43.033268,follow_up,,,,Calendar event for follow_up,Lab Center,2025-09-09T08:40:43.033278,2025-09-07T03:19:43.033283
1251d36c-9185-4f51-a82f-7d406001dfea,13518257-9ca9-43be-95ac-27a491912d8c,Reminder Event,2025-11-03T15:28:43.033288,2025-11-03T16:28:43.033288,consultation,23e4c7b3-4626-4c4f-bc7c-d30e00d1646c,,,Calendar event for reminder,Downtown Office,2025-09-14T12:09:43.033298,2025-09-08T14:34:43.033301
a0aa7d6c-50f4-4014-bac8-92dfe1ed83e1,f8e1c9fe-4c1f-45e2-9c93-754582e4eb62,Consultation Event,2025-11-09T15:28:43.033307,2025-11-09T18:28:43.033307,lab_test,ad31d5d7-fd53-447c-8260-67a96296fa7f,,834248ea-ba17-4ca4-819b-6ab486784985,Calendar event for reminder,Main Clinic,2025-09-05T00:33:43.033317,2025-08-20T12:52:43.033320
6edf5b17-a557-489f-975f-acc43fdb45db,a2f70ba7-fa3d-4c22-9e17-d2759757aa34,Lab_Test Event,2025-09-06T15:28:43.033327,2025-09-06T18:28:43.033327,lab_test,2511d008-8905-4161-9cea-70314454e12c,,7567a63b-73b9-472f-a45c-739ceac3d898,Calendar event for appointment,Lab Center,2025-07-27T18:32:43.033337,2025-08-24T09:01:43.033340
0c8361f9-7676-4dce-8f04-0db3734cdee5,36b0d06a-9239-4197-8ff2-37fa85645e62,Follow_Up Event,2025-09-04T15:28:43.033345,2025-09-04T19:28:43.033345,consultation,,,,Calendar event for reminder,Main Clinic,2025-08-10T14:27:43.033355,2025-08-19T02:59:43.033359
4c615b32-aa10-4e4d-863a-b900f7fb8330,fcd3c7e7-2bc3-4f6f-b077-7fdc39d40ce1,Lab_Test Event,2025-10-11T15:28:43.033365,2025-10-11T17:28:43.033365,reminder,,,a78c3e3f-0bde-471b-aef1-43e5ae788923,Calendar event for follow_up,Main Clinic,2025-08-31T03:26:43.033375,2025-09-11T02:49:43.033379
a0249ff7-6e12-4b49-b38e-3b5f3991ddeb,db26dc0b-cac5-42b9-9bfb-05b46b3180a5,Follow_Up Event,2025-10-19T15:28:43.033384,2025-10-19T16:28:43.033384,lab_test,,,37599bb7-070b-49db-982c-4eea56f4db55,Calendar event for follow_up,Lab Center,2025-08-17T11:05:43.033394,2025-08-18T19:28:43.033398
96a27834-aa61-429a-b658-9e4fbff2c18b,ca5c2578-6666-4f29-8707-a78a4180e44d,Follow_Up Event,2025-08-24T15:28:43.033403,2025-08-24T18:28:43.033403,consultation,,,b31ab9fb-ce2d-46b5-8f77-986cf1b4bcab,Calendar event for consultation,Lab Center,2025-09-10T05:29:43.033414,2025-08-19T12:19:43.033417
223e2510-43b6-4e48-aac2-16247df0c10b,4e7b2c65-db8d-4be0-b848-c7a5192cb9a2,Reminder Event,2025-11-02T15:28:43.033423,2025-11-02T16:28:43.033423,lab_test,,,f3954a8d-2089-4b91-874c-cdcfeb326669,Calendar event for appointment,Lab Center,2025-08-10T12:56:43.033433,2025-09-06T03:11:43.033436
bbd74c36-f1c6-40fd-9cd2-c91fb3d9a521,cc798f55-59df-4b52-adb4-8d157d23c1cf,Follow_Up Event,2025-08-29T15:28:43.033441,2025-08-29T17:28:43.033441,follow_up,,,,Calendar event for lab_test,Telehealth,2025-07-24T06:49:43.033452,2025-09-06T04:23:43.033455
119aff84-df2f-4bf7-b1b7-64822a709c18,2b819c44-4f2d-4010-b336-305e52f60cff,Consultation Event,2025-10-25T15:28:43.033461,2025-10-25T17:28:43.033461,lab_test,,,501434da-00fa-4b61-ace4-a2eba80eb42f,Calendar event for lab_test,Main Clinic,2025-07-22T17:13:43.033471,2025-09-03T12:22:43.033474
ab8df170-bd6d-4b18-9502-dfac9c6c8b7a,28d7fffa-968e-45c4-8e21-6b1f01d87ef7,Lab_Test Event,2025-09-22T15:28:43.033479,2025-09-22T18:28:43.033479,reminder,,,,Calendar event for consultation,Telehealth,2025-08-14T10:30:43.033488,2025-09-06T22:10:43.033492
476271c5-d2e0-49e2-8bec-d682278b51bb,cf7fb82d-8c84-4efe-b7cc-92a6fa005d9e,Reminder Event,2025-08-27T15:28:43.033497,2025-08-27T18:28:43.033497,appointment,,,979cef31-5eed-475d-8f13-19d0f00e6d71,Calendar event for reminder,Main Clinic,2025-08-27T20:28:43.033507,2025-09-10T12:26:43.033511
99eecd22-1aca-41f9-ab26-fcc4c5c10b4f,0779f6fa-a7eb-4025-b185-18e8f4a9bdf0,Lab_Test Event,2025-09-01T15:28:43.033517,2025-09-01T17:28:43.033517,consultation,b59f094a-b953-431b-86b2-8afbbce5e0b8,,b5991a95-e156-40bd-8135-41d5a9345b42,Calendar event for follow_up,Downtown Office,2025-08-03T02:35:43.033527,2025-09-05T02:25:43.033530
49779331-1da4-420a-99c0-f2f6a44a18fe,f9749eae-c694-4774-8c4c-549bb2e70adc,Follow_Up Event,2025-10-17T15:28:43.033535,2025-10-17T18:28:43.033535,appointment,,,,Calendar event for consultation,Downtown Office,2025-08-19T13:32:43.033547,2025-08-27T14:02:43.033551
3cc62f72-e6d0-4102-b14b-2db13b85390e,325cca5f-8e6e-4ba2-9b10-38c4447c5e32,Consultation Event,2025-09-14T15:28:43.033558,2025-09-14T17:28:43.033558,lab_test,96c96c74-9df6-40e4-953f-834a24cb48c5,,,Calendar event for consultation,Downtown Office,2025-07-25T19:44:43.033569,2025-08-22T21:40:43.033572
b5bf8775-d645-43e2-87ac-c4e399365aa4,1b9a5c61-a261-4e54-a025-4e1f67ad51a5,Follow_Up Event,2025-09-23T15:28:43.033578,2025-09-23T19:28:43.033578,follow_up,,,7786f981-5bf8-4342-8c99-4607e05ef1a0,Calendar event for consultation,Main Clinic,2025-08-15T23:25:43.033588,2025-09-04T11:30:43.033592
595f1ee2-65ed-4927-ab70-b641e0af52ed,17f087fd-6001-4e78-ae4e-4123586b6487,Follow_Up Event,2025-10-15T15:28:43.033597,2025-10-15T17:28:43.033597,appointment,4746e0a8-d77c-46e6-b9b8-6ff9b6348e72,,,Calendar event for reminder,Lab Center,2025-07-29T04:23:43.033607,2025-09-11T11:37:43.033612
f2c37f32-ba85-4852-b97d-0799c6b82ad0,c3e574cd-db77-4723-b8de-514b4ede75fa,Lab_Test Event,2025-11-10T15:28:43.033617,2025-11-10T19:28:43.033617,consultation,ef84829b-f797-4aa4-be8c-837157ce09bf,,,Calendar event for follow_up,Main Clinic,2025-09-14T04:31:43.033627,2025-09-12T19:45:43.033631
8c364cb1-be16-4deb-821d-a6fa607f757c,7e92fd11-8641-4c1c-827d-a4b707e8eb4d,Appointment Event,2025-10-16T15:28:43.033636,2025-10-16T19:28:43.033636,lab_test,,,daab97e7-dc90-4a76-9b5f-35d1f121b78d,Calendar event for follow_up,Telehealth,2025-07-24T01:07:43.033646,2025-09-13T22:25:43.033650
31d54a13-869d-4c04-a716-f2821d68cece,1c7e05a4-3af3-41ff-8480-d3d8069e542f,Lab_Test Event,2025-09-30T15:28:43.033655,2025-09-30T16:28:43.033655,lab_test,,,,Calendar event for appointment,Downtown Office,2025-08-11T05:28:43.033664,2025-09-01T09:09:43.033668
11cf56ff-185b-4818-8ea1-f7d790147c4b,5bed31f6-4e21-4c5d-b929-123700ca1279,Lab_Test Event,2025-11-13T15:28:43.033673,2025-11-13T17:28:43.033673,appointment,,,,Calendar event for consultation,Lab Center,2025-08-21T13:09:43.033682,2025-09-09T05:02:43.033686
ae35130d-8198-4305-928d-b15f7b0c3fc4,2a8e9a79-f23c-4d6f-95b5-7b0d730c9f34,Follow_Up Event,2025-09-11T15:28:43.033691,2025-09-11T19:28:43.033691,appointment,,,,Calendar event for reminder,Downtown Office,2025-08-31T23:35:43.033701,2025-09-08T08:16:43.033705
c9f0b08d-e030-457d-b446-f54aa1dc29de,db26dc0b-cac5-42b9-9bfb-05b46b3180a5,Follow_Up Event,2025-09-17T15:28:43.033710,2025-09-17T18:28:43.033710,follow_up,,,074fd14f-4242-4c7f-a9ff-feea9d892fa6,Calendar event for follow_up,Lab Center,2025-08-05T16:31:43.033720,2025-08-23T12:48:43.033723
e29d5488-b6f1-4b77-8219-89083fbe5bac,648b9388-dd68-4ea8-af51-a37586cca87e,Consultation Event,2025-10-07T15:28:43.033730,2025-10-07T16:28:43.033730,follow_up,18f683e5-af14-47d0-a917-65f9cf71e583,,c3332e3e-6098-4032-a06c-64a4728a8e5f,Calendar event for consultation,Telehealth,2025-09-01T07:35:43.033742,2025-09-10T02:49:43.033746
a6bcb656-1681-4a84-a714-4de3d5764bf5,f8e1c9fe-4c1f-45e2-9c93-754582e4eb62,Consultation Event,2025-08-27T15:28:43.033752,2025-08-27T18:28:43.033752,appointment,,,40e77335-2b75-4cf8-af1e-17ffe4716e52,Calendar event for reminder,Main Clinic,2025-09-12T03:38:43.033762,2025-09-06T19:37:43.033766
474b2dc2-46a6-4511-9341-871989c47d5a,2e569c3e-b849-405c-ba40-3964af72358a,Lab_Test Event,2025-10-03T15:28:43.033771,2025-10-03T18:28:43.033771,follow_up,,,a3032a00-b7f6-45a9-a248-81f4380b2e33,Calendar event for appointment,Lab Center,2025-08-21T12:28:43.033782,2025-09-16T05:34:43.033786
2113d75c-d139-4a7e-8b8a-a00cba050d7d,54aaa16e-45fc-459e-8a9b-cac3b4d0215d,Reminder Event,2025-10-16T15:28:43.033791,2025-10-16T18:28:43.033791,consultation,30740179-6425-41ca-ae11-aecce1a71989,,,Calendar event for appointment,Main Clinic,2025-08-21T06:12:43.033801,2025-08-25T10:57:43.033804
7b407c5c-adf6-490b-98c3-8818285dac36,e3e6d943-8496-49a6-9947-1c8e388b2288,Follow_Up Event,2025-11-09T15:28:43.033810,2025-11-09T16:28:43.033810,follow_up,,,78333643-0c6b-4393-bd99-a32cd8894fe8,Calendar event for consultation,Downtown Office,2025-08-08T23:57:43.033819,2025-09-10T02:56:43.033823
7d14a137-be62-4bc5-809f-fcbe106732e4,de235b06-6b77-43f3-b4a9-d69c0267859c,Reminder Event,2025-11-07T15:28:43.033829,2025-11-07T19:28:43.033829,appointment,cb5695f2-8cb7-468d-9969-cbe2f898a477,,,Calendar event for consultation,Lab Center,2025-08-13T11:53:43.033838,2025-09-03T19:14:43.033842
76892a6d-e26c-4159-a0cc-2550ddfb86b7,a48e0b49-c93c-4441-88f8-8333fb0c7175,Reminder Event,2025-09-07T15:28:43.033848,2025-09-07T18:28:43.033848,lab_test,2604aea5-2f3e-4f3f-9572-192475c52e21,,b9bb82d6-438a-4ea2-ac70-dea1894e754d,Calendar event for follow_up,Lab Center,2025-08-11T02:42:43.033858,2025-08-25T03:36:43.033862
fa0878fe-91c5-4cfb-bea9-d4fc73bd767f,20ff5af2-1d7f-415f-a55b-15ae930f1e46,Reminder Event,2025-10-30T15:28:43.033867,2025-10-30T17:28:43.033867,reminder,93b1bfed-07d9-447a-9919-e354c548a762,,,Calendar event for follow_up,Lab Center,2025-09-04T22:11:43.033878,2025-09-09T13:51:43.033882
e8a18c0a-89ba-42d8-b20a-e5ede39dedd1,9cd38a83-6bbb-4c1f-a636-10b7a1671eab,Follow_Up Event,2025-10-19T15:28:43.033887,2025-10-19T16:28:43.033887,lab_test,,,e98c6751-0fb0-4d5b-af42-46afd9b402b1,Calendar event for appointment,Lab Center,2025-09-08T19:45:43.033898,2025-09-05T15:26:43.033901
94d2a7ba-05d5-4208-8802-28780753814a,bc1caaf4-bafc-4a1b-ad8c-251764926121,Follow_Up Event,2025-09-14T15:28:43.033907,2025-09-14T18:28:43.033907,appointment,,,52488e34-85a6-4819-845b-bc8e73cb7548,Calendar event for lab_test,Lab Center,2025-07-30T21:51:43.033916,2025-09-04T15:44:43.033920
23885439-ec99-4891-9562-9cb1e4b2212a,89af8900-4429-46d6-a684-6734e4c83774,Follow_Up Event,2025-10-19T15:28:43.033925,2025-10-19T17:28:43.033925,consultation,,,dfbb0fb3-29f3-404d-a60b-b3f0981523a4,Calendar event for consultation,Telehealth,2025-09-02T14:12:43.033935,2025-08-31T19:38:43.033940
c4eb2c7e-bb77-49c7-b9ea-47429a9112f8,12b0417f-fa25-4a2e-91d6-dddc4011b379,Reminder Event,2025-10-19T15:28:43.033947,2025-10-19T19:28:43.033947,consultation,cc178e74-014f-46bd-88f0-0727d97aa978,,,Calendar event for follow_up,Downtown Office,2025-07-25T01:19:43.033957,2025-08-25T07:38:43.033961
c4c5f795-6614-4875-bb3f-40994dfd29a4,39074226-10b2-43d4-ba7c-d3f85429d0da,Consultation Event,2025-11-06T15:28:43.033966,2025-11-06T19:28:43.033966,follow_up,,,,Calendar event for follow_up,Downtown Office,2025-08-28T10:26:43.033976,2025-09-16T22:42:43.033979
86d16fdb-42b2-49f7-96c6-b6b494b678e7,bf1315bf-0721-4b9f-bb72-a2b4eb97b8d0,Lab_Test Event,2025-10-07T15:28:43.033984,2025-10-07T16:28:43.033984,reminder,,,,Calendar event for reminder,Telehealth,2025-09-11T11:10:43.033993,2025-09-09T22:05:43.033997
53bb01ca-bb3d-4101-af0d-dd60121ee01f,b168fb6a-ad82-4e94-bf3d-0898ec3e2289,Lab_Test Event,2025-11-05T15:28:43.034002,2025-11-05T16:28:43.034002,appointment,,,,Calendar event for lab_test,Telehealth,2025-09-13T17:26:43.034012,2025-08-23T07:49:43.034015
83a6d84f-733a-4d85-a858-02264d693661,f52f24c3-8e93-4231-961f-338e48253652,Appointment Event,2025-09-03T15:28:43.034021,2025-09-03T19:28:43.034021,consultation,25a7c1ce-ca3d-4bb8-a166-77d87b6a7235,,6cba7b98-2770-49c1-8b6a-ef355eddd259,Calendar event for lab_test,Lab Center,2025-09-15T18:13:43.034031,2025-08-31T13:02:43.034034
cc7af284-0496-4d46-aab2-4a4906a520d1,f1449121-5f93-4a85-8c44-9046a9e00731,Follow_Up Event,2025-10-22T15:28:43.034040,2025-10-22T19:28:43.034040,reminder,,,b11171f6-7dc4-475d-84e0-b185ff469d93,Calendar event for reminder,Downtown Office,2025-08-30T02:37:43.034049,2025-09-02T07:11:43.034053
a3b54ae7-7a39-4de5-8dd3-81b2a0cc40d7,21b9a85d-5c11-4a6e-bd7d-f2e77758247a,Reminder Event,2025-11-12T15:28:43.034058,2025-11-12T16:28:43.034058,appointment,,,6c0547e4-847e-4faa-b4f4-776dab97810c,Calendar event for appointment,Telehealth,2025-08-08T05:04:43.034068,2025-09-02T15:58:43.034072
548dcbad-5a6d-47c3-b9e7-3ac565702a48,9f5ba34c-4e02-4574-8783-f835861af15c,Lab_Test Event,2025-08-28T15:28:43.034077,2025-08-28T19:28:43.034077,consultation,1c5ee463-cd88-4942-b550-531f616b36bc,,,Calendar event for follow_up,Telehealth,2025-08-08T12:31:43.034087,2025-09-17T18:42:43.034090
b74ebe64-0273-42c7-9d03-450b8c0d3469,c21664ee-37bc-4f18-b85e-f7148d84ada7,Consultation Event,2025-09-30T15:28:43.034095,2025-09-30T17:28:43.034095,appointment,,,,Calendar event for follow_up,Lab Center,2025-09-02T03:40:43.034106,2025-09-17T15:01:43.034110
ef2bf167-d30a-46bc-a259-48f6c9349c47,ca0dfef7-c89e-43f9-8f83-4f86d7360f65,Follow_Up Event,2025-10-23T15:28:43.034115,2025-10-23T19:28:43.034115,lab_test,,,,Calendar event for appointment,Main Clinic,2025-08-25T07:40:43.034125,2025-09-10T17:06:43.034129
440e9162-9bf4-4c8b-9642-7862039d3771,d7d6f9c0-5268-48e0-a3dc-401ce7cf2925,Lab_Test Event,2025-10-07T15:28:43.034135,2025-10-07T17:28:43.034135,reminder,c223f8c1-33a5-4e69-847d-55b9f4411788,,7dd5838e-1871-41a9-abbd-08a28b62dec7,Calendar event for reminder,Lab Center,2025-07-21T02:47:43.034145,2025-08-30T13:53:43.034149
9b622001-51f6-4685-9aae-510fb44faf50,cde88888-c738-4638-a9e7-2eb8cd4a3afe,Appointment Event,2025-10-10T15:28:43.034154,2025-10-10T19:28:43.034154,appointment,,,306bcb7d-00c3-4a92-8c92-140c2dea7bbf,Calendar event for reminder,Downtown Office,2025-09-15T05:43:43.034164,2025-09-05T04:02:43.034168
d427ed69-ba9d-42d7-b8c7-dd38246bbddb,2748cc72-efa2-4179-a29e-db137c48ad41,Follow_Up Event,2025-10-16T15:28:43.034173,2025-10-16T17:28:43.034173,lab_test,,,ec3467e2-f483-4234-b24e-9d9e6ffcf032,Calendar event for lab_test,Main Clinic,2025-08-09T00:56:43.034183,2025-09-12T01:16:43.034249
cc4a27a0-d397-4d27-9340-05688bc1b8d2,b5de15ab-3f88-4127-8c66-7ee5c666e2b9,Follow_Up Event,2025-08-24T15:28:43.034262,2025-08-24T19:28:43.034262,lab_test,,,,Calendar event for lab_test,Lab Center,2025-08-04T14:11:43.034328,2025-09-17T20:22:43.034374
9199a685-4413-4414-9ecd-f547b2593259,5b2c11f8-fc6e-4703-b922-dfba9a40fb0f,Appointment Event,2025-10-24T15:28:43.034388,2025-10-24T18:28:43.034388,reminder,8cc73925-292a-4c83-94e7-3b6bc1890157,,5bb9b5e2-0a47-47ce-aba9-8ab079f85488,Calendar event for follow_up,Telehealth,2025-08-12T07:59:43.034422,2025-09-15T16:08:43.034429
89928406-fbcc-49ea-80c6-88d9071ca934,6748a3da-d68c-4508-b4a9-33a9e242be5a,Lab_Test Event,2025-08-25T15:28:43.034439,2025-08-25T17:28:43.034439,appointment,57542ee1-05a5-4131-a04b-2c87b28f61a7,,,Calendar event for lab_test,Main Clinic,2025-08-21T05:53:43.034459,2025-08-31T18:53:43.034465
ae0ad076-e0bb-4997-a19d-532150ffd499,c0e94733-3b3c-4173-ade4-463ecfb5830b,Consultation Event,2025-10-20T15:28:43.034475,2025-10-20T18:28:43.034475,follow_up,,,aab74b7d-ee4e-49d8-9b66-67f892ea561c,Calendar event for follow_up,Lab Center,2025-08-12T22:03:43.034492,2025-08-21T09:34:43.034503
a033a8b5-286c-47b5-b263-4df1fe76e0e8,c17b6e6c-fdce-4fef-a427-98d554993873,Lab_Test Event,2025-08-29T15:28:43.034511,2025-08-29T17:28:43.034511,reminder,,,70e2a91a-e1ca-4f19-9026-da22493975b5,Calendar event for lab_test,Main Clinic,2025-08-03T15:39:43.034529,2025-09-15T13:23:43.034536
232f1912-403d-496c-afa3-a6d70208a14f,f98f14e2-cd4c-4d6a-8d8d-31111214bd35,Appointment Event,2025-10-16T15:28:43.034546,2025-10-16T17:28:43.034546,reminder,,,bb4a4722-a2cd-48e8-858b-fade01aec066,Calendar event for follow_up,Lab Center,2025-09-07T03:24:43.034566,2025-09-01T21:27:43.034572
2b225979-ba0b-4101-a566-161dbf8c5252,08c0316d-8bbb-419a-a4af-42cbde86f7fe,Follow_Up Event,2025-11-11T15:28:43.034581,2025-11-11T19:28:43.034581,consultation,,,,Calendar event for lab_test,Lab Center,2025-09-04T15:47:43.034598,2025-08-21T12:02:43.034602
793a2ae3-aca9-4c1d-8741-b84f56c771ca,df520e33-17cc-4c7a-8704-828c77bfdf2c,Follow_Up Event,2025-08-28T15:28:43.034611,2025-08-28T19:28:43.034611,reminder,90a6b68f-ec08-4c49-9805-489b7e15069d,,306bcb7d-00c3-4a92-8c92-140c2dea7bbf,Calendar event for reminder,Lab Center,2025-09-18T06:08:43.034623,2025-08-25T16:20:43.034627
b11b7290-2bb4-4ab1-99a4-95923018be45,a91ea628-fe64-42fd-a30a-802f20758587,Appointment Event,2025-08-22T15:28:43.034634,2025-08-22T18:28:43.034634,reminder,d77a45de-4b61-40ce-b7b3-809a4753adb5,,80f75ef6-be49-4a59-9de4-64a51a76ba8e,Calendar event for lab_test,Downtown Office,2025-08-28T06:34:43.034647,2025-08-26T15:19:43.034651
deda01ec-9a1d-45d6-974e-4bc561c0f3cb,dce9fd28-6fc2-4854-a44c-2348608c63cb,Consultation Event,2025-09-26T15:28:43.034657,2025-09-26T16:28:43.034657,follow_up,6983bb6d-d72e-4471-8480-8311cebf0869,,9dbb2e38-8010-4ef1-8bf0-0fb3cff790fd,Calendar event for follow_up,Downtown Office,2025-08-29T08:03:43.034669,2025-08-25T13:43:43.034673
34b79101-095f-4760-b094-da36a6198d66,bc82afc4-fa83-40fe-8179-7d19fa198985,Appointment Event,2025-09-07T15:28:43.034679,2025-09-07T19:28:43.034679,reminder,0f43a3b3-9cd9-40c0-b7f6-a4972ef0084d,,,Calendar event for reminder,Main Clinic,2025-08-29T11:06:43.034690,2025-08-19T16:28:43.034693
01f579f1-14b7-4af0-a769-e1f1a68b73a1,fb50fe74-63fe-410e-9def-c7b7d572281a,Reminder Event,2025-10-07T15:28:43.034699,2025-10-07T17:28:43.034699,follow_up,,,a88e54f2-12f6-4591-a8fa-a8615ea17734,Calendar event for consultation,Main Clinic,2025-08-17T20:51:43.034710,2025-08-31T02:41:43.034713
7b8d6f45-6f1c-4136-b89b-94f4a40f819c,79bcbe74-bcbd-4681-b297-ab6cf5b605b5,Reminder Event,2025-11-05T15:28:43.034719,2025-11-05T19:28:43.034719,lab_test,6b399b39-2836-4676-b1df-e0705b22bcb4,,,Calendar event for follow_up,Main Clinic,2025-08-29T17:48:43.034738,2025-08-30T19:04:43.034742
4a9c2b32-8e16-42f5-b9ca-9a8275bbbb84,517b71be-37fb-4b3a-8237-5f822790f05a,Reminder Event,2025-11-06T15:28:43.034748,2025-11-06T17:28:43.034748,appointment,6fbf89bf-abaa-4ad0-9141-9f131e0aca88,,ab1f9bc0-a7f2-4e64-a089-900de60bfb5c,Calendar event for follow_up,Downtown Office,2025-07-27T15:05:43.034758,2025-08-26T22:04:43.034762
2711d955-b4b8-4a9b-b329-f9f13a9cce36,8be30951-8920-4852-bca5-df07cf94416f,Lab_Test Event,2025-08-19T15:28:43.034767,2025-08-19T17:28:43.034767,reminder,a8e91544-cbc1-4551-a4e3-9d1e5b9d6f0f,,,Calendar event for consultation,Downtown Office,2025-09-14T10:56:43.034778,2025-08-23T06:06:43.034782
a4477c43-4920-4bda-b4e3-058b058664dd,06730cfc-3ba8-40cb-8919-ff30699b461c,Follow_Up Event,2025-10-04T15:28:43.034788,2025-10-04T16:28:43.034788,appointment,3057e463-c214-43c6-94e9-28daa97a977e,,ab12fbdb-bb60-4de4-bce6-2a3cb65008d8,Calendar event for appointment,Downtown Office,2025-07-26T13:27:43.034798,2025-09-16T18:43:43.034802
9dc76d0d-5b5a-45ab-895b-56309fab27d7,d9c7d882-25b8-49da-83a8-309028a816bd,Lab_Test Event,2025-10-01T15:28:43.034807,2025-10-01T17:28:43.034807,follow_up,,,,Calendar event for appointment,Main Clinic,2025-08-13T23:49:43.034817,2025-08-23T10:37:43.034820
f5a05388-c205-45a3-8009-b5e36714be57,884991db-99cf-4ec4-8e82-6eee4188f269,Lab_Test Event,2025-10-30T15:28:43.034826,2025-10-30T19:28:43.034826,appointment,,,,Calendar event for appointment,Downtown Office,2025-09-09T19:50:43.034835,2025-09-15T01:22:43.034839
0d0a3cea-1d71-4d34-b1a0-bbfc4356ee13,5dff3951-07bb-4279-b325-b3baac4d36c5,Reminder Event,2025-08-19T15:28:43.034845,2025-08-19T18:28:43.034845,lab_test,4464f2f8-ad7a-468e-8841-c8d9e918845e,,1309e707-94d5-475a-b44c-2f4f256abe25,Calendar event for appointment,Lab Center,2025-08-27T17:07:43.034856,2025-08-18T17:52:43.034860
f3fc7f47-9f63-43e4-962b-2abdc496479b,eda9619f-b17a-4bd3-8455-e2dc2d94e181,Consultation Event,2025-10-15T15:28:43.034866,2025-10-15T19:28:43.034866,reminder,9d3161f6-6741-43b0-bfdc-cb00c8bab669,,e60203a8-dd02-4b14-8765-e95174c577b3,Calendar event for consultation,Lab Center,2025-08-31T01:58:43.034876,2025-08-23T12:51:43.034880
ea4571a5-92ca-4b01-9658-b25b2d7d5cde,7bdaa441-f326-4d4e-9ac9-d8a06603dc27,Lab_Test Event,2025-10-27T15:28:43.034885,2025-10-27T18:28:43.034885,consultation,f2767993-f354-4a95-a2e5-5874197bf8b7,,,Calendar event for reminder,Main Clinic,2025-07-24T07:31:43.034895,2025-09-17T12:34:43.034900
6bfb9357-2c9d-4012-9142-a7c2b57f50f5,f52c3ea5-c553-4317-8cc4-5bba63d2f378,Follow_Up Event,2025-10-26T15:28:43.034906,2025-10-26T18:28:43.034906,lab_test,a2e7616f-5918-4896-97e3-89441ad23c80,,7d805ad5-b16e-4484-a0d5-1d24bb7952f3,Calendar event for appointment,Downtown Office,2025-09-14T01:29:43.034916,2025-09-15T02:45:43.034920
88fb28e7-44e5-4e0b-9587-dde210ae8a0a,b874b0a2-4747-4874-a9d0-b57802ec75f9,Lab_Test Event,2025-11-06T15:28:43.034925,2025-11-06T19:28:43.034925,reminder,a8e91544-cbc1-4551-a4e3-9d1e5b9d6f0f,,,Calendar event for lab_test,Downtown Office,2025-09-14T12:34:43.034934,2025-09-16T00:24:43.034938
91182167-d736-48df-b2bc-bda711376fb9,b797f37b-f0b4-45ab-8afd-0b75c3396f6c,Reminder Event,2025-09-16T15:28:43.034943,2025-09-16T19:28:43.034943,appointment,,,,Calendar event for lab_test,Downtown Office,2025-09-15T04:45:43.034952,2025-09-13T03:49:43.034956
d225f4de-dde4-4f4a-a090-ca6403a0a69c,320fccc4-af6d-4706-8286-60043d51e8ff,Appointment Event,2025-08-30T15:28:43.034963,2025-08-30T18:28:43.034963,appointment,,,,Calendar event for appointment,Downtown Office,2025-07-31T00:05:43.034972,2025-09-08T03:14:43.034976
447d2c2d-6688-4050-b83a-f3619835ed1f,303b2e9d-50ab-4d31-881b-c5c85df14220,Lab_Test Event,2025-10-11T15:28:43.034981,2025-10-11T18:28:43.034981,lab_test,13729b02-aaa6-4391-95f4-9534d3b015c2,,,Calendar event for consultation,Downtown Office,2025-09-04T10:35:43.034994,2025-09-14T05:26:43.034997
b2dfb159-0229-492f-b425-8e7a851c0c40,325cca5f-8e6e-4ba2-9b10-38c4447c5e32,Lab_Test Event,2025-09-17T15:28:43.035003,2025-09-17T19:28:43.035003,reminder,,,1e497da3-3a75-4315-b014-474bab2656ca,Calendar event for reminder,Main Clinic,2025-08-01T23:47:43.035013,2025-09-16T21:06:43.035017
3692d547-5a56-4d9f-ad22-9ef9e3b32c7d,346965b5-9923-445f-b2d2-b4c914d48ebc,Lab_Test Event,2025-10-01T15:28:43.035023,2025-10-01T17:28:43.035023,reminder,,,62c67f39-ddea-4c28-98ce-eb439c71c9fa,Calendar event for appointment,Main Clinic,2025-08-05T11:20:43.035033,2025-08-22T04:12:43.035036
15e91d44-8e3d-499e-9731-3c55c0526bc7,1ebc612f-b8df-452c-b09f-d38f1832cca3,Reminder Event,2025-08-24T15:28:43.035041,2025-08-24T18:28:43.035041,appointment,,,,Calendar event for appointment,Main Clinic,2025-08-19T13:47:43.035050,2025-09-13T09:57:43.035054
3c235251-da4a-40c7-b567-f8a765ca2ea6,a21d985c-41a4-4ab7-849c-3b974f5fa448,Reminder Event,2025-09-06T15:28:43.035058,2025-09-06T16:28:43.035058,appointment,,,,Calendar event for reminder,Telehealth,2025-08-04T04:48:43.035068,2025-08-31T14:42:43.035072
ccbbc3c7-0cd4-467c-8359-4a4aad7f1daa,98a605fa-b30a-41e2-a514-73f58e7c49e5,Consultation Event,2025-09-11T15:28:43.035078,2025-09-11T16:28:43.035078,appointment,f9fae8c9-51db-4300-a24d-837de1f51b8c,,640f1c56-17b8-4c3a-a9c4-b567d959573f,Calendar event for follow_up,Downtown Office,2025-08-13T22:27:43.035088,2025-09-13T10:53:43.035091
f0962947-70db-473d-a7be-ee4ddf77172c,753b337c-9b4c-4e53-b09d-b0d9aaf86bf5,Consultation Event,2025-09-05T15:28:43.035096,2025-09-05T19:28:43.035096,follow_up,,,,Calendar event for reminder,Downtown Office,2025-08-24T20:34:43.035105,2025-09-15T07:44:43.035109
b1c3ae94-f477-45e5-aa1d-00eebd36e1a1,8e23998b-2585-437f-8753-16a54034f28c,Consultation Event,2025-09-19T15:28:43.035115,2025-09-19T17:28:43.035115,appointment,a37b650f-4197-4c5e-ab7d-336d65ff8d76,,3f52bee8-08fb-4b21-8f48-05f5c8e5262a,Calendar event for appointment,Main Clinic,2025-08-23T10:20:43.035126,2025-08-22T12:13:43.035129
49d41c47-83b5-4617-8938-d2c052fd47f1,6636490b-bd39-43a4-ac3b-538924ec0f9e,Lab_Test Event,2025-09-04T15:28:43.035135,2025-09-04T16:28:43.035135,lab_test,dd114705-8f78-4b0d-a8d1-2ea3e3b3b6ff,,fb1fbeac-e821-421f-acda-319642ad28ee,Calendar event for reminder,Telehealth,2025-08-15T23:34:43.035145,2025-09-14T17:16:43.035149
ced88c7f-33de-4a39-a123-069a39f57b45,16fcbd7e-6617-4f7f-8d56-dc981853914c,Lab_Test Event,2025-10-15T15:28:43.035154,2025-10-15T19:28:43.035154,appointment,,,2c48055b-ee7d-4d6b-936b-37e3a113e4a4,Calendar event for follow_up,Telehealth,2025-08-17T21:48:43.035164,2025-09-13T16:13:43.035168
90bcb4cf-3221-490b-96b3-5dec773661f5,742762a5-fed2-42c9-8acd-ff8d1a14d941,Follow_Up Event,2025-08-22T15:28:43.035174,2025-08-22T18:28:43.035174,reminder,d6059494-f50c-4cc1-9675-1b74fead5d83,,2ee0471d-db63-495c-bd9e-923fa33a67ad,Calendar event for appointment,Main Clinic,2025-08-19T02:06:43.035184,2025-09-10T03:47:43.035187
951e385c-ca51-4431-a698-7cd7646ed4c1,c21edce8-b3ee-4c65-8ec4-6fabe7319d78,Appointment Event,2025-10-04T15:28:43.035192,2025-10-04T17:28:43.035192,follow_up,,,ff0e25d6-35fc-4566-9724-54901d5115b4,Calendar event for appointment,Downtown Office,2025-07-22T09:52:43.035202,2025-08-29T11:00:43.035205
4c26e4e4-4242-4376-9a0d-4445b1c571a9,d5c6ff56-525d-40ae-9796-180e16ebff73,Reminder Event,2025-10-22T15:28:43.035211,2025-10-22T19:28:43.035211,reminder,,,,Calendar event for lab_test,Downtown Office,2025-08-13T13:01:43.035221,2025-08-30T10:56:43.035225
1fce4f08-2770-4486-9556-db963e0cdb6c,70d76360-e176-4cbb-acd7-517effece0d7,Follow_Up Event,2025-08-21T15:28:43.035231,2025-08-21T16:28:43.035231,consultation,924bccf2-ccb0-41ad-acc1-f0f7cfe8d1e2,,,Calendar event for reminder,Telehealth,2025-08-29T00:52:43.035242,2025-09-14T14:20:43.035246
9b478ae7-ebd0-49ea-a35e-e1bf6010bdb7,2a8e9a79-f23c-4d6f-95b5-7b0d730c9f34,Consultation Event,2025-08-29T15:28:43.035250,2025-08-29T18:28:43.035250,appointment,,,,Calendar event for reminder,Main Clinic,2025-08-05T19:28:43.035261,2025-09-04T18:41:43.035265
87f86f15-361e-40ed-b1c0-ed4a892a16cd,79b52048-9aa9-42af-ac1e-c03f86a68c67,Appointment Event,2025-11-05T15:28:43.035269,2025-11-05T18:28:43.035269,follow_up,,,,Calendar event for reminder,Downtown Office,2025-09-02T12:41:43.035279,2025-09-14T03:50:43.035282
05a55a7b-0247-4bda-a531-c2d5c331f475,43a3f667-58b0-4025-90c3-70f4ace353da,Appointment Event,2025-08-19T15:28:43.035287,2025-08-19T17:28:43.035287,reminder,,,,Calendar event for follow_up,Telehealth,2025-07-30T01:28:43.035298,2025-09-12T03:03:43.035301
70625c5b-40d9-449f-a4ee-ff1685e44007,6bb078ca-c23e-4756-9423-c0842148e561,Consultation Event,2025-11-10T15:28:43.035307,2025-11-10T17:28:43.035307,lab_test,ee9639fa-4fcf-4bf8-82ef-71a75ff621f5,,654314ef-6743-4f95-ac48-dcf8f9251dd2,Calendar event for reminder,Lab Center,2025-08-31T11:51:43.035316,2025-08-19T11:15:43.035320
27dee040-a607-4ae9-afa8-f636d00c9ea0,b28f3ebc-c54b-43bf-b91f-cdcad6a05cef,Appointment Event,2025-10-28T15:28:43.035325,2025-10-28T16:28:43.035325,consultation,4d7e0bb2-5ca9-4046-b7b1-05c5cd405dda,,,Calendar event for reminder,Downtown Office,2025-07-25T16:30:43.035334,2025-09-13T15:57:43.035338
76486b45-878f-48e5-967b-880531155950,5e520e4c-03d6-4be3-9894-2a2bdf7363fa,Appointment Event,2025-10-20T15:28:43.035343,2025-10-20T16:28:43.035343,follow_up,,,ff104efe-38d4-483a-a10f-352b41de0a89,Calendar event for follow_up,Telehealth,2025-09-16T10:14:43.035352,2025-09-16T05:36:43.035356
e6463174-22b5-465c-937e-ae4b8fc04628,14fabff8-49ef-42db-a296-19950c2b0184,Lab_Test Event,2025-09-27T15:28:43.035361,2025-09-27T16:28:43.035361,lab_test,,,5f9d053b-6078-458f-8f03-fbd260425bfa,Calendar event for lab_test,Lab Center,2025-08-19T09:13:43.035371,2025-09-15T04:19:43.035374
e2869011-4863-4214-829f-09484d73eace,4b3d8274-f689-46e8-a2d9-9095506430c5,Appointment Event,2025-10-03T15:28:43.035379,2025-10-03T19:28:43.035379,appointment,,,eb9c3413-0164-4845-946e-80c30d0855a9,Calendar event for follow_up,Downtown Office,2025-08-03T06:49:43.035390,2025-09-04T16:46:43.035394
489d8f44-46e1-4b26-8edf-45f8307dd214,346965b5-9923-445f-b2d2-b4c914d48ebc,Reminder Event,2025-10-17T15:28:43.035400,2025-10-17T17:28:43.035400,appointment,536ade3f-b9c6-482c-bb80-f90439229231,,,Calendar event for lab_test,Telehealth,2025-09-12T00:13:43.035409,2025-08-22T01:47:43.035412
36bf879a-8a5f-4753-8079-632bb5805bb0,8bc276e6-38fb-4e26-aec3-81374f48575e,Follow_Up Event,2025-11-04T15:28:43.035417,2025-11-04T16:28:43.035417,appointment,,,,Calendar event for consultation,Downtown Office,2025-08-21T02:22:43.035426,2025-09-12T23:30:43.035430
48c3ac36-21f0-499e-b3c9-0f5ff04aee7e,2e569c3e-b849-405c-ba40-3964af72358a,Reminder Event,2025-08-22T15:28:43.035434,2025-08-22T16:28:43.035434,follow_up,,,,Calendar event for follow_up,Lab Center,2025-08-10T04:22:43.035443,2025-08-28T12:02:43.035446
b8329202-b54c-46a9-97d0-cb7659e3d553,d461ff82-2389-4d3c-92f9-4a59ab487c87,Reminder Event,2025-10-28T15:28:43.035452,2025-10-28T18:28:43.035452,follow_up,ee3007de-50ba-4e2d-8270-c95da3bbca3d,,,Calendar event for appointment,Downtown Office,2025-08-12T07:18:43.035461,2025-09-14T22:22:43.035465
1b38e074-7308-401e-b860-ae1de49953b7,79bcbe74-bcbd-4681-b297-ab6cf5b605b5,Consultation Event,2025-09-03T15:28:43.035470,2025-09-03T19:28:43.035470,appointment,12e3bbbf-05a7-4b61-93cd-90897ae4d6a4,,d8471c96-2a88-4136-bd44-367286d9a0c7,Calendar event for consultation,Telehealth,2025-08-13T11:40:43.035482,2025-09-18T01:30:43.035485
a29cb19a-c194-4d22-8c51-1d7274a09e0e,7da081d8-245e-4680-ae88-f19d2b59f163,Consultation Event,2025-08-30T15:28:43.035490,2025-08-30T16:28:43.035490,follow_up,585054fc-fd7a-40c4-8aee-d79018722913,,,Calendar event for consultation,Downtown Office,2025-08-28T14:17:43.035501,2025-08-21T02:38:43.035504
158f4776-5283-4813-8100-e4c146528407,8267cff9-5e7b-4c22-9974-c3438975c050,Lab_Test Event,2025-09-30T15:28:43.035509,2025-09-30T18:28:43.035509,consultation,,,5cccb8d3-14f0-45b5-8ca3-49d6abb873b4,Calendar event for appointment,Main Clinic,2025-09-13T23:04:43.035518,2025-08-29T04:21:43.035522
0c06c47b-b949-4360-aa0a-8bb0de0f23f2,1cbbdf28-5808-4072-841b-8eb469853c18,Lab_Test Event,2025-10-22T15:28:43.035527,2025-10-22T16:28:43.035527,appointment,f9fae8c9-51db-4300-a24d-837de1f51b8c,,,Calendar event for reminder,Telehealth,2025-08-26T18:47:43.035537,2025-09-05T23:29:43.035542
62e98c95-255d-4006-a60b-9fa43206d7ba,a21d985c-41a4-4ab7-849c-3b974f5fa448,Reminder Event,2025-10-29T15:28:43.035547,2025-10-29T19:28:43.035547,consultation,a47298c1-4d65-4287-a233-1894f11e242d,,f20ece89-b82f-4050-82c9-76a465bf0c52,Calendar event for follow_up,Telehealth,2025-08-01T16:59:43.035557,2025-08-25T06:22:43.035560
5159a3de-16dc-4e38-9a1f-6d81e47fe2cc,abbe6c42-e47e-4416-9d03-f07493b8ef8c,Follow_Up Event,2025-09-17T15:28:43.035565,2025-09-17T16:28:43.035565,lab_test,,,,Calendar event for lab_test,Downtown Office,2025-07-30T09:54:43.035575,2025-08-26T09:17:43.035578
eff34d90-e580-4a81-8012-17780d441400,eedef903-914f-45cf-ab25-fac5d8bea64c,Consultation Event,2025-09-12T15:28:43.035584,2025-09-12T16:28:43.035584,consultation,,,,Calendar event for appointment,Main Clinic,2025-07-23T07:08:43.035593,2025-08-25T15:27:43.035596
12c07027-5404-47df-871d-f2fd07b70f42,c2e59431-9d00-4c02-8867-36910b082233,Reminder Event,2025-10-31T15:28:43.035602,2025-10-31T19:28:43.035602,appointment,520187a5-1c5f-444a-b296-b58252561c03,,23f6ae9c-f776-4aeb-bbc3-1d824c286f02,Calendar event for follow_up,Downtown Office,2025-09-06T00:06:43.035612,2025-09-12T09:22:43.035616
2fa264f1-2aa7-462d-8f4e-ac0073aeceae,f4ae0737-1eab-4cac-890f-c19e89cf68af,Reminder Event,2025-09-08T15:28:43.035621,2025-09-08T16:28:43.035621,appointment,d40d6dab-2c23-4fdf-83ca-ee887e855f3c,,,Calendar event for consultation,Downtown Office,2025-08-05T10:49:43.035630,2025-09-18T00:12:43.035633
571029f2-bd51-45f3-be28-909298943121,36b00246-c709-4adc-ab33-627cde13016f,Lab_Test Event,2025-10-18T15:28:43.035639,2025-10-18T18:28:43.035639,reminder,,,44d56e52-a31c-4ddd-897b-f99fe4b8af1f,Calendar event for follow_up,Downtown Office,2025-07-22T19:30:43.035648,2025-09-14T06:04:43.035651
8e83f2d6-c844-42e2-b581-656d1c38f593,51296e5e-f931-4f95-a8e6-d94742998842,Reminder Event,2025-09-06T15:28:43.035656,2025-09-06T19:28:43.035656,follow_up,,,,Calendar event for lab_test,Lab Center,2025-09-13T10:42:43.035666,2025-08-21T10:15:43.035669
4028b818-4d49-4a41-acfa-b4341ef1cbcd,271deb57-464f-4e87-8afd-20991224e965,Consultation Event,2025-08-25T15:28:43.035674,2025-08-25T17:28:43.035674,follow_up,,,,Calendar event for consultation,Lab Center,2025-07-29T04:27:43.035684,2025-09-01T06:56:43.035687
1b4b2e74-f5ce-44ff-bf84-fc008c71fac3,30f1e423-c4cd-4521-86be-b931a9a3a9a0,Consultation Event,2025-11-14T15:28:43.035692,2025-11-14T17:28:43.035692,appointment,,,acfc6833-c562-4624-a779-de4a5b84555b,Calendar event for lab_test,Main Clinic,2025-07-26T10:03:43.035703,2025-09-06T21:01:43.035707
91e71c03-1dfc-4388-97df-32a9aadbc926,dfe44396-1867-4906-ad96-82e3c7a6bc4f,Follow_Up Event,2025-11-02T15:28:43.035712,2025-11-02T16:28:43.035712,follow_up,,,04e9ad77-8585-4cb0-98bf-ae54194719f1,Calendar event for appointment,Lab Center,2025-09-12T20:02:43.035723,2025-08-22T08:52:43.035726
657da281-9e12-4226-a847-1ac8a5e0a2c3,779dee9c-78a3-4b2b-8364-3ab672136828,Appointment Event,2025-10-09T15:28:43.035731,2025-10-09T16:28:43.035731,appointment,,,,Calendar event for reminder,Lab Center,2025-08-11T20:06:43.035740,2025-09-12T05:06:43.035744
f9dbeac8-3353-4d8e-bf64-51abc306b8f1,042660e2-3c99-4ae9-9a91-3d9ab670c3c8,Appointment Event,2025-10-01T15:28:43.035749,2025-10-01T16:28:43.035749,follow_up,bd63f1be-c130-41e1-923a-2357e6816e11,,,Calendar event for follow_up,Downtown Office,2025-07-24T21:56:43.035758,2025-08-19T18:56:43.035762
30f3336f-09ce-4a07-83ee-a090d800026a,315d929e-2bed-4637-bf3b-aaca11b9573a,Follow_Up Event,2025-10-03T15:28:43.035768,2025-10-03T18:28:43.035768,lab_test,,,1e703c83-41c2-44ce-a5cf-169446ab6db6,Calendar event for consultation,Telehealth,2025-08-25T08:17:43.035778,2025-08-19T20:42:43.035782
5b88c7d5-11c7-4bde-9012-cd9b3fe8a826,b902509b-3421-4267-8b71-cd3bcf3960cc,Appointment Event,2025-09-01T15:28:43.035787,2025-09-01T16:28:43.035787,consultation,25020511-5b6b-456d-b4a2-e0ed62392e06,,,Calendar event for consultation,Telehealth,2025-09-05T12:14:43.035797,2025-08-30T07:38:43.035801
7de7eb5e-6b86-4198-9723-7bec94412398,14005905-bde0-4a73-afd0-18829d936cd4,Appointment Event,2025-10-15T15:28:43.035806,2025-10-15T17:28:43.035806,reminder,4e17dd78-b54d-4f43-9581-5b55d3b35d87,,1d7d8a2b-3d54-441d-b4c2-e562c35f09d0,Calendar event for appointment,Downtown Office,2025-08-12T21:47:43.035818,2025-08-27T09:59:43.035822
00df7aa0-6056-49bd-863f-b2a0cf07e8dc,4e563fa4-c403-466b-a0e6-da3304ecd66f,Consultation Event,2025-10-19T15:28:43.035828,2025-10-19T18:28:43.035828,reminder,,,581671a0-6657-4d84-945c-28c40612f1ad,Calendar event for reminder,Telehealth,2025-08-18T08:40:43.035838,2025-08-29T08:21:43.035842
f1e29cbb-2f48-41e3-b8f5-30e4ecf6a970,867d39b9-09a4-41cf-bd32-3233c16b80a2,Lab_Test Event,2025-10-24T15:28:43.035847,2025-10-24T18:28:43.035847,follow_up,,,de5a3c60-5cef-4ec1-b6a5-7ca958ef8511,Calendar event for lab_test,Main Clinic,2025-09-04T03:36:43.035859,2025-09-05T00:39:43.035863
5ff77405-c75e-439b-8c11-fba30126dd3c,f6b70737-7b9b-425b-b379-ca20a337df16,Appointment Event,2025-09-17T15:28:43.035869,2025-09-17T17:28:43.035869,reminder,5554de7b-ef05-45c2-9490-a78700abbdb6,,,Calendar event for lab_test,Downtown Office,2025-08-09T18:13:43.035879,2025-09-07T23:21:43.035883
14a4f9a2-6ac3-4337-b25b-0329749a7bfe,2a8e9a79-f23c-4d6f-95b5-7b0d730c9f34,Consultation Event,2025-11-01T15:28:43.035889,2025-11-01T17:28:43.035889,lab_test,210ce92b-7f14-4d30-bf48-2990b76c7f5c,,c7042b3d-ff3f-4f6f-a2cb-0caf16a3e2e5,Calendar event for lab_test,Telehealth,2025-08-26T16:58:43.035899,2025-08-24T00:54:43.035903
17a01d6d-b531-4a07-ae84-c992141be0a3,111b7a09-5290-412d-8315-f41cea52ed61,Follow_Up Event,2025-08-24T15:28:43.035908,2025-08-24T18:28:43.035908,appointment,,,e8d96af2-ae16-4186-aa75-c666ec5ec2fc,Calendar event for lab_test,Main Clinic,2025-08-23T06:03:43.035920,2025-08-22T16:28:43.035924
98aff672-dd10-4611-9a7a-807e24f8cc71,08b26303-6c79-4c8a-bda7-7384c247b382,Appointment Event,2025-10-04T15:28:43.035930,2025-10-04T17:28:43.035930,consultation,d0bdd27b-2c17-4e2c-9ac3-6290a172c6bc,,a932dad6-67ef-41f3-97a0-f8eb24f973ca,Calendar event for reminder,Downtown Office,2025-09-05T22:36:43.035942,2025-09-10T04:02:43.035946
7e6003c7-0355-4103-9b40-8e95ec5b9d9f,830c6647-5c86-453e-88c4-d614fbf2bd7c,Follow_Up Event,2025-09-11T15:28:43.035951,2025-09-11T19:28:43.035951,appointment,,,,Calendar event for follow_up,Downtown Office,2025-08-15T14:13:43.035962,2025-08-18T15:53:43.035966
7da64e46-eedc-433e-ad61-77f16b7297d6,42950850-9845-4580-8bd4-05f4c26c63b6,Lab_Test Event,2025-09-06T15:28:43.035972,2025-09-06T18:28:43.035972,lab_test,7d78d2eb-6181-4ed5-9c3d-a2e2dd9bccc5,,,Calendar event for consultation,Main Clinic,2025-08-08T20:52:43.035983,2025-09-06T22:42:43.035987
d32f7e7e-5f34-44a5-9834-94d8004b6e49,70f4bcbc-e509-4161-a923-e68fbca2647d,Lab_Test Event,2025-08-25T15:28:43.035992,2025-08-25T16:28:43.035992,follow_up,,,c9b537e0-a008-4cfd-969d-3b404e674d1b,Calendar event for lab_test,Telehealth,2025-08-27T16:03:43.036003,2025-09-10T14:19:43.036007
d588eee6-bda1-4229-b920-91d436311c14,e2a51e06-a730-433e-9982-9378b071d2a7,Follow_Up Event,2025-10-21T15:28:43.036011,2025-10-21T18:28:43.036011,reminder,,,,Calendar event for follow_up,Lab Center,2025-08-06T08:59:43.036021,2025-09-16T03:11:43.036025
b23a9cc7-a04c-4567-b12a-322de15e9f59,b6744e53-28fb-43f6-8ddf-9c1daaa3b518,Reminder Event,2025-09-12T15:28:43.036032,2025-09-12T16:28:43.036032,consultation,,,319f52bf-7543-4144-9b14-33e72697f671,Calendar event for follow_up,Telehealth,2025-08-28T16:45:43.036045,2025-09-05T16:25:43.036049
da112925-3011-4e69-a318-35b100a8a416,87546683-a6d0-43e5-aca2-3740126d0b28,Appointment Event,2025-11-15T15:28:43.036053,2025-11-15T17:28:43.036053,lab_test,,,,Calendar event for appointment,Telehealth,2025-08-10T23:11:43.036063,2025-09-10T14:54:43.036067
44d795e2-ed1f-42e6-bfff-3c9d827867aa,1b9a5c61-a261-4e54-a025-4e1f67ad51a5,Lab_Test Event,2025-09-14T15:28:43.036072,2025-09-14T18:28:43.036072,appointment,d215d047-3650-4350-a218-463f3780cb53,,2038d70f-ce47-4b10-a332-8eb194c1e1aa,Calendar event for appointment,Main Clinic,2025-07-25T17:13:43.036083,2025-08-27T23:39:43.036086
9d13a815-bf38-463e-bc8f-eeaa36480715,404e75c7-c873-47aa-955c-57847f5ce7d4,Reminder Event,2025-11-08T15:28:43.036091,2025-11-08T17:28:43.036091,lab_test,,,33d644be-1566-4e18-b57e-035dfcc40e76,Calendar event for lab_test,Lab Center,2025-09-10T15:08:43.036102,2025-09-09T22:26:43.036105
8a9b107b-1905-4a9a-af26-c6e3de8abc72,9cd38a83-6bbb-4c1f-a636-10b7a1671eab,Follow_Up Event,2025-10-02T15:28:43.036111,2025-10-02T17:28:43.036111,consultation,07d0a5bb-5490-46f5-95ed-12fab50cddd5,,43b1f830-0615-46d8-a470-fdffb28ba9cd,Calendar event for follow_up,Main Clinic,2025-08-12T00:34:43.036124,2025-09-06T03:18:43.036127
1b97049e-6c78-48ae-84df-406fb15945b4,f9749eae-c694-4774-8c4c-549bb2e70adc,Follow_Up Event,2025-08-24T15:28:43.036133,2025-08-24T17:28:43.036133,appointment,87287479-f269-4c62-8eee-05b0cd383a87,,,Calendar event for consultation,Telehealth,2025-07-19T21:12:43.036142,2025-09-05T10:10:43.036146
32d7629d-8975-4afd-91cd-670d5998e36c,69e385f2-016a-432e-a2c1-fee3c4e94cf2,Follow_Up Event,2025-08-22T15:28:43.036151,2025-08-22T17:28:43.036151,follow_up,,,551fb30e-f9ca-410a-a360-65fce022ea25,Calendar event for appointment,Downtown Office,2025-08-02T06:23:43.036162,2025-08-18T22:41:43.036165
96e97e6d-0f01-44ef-919f-382b9c90bc32,e92dd245-f146-426e-8ee9-03c9a392d28e,Lab_Test Event,2025-10-04T15:28:43.036171,2025-10-04T18:28:43.036171,lab_test,,,,Calendar event for follow_up,Downtown Office,2025-07-26T07:01:43.036181,2025-09-10T15:00:43.036185
efe28aa6-97f4-4f3f-a605-d43ecd7b1214,1cf086a9-74c5-4999-8620-6b58d8338405,Appointment Event,2025-09-30T15:28:43.036191,2025-09-30T17:28:43.036191,follow_up,02cecabc-24f4-426f-8c1f-828ef53d7f97,,e1c1223b-a603-4827-8a90-572404ae8358,Calendar event for reminder,Lab Center,2025-08-15T18:37:43.036202,2025-08-23T22:09:43.036207
154f63a6-00dc-4f6b-8ab4-5819fd90d5a1,cc793bda-f973-40a5-ad0d-5f2e767c299e,Reminder Event,2025-10-19T15:28:43.036212,2025-10-19T19:28:43.036212,follow_up,,,42b48bad-4547-473b-aa6a-57e58f3cffe5,Calendar event for appointment,Lab Center,2025-08-27T08:00:43.036222,2025-08-27T03:23:43.036226
9a0f8b82-1885-4bbe-97ef-c1a9bc9a8179,e919bd9d-14fa-445f-a8c7-297d291876b2,Lab_Test Event,2025-09-04T15:28:43.036231,2025-09-04T16:28:43.036231,lab_test,a4e9ca8a-1f4f-4a27-8f7e-bcd8b16fb866,,,Calendar event for consultation,Lab Center,2025-09-10T22:33:43.036242,2025-08-30T03:28:43.036246
4e3563a7-c34b-4c68-a059-b90932eb51e9,2748cc72-efa2-4179-a29e-db137c48ad41,Lab_Test Event,2025-10-09T15:28:43.036251,2025-10-09T19:28:43.036251,lab_test,,,,Calendar event for appointment,Telehealth,2025-07-27T19:55:43.036261,2025-09-01T11:53:43.036265
ce7ca460-4a84-4848-979b-df2e488841b9,a740277c-194a-426a-809e-910b6cc096c7,Consultation Event,2025-08-29T15:28:43.036269,2025-08-29T19:28:43.036269,reminder,,,,Calendar event for consultation,Main Clinic,2025-08-23T11:07:43.036280,2025-08-28T16:08:43.036284
6eb4f87b-963c-49b2-ae0c-90a53cab45ee,b317688a-eca4-4e20-a5c5-1482e15292e9,Lab_Test Event,2025-09-28T15:28:43.036290,2025-09-28T18:28:43.036290,appointment,,,c40915e3-f95e-4793-b393-fafae7bfd52f,Calendar event for consultation,Main Clinic,2025-08-03T06:24:43.036300,2025-09-13T04:05:43.036304
c76bd6bb-9dab-47b5-be1c-6f0b69d0d3da,21907203-70a2-4927-ac6c-fc6b3323d6d7,Consultation Event,2025-09-27T15:28:43.036309,2025-09-27T16:28:43.036309,appointment,,,13f38a51-71b5-48cb-9d7d-294ecad6b222,Calendar event for consultation,Downtown Office,2025-08-28T10:36:43.036319,2025-09-07T07:21:43.036322
6ef5c463-efc1-498c-b180-63d6f85af3b2,c3e574cd-db77-4723-b8de-514b4ede75fa,Follow_Up Event,2025-10-25T15:28:43.036328,2025-10-25T18:28:43.036328,follow_up,3e36130b-9a52-4f27-9796-b3f47bb9cbed,,21981ba6-67d9-467e-a9d3-abc5b18343f5,Calendar event for lab_test,Main Clinic,2025-09-17T07:49:43.036339,2025-08-23T00:48:43.036342
060bf482-1c10-43a4-8e59-1b56759299de,25118484-6b50-475d-aa9b-07b1378c7b22,Appointment Event,2025-08-27T15:28:43.036348,2025-08-27T16:28:43.036348,follow_up,,,f1468956-9d59-4cb2-ae93-b6afb18fe77a,Calendar event for reminder,Downtown Office,2025-08-17T05:33:43.036359,2025-09-16T06:05:43.036362
d6c220a6-c7e1-41a2-bdb5-1f45fd21a39c,2da75759-fdb4-40dc-b019-fd0da476013f,Follow_Up Event,2025-10-14T15:28:43.036369,2025-10-14T18:28:43.036369,follow_up,,,,Calendar event for consultation,Downtown Office,2025-08-23T08:57:43.036388,2025-09-01T11:55:43.036393
cbb7c9b0-6bbd-46ef-a0e3-4e1ca3839fee,c2e6553e-8508-4b4e-8ecd-9d67765c8651,Appointment Event,2025-10-27T15:28:43.036402,2025-10-27T19:28:43.036402,appointment,5a8f078d-be21-4d41-866b-e7d895dcaa6a,,a426db33-8d16-403c-a533-653605b95d52,Calendar event for appointment,Main Clinic,2025-07-28T20:44:43.036418,2025-09-01T12:17:43.036424
322f51ca-0eca-473f-acc0-f965c8f32823,48ff4771-7fe7-4d0a-87f6-9b6880cd2c2e,Reminder Event,2025-09-13T15:28:43.036432,2025-09-13T16:28:43.036432,consultation,697a7bba-fcfc-4901-9b01-b939846acd0f,,,Calendar event for lab_test,Telehealth,2025-08-24T02:11:43.036447,2025-08-21T03:25:43.036452
571a433d-caca-4f32-8616-3f07eeb93402,ef843144-5888-4874-aeb0-c1f27a3d715a,Reminder Event,2025-08-23T15:28:43.036460,2025-08-23T16:28:43.036460,reminder,,,7b7608fc-8d0e-4f09-9859-d9d923d68b31,Calendar event for lab_test,Telehealth,2025-09-05T04:22:43.036472,2025-09-10T13:25:43.036475
e4df69d2-2913-4f6c-9424-bd3cad90ca0c,1b5f4024-c772-433a-9b59-ff3a78840901,Follow_Up Event,2025-08-27T15:28:43.036481,2025-08-27T17:28:43.036481,consultation,,,fe40e972-a3cc-4173-a746-4b67fe5bf8d1,Calendar event for lab_test,Main Clinic,2025-08-06T00:27:43.036491,2025-08-25T09:41:43.036495
2d516135-cbaa-40db-9dc6-3f2352585a59,4ae7545b-74fa-40c5-a865-debe25e73299,Consultation Event,2025-09-30T15:28:43.036501,2025-09-30T19:28:43.036501,appointment,b8535ab5-ef7d-42ab-9326-4e0686b43593,,fa3394f4-0658-4195-8f2d-f93309271d1c,Calendar event for lab_test,Telehealth,2025-07-31T18:10:43.036512,2025-08-29T06:26:43.036516
b183e3e3-a24d-4f9c-8997-81ecddaacb05,acf6583c-15bd-4b2b-8a6b-b18b4f46eb65,Follow_Up Event,2025-09-18T15:28:43.036521,2025-09-18T17:28:43.036521,appointment,a25b8dff-8fd2-42d1-8296-d270ddcb5758,,05d1c278-22a1-4a2b-b3ca-700d60cf4dcf,Calendar event for reminder,Telehealth,2025-08-17T00:46:43.036534,2025-09-03T23:52:43.036538
428faae8-08fc-4d2e-9ed8-c1d78f8df3d5,4c77df10-d525-41cd-95ef-9e8ea3cd32a1,Follow_Up Event,2025-10-19T15:28:43.036543,2025-10-19T16:28:43.036543,reminder,,,cb4b4e7e-3d4d-4fa6-8dd0-104d2a4b565e,Calendar event for reminder,Lab Center,2025-09-17T11:17:43.036552,2025-09-09T03:14:43.036556
2b88cef2-7d79-4fe7-9f6a-db5ffb429d83,8ff986ac-86d9-4a04-aa04-63c0cf90097d,Appointment Event,2025-10-12T15:28:43.036560,2025-10-12T18:28:43.036560,appointment,,,,Calendar event for reminder,Main Clinic,2025-08-10T01:39:43.036570,2025-08-27T01:57:43.036575
673be0b4-1670-4146-a840-d21cdeddfd97,3f0cf7e8-e0e0-4517-80a3-4c659131afd7,Follow_Up Event,2025-10-25T15:28:43.036580,2025-10-25T19:28:43.036580,consultation,484e3666-7ecc-4e86-95c4-5138e852515e,,,Calendar event for appointment,Lab Center,2025-08-11T04:11:43.036591,2025-09-02T01:00:43.036595
e976edb9-2ee7-4bc7-83db-5d28b9b24836,d0a5e836-effb-4a03-b95a-1f3a30916b21,Reminder Event,2025-09-09T15:28:43.036602,2025-09-09T17:28:43.036602,reminder,78c876fd-b2e7-4a09-a6cc-483481f1765c,,156b0987-3326-4941-837e-f4924cdcc8ea,Calendar event for consultation,Lab Center,2025-08-07T05:55:43.036611,2025-09-12T08:22:43.036615
b0f414c1-7000-4bc5-9efe-873aee514ebe,8ef45a26-cd52-4521-80d7-a4d021985d11,Consultation Event,2025-08-31T15:28:43.036620,2025-08-31T18:28:43.036620,follow_up,,,,Calendar event for appointment,Downtown Office,2025-08-12T12:45:43.036629,2025-08-18T16:58:43.036633
ec2ccfad-81a5-4ec0-a892-9769588151b8,bbac10de-ba0c-427e-92c3-e82063f018cb,Consultation Event,2025-11-11T15:28:43.036638,2025-11-11T17:28:43.036638,follow_up,779fc212-b9f7-4d63-8673-238c17e29bfc,,,Calendar event for follow_up,Main Clinic,2025-07-19T16:10:43.036647,2025-08-24T23:17:43.036651
55fd9259-76eb-4d8f-b3d4-fc6a4fe8449a,753b337c-9b4c-4e53-b09d-b0d9aaf86bf5,Appointment Event,2025-10-29T15:28:43.036656,2025-10-29T16:28:43.036656,appointment,,,ca7ae6a3-ee33-4201-83a3-1149eab0635f,Calendar event for follow_up,Telehealth,2025-07-21T17:26:43.036665,2025-09-08T15:09:43.036669
e92596c8-3669-44df-85b9-080ad8f28050,fe86e2a2-1437-433c-959f-84cf6b655698,Appointment Event,2025-11-15T15:28:43.036674,2025-11-15T16:28:43.036674,lab_test,,,,Calendar event for reminder,Main Clinic,2025-08-28T22:30:43.036683,2025-09-01T02:36:43.036687
30d9f4f6-8961-42d8-9f5d-52aa22cb0e3c,44eb072e-c71c-4f4e-8af5-79e118ccdd23,Consultation Event,2025-09-22T15:28:43.036692,2025-09-22T17:28:43.036692,appointment,4c5437a4-8d79-4cbe-ba47-ee912d897f9d,,05381b23-f238-43b3-a231-a2d9ba8a9d5b,Calendar event for appointment,Lab Center,2025-08-05T20:30:43.036702,2025-09-15T22:01:43.036706
f63949c7-68df-46e0-90a6-bae482451ba8,6846cd1d-1237-4c6b-91d4-3a0c115a2c1c,Follow_Up Event,2025-08-22T15:28:43.036710,2025-08-22T18:28:43.036710,follow_up,,,,Calendar event for lab_test,Telehealth,2025-08-19T02:12:43.036720,2025-09-17T04:43:43.036723
c3837fe0-f1b5-4a7c-845d-85fb2fa874c8,8b23ae07-5d11-4922-855b-00409ef09957,Consultation Event,2025-11-14T15:28:43.036728,2025-11-14T17:28:43.036728,lab_test,,,,Calendar event for reminder,Telehealth,2025-09-01T06:47:43.036746,2025-08-24T15:19:43.036749
f8814cf9-61bb-4ad9-a5c1-76ab75ba009b,10203f7b-568c-49f9-bb63-196d42dd7f78,Appointment Event,2025-10-12T15:28:43.036755,2025-10-12T19:28:43.036755,lab_test,9cf1a56f-e107-4ada-b979-ff0262d8ea0f,,37ba6ad7-e040-4460-b61b-0b03ca15ea4e,Calendar event for follow_up,Downtown Office,2025-09-01T05:40:43.036765,2025-09-06T11:29:43.036768
787075c6-db18-411d-bd19-1cc0a50aad28,fc030b16-2928-4d70-b2d3-6093f0c2ea43,Reminder Event,2025-09-11T15:28:43.036773,2025-09-11T18:28:43.036773,follow_up,,,,Calendar event for lab_test,Main Clinic,2025-09-10T08:43:43.036782,2025-08-27T17:59:43.036786
33c58399-cba4-4d9a-8dae-2c3b5a0e2b0e,cfdf8680-17cb-4826-a3e7-c9d9c2c04c54,Consultation Event,2025-11-16T15:28:43.036793,2025-11-16T16:28:43.036793,reminder,c0871a08-f0f6-4325-82ef-7b167119428d,,b2cf8193-e4d4-4550-ace9-8ba1a721ddf1,Calendar event for appointment,Telehealth,2025-08-30T20:03:43.036804,2025-08-28T05:34:43.036807
65e77ae3-f21b-40d5-bee0-a4446ed11ce9,dd086e6a-6784-43e6-8cef-fd607130923c,Appointment Event,2025-09-25T15:28:43.036812,2025-09-25T16:28:43.036812,appointment,5b89d45c-21c1-4960-bf7f-7a4bbc09ce10,,,Calendar event for consultation,Telehealth,2025-08-03T09:46:43.036822,2025-08-29T15:29:43.036826
0d279d24-dd1b-4c78-9040-dce4005b42b0,0939eb9b-bf75-4f17-bc7c-cbe87102df69,Follow_Up Event,2025-11-13T15:28:43.036832,2025-11-13T19:28:43.036832,follow_up,78f2489b-1886-4239-9d90-16691dfdd3b5,,c540ba4c-c119-4589-8267-5d5d85c8ee92,Calendar event for appointment,Lab Center,2025-08-18T17:38:43.036842,2025-08-30T12:28:43.036845
50b88bee-e616-4307-ae58-1ad32f372c95,b902509b-3421-4267-8b71-cd3bcf3960cc,Follow_Up Event,2025-08-24T15:28:43.036850,2025-08-24T17:28:43.036850,follow_up,,,1aca0c1a-a2e9-4a8f-894c-708a11d48018,Calendar event for reminder,Telehealth,2025-08-11T02:56:43.036860,2025-09-16T08:35:43.036863
0e4159b6-03d8-47ff-8343-7260c1ddc03b,77101f5f-90d0-4d6f-ba4e-0e42442a7ad1,Lab_Test Event,2025-10-19T15:28:43.036868,2025-10-19T19:28:43.036868,follow_up,,,3be99888-d005-4896-b6df-fcff7281535b,Calendar event for follow_up,Lab Center,2025-09-07T21:45:43.036878,2025-08-31T21:32:43.036881
c9ce4709-b525-4546-afdb-72049c89d5b4,4133688a-ca57-42cd-acc6-d7636c91a6a7,Consultation Event,2025-11-07T15:28:43.036886,2025-11-07T18:28:43.036886,reminder,d4018d8e-44c4-49dc-9e5d-cc8f9448f8bd,,,Calendar event for reminder,Lab Center,2025-08-26T10:43:43.036896,2025-08-23T08:13:43.036901
8ce769f2-56d6-4513-bbaa-3b041a9fd27c,52991b9a-8dff-42fa-8629-9948ad64135e,Reminder Event,2025-09-30T15:28:43.036907,2025-09-30T16:28:43.036907,reminder,,,e98c6751-0fb0-4d5b-af42-46afd9b402b1,Calendar event for lab_test,Telehealth,2025-08-13T03:12:43.036916,2025-08-21T06:42:43.036920
db9b1dfb-6056-4a32-aee4-8b3f63f0df83,134076d0-cd30-4e41-9d07-c3278120b469,Consultation Event,2025-11-01T15:28:43.036925,2025-11-01T17:28:43.036925,lab_test,65dfb163-ee59-4768-8f8f-e72cdd259285,,,Calendar event for lab_test,Lab Center,2025-09-08T03:16:43.036934,2025-09-12T12:23:43.036937
36986de4-22ce-4fba-b6c9-3e5ff7e7bda7,5e379c7d-8b78-4ea1-bdfe-71808ea9e11a,Lab_Test Event,2025-10-26T15:28:43.036943,2025-10-26T17:28:43.036943,lab_test,059e3fc1-9c14-4758-8af3-428c39d7b7ad,,13f38a51-71b5-48cb-9d7d-294ecad6b222,Calendar event for reminder,Telehealth,2025-08-29T22:43:43.036952,2025-09-14T08:08:43.036956
446316a2-9a1f-4656-ba56-fe55865c1afe,347d50e8-4a84-444a-bafc-c73086d71221,Follow_Up Event,2025-10-03T15:28:43.036961,2025-10-03T17:28:43.036961,consultation,,,266c39bf-eba2-45c8-9f0e-d92dea666080,Calendar event for consultation,Downtown Office,2025-09-07T01:52:43.036972,2025-08-23T10:00:43.036975
a802af2a-1568-43b9-8d8a-23848dff93c6,c9f30d16-ec2a-4bde-a616-fdd229241a98,Appointment Event,2025-09-18T15:28:43.036982,2025-09-18T17:28:43.036982,appointment,eb6d1519-b162-4a5e-b2ec-ada3defcc584,,ff8a4aab-97d8-436a-a792-dbed7ae0d356,Calendar event for consultation,Lab Center,2025-07-23T01:41:43.036992,2025-08-31T03:43:43.036996
ea497479-dcca-4310-8c89-109d9ec19318,bddd75cd-4108-4bdb-9476-955483306984,Follow_Up Event,2025-10-10T15:28:43.037001,2025-10-10T18:28:43.037001,lab_test,,,4c7632ac-5f18-4196-bbfe-fae7750c3c99,Calendar event for lab_test,Lab Center,2025-09-18T03:10:43.037010,2025-08-22T00:55:43.037014
3731c3e8-a1c0-483e-8fa7-28fe478a8d66,8b23ae07-5d11-4922-855b-00409ef09957,Follow_Up Event,2025-10-13T15:28:43.037019,2025-10-13T16:28:43.037019,follow_up,56c4ae6f-aebb-4cff-8304-694b614be700,,4ad8bc17-e07e-4ed4-89c4-711c1bff2755,Calendar event for follow_up,Main Clinic,2025-09-11T23:44:43.037029,2025-09-17T20:53:43.037033
648d280c-7330-4575-8a3b-ebafc982f5de,12b0417f-fa25-4a2e-91d6-dddc4011b379,Consultation Event,2025-09-07T15:28:43.037037,2025-09-07T19:28:43.037037,follow_up,,,,Calendar event for consultation,Lab Center,2025-08-13T21:39:43.037047,2025-09-16T07:28:43.037050
c877a0f4-ce96-49a0-9def-c781b5a98657,2a8e9a79-f23c-4d6f-95b5-7b0d730c9f34,Lab_Test Event,2025-11-04T15:28:43.037055,2025-11-04T19:28:43.037055,appointment,93b1bfed-07d9-447a-9919-e354c548a762,,,Calendar event for reminder,Downtown Office,2025-09-08T07:36:43.037066,2025-09-01T18:59:43.037069
60c1758e-6c4f-4f3f-8a47-9505a2a8f0bf,a3fc95a1-26c4-4650-8810-26144a2b2687,Reminder Event,2025-09-17T15:28:43.037074,2025-09-17T18:28:43.037074,appointment,,,,Calendar event for reminder,Downtown Office,2025-09-08T20:37:43.037083,2025-08-31T10:52:43.037087
5c6af3c5-c26a-444f-8e1e-1780dc21e74b,cc41467d-293d-4b28-82cc-b31af79d9998,Lab_Test Event,2025-11-08T15:28:43.037092,2025-11-08T18:28:43.037092,lab_test,,,5cced38f-3b9f-4972-88ef-6f17e7a0365f,Calendar event for follow_up,Main Clinic,2025-08-03T15:18:43.037101,2025-08-30T09:21:43.037105
752447ee-29cf-412a-a195-9f12c193379e,9151d7d3-9cd4-43a0-9325-ac8752a24683,Appointment Event,2025-11-02T15:28:43.037110,2025-11-02T16:28:43.037110,appointment,4bd5d4ac-ac20-4ac2-a346-e7ee5a4b27b8,,,Calendar event for lab_test,Telehealth,2025-08-03T23:06:43.037119,2025-09-16T04:19:43.037123
4849ee12-44be-4529-8f9e-0d39e6449944,956f4de9-be8c-42db-962d-89df7f379f0b,Follow_Up Event,2025-09-01T15:28:43.037128,2025-09-01T16:28:43.037128,follow_up,4c4474aa-f3fc-4234-8fae-4f4b40daa5b9,,e58bb417-ee03-450e-9df0-a214f930da2b,Calendar event for lab_test,Main Clinic,2025-08-10T04:22:43.037140,2025-09-15T21:08:43.037144
8ca04733-d72f-4cb8-90f1-cd76c31ce7e9,e51b023b-7edc-44b6-9867-44843608369d,Reminder Event,2025-09-21T15:28:43.037149,2025-09-21T16:28:43.037149,appointment,,,,Calendar event for reminder,Main Clinic,2025-09-04T12:43:43.037158,2025-08-31T17:35:43.037162
1a0a80fc-ba9d-4fa8-bffe-58984d4c601d,f9749eae-c694-4774-8c4c-549bb2e70adc,Reminder Event,2025-10-05T15:28:43.037168,2025-10-05T16:28:43.037168,follow_up,27ca7f6f-4fac-43d4-af47-c5a5df1dd393,,78995456-7be5-4671-a00f-4e1430d14c16,Calendar event for follow_up,Lab Center,2025-09-03T09:20:43.037177,2025-09-01T15:30:43.037182
28af6d98-1dc5-406b-9945-302561e5064a,dec38867-9280-40eb-8b5b-7f7880020301,Follow_Up Event,2025-09-01T15:28:43.037188,2025-09-01T18:28:43.037188,appointment,762242d3-13d8-4f8d-9a43-1ee677336e66,,3e7e21ac-b177-43e6-8649-68c55a29b790,Calendar event for consultation,Lab Center,2025-07-28T21:00:43.037198,2025-09-15T07:20:43.037202
b052c709-7572-42e2-b9de-50c162b757b2,1b184631-71d4-4124-a83b-a227f8d0a387,Appointment Event,2025-10-09T15:28:43.037207,2025-10-09T16:28:43.037207,appointment,,,6436f500-cd92-4086-b123-6fea6a2f2d16,Calendar event for follow_up,Downtown Office,2025-09-14T20:15:43.037216,2025-09-01T18:46:43.037221
d94e5b5a-29ab-460f-bc1b-492ba38271c7,266f46ae-8820-424e-8041-a97e4eca5277,Lab_Test Event,2025-09-25T15:28:43.037226,2025-09-25T19:28:43.037226,appointment,,,b9ba5408-b4bc-454b-92ba-b56424b040bd,Calendar event for appointment,Lab Center,2025-08-11T01:18:43.037235,2025-08-24T00:13:43.037239
8f95df69-4e77-4e6f-a61f-dc635f25f133,b5dd6838-d302-4a30-89b9-46340064b00f,Appointment Event,2025-10-03T15:28:43.037244,2025-10-03T19:28:43.037244,reminder,,,234888d4-ce40-4f98-85b6-68aa4568b470,Calendar event for consultation,Telehealth,2025-07-21T08:30:43.037253,2025-09-01T10:47:43.037257
25485d9a-4a35-4b2a-8d12-e179c529d0ba,74621e98-5d5b-4cf7-9ff8-1395470013ba,Lab_Test Event,2025-09-24T15:28:43.037262,2025-09-24T16:28:43.037262,follow_up,,,4dee8ce7-9141-42bc-84ab-8537dc6d78e4,Calendar event for lab_test,Downtown Office,2025-08-03T18:21:43.037271,2025-08-28T06:56:43.037275
dedc1b25-a088-4b9d-b693-b623e4292d25,e264fa53-7ba8-4d2e-8992-70b38166bf10,Appointment Event,2025-08-30T15:28:43.037281,2025-08-30T17:28:43.037281,consultation,8379c35c-2bf9-4b2a-9bb7-cb4da2197747,,af26a3e1-27ff-4fe1-b6ef-8da09d989982,Calendar event for lab_test,Downtown Office,2025-08-01T08:54:43.037290,2025-09-02T08:06:43.037294
8a0d6963-8b79-4dd9-9e91-980081c94dbf,0509bb75-9376-424a-ad72-5280fc197d71,Consultation Event,2025-09-22T15:28:43.037300,2025-09-22T18:28:43.037300,follow_up,,,,Calendar event for reminder,Downtown Office,2025-09-14T01:48:43.037309,2025-09-13T11:53:43.037313
83be3ab8-4c18-4e1e-b02f-5b029e62ca55,44eb072e-c71c-4f4e-8af5-79e118ccdd23,Follow_Up Event,2025-08-22T15:28:43.037318,2025-08-22T16:28:43.037318,follow_up,ee9639fa-4fcf-4bf8-82ef-71a75ff621f5,,5c955bf3-5cb0-416d-9afd-a975f72989fe,Calendar event for lab_test,Downtown Office,2025-08-02T00:07:43.037327,2025-08-19T15:20:43.037330
0ca731ec-950f-4cef-923b-d7f204b364c9,ccffc0db-4d6e-4435-997e-9689c88f6517,Appointment Event,2025-11-08T15:28:43.037336,2025-11-08T18:28:43.037336,follow_up,f3a9ed67-2b1c-4adc-9f6d-ef474866d9ec,,,Calendar event for consultation,Downtown Office,2025-07-24T03:43:43.037345,2025-09-05T00:00:43.037349
d84d5ba1-8f3f-42cd-8fec-8e3f6dbc194f,0dde42ca-2ace-4801-ac82-9b32998ce163,Lab_Test Event,2025-10-17T15:28:43.037355,2025-10-17T18:28:43.037355,follow_up,ab63260b-3346-43bc-8a51-7ac46df4919e,,,Calendar event for follow_up,Telehealth,2025-08-12T14:08:43.037365,2025-09-18T11:48:43.037368
3b2ab060-7541-42db-91c9-28a5f396f7c5,ad3afec2-280d-483a-9bb2-f700da0e49b0,Follow_Up Event,2025-08-30T15:28:43.037373,2025-08-30T18:28:43.037373,follow_up,63d79030-a627-4123-8726-acbba2062fd0,,ca7ae6a3-ee33-4201-83a3-1149eab0635f,Calendar event for reminder,Lab Center,2025-08-20T18:29:43.037384,2025-09-18T07:25:43.037388
b56d801f-4815-4a27-bbcf-e3d9fe5045ac,0cf93490-9b1a-403f-af00-8e2e1cacb323,Lab_Test Event,2025-08-24T15:28:43.037393,2025-08-24T16:28:43.037393,appointment,,,2390d75d-1e84-4b1e-8a30-2799e69feb1e,Calendar event for reminder,Telehealth,2025-08-23T02:54:43.037402,2025-08-30T03:45:43.037406
5627f126-1864-4211-8586-94aae3483927,cfa6e08e-d814-4d11-b789-c551e2905490,Lab_Test Event,2025-09-19T15:28:43.037411,2025-09-19T16:28:43.037411,appointment,,,0e1d1bc9-66e7-457b-9082-003829554044,Calendar event for lab_test,Main Clinic,2025-08-28T21:11:43.037421,2025-08-24T05:21:43.037425
cb5d84c8-9e7b-499d-9a19-f7fcbe46b7ce,320fccc4-af6d-4706-8286-60043d51e8ff,Reminder Event,2025-10-16T15:28:43.037430,2025-10-16T19:28:43.037430,lab_test,,,560a7e03-018d-4e96-b434-6230e4a6a2e5,Calendar event for appointment,Lab Center,2025-07-20T22:25:43.037439,2025-09-10T13:28:43.037444
dff808ea-0ab0-4bb6-8208-a30c0ccde48b,f4ae0737-1eab-4cac-890f-c19e89cf68af,Appointment Event,2025-11-16T15:28:43.037449,2025-11-16T17:28:43.037449,consultation,b8d2a779-9ccd-4865-882c-888c17e261b4,,b7b10f11-fcc1-47b7-a8ec-fc2e20f2d905,Calendar event for lab_test,Telehealth,2025-08-24T04:34:43.037459,2025-08-19T18:51:43.037462
a3bbb077-1608-4384-87d5-5b85ecb9e444,846ce84f-e877-4874-ae4c-45774f0afe90,Reminder Event,2025-11-04T15:28:43.037468,2025-11-04T18:28:43.037468,follow_up,007bc164-af5d-4ae5-9c99-e40c916bcc6a,,0334f6c2-2f52-4084-9df7-72e43cc75edf,Calendar event for reminder,Main Clinic,2025-08-08T20:50:43.037478,2025-09-15T09:39:43.037482
6b436605-076e-4097-b29c-0e9625bde364,cc55f474-241e-4ec7-a067-703d46adc014,Reminder Event,2025-09-01T15:28:43.037487,2025-09-01T17:28:43.037487,consultation,,,11968d73-012d-4e23-a7d6-ce122d3ccada,Calendar event for reminder,Main Clinic,2025-07-22T01:39:43.037497,2025-08-19T03:25:43.037500
4617a61c-4e22-4dea-97b0-ed34820dd510,7ac3362f-0367-4397-8273-f195abf34b66,Reminder Event,2025-08-19T15:28:43.037505,2025-08-19T16:28:43.037505,reminder,,,69e8ba06-e439-40f6-9775-29715339100a,Calendar event for consultation,Telehealth,2025-08-03T21:09:43.037515,2025-09-11T11:28:43.037518
00acb55b-6e7b-4799-ae3a-5a3aead4abca,870861b9-4e4e-4b34-a785-589159a54819,Reminder Event,2025-10-04T15:28:43.037524,2025-10-04T18:28:43.037524,consultation,,,4d2bccbd-fab4-4602-8ff5-067fc1432471,Calendar event for consultation,Lab Center,2025-09-07T01:15:43.037533,2025-09-06T02:35:43.037538
81958ec4-8d85-4aee-8339-f8d762733a0d,d72da028-27e8-49d8-bafe-92eda4f04b3f,Reminder Event,2025-08-20T15:28:43.037544,2025-08-20T16:28:43.037544,follow_up,,,dcc9dc73-10de-4a0f-a7e9-82b86de025d7,Calendar event for consultation,Main Clinic,2025-07-31T19:48:43.037553,2025-09-18T11:38:43.037557
fc98635a-23c0-4b01-8a10-638ccba30d9d,a56780f5-0ab8-44ef-b3e6-3ecc7f07e9ad,Lab_Test Event,2025-09-26T15:28:43.037562,2025-09-26T19:28:43.037562,follow_up,,,c8e92883-5b15-44f4-84ea-c477c77b8b46,Calendar event for lab_test,Downtown Office,2025-08-21T13:14:43.037572,2025-09-04T11:21:43.037576
7434d9d6-9213-435f-ab8d-ba821023c33f,57e4c1b3-7295-4e30-a3c4-5dceadc60c2e,Lab_Test Event,2025-11-02T15:28:43.037580,2025-11-02T17:28:43.037580,appointment,,,,Calendar event for consultation,Downtown Office,2025-09-13T18:31:43.037589,2025-09-03T07:09:43.037593
faf3e89e-3973-4146-87b0-360009d2f636,d9c7d882-25b8-49da-83a8-309028a816bd,Follow_Up Event,2025-10-04T15:28:43.037598,2025-10-04T17:28:43.037598,lab_test,,,b7fd3129-128d-4738-a846-34d0a757ffab,Calendar event for follow_up,Telehealth,2025-09-17T00:12:43.037607,2025-08-26T06:32:43.037611
f19c1594-b3dc-4151-8011-47b83b52f692,c1d87d6c-fe1d-4866-868e-1d7a904e86a1,Reminder Event,2025-11-05T15:28:43.037616,2025-11-05T19:28:43.037616,follow_up,13486f95-a849-4d9d-9f21-47e70c6779a2,,c40cfbf6-32f9-4fd9-b769-ea1edc3162ab,Calendar event for consultation,Telehealth,2025-09-06T06:47:43.037626,2025-09-17T05:02:43.037630
6d27df4a-3d6f-4227-9e34-dae831694321,c210602d-aac7-4f35-b500-4213978b47d9,Appointment Event,2025-11-08T15:28:43.037635,2025-11-08T16:28:43.037635,follow_up,,,04cc975c-5c8f-4742-ae30-b3dbdceb308e,Calendar event for reminder,Lab Center,2025-09-14T13:41:43.037645,2025-08-23T17:14:43.037648
be6ee221-de1b-4025-949d-6b7dfcf373d4,320fccc4-af6d-4706-8286-60043d51e8ff,Consultation Event,2025-10-03T15:28:43.037654,2025-10-03T18:28:43.037654,appointment,c597cec0-84d7-4631-932d-382a55e2333b,,a676028b-eb64-48e9-ab18-4cdca7d3c1d4,Calendar event for follow_up,Lab Center,2025-08-06T02:37:43.037663,2025-09-15T08:29:43.037667
3a6b687a-4d53-4e5b-9916-3f34ef1dda0d,33044958-a58d-4079-92de-bde6e2b7b4c6,Appointment Event,2025-10-02T15:28:43.037672,2025-10-02T19:28:43.037672,appointment,05b5fe9e-fe91-4a6e-b237-1a3050e88e66,,ba55ba22-c7e7-49e7-9c40-0a7d66d455df,Calendar event for consultation,Downtown Office,2025-07-20T02:59:43.037682,2025-09-01T07:54:43.037685
e148422b-221a-48de-92f1-fb2aaa69fb68,75f3463d-658c-4475-b3af-65d9349bea97,Follow_Up Event,2025-09-20T15:28:43.037690,2025-09-20T18:28:43.037690,lab_test,,,8f9d73c2-720e-4b19-b579-292f90a9e788,Calendar event for appointment,Downtown Office,2025-08-07T04:12:43.037701,2025-09-16T19:30:43.037704
f5c760cf-4c22-43ac-987f-143c5a8ae914,5e379c7d-8b78-4ea1-bdfe-71808ea9e11a,Consultation Event,2025-10-28T15:28:43.037709,2025-10-28T17:28:43.037709,consultation,,,114ac5a2-0362-438b-a314-c8ac52614503,Calendar event for lab_test,Telehealth,2025-08-27T08:50:43.037719,2025-09-05T20:22:43.037723
7e63d323-a0f0-4358-9740-23f5b0a80789,f61288c7-2fae-498a-8852-023047541565,Reminder Event,2025-09-23T15:28:43.037729,2025-09-23T17:28:43.037729,consultation,,,7786f981-5bf8-4342-8c99-4607e05ef1a0,Calendar event for consultation,Lab Center,2025-09-08T02:51:43.037739,2025-09-15T20:47:43.037742
3b8f846f-4a13-428c-994f-c2dcec855943,5dd961d4-0d26-4b41-9c03-26822474100e,Lab_Test Event,2025-11-10T15:28:43.037748,2025-11-10T18:28:43.037748,lab_test,779e4374-99f1-4b16-b654-055d02d17643,,395baa62-cdda-4fc1-9130-b99215f3a79b,Calendar event for consultation,Downtown Office,2025-07-22T20:30:43.037757,2025-09-05T05:45:43.037760
8cb8ee2c-97a5-4489-8e3f-f411e14aa916,4e563fa4-c403-466b-a0e6-da3304ecd66f,Consultation Event,2025-10-22T15:28:43.037765,2025-10-22T17:28:43.037765,appointment,,,,Calendar event for reminder,Main Clinic,2025-07-23T15:27:43.037774,2025-09-04T15:20:43.037777
7bfecf19-2cb3-4c65-bf2f-7c117e380a2c,d24d7cb1-3a7c-4ef9-8252-4957cef5a694,Lab_Test Event,2025-10-21T15:28:43.037783,2025-10-21T17:28:43.037783,lab_test,3d400e7e-a57c-4e1a-88d8-f49a7de94200,,9bace9a6-b755-4706-b617-a73f236eaa8d,Calendar event for consultation,Telehealth,2025-08-14T11:03:43.037792,2025-09-13T03:38:43.037796
100b68bb-4c70-419e-a633-6cd0485e7c35,f72a6c1f-5916-4297-80f4-bcd1e60516c1,Lab_Test Event,2025-09-08T15:28:43.037801,2025-09-08T19:28:43.037801,reminder,,,e44eec99-a5c6-4081-9c32-523ba5cd4318,Calendar event for follow_up,Main Clinic,2025-08-08T03:12:43.037811,2025-08-27T22:16:43.037814
8cfe8e86-8940-42a4-8b96-8edf9e9e4161,40deb890-f823-4e50-9dbd-6d32c316f452,Consultation Event,2025-09-25T15:28:43.037820,2025-09-25T19:28:43.037820,consultation,95b9dba8-77df-4eb5-82fb-fb8e32a5a48d,,cf29eda8-a39c-4105-85c9-e7fe77f12cf6,Calendar event for follow_up,Main Clinic,2025-09-14T18:55:43.037829,2025-08-24T23:14:43.037832
4af27abb-405c-4677-93e3-5056e5cb7e38,3f0cf7e8-e0e0-4517-80a3-4c659131afd7,Lab_Test Event,2025-09-02T15:28:43.037838,2025-09-02T17:28:43.037838,follow_up,,,b45bb7d5-d317-4e37-9cda-3edf2e61e632,Calendar event for appointment,Telehealth,2025-08-16T13:56:43.037847,2025-08-22T23:40:43.037852
ddec3b8f-0de0-4317-8cd1-29f101a014aa,a86673b1-294e-437e-8e90-e8e4856d40f9,Appointment Event,2025-10-22T15:28:43.037856,2025-10-22T17:28:43.037856,follow_up,,,,Calendar event for consultation,Lab Center,2025-09-06T06:24:43.037867,2025-09-18T00:21:43.037871
c6f3c8d6-9fbe-439f-ac55-3379ce460b53,0fdb3182-b860-4145-af0d-217161c066bc,Appointment Event,2025-08-28T15:28:43.037875,2025-08-28T19:28:43.037875,follow_up,,,,Calendar event for appointment,Lab Center,2025-08-20T21:38:43.037885,2025-08-26T06:36:43.037888
fd39cfeb-abd4-47e2-a0bd-e634bc16dc4d,0f7e0eeb-9449-4657-8a01-656b48e3508a,Follow_Up Event,2025-09-21T15:28:43.037894,2025-09-21T19:28:43.037894,consultation,,,c0e4c164-879b-47a3-8c98-91cd9099b182,Calendar event for reminder,Downtown Office,2025-08-06T10:10:43.037903,2025-09-04T06:29:43.037907
b05df638-d9b7-48ba-8388-e5d463f1da90,0660e1d2-8ed4-41fe-9c05-dd894ec68d5e,Reminder Event,2025-10-28T15:28:43.037913,2025-10-28T19:28:43.037913,appointment,,,0df0d6c4-55b9-4b1c-8f7b-90728ffb3bb1,Calendar event for consultation,Lab Center,2025-08-30T15:02:43.037923,2025-09-08T18:55:43.037927
737ef97d-4640-49bb-ba36-8582a17c6fd5,322987ab-06f9-493d-b9cf-db5b52a1442b,Consultation Event,2025-09-30T15:28:43.037932,2025-09-30T17:28:43.037932,consultation,,,,Calendar event for reminder,Lab Center,2025-09-03T07:22:43.037941,2025-08-26T03:50:43.037945
6b09f7c2-d65f-4d40-92c7-06e66cae98bc,56cb3c26-2357-4463-8a7f-cea94a61b08b,Follow_Up Event,2025-09-08T15:28:43.037950,2025-09-08T19:28:43.037950,follow_up,c755c71c-060d-440b-995e-23f8b6511dbe,,,Calendar event for follow_up,Downtown Office,2025-09-08T19:27:43.037960,2025-09-02T16:23:43.037963
b6ecd302-bb15-4b11-abba-8384074b68e2,ad3afec2-280d-483a-9bb2-f700da0e49b0,Lab_Test Event,2025-11-14T15:28:43.037968,2025-11-14T19:28:43.037968,consultation,,,,Calendar event for lab_test,Telehealth,2025-09-01T08:29:43.037976,2025-09-04T10:57:43.037980
2594045b-2a50-48c7-b216-ebaf5c756b24,239f182e-b3c4-48af-be60-2c9de8bc11b4,Follow_Up Event,2025-11-12T15:28:43.037985,2025-11-12T17:28:43.037985,lab_test,db1c5369-ed02-4543-af3b-71d534d55cc8,,,Calendar event for appointment,Downtown Office,2025-08-11T05:31:43.037994,2025-09-02T17:47:43.037998
9ea4dd1e-0ffc-4700-a52d-4be55d41ac8a,8a8fadd6-d5b8-4619-be50-df3b2686580f,Follow_Up Event,2025-11-05T15:28:43.038003,2025-11-05T16:28:43.038003,appointment,,,730b17e5-4685-4196-847b-fb5be2fbc1e5,Calendar event for follow_up,Main Clinic,2025-08-11T15:57:43.038014,2025-08-27T19:30:43.038018
eeaedf3a-43bc-4125-8cc2-973ce6fb5fe0,1cf086a9-74c5-4999-8620-6b58d8338405,Appointment Event,2025-09-22T15:28:43.038022,2025-09-22T16:28:43.038022,reminder,,,,Calendar event for lab_test,Main Clinic,2025-08-25T21:24:43.038031,2025-08-31T06:30:43.038034
a540311f-5667-41ba-9b2e-9d31a3b5daf8,6d6f9af8-26fb-449c-b635-aa5365575f74,Reminder Event,2025-08-20T15:28:43.038041,2025-08-20T18:28:43.038041,reminder,fb6efd1b-0a0b-41a4-93c0-4cb58dd3888f,,,Calendar event for reminder,Downtown Office,2025-08-03T11:15:43.038051,2025-09-05T21:51:43.038054
de74e8f1-6864-4e44-a6e7-4ea0a7750c72,9b8bfe0d-3fc1-43af-bce3-a2053907328c,Lab_Test Event,2025-08-25T15:28:43.038059,2025-08-25T16:28:43.038059,lab_test,7e8da598-12d4-4bed-8216-4daf5eee4782,,,Calendar event for lab_test,Main Clinic,2025-09-18T06:08:43.038068,2025-08-25T04:00:43.038072
128d9c91-f33f-4ffd-b9f9-891caabbf92d,708566c0-8906-4d6f-ac30-65d15544f33c,Follow_Up Event,2025-11-15T15:28:43.038077,2025-11-15T17:28:43.038077,appointment,,,3ce7e891-c8a0-4c9f-89f9-e076bd9c8454,Calendar event for appointment,Downtown Office,2025-07-22T09:25:43.038086,2025-08-24T23:17:43.038090
6293e9ca-5d74-46de-b485-d9321e8aa295,02330400-b328-4ead-9f55-00197faa5d9a,Consultation Event,2025-08-25T15:28:43.038095,2025-08-25T19:28:43.038095,lab_test,,,,Calendar event for lab_test,Main Clinic,2025-08-27T17:22:43.038104,2025-08-26T18:19:43.038108
55ad46de-51d3-45ee-ad0e-e2ec50b8ca26,0779f6fa-a7eb-4025-b185-18e8f4a9bdf0,Consultation Event,2025-09-22T15:28:43.038113,2025-09-22T18:28:43.038113,lab_test,78d74693-96f5-4aae-9bc7-0ed735c4a520,,,Calendar event for reminder,Downtown Office,2025-08-15T04:19:43.038122,2025-08-28T05:07:43.038125
33388cb4-fac3-4f60-9767-dadba27c802f,4aae752e-15f6-4236-8be2-b5e2618ed1c8,Lab_Test Event,2025-11-17T15:28:43.038130,2025-11-17T19:28:43.038130,lab_test,ad2ef8ea-e48d-43e9-a87e-569950733ce3,,,Calendar event for reminder,Downtown Office,2025-09-04T20:10:43.038140,2025-08-25T01:20:43.038143
dd720996-b420-43fc-b39f-3ca3fc2aece9,dfca5e50-7b9e-49bb-b991-7840dff9c6fe,Lab_Test Event,2025-10-27T15:28:43.038148,2025-10-27T16:28:43.038148,reminder,299d54c3-1b87-4d17-8c89-48fcf76d64a2,,,Calendar event for consultation,Lab Center,2025-08-28T07:49:43.038158,2025-09-03T12:16:43.038162
f19cb209-0f65-4aa8-94a7-8ce5087de545,d109255d-3c10-4dcf-9bd4-7b081f0aefec,Lab_Test Event,2025-10-10T15:28:43.038167,2025-10-10T16:28:43.038167,reminder,,,,Calendar event for follow_up,Lab Center,2025-08-28T00:40:43.038176,2025-08-29T16:18:43.038180
0f3148f9-399d-4da5-85a7-fbec89b1940d,1bf09096-edc6-4c66-bf08-079775675716,Consultation Event,2025-08-29T15:28:43.038185,2025-08-29T19:28:43.038185,appointment,,,8097a1ca-bdf8-4424-9553-bf4aec98a0f7,Calendar event for consultation,Telehealth,2025-07-20T11:00:43.038194,2025-09-14T21:32:43.038198
3cf9c3d0-31e1-49bd-8d78-4ad82ab8e034,98a605fa-b30a-41e2-a514-73f58e7c49e5,Consultation Event,2025-10-04T15:28:43.038202,2025-10-04T16:28:43.038202,consultation,,,,Calendar event for consultation,Downtown Office,2025-09-03T00:43:43.038211,2025-09-12T07:15:43.038214
d7639751-e5ed-47de-8ddf-0ed219c3302e,6b66de3b-22c6-45cc-a1bc-4a437d00c469,Consultation Event,2025-09-08T15:28:43.038219,2025-09-08T16:28:43.038219,appointment,,,9444dab4-815c-46cc-a54f-98b02fa811cf,Calendar event for lab_test,Main Clinic,2025-07-27T13:02:43.038229,2025-08-26T07:49:43.038233
14ee8395-5960-4931-a482-34e5b8563dfb,30d240d4-8d89-4d91-82c2-d63f5cdda3e6,Appointment Event,2025-09-16T15:28:43.038238,2025-09-16T16:28:43.038238,lab_test,46a01d7d-a274-4d08-b2d6-c96287459fa9,,,Calendar event for consultation,Telehealth,2025-07-23T13:54:43.038248,2025-08-31T13:36:43.038252
41f41785-f218-4b79-967e-a5182ede5fa6,922f18c0-5ed4-4a0f-94b3-ac2f786263b4,Consultation Event,2025-11-03T15:28:43.038257,2025-11-03T18:28:43.038257,follow_up,,,f322809f-d352-42c4-8d26-882659b6d635,Calendar event for consultation,Lab Center,2025-09-17T12:20:43.038266,2025-09-01T15:21:43.038270
0aa7dd36-3fe3-4f33-ac29-c4c9a6aa1c93,a9a5a499-cf9c-4570-84b7-7cdccc74ac7d,Consultation Event,2025-09-13T15:28:43.038276,2025-09-13T16:28:43.038276,appointment,e3884f6f-a579-41a9-b54d-dbbc498ec78a,,,Calendar event for consultation,Lab Center,2025-08-25T06:38:43.038287,2025-08-24T22:46:43.038290
3ac0b38c-32cc-46b1-8df3-e7505045f52b,0dde42ca-2ace-4801-ac82-9b32998ce163,Reminder Event,2025-08-24T15:28:43.038295,2025-08-24T17:28:43.038295,lab_test,,,29009306-10b7-4a33-8dd4-c141dd8fb4f4,Calendar event for appointment,Telehealth,2025-08-29T11:24:43.038305,2025-08-19T09:49:43.038309
99f6e9f2-e8b9-489e-805c-e3f456d16369,a87e528c-9e8e-40d2-8fd1-02f3f7fc6542,Lab_Test Event,2025-09-18T15:28:43.038314,2025-09-18T19:28:43.038314,lab_test,,,28a97f54-6375-41ce-b517-da67adf60dd3,Calendar event for appointment,Lab Center,2025-08-24T06:49:43.038326,2025-08-28T20:43:43.038329
29af45f7-24f4-4343-b572-5a3cf33fce07,5c6d8351-a840-4b57-9861-ad9adff57605,Reminder Event,2025-10-13T15:28:43.038334,2025-10-13T17:28:43.038334,reminder,97265d97-5e62-4bc6-a660-824842cd81a8,,,Calendar event for follow_up,Main Clinic,2025-08-16T09:59:43.038344,2025-09-11T02:27:43.038347
2e80c176-c3c1-422a-92c0-ddb0daac8fb7,ceade10e-7893-4dde-b389-c86036999380,Follow_Up Event,2025-11-16T15:28:43.038352,2025-11-16T19:28:43.038352,lab_test,,,4e19b7d2-aea4-4280-9463-cfe2f645da39,Calendar event for consultation,Lab Center,2025-07-27T02:42:43.038361,2025-08-27T03:55:43.038365
48ad5175-31bf-4249-9cce-3c52d961582d,bf1315bf-0721-4b9f-bb72-a2b4eb97b8d0,Reminder Event,2025-10-14T15:28:43.038370,2025-10-14T16:28:43.038370,consultation,,,,Calendar event for reminder,Lab Center,2025-08-19T09:56:43.038378,2025-09-17T10:48:43.038382
796e21d9-ef1d-4f72-bd0c-15a441619558,4e80b1df-bba3-4c79-bf4b-8928396e5aee,Appointment Event,2025-09-05T15:28:43.038388,2025-09-05T16:28:43.038388,reminder,9357635e-4e91-40b3-8fb6-864fc62e2a6d,,,Calendar event for appointment,Lab Center,2025-09-07T23:45:43.038397,2025-09-10T18:07:43.038401
6da1cd7e-d40d-4cbb-afd3-cfe4aad8760d,31b555e2-07dd-4a33-be0e-330022967233,Lab_Test Event,2025-11-07T15:28:43.038405,2025-11-07T18:28:43.038405,follow_up,,,,Calendar event for lab_test,Main Clinic,2025-08-05T15:38:43.038414,2025-09-14T19:53:43.038418
8fefeabf-d849-4c9c-b2dd-78139def4723,9f84f7a3-93c5-407c-8adf-b1d338bcf230,Lab_Test Event,2025-08-20T15:28:43.038424,2025-08-20T17:28:43.038424,appointment,13729b02-aaa6-4391-95f4-9534d3b015c2,,,Calendar event for lab_test,Telehealth,2025-09-04T22:06:43.038434,2025-09-09T12:23:43.038437
f6e497bc-fe94-4019-a9f8-fa3daf48d289,31d19268-ed8a-44c2-be95-93ce77b8f6b7,Appointment Event,2025-08-27T15:28:43.038442,2025-08-27T19:28:43.038442,reminder,,,,Calendar event for follow_up,Downtown Office,2025-07-23T07:36:43.038451,2025-08-24T23:30:43.038454
75e815cf-5f11-4701-923b-712f154b6f6e,71616200-1f2d-48e9-9021-10665f74e518,Reminder Event,2025-08-27T15:28:43.038461,2025-08-27T19:28:43.038461,reminder,,,b3a8a1d6-4bc7-469b-83c8-607df9e30923,Calendar event for appointment,Downtown Office,2025-09-16T00:16:43.038471,2025-09-09T00:16:43.038475
62ff96c3-6815-4882-a483-81a3ad97bb28,22cabc24-ca0d-401a-83d0-5262e71f9769,Consultation Event,2025-09-30T15:28:43.038479,2025-09-30T16:28:43.038479,follow_up,,,,Calendar event for appointment,Downtown Office,2025-07-23T20:58:43.038489,2025-08-18T20:55:43.038492
3d9baba1-defc-477e-9dba-83e94e902b14,a106901e-6865-4955-8741-e3aa3fd25969,Appointment Event,2025-08-19T15:28:43.038497,2025-08-19T19:28:43.038497,lab_test,,,00f70123-759e-499f-97b6-73eb4fb955a5,Calendar event for follow_up,Main Clinic,2025-08-30T07:13:43.038507,2025-08-30T16:16:43.038510
1ff7a378-eebd-4c32-95ec-bc18c49080ee,b45a7d92-66e6-4c3f-8347-28b325079705,Consultation Event,2025-10-30T15:28:43.038515,2025-10-30T16:28:43.038515,lab_test,,,,Calendar event for follow_up,Lab Center,2025-08-08T01:54:43.038524,2025-08-22T23:49:43.038528
79da6a69-ae77-4d07-aaa0-1796741aeea9,b75dd4fd-410c-4573-85db-4aaa1e6ded73,Consultation Event,2025-10-19T15:28:43.038534,2025-10-19T16:28:43.038534,reminder,48928eab-2be3-4363-bc74-a6171745e188,,8efb594c-6049-474b-ad94-7170936a6248,Calendar event for follow_up,Lab Center,2025-08-29T06:54:43.038543,2025-09-07T20:14:43.038547
6b6b67ca-fa01-4eda-9a8f-6af0a7bd70e2,762a4104-a6c3-43b4-a29b-4b83560b68ae,Appointment Event,2025-08-31T15:28:43.038551,2025-08-31T16:28:43.038551,lab_test,,,,Calendar event for lab_test,Main Clinic,2025-08-02T00:32:43.038561,2025-09-12T13:21:43.038564
868c4401-c867-41ec-84f2-62fa8e7c9754,0c283ef4-9c8c-43ef-a77e-aae0c6aa267a,Reminder Event,2025-10-15T15:28:43.038569,2025-10-15T16:28:43.038569,appointment,,,097692e7-1df8-4a2e-aa63-63832321fbfc,Calendar event for follow_up,Telehealth,2025-08-12T19:32:43.038579,2025-08-31T15:42:43.038582
e8924737-8a7e-4c69-951b-059f52d3d5ae,e42b2d0e-b899-4394-9e8e-fa6fe3ca1aec,Lab_Test Event,2025-09-04T15:28:43.038587,2025-09-04T16:28:43.038587,consultation,,,0334f6c2-2f52-4084-9df7-72e43cc75edf,Calendar event for appointment,Main Clinic,2025-08-27T22:46:43.038596,2025-09-16T06:22:43.038600
13f9d271-2781-496c-9562-1586227b3b00,60d65e82-a8ee-478f-a446-79d178920d85,Appointment Event,2025-11-01T15:28:43.038605,2025-11-01T18:28:43.038605,follow_up,3057e463-c214-43c6-94e9-28daa97a977e,,caeea759-384c-4e28-bae3-b4c5fc5306ab,Calendar event for consultation,Main Clinic,2025-07-23T06:56:43.038615,2025-08-21T17:49:43.038618
9e737828-c1fc-482a-bb33-d04d6403875f,46a8381a-2659-4560-b09a-2077b355c4a3,Consultation Event,2025-11-05T15:28:43.038624,2025-11-05T18:28:43.038624,follow_up,,,,Calendar event for lab_test,Downtown Office,2025-08-24T10:50:43.038635,2025-08-26T17:05:43.038638
60df7beb-1958-48c4-89ba-0abb1d5d95e9,507c45ea-699d-4f4e-b5b8-80a5de1d0146,Consultation Event,2025-11-13T15:28:43.038644,2025-11-13T19:28:43.038644,consultation,,,0df0d6c4-55b9-4b1c-8f7b-90728ffb3bb1,Calendar event for lab_test,Lab Center,2025-09-13T07:31:43.038653,2025-08-25T09:44:43.038657
511e699a-1106-484d-8bc5-257b1e90d7e0,24aaa64e-e17a-49d4-bd3a-d3afbd17cf89,Lab_Test Event,2025-10-03T15:28:43.038662,2025-10-03T18:28:43.038662,reminder,,,640f1c56-17b8-4c3a-a9c4-b567d959573f,Calendar event for lab_test,Lab Center,2025-07-28T00:31:43.038672,2025-08-20T23:05:43.038676
89417244-d87d-43b3-8b9d-94382d64707f,dbcd2f8d-dce5-4cd0-a835-60cd92af4bd9,Consultation Event,2025-10-13T15:28:43.038680,2025-10-13T16:28:43.038680,reminder,,,,Calendar event for follow_up,Lab Center,2025-08-02T15:40:43.038689,2025-08-28T08:15:43.038693
039d8f6a-70da-48d3-8ff9-72ce1587431d,91a64477-328f-436d-8ef7-79c24eec2e9e,Appointment Event,2025-11-09T15:28:43.038698,2025-11-09T18:28:43.038698,follow_up,,,,Calendar event for reminder,Main Clinic,2025-07-21T07:55:43.038707,2025-08-28T01:02:43.038710
a7939544-b63e-4747-8b12-9eae8333951d,e2291afe-bce1-4258-b19b-f730afb5a161,Reminder Event,2025-10-19T15:28:43.038715,2025-10-19T19:28:43.038715,lab_test,,,4e8c96c9-592f-4473-a4f3-b9987462550e,Calendar event for consultation,Main Clinic,2025-08-21T12:20:43.038724,2025-08-22T23:01:43.038728
0312499b-9c8d-4eb3-a3b4-1de7ee946a2c,9fb06e04-91c4-4667-a4b2-af66c491106a,Follow_Up Event,2025-08-27T15:28:43.038736,2025-08-27T17:28:43.038736,lab_test,,,,Calendar event for consultation,Telehealth,2025-09-03T05:49:43.038747,2025-09-03T09:46:43.038751
50311792-36a8-481f-ab27-66f243911378,1f8437c4-b85c-4182-baf2-2b887f320a13,Follow_Up Event,2025-11-16T15:28:43.038756,2025-11-16T18:28:43.038756,appointment,,,3131578b-0d1a-4c17-8b8e-0034ac867fca,Calendar event for appointment,Lab Center,2025-09-18T03:44:43.038766,2025-08-28T13:37:43.038770
9e1ec37f-86db-4e71-a0f0-02f16c2c1a78,d82f41bb-33e9-4885-bf7d-c52756a1e93f,Lab_Test Event,2025-08-31T15:28:43.038775,2025-08-31T18:28:43.038775,reminder,b756f3f9-ee5e-47b5-8950-38c02494a28e,,,Calendar event for lab_test,Lab Center,2025-09-04T17:00:43.038784,2025-08-26T21:11:43.038789
c4db8eff-6ff3-48b3-a3bf-5a31502be534,44ec440a-3090-44bf-ae6f-fc3f2e1392b2,Reminder Event,2025-10-28T15:28:43.038794,2025-10-28T17:28:43.038794,reminder,,,ec7eb718-a9e1-4877-bce2-9b74c18021d4,Calendar event for follow_up,Main Clinic,2025-08-23T13:45:43.038803,2025-09-17T23:57:43.038807
f47f399a-7a5a-4f2b-ae6b-bed5ec0bb997,346965b5-9923-445f-b2d2-b4c914d48ebc,Lab_Test Event,2025-11-15T15:28:43.038811,2025-11-15T18:28:43.038811,consultation,,,,Calendar event for follow_up,Lab Center,2025-09-16T01:23:43.038821,2025-09-05T08:14:43.038824
59706f2b-b6ae-4b96-abdd-b1086b960357,bdd3610d-6f0d-43cb-ab7d-deddb59ab25c,Appointment Event,2025-10-11T15:28:43.038831,2025-10-11T18:28:43.038831,follow_up,,,fb6d1534-d811-4165-af0c-58ca9fa7d6b0,Calendar event for follow_up,Telehealth,2025-09-08T08:32:43.038840,2025-08-21T01:54:43.038844
67d3f98f-8f24-4738-bcff-b0a9f8e868e9,9151d7d3-9cd4-43a0-9325-ac8752a24683,Appointment Event,2025-10-19T15:28:43.038850,2025-10-19T17:28:43.038850,appointment,aaebb6e3-f175-4c66-bf6e-3b185cd175a9,,894d5dae-b46f-4f50-bd95-1c1884d58dcb,Calendar event for follow_up,Downtown Office,2025-08-19T12:47:43.038860,2025-09-16T06:24:43.038864
3de1cb22-6418-46c6-b353-962910da23d2,2d72c254-ab5b-4238-860d-586acd8232bc,Appointment Event,2025-09-26T15:28:43.038868,2025-09-26T18:28:43.038868,consultation,,,,Calendar event for appointment,Lab Center,2025-09-16T20:20:43.038877,2025-08-24T13:22:43.038881
6b24f92c-507e-4f39-8497-3415eeb96da7,f22285b3-1bb4-41f1-bca8-ed3c5934489d,Consultation Event,2025-09-19T15:28:43.038886,2025-09-19T17:28:43.038886,lab_test,6b399b39-2836-4676-b1df-e0705b22bcb4,,f608b145-fc17-4c1f-bce4-b20ffa77c9e7,Calendar event for appointment,Main Clinic,2025-08-17T02:50:43.038896,2025-09-13T14:44:43.038900
62742c98-a0b6-4b12-8bff-9fef881cd95f,b9ec96b0-0e36-4d66-a0a6-1941bc4de084,Consultation Event,2025-10-12T15:28:43.038904,2025-10-12T16:28:43.038904,consultation,,,,Calendar event for appointment,Downtown Office,2025-09-10T03:14:43.038915,2025-09-17T16:01:43.038918
e3ffdad2-a808-44bd-9c2c-f9a9c22f6dcb,e22dfa58-cc12-43d6-b93c-3f1cac7f50d5,Appointment Event,2025-10-18T15:28:43.038924,2025-10-18T18:28:43.038924,follow_up,cd8ee5bb-9504-4479-8cd6-164f1d40b5c2,,7b79530c-a4e4-4469-94cc-b9c65f69ecee,Calendar event for follow_up,Telehealth,2025-08-07T22:55:43.038934,2025-09-16T08:08:43.038938
fe0707ce-bc15-4125-8a34-0b5ea63335bc,14fabff8-49ef-42db-a296-19950c2b0184,Consultation Event,2025-08-20T15:28:43.038943,2025-08-20T17:28:43.038943,appointment,,,56ec365f-5cb0-4cb0-8baf-a46d58894b34,Calendar event for consultation,Main Clinic,2025-09-18T09:15:43.038953,2025-08-27T04:02:43.038957
e967787f-a9e1-46cd-9158-15db82a0e687,8a8fadd6-d5b8-4619-be50-df3b2686580f,Consultation Event,2025-10-23T15:28:43.038962,2025-10-23T16:28:43.038962,follow_up,,,d49f4bde-e6e8-4789-a6be-a8440fd1b7d0,Calendar event for lab_test,Downtown Office,2025-07-27T12:37:43.038972,2025-08-29T11:10:43.038975
f821e9bf-9973-4ec0-aafe-3809da442efa,c75d8efe-5670-4078-9c87-e5f85f805fb2,Lab_Test Event,2025-09-26T15:28:43.038980,2025-09-26T18:28:43.038980,reminder,,,53004f2f-fc81-4fea-875b-e0f8e0f3390d,Calendar event for consultation,Telehealth,2025-08-04T04:29:43.038990,2025-09-08T11:57:43.038993
ec897713-e484-44e1-ba78-06bf6f30d61e,946acb39-ff86-44fb-bc6e-381478e20ebf,Lab_Test Event,2025-08-20T15:28:43.038998,2025-08-20T17:28:43.038998,consultation,,,,Calendar event for reminder,Main Clinic,2025-08-24T18:47:43.039007,2025-09-12T22:15:43.039011
db4eefb0-f568-475a-a4aa-51d35ab4c11b,7cc49070-694d-4756-aa3a-d2774df40f63,Follow_Up Event,2025-09-11T15:28:43.039017,2025-09-11T18:28:43.039017,reminder,299d54c3-1b87-4d17-8c89-48fcf76d64a2,,f9f9d62a-4bba-428c-9c1a-421ae685f240,Calendar event for appointment,Main Clinic,2025-07-29T08:47:43.039027,2025-08-27T16:04:43.039031
c519b68a-761c-4a14-a7e6-be700e4d9b25,1126dc2d-60fe-4a8d-aefc-82934f38bc5b,Follow_Up Event,2025-09-11T15:28:43.039035,2025-09-11T18:28:43.039035,lab_test,,,,Calendar event for appointment,Downtown Office,2025-08-19T00:06:43.039045,2025-08-19T05:01:43.039049
f26d119b-b69e-4906-8541-fdd3e3e96189,e51b023b-7edc-44b6-9867-44843608369d,Appointment Event,2025-08-26T15:28:43.039054,2025-08-26T16:28:43.039054,consultation,49a891e4-a4fd-431f-a859-91e007011c0e,,43b4e083-7ece-4498-a878-8db2be1e60c7,Calendar event for consultation,Main Clinic,2025-08-29T18:47:43.039064,2025-08-23T21:53:43.039067
92896a91-eafe-4526-bc7a-019adca36bdc,884991db-99cf-4ec4-8e82-6eee4188f269,Lab_Test Event,2025-08-27T15:28:43.039072,2025-08-27T19:28:43.039072,lab_test,,,d1f08de3-9673-4840-83a0-69c03cb3c815,Calendar event for lab_test,Telehealth,2025-08-17T22:50:43.039082,2025-08-31T05:30:43.039085
22f57961-737e-46a9-824a-af2bb0972dda,fcd3c7e7-2bc3-4f6f-b077-7fdc39d40ce1,Reminder Event,2025-10-05T15:28:43.039092,2025-10-05T18:28:43.039092,consultation,68ab1472-ab01-45d6-b056-a5d794d398a8,,f6d6a5eb-afb3-49df-a58d-811845323297,Calendar event for follow_up,Downtown Office,2025-08-19T09:16:43.039102,2025-08-27T21:56:43.039106
f466f752-1696-4f3c-ae2d-ede19383f026,9bbbe886-535a-43ac-b30d-6f2e81b4bf80,Appointment Event,2025-08-25T15:28:43.039112,2025-08-25T18:28:43.039112,reminder,995e866f-dbd2-46fc-885f-f5a5e6021e52,,378243c2-a0ab-4a9d-aa23-626b130e48ed,Calendar event for lab_test,Main Clinic,2025-09-02T15:56:43.039121,2025-08-30T15:28:43.039125
0438c184-dc38-4c6c-ab16-aebcc014a64f,8aa18156-e6d9-4ca5-8a12-3f68821fd586,Lab_Test Event,2025-11-03T15:28:43.039130,2025-11-03T18:28:43.039130,consultation,,,ac687e5e-0bb9-48f0-8ac1-c639e643b618,Calendar event for reminder,Main Clinic,2025-09-03T12:51:43.039140,2025-09-07T13:13:43.039144
70d40d09-4c5b-4ac8-b74b-0771443f906a,f9ea241e-b416-46d1-b610-1b979734eac2,Follow_Up Event,2025-11-11T15:28:43.039149,2025-11-11T17:28:43.039149,lab_test,,,833f2d10-79a2-4908-92b9-defc6cb3ee70,Calendar event for reminder,Lab Center,2025-08-16T16:04:43.039158,2025-08-28T05:17:43.039162
cf236dc5-ea59-4840-bd84-5c46173e0fe0,d0f05caa-5af3-4b00-bd9f-9d2241735244,Consultation Event,2025-10-28T15:28:43.039166,2025-10-28T19:28:43.039166,consultation,,,,Calendar event for follow_up,Downtown Office,2025-07-25T12:09:43.039176,2025-08-22T22:07:43.039179
967e0834-3cfc-46c1-903f-10c37c58f33f,1569e2d5-ce3e-427e-a81b-2fb4451235b8,Follow_Up Event,2025-09-12T15:28:43.039184,2025-09-12T16:28:43.039184,consultation,,,,Calendar event for follow_up,Main Clinic,2025-08-27T06:34:43.039194,2025-08-23T01:54:43.039198
254bcf44-99df-4acc-ac24-b21c55d6f543,266f46ae-8820-424e-8041-a97e4eca5277,Appointment Event,2025-09-27T15:28:43.039204,2025-09-27T18:28:43.039204,lab_test,98383af0-46f7-4fa9-9b3f-92075ce0b9e0,,5cced38f-3b9f-4972-88ef-6f17e7a0365f,Calendar event for follow_up,Lab Center,2025-08-03T16:46:43.039214,2025-08-21T01:45:43.039218
8efcd185-a82e-4dd8-8b51-e3ff2090615a,5d320f97-5aa1-4a9a-8a17-317dc39b0b04,Reminder Event,2025-10-27T15:28:43.039223,2025-10-27T18:28:43.039223,appointment,e445a32d-a74a-4787-b4d7-824cb34330c1,,,Calendar event for appointment,Main Clinic,2025-08-10T04:53:43.039232,2025-08-28T11:30:43.039236
7b834e72-88df-45db-b703-148b9837f722,2abc44b8-a17d-4179-9aa8-9e42d9314a68,Lab_Test Event,2025-08-23T15:28:43.039241,2025-08-23T19:28:43.039241,lab_test,,,,Calendar event for consultation,Downtown Office,2025-08-18T06:28:43.039250,2025-08-26T00:10:43.039253
0416b870-b4a6-475f-ba3d-cbdcc9fc5231,2354c83d-1a2e-4092-9826-2b716478a105,Lab_Test Event,2025-09-23T15:28:43.039258,2025-09-23T19:28:43.039258,lab_test,,,,Calendar event for consultation,Downtown Office,2025-08-15T01:49:43.039269,2025-09-05T05:15:43.039273
42447d0b-fa36-4582-9602-eabaa5a9cb6d,2a8e9a79-f23c-4d6f-95b5-7b0d730c9f34,Consultation Event,2025-08-24T15:28:43.039277,2025-08-24T18:28:43.039277,appointment,,,,Calendar event for consultation,Main Clinic,2025-08-27T02:01:43.039287,2025-09-15T01:51:43.039290
ab159db5-e7bb-444b-ae43-991b452ab656,edd31d67-678c-4ff8-9ff3-0c10de885d9f,Lab_Test Event,2025-09-06T15:28:43.039296,2025-09-06T17:28:43.039296,follow_up,b030c35a-2ae4-4a2a-9733-1cc8528d0a06,,86046a97-f74d-4c61-a460-f05a42347474,Calendar event for reminder,Downtown Office,2025-08-13T23:38:43.039307,2025-09-16T05:14:43.039310
f00ae9c1-434a-4278-9366-58973b7cd714,fc030b16-2928-4d70-b2d3-6093f0c2ea43,Consultation Event,2025-11-13T15:28:43.039316,2025-11-13T18:28:43.039316,lab_test,baf1a095-f7a5-4a8b-a9b4-ee5c9b1cd69a,,7c8127e4-2ad7-495c-9e9c-87829d4ae9da,Calendar event for consultation,Lab Center,2025-08-02T18:18:43.039326,2025-09-03T19:22:43.039329
f9649ab0-245c-42da-9cb3-c53819d0362c,8961a0e2-9091-40f3-9db8-01fd8d4a4d83,Appointment Event,2025-10-18T15:28:43.039335,2025-10-18T19:28:43.039335,appointment,76b431bb-f8e4-43ff-addb-18e1fce8043c,,00697ffe-2764-41d6-b89f-1d0085e8e77a,Calendar event for appointment,Main Clinic,2025-07-30T09:12:43.039345,2025-08-31T11:22:43.039349
ca11e434-ffb7-4947-8081-0622006f22af,dc01bad4-96bb-4a5c-91d9-840666d08375,Lab_Test Event,2025-11-16T15:28:43.039355,2025-11-16T16:28:43.039355,follow_up,e3eb11cb-2cc8-445b-bca7-9767ee8003d6,,b9dbd536-349d-43b0-b8e2-9f253c0632fe,Calendar event for consultation,Telehealth,2025-07-29T09:10:43.039364,2025-09-14T08:45:43.039368
c5717a15-6dc8-41c2-854a-d39208d1c743,9f5ba34c-4e02-4574-8783-f835861af15c,Reminder Event,2025-10-24T15:28:43.039374,2025-10-24T17:28:43.039374,appointment,,,c75a07c8-771c-4ff4-8a57-5b60df1ac965,Calendar event for consultation,Main Clinic,2025-07-27T18:00:43.039383,2025-08-31T03:05:43.039387
7a9129f9-be60-4840-8279-44c217e1e29b,779dee9c-78a3-4b2b-8364-3ab672136828,Reminder Event,2025-09-13T15:28:43.039394,2025-09-13T16:28:43.039394,lab_test,,,a8f09815-6835-42e1-a141-f14bc6ac2ee2,Calendar event for appointment,Main Clinic,2025-08-22T08:33:43.039404,2025-09-03T06:55:43.039408
689e62e0-6d4a-4259-8a38-d66db881d50a,afeb7fe6-e8f8-43c2-b527-b6fa27e6f146,Consultation Event,2025-10-20T15:28:43.039414,2025-10-20T18:28:43.039414,appointment,95154c7d-a418-4a6e-a668-dcae4e4932bf,,894d5dae-b46f-4f50-bd95-1c1884d58dcb,Calendar event for consultation,Downtown Office,2025-07-30T10:59:43.039424,2025-08-19T21:39:43.039429
b770693c-acfc-4528-bbf0-d54e43897e5e,e264fa53-7ba8-4d2e-8992-70b38166bf10,Appointment Event,2025-10-20T15:28:43.039434,2025-10-20T17:28:43.039434,consultation,,,a799066b-111d-4689-bf72-a832ae71bd80,Calendar event for lab_test,Lab Center,2025-09-01T20:26:43.039444,2025-08-27T22:00:43.039447
dfa6f479-b885-49d5-a6b8-8d03fb2cf431,922f18c0-5ed4-4a0f-94b3-ac2f786263b4,Reminder Event,2025-09-12T15:28:43.039452,2025-09-12T19:28:43.039452,follow_up,,,,Calendar event for reminder,Lab Center,2025-09-08T11:13:43.039461,2025-09-12T23:55:43.039464
2e78a5ad-972e-4bb6-8a61-0462b6e20525,24127c12-6fa0-47ad-a9b0-0542a6525342,Consultation Event,2025-10-28T15:28:43.039469,2025-10-28T18:28:43.039469,consultation,,,b9dbd536-349d-43b0-b8e2-9f253c0632fe,Calendar event for reminder,Telehealth,2025-07-22T05:18:43.039479,2025-08-29T13:57:43.039483
fd205997-40b1-40a8-8518-345d65899e49,ac3783c1-fec9-401f-88ec-025f01e32d90,Appointment Event,2025-10-09T15:28:43.039488,2025-10-09T19:28:43.039488,consultation,,,dcc9dc73-10de-4a0f-a7e9-82b86de025d7,Calendar event for appointment,Telehealth,2025-07-27T06:03:43.039497,2025-08-31T13:07:43.039501
c054b374-6d70-48e1-a544-33af64e803d8,4133688a-ca57-42cd-acc6-d7636c91a6a7,Reminder Event,2025-09-23T15:28:43.039506,2025-09-23T19:28:43.039506,reminder,244b6972-5b34-41c7-9914-0c3a6f428e70,,8ab02a25-e9b1-4c9d-a824-1f5ac67bd4ff,Calendar event for reminder,Main Clinic,2025-08-13T01:53:43.039517,2025-09-08T08:16:43.039521
8661b7e3-5c36-4118-993a-027a7cd9633e,57e4c1b3-7295-4e30-a3c4-5dceadc60c2e,Consultation Event,2025-10-18T15:28:43.039526,2025-10-18T19:28:43.039526,follow_up,,,,Calendar event for lab_test,Telehealth,2025-09-12T12:12:43.039535,2025-09-08T20:00:43.039538
0c2d9532-46fc-4da2-a2b5-81eb828099a9,d84769d4-7ccb-424d-b49b-66c919b879d3,Consultation Event,2025-09-23T15:28:43.039543,2025-09-23T16:28:43.039543,consultation,,,3890af69-651b-49f2-8d19-83e6a6ca8be8,Calendar event for follow_up,Main Clinic,2025-08-26T14:52:43.039553,2025-09-06T17:20:43.039557
3dd0d93a-7cd3-46d0-ab58-431e5a3753ca,cbb1699d-c5a5-4b80-95cd-40fbec045016,Lab_Test Event,2025-11-07T15:28:43.039562,2025-11-07T19:28:43.039562,follow_up,c99f65f2-d3ce-491b-a58c-54d58c5d693d,,cc91ecef-7095-49bd-9444-14961aada68f,Calendar event for lab_test,Telehealth,2025-09-14T00:49:43.039572,2025-08-19T12:33:43.039575
b58858cb-23b8-44a2-8380-87aeeb39727d,6882dfc9-5562-4371-ab0a-7a938b11686a,Reminder Event,2025-10-07T15:28:43.039581,2025-10-07T19:28:43.039581,lab_test,,,,Calendar event for follow_up,Lab Center,2025-08-25T17:42:43.039592,2025-09-16T14:35:43.039595
6aaee646-3490-4e0e-85a7-cb9d5548c3a8,3b55b70a-7f34-4267-9fbf-38b633e14e61,Follow_Up Event,2025-08-22T15:28:43.039601,2025-08-22T17:28:43.039601,lab_test,31e8d1a0-d3a9-46d3-8c65-4bdc9efd0478,,8b3b10af-7429-4523-9c55-d6767de5e99b,Calendar event for follow_up,Downtown Office,2025-09-14T23:58:43.039610,2025-09-13T05:18:43.039614
4f473a0c-e7a8-498a-9299-3056bd1c4812,39dc1f6f-262d-4574-bde5-15c1ea61b00a,Lab_Test Event,2025-09-16T15:28:43.039618,2025-09-16T16:28:43.039618,consultation,,,,Calendar event for lab_test,Downtown Office,2025-08-08T22:17:43.039628,2025-09-04T22:55:43.039631
0a16c610-4422-4fdf-b9d5-3a6704e2a33d,1001ca99-4108-4ec8-9fcc-4b6225aad1c3,Lab_Test Event,2025-09-04T15:28:43.039636,2025-09-04T16:28:43.039636,appointment,,,da6af560-fa7d-45ea-8fcf-bb087e2ee6ed,Calendar event for appointment,Main Clinic,2025-07-20T08:32:43.039646,2025-08-26T07:19:43.039649
1fb557f8-26fd-44a5-b07c-897ec75ee040,c6af055d-6ce4-4a54-b884-1bdbb0a18922,Appointment Event,2025-08-19T15:28:43.039656,2025-08-19T17:28:43.039656,follow_up,9649e2fe-5fe4-42d6-b288-3a38d3b48a4e,,bcb0e203-6f8f-483f-94d9-8309f2d7be5c,Calendar event for lab_test,Telehealth,2025-08-08T03:52:43.039665,2025-08-27T15:03:43.039669
b73c96a4-c848-4386-b7da-eb94dfa75da3,fd6edce6-af68-47ab-848d-0cf76275c43b,Reminder Event,2025-11-16T15:28:43.039674,2025-11-16T19:28:43.039674,consultation,,,c75a07c8-771c-4ff4-8a57-5b60df1ac965,Calendar event for lab_test,Downtown Office,2025-07-27T07:28:43.039683,2025-09-09T18:55:43.039686
439f7856-25cd-4463-a88f-9c7628feeb3f,0dde42ca-2ace-4801-ac82-9b32998ce163,Follow_Up Event,2025-10-09T15:28:43.039690,2025-10-09T19:28:43.039690,lab_test,,,,Calendar event for lab_test,Telehealth,2025-08-31T01:54:43.039699,2025-09-01T12:23:43.039703
1280e7e3-a75c-4a76-ba5b-21c11de98607,ef860c46-3b48-469c-be49-fd43fe94e6c0,Follow_Up Event,2025-10-16T15:28:43.039707,2025-10-16T18:28:43.039707,reminder,,,,Calendar event for consultation,Main Clinic,2025-07-24T23:06:43.039716,2025-09-16T18:09:43.039720
60463164-f987-49de-9d42-3e6a9db90c1d,751f4f63-7bfb-407a-8da3-6448905f413b,Appointment Event,2025-10-18T15:28:43.039725,2025-10-18T19:28:43.039725,reminder,94c5a50d-3a1b-416e-b240-a498f5838559,,,Calendar event for appointment,Main Clinic,2025-08-02T01:30:43.039735,2025-08-31T02:00:43.039739
45cbbc4c-bd59-4087-9950-825fa64905eb,dfca5e50-7b9e-49bb-b991-7840dff9c6fe,Consultation Event,2025-09-01T15:28:43.039744,2025-09-01T19:28:43.039744,consultation,520187a5-1c5f-444a-b296-b58252561c03,,,Calendar event for appointment,Lab Center,2025-09-16T17:49:43.039754,2025-09-15T06:32:43.039757
32766ec7-3e24-47ef-ae9a-46ec9c9dbc68,b763a1d2-a911-4a0d-b896-70edeafb9a7a,Consultation Event,2025-08-26T15:28:43.039764,2025-08-26T17:28:43.039764,consultation,50f9274c-efd6-44b8-8aed-35a78da0a99a,,cc97d7a8-b659-46fd-b4b1-8ca48a0eda32,Calendar event for reminder,Telehealth,2025-09-17T17:56:43.039774,2025-08-28T04:16:43.039778
468629d1-dd44-4a51-9910-a7c4253756b0,561f1511-7a1f-434a-b9d8-b5ecf6f94bea,Follow_Up Event,2025-10-10T15:28:43.039783,2025-10-10T18:28:43.039783,appointment,,,156b0987-3326-4941-837e-f4924cdcc8ea,Calendar event for appointment,Lab Center,2025-07-28T16:29:43.039793,2025-08-28T00:36:43.039797
83af1406-bd0b-4025-bd47-07bcc9525361,941b9708-b03c-416f-9e01-71046df9060c,Consultation Event,2025-09-14T15:28:43.039802,2025-09-14T16:28:43.039802,follow_up,,,,Calendar event for follow_up,Main Clinic,2025-09-15T12:34:43.039811,2025-08-23T22:10:43.039814
105a4d68-0cdd-4121-9641-0e94ebe247f1,6b9b5eba-714d-48cd-9a83-b068589ecb01,Reminder Event,2025-09-05T15:28:43.039819,2025-09-05T19:28:43.039819,consultation,,,,Calendar event for reminder,Telehealth,2025-08-18T00:32:43.039828,2025-09-12T03:28:43.039831
ed6f1d68-25b8-4450-8db5-4e957e723514,a5c34b24-0588-43de-9e22-092b5068130b,Appointment Event,2025-11-07T15:28:43.039836,2025-11-07T17:28:43.039836,reminder,,,d1644061-d9c3-4963-8d91-6f5f03a26d12,Calendar event for reminder,Downtown Office,2025-09-01T22:29:43.039845,2025-08-31T19:53:43.039849
84a0d620-fa5e-4eed-84fc-b7ad1c3791fb,2d72c254-ab5b-4238-860d-586acd8232bc,Consultation Event,2025-10-16T15:28:43.039854,2025-10-16T19:28:43.039854,consultation,,,97afba84-c300-47b9-82b0-2015a46af887,Calendar event for appointment,Telehealth,2025-08-03T07:49:43.039863,2025-09-08T05:45:43.039867
bd0fe8f1-1eab-490a-8d10-bfb97c4a103e,784f576f-43a0-4577-bd3e-54330d02e2a6,Lab_Test Event,2025-11-04T15:28:43.039873,2025-11-04T18:28:43.039873,consultation,681fdf11-9816-4dab-934f-e453b3413ef9,,,Calendar event for consultation,Telehealth,2025-09-17T21:34:43.039882,2025-08-26T14:51:43.039886
cd7822b8-d085-4bea-83f1-8dbbe6c6a108,ea1161c6-8850-4a88-ad8d-00e7dbb97c80,Appointment Event,2025-10-28T15:28:43.039891,2025-10-28T19:28:43.039891,follow_up,,,8f23125f-2637-410a-9319-ef45e09eb535,Calendar event for consultation,Lab Center,2025-07-21T02:18:43.039903,2025-08-18T23:10:43.039907
221600a4-8b81-4c79-a113-b5f6ff485ed9,3edaac2c-dfe5-443a-b343-409e7877cc22,Lab_Test Event,2025-11-17T15:28:43.039912,2025-11-17T16:28:43.039912,follow_up,d4b4dbdf-c5eb-429e-acfd-cff51f9f3624,,0232abdb-8d5d-4c30-b120-ea7916450e11,Calendar event for follow_up,Main Clinic,2025-07-21T09:36:43.039924,2025-09-16T06:26:43.039928
a9786617-6efd-4947-b178-51c1c18e0d8e,08c0316d-8bbb-419a-a4af-42cbde86f7fe,Reminder Event,2025-10-27T15:28:43.039932,2025-10-27T19:28:43.039932,lab_test,,,,Calendar event for lab_test,Lab Center,2025-08-09T02:10:43.039942,2025-08-24T09:30:43.039946
cbf6f1ec-924d-4f2b-822b-18329d1dc47c,8aac1130-bb18-44fb-9442-d560be86e861,Consultation Event,2025-09-03T15:28:43.039953,2025-09-03T19:28:43.039953,appointment,,,a60b494c-e8b0-49ab-9f99-1ba0d6a5664f,Calendar event for consultation,Telehealth,2025-07-29T01:22:43.039964,2025-09-02T05:11:43.039967
d6c2a9cb-9360-4fc1-ba83-fc3949526680,dcba0fe7-31a4-418c-943b-38d8c4fce738,Lab_Test Event,2025-10-20T15:28:43.039972,2025-10-20T17:28:43.039972,follow_up,,,5b4afd86-5e7c-42f9-8a8c-5bb6f27c14d6,Calendar event for consultation,Downtown Office,2025-08-09T09:32:43.039983,2025-09-14T22:36:43.039987
b3bebea9-471d-4852-9383-6dced4c3d608,4be56141-db35-458a-9612-0ec107c6618a,Follow_Up Event,2025-11-08T15:28:43.039992,2025-11-08T19:28:43.039992,reminder,,,,Calendar event for lab_test,Main Clinic,2025-08-19T13:55:43.040002,2025-09-13T22:55:43.040005
5ff4087b-9c2b-4ace-907e-b4e46a41f6db,6dd0cffd-2fac-4d01-8f1d-7261c016bde1,Reminder Event,2025-10-18T15:28:43.040011,2025-10-18T17:28:43.040011,appointment,13486f95-a849-4d9d-9f21-47e70c6779a2,,deac2a05-c92f-4710-8e4b-a94289ece0ce,Calendar event for appointment,Lab Center,2025-09-12T19:43:43.040021,2025-09-14T17:22:43.040025
17b2bae7-32f2-4e72-ba7a-221afe3ef27c,042660e2-3c99-4ae9-9a91-3d9ab670c3c8,Reminder Event,2025-09-02T15:28:43.040030,2025-09-02T18:28:43.040030,lab_test,ad15e4ea-75cd-4f55-a4f0-76a81e28982f,,,Calendar event for reminder,Main Clinic,2025-09-17T05:31:43.040040,2025-09-03T12:01:43.040044
48cbb218-153a-4226-a198-ee2268c06216,1b0dac32-038a-4336-975e-641c5e039d3c,Reminder Event,2025-09-21T15:28:43.040049,2025-09-21T18:28:43.040049,lab_test,,,5c233aa2-091c-463c-b1ca-3b13c7b902bf,Calendar event for reminder,Lab Center,2025-08-22T10:33:43.040059,2025-09-13T17:19:43.040064
b8b14356-2ede-40cb-bd63-95a2728b034e,762a4104-a6c3-43b4-a29b-4b83560b68ae,Consultation Event,2025-11-04T15:28:43.040069,2025-11-04T19:28:43.040069,follow_up,,,8dd3045a-e375-4af7-b635-f121362f9c14,Calendar event for consultation,Downtown Office,2025-08-04T07:26:43.040079,2025-08-28T18:11:43.040083
e2092f25-ff44-4cdc-bac2-d8481f4a8995,226b7205-d45f-4ce5-80ed-9d5d687d01ee,Follow_Up Event,2025-10-20T15:28:43.040088,2025-10-20T18:28:43.040088,appointment,ee27241f-7a4a-4386-a98f-5c04f1adddd4,,7f213288-24e8-4bb7-8e05-ff90ef3b1316,Calendar event for reminder,Telehealth,2025-09-15T18:49:43.040100,2025-09-16T23:19:43.040104
3219ae34-2b16-4561-9ef9-599ffe11e657,fed86344-f73d-4937-8e47-755bd564e210,Reminder Event,2025-10-06T15:28:43.040110,2025-10-06T16:28:43.040110,appointment,f59bc38b-4613-4894-90f7-976e2c31afc2,,37d328c2-d30f-416e-ac2c-80dd0f74ff5f,Calendar event for follow_up,Lab Center,2025-09-16T10:33:43.040120,2025-08-22T06:14:43.040124
7150f982-08c6-4a19-a35d-f249888881be,ffbf3399-c477-4305-9c78-3efe5517d31d,Appointment Event,2025-08-21T15:28:43.040131,2025-08-21T16:28:43.040131,lab_test,,,156b0987-3326-4941-837e-f4924cdcc8ea,Calendar event for follow_up,Telehealth,2025-08-11T11:35:43.040140,2025-09-03T03:30:43.040144
0a12d44d-1f64-44e9-884d-5a10bbe4e38a,a5b404d3-4883-4328-b4ba-0a36232c2d84,Appointment Event,2025-10-07T15:28:43.040151,2025-10-07T18:28:43.040151,follow_up,f7346712-dcac-4500-86bb-402ab5287edc,,,Calendar event for appointment,Downtown Office,2025-07-24T19:24:43.040161,2025-09-12T15:02:43.040164
f1540cd7-2206-4e20-bc88-76fc6ac4123a,61361ca1-b81a-43be-932d-80219f49fe14,Consultation Event,2025-11-10T15:28:43.040170,2025-11-10T16:28:43.040170,consultation,8431f7d5-5160-4229-b12c-3bbea6706a45,,,Calendar event for consultation,Lab Center,2025-07-30T23:54:43.040180,2025-08-26T00:30:43.040183
b462e8c2-f9af-4dfb-b489-2aeca287ac56,5bed31f6-4e21-4c5d-b929-123700ca1279,Appointment Event,2025-10-20T15:28:43.040188,2025-10-20T18:28:43.040188,lab_test,,,,Calendar event for consultation,Downtown Office,2025-08-27T09:04:43.040198,2025-09-08T12:39:43.040202
a29d8ca0-adc1-4706-880e-1eb60e4c1eeb,3a84e36a-be84-4404-824d-9ebf97ab80be,Appointment Event,2025-11-12T15:28:43.040208,2025-11-12T16:28:43.040208,consultation,,,,Calendar event for lab_test,Main Clinic,2025-09-05T11:07:43.040217,2025-09-09T13:23:43.040221
c1e4b422-f2c8-419b-9361-43e0188f7163,f1d6506f-1546-45b9-bfa9-51d24ae6518b,Lab_Test Event,2025-11-01T15:28:43.040227,2025-11-01T19:28:43.040227,appointment,f1f4e05b-af13-49e5-a174-cf03ac94e7dc,,678ed84a-5d7f-4623-8e11-29b52076b0a3,Calendar event for appointment,Lab Center,2025-08-25T08:14:43.040238,2025-09-15T22:28:43.040241
ca130b08-d470-43ea-ac23-6b77241ea8e5,357b16c4-3206-45e9-a27f-858fdda87690,Follow_Up Event,2025-10-25T15:28:43.040247,2025-10-25T18:28:43.040247,follow_up,,,aa468abc-a1d6-4ad4-876e-17c39b92f2dc,Calendar event for lab_test,Main Clinic,2025-08-06T23:36:43.040257,2025-09-15T15:07:43.040261
0d310c81-1b6b-4c70-a8ad-cf258df74d6b,d461ff82-2389-4d3c-92f9-4a59ab487c87,Appointment Event,2025-09-16T15:28:43.040267,2025-09-16T19:28:43.040267,follow_up,b2eff246-a28e-4a8f-8483-02ae89dfe016,,3116945a-96f7-4d4d-9bb7-f786b1add437,Calendar event for follow_up,Telehealth,2025-07-22T10:41:43.040277,2025-09-06T19:57:43.040280
7fee94f2-3235-4a91-86f6-9fd538537aaa,331b296c-3d42-415c-b3ed-39a5e1e2fbaa,Appointment Event,2025-11-12T15:28:43.040285,2025-11-12T17:28:43.040285,consultation,681fdf11-9816-4dab-934f-e453b3413ef9,,2ee0471d-db63-495c-bd9e-923fa33a67ad,Calendar event for consultation,Lab Center,2025-08-11T04:30:43.040295,2025-09-04T00:29:43.040299
fc3be307-f58a-4087-9f9c-c4ec55117280,650d1c7f-13e6-4f86-9f24-d0979122f149,Reminder Event,2025-11-07T15:28:43.040304,2025-11-07T16:28:43.040304,follow_up,,,519fbfad-da26-4225-be4a-f12896f8f912,Calendar event for follow_up,Telehealth,2025-07-27T12:19:43.040314,2025-09-10T10:56:43.040317
c938181d-1fdd-4e29-be16-18c3059ff3c7,4f4eecc2-313f-419e-9a27-60faca8270b4,Reminder Event,2025-10-03T15:28:43.040322,2025-10-03T18:28:43.040322,reminder,c2da038c-1d2b-4188-9351-33290d67ed1c,,,Calendar event for appointment,Lab Center,2025-09-12T08:18:43.040333,2025-08-22T14:42:43.040336
0df9db62-2851-4d78-87f7-1d423f7f50f5,8d07a78c-c522-4c97-b76f-d77de1345295,Reminder Event,2025-09-02T15:28:43.040343,2025-09-02T16:28:43.040343,reminder,,,c3ca538e-0aea-4d8b-ab69-a24d7948df93,Calendar event for follow_up,Downtown Office,2025-09-07T11:20:43.040353,2025-09-07T12:51:43.040357
6624365d-5535-4713-aec7-8875a83a3342,6846cd1d-1237-4c6b-91d4-3a0c115a2c1c,Lab_Test Event,2025-09-17T15:28:43.040362,2025-09-17T18:28:43.040362,lab_test,,,b5324ec1-9908-4c6e-88c4-27a03884c549,Calendar event for reminder,Downtown Office,2025-08-30T04:31:43.040372,2025-08-20T15:34:43.040376
3e1a2a5d-34f7-437f-8da6-a365eb2a5426,47a38f4b-9073-49b1-b068-0ede8dedd7f0,Appointment Event,2025-10-06T15:28:43.040380,2025-10-06T16:28:43.040380,appointment,,,,Calendar event for follow_up,Telehealth,2025-07-26T03:28:43.040390,2025-08-29T17:01:43.040395
0e94f656-b85d-46e6-b931-d51802e03753,897ea84c-e81e-4f58-9a28-e3eeb2df3355,Lab_Test Event,2025-09-05T15:28:43.040400,2025-09-05T17:28:43.040400,follow_up,,,9444dab4-815c-46cc-a54f-98b02fa811cf,Calendar event for consultation,Lab Center,2025-07-23T08:34:43.040410,2025-09-18T11:53:43.040414
d8f2606d-a6de-4cc6-85e6-c40c5f7687ce,3edaac2c-dfe5-443a-b343-409e7877cc22,Follow_Up Event,2025-10-02T15:28:43.040420,2025-10-02T17:28:43.040420,follow_up,958c3c27-0901-4a97-a44c-78b3167fa1b6,,dfbb0fb3-29f3-404d-a60b-b3f0981523a4,Calendar event for reminder,Downtown Office,2025-09-07T09:36:43.040429,2025-08-21T04:45:43.040433
9c531f46-2ab5-4193-bc58-c0f9c5926fd1,c9cb3b1d-3272-4cf7-8c62-5201fe6459a8,Appointment Event,2025-09-16T15:28:43.040438,2025-09-16T19:28:43.040438,lab_test,,,90dd8faf-8699-4f43-b2d5-60ddcca53391,Calendar event for reminder,Telehealth,2025-09-08T21:07:43.040448,2025-08-21T11:32:43.040452
b0629223-ae87-4160-b5af-4c74de4e671f,94565c23-5881-40d8-999c-939a461aad0f,Lab_Test Event,2025-09-03T15:28:43.040457,2025-09-03T19:28:43.040457,follow_up,fb6f7bcc-da37-4688-855f-671c07bf83ef,,,Calendar event for appointment,Lab Center,2025-08-23T02:24:43.040469,2025-09-11T01:38:43.040473
9688f6a5-cd4d-4459-9ad0-aefa63f8cd19,0dde42ca-2ace-4801-ac82-9b32998ce163,Reminder Event,2025-10-10T15:28:43.040485,2025-10-10T19:28:43.040485,lab_test,4f3dcc38-d799-4be9-a352-ad35dad51e6e,,a3c08d14-42d9-4b76-bfa8-605bdd275677,Calendar event for follow_up,Main Clinic,2025-08-02T16:25:43.040496,2025-08-24T19:49:43.040500
e5caa79d-757b-4d6e-9ac9-4a1d06e734f2,517b71be-37fb-4b3a-8237-5f822790f05a,Consultation Event,2025-09-18T15:28:43.040505,2025-09-18T18:28:43.040505,appointment,,,43b4e083-7ece-4498-a878-8db2be1e60c7,Calendar event for consultation,Lab Center,2025-08-12T08:46:43.040522,2025-09-04T05:24:43.040529
ed0f98b0-bff6-4486-b7fe-175b6ff543bc,b28f3ebc-c54b-43bf-b91f-cdcad6a05cef,Follow_Up Event,2025-09-26T15:28:43.040536,2025-09-26T17:28:43.040536,consultation,,,,Calendar event for consultation,Lab Center,2025-09-02T13:14:43.040551,2025-08-22T05:29:43.040557
38a5419b-edf4-4ffc-9a10-60206f1ddfab,60705c7a-c71d-4b17-b72a-f16a1e45ac76,Follow_Up Event,2025-09-04T15:28:43.040569,2025-09-04T19:28:43.040569,reminder,af7fcf02-9d75-41db-9eba-d1a15e8cc05b,,,Calendar event for reminder,Lab Center,2025-08-03T05:49:43.040583,2025-09-01T10:21:43.040589
5d6bc7f0-4e15-469f-986e-25beaffca7e3,a90868f8-2b1f-4667-a4f8-e8ac91494486,Consultation Event,2025-08-29T15:28:43.040598,2025-08-29T19:28:43.040598,consultation,469ec3fc-ef9f-4dc7-96a9-90d73c60e2b6,,2ee0471d-db63-495c-bd9e-923fa33a67ad,Calendar event for appointment,Telehealth,2025-08-02T12:49:43.040619,2025-09-09T23:56:43.040625
5831f399-744c-44c7-9832-e18c1cf75d61,784f576f-43a0-4577-bd3e-54330d02e2a6,Lab_Test Event,2025-09-04T15:28:43.040634,2025-09-04T19:28:43.040634,follow_up,2cf78769-a317-4e62-8a1d-2a3900b86bed,,,Calendar event for lab_test,Downtown Office,2025-09-11T19:18:43.040651,2025-08-29T07:59:43.040657
6cf7af28-4f4a-4d33-acd4-5e0551714af7,1df4fc39-8480-41a8-9260-2833d0e2b5a2,Follow_Up Event,2025-10-21T15:28:43.040665,2025-10-21T16:28:43.040665,appointment,c71067ad-cf01-4f4c-b5ce-5222983089c5,,d4c9ba3f-7ce5-4ad3-98a6-fa27bbc41c33,Calendar event for follow_up,Lab Center,2025-09-05T16:41:43.040678,2025-09-18T04:28:43.040681
242f0ea1-623a-4d6f-a7b4-4ba4b6038286,76a4aa4f-6dae-4948-9ae9-fcad572ea8e0,Lab_Test Event,2025-11-16T15:28:43.040687,2025-11-16T17:28:43.040687,lab_test,6e3c68b7-6b02-4a46-a020-1ceefcdd2b94,,,Calendar event for follow_up,Main Clinic,2025-08-16T03:09:43.040696,2025-08-26T03:53:43.040700
d4ece9e1-905e-4d0f-b3b0-34c2486d1a37,e5e2bb22-6685-4931-9438-9c9647bb3147,Consultation Event,2025-10-15T15:28:43.040705,2025-10-15T19:28:43.040705,reminder,1e97de31-3272-4c6a-ada2-389ed127bc32,,3665449e-aac1-4120-851e-8ffa919f93c1,Calendar event for appointment,Downtown Office,2025-07-21T12:15:43.040715,2025-09-18T09:02:43.040719
d30bf269-df97-481b-9105-3d29355143ee,caa92adc-7b0e-452f-a682-84da8206d58f,Lab_Test Event,2025-10-12T15:28:43.040724,2025-10-12T19:28:43.040724,appointment,be07f834-20a3-4933-bdb8-3f159c143887,,70941949-a7d6-42ac-8e21-c5f2e5487659,Calendar event for consultation,Telehealth,2025-09-01T17:58:43.040734,2025-09-13T05:25:43.040737
448fd80a-f5e9-4161-a1c3-5d4803e9b03b,cddebcff-ea41-49e7-9fec-b61e50132338,Consultation Event,2025-10-31T15:28:43.040742,2025-10-31T19:28:43.040742,lab_test,cb3cb597-5c97-4620-95ba-118edd74e65e,,,Calendar event for consultation,Telehealth,2025-09-16T11:12:43.040752,2025-09-13T21:14:43.040755
da370ee1-4f51-4faa-9941-e72686560b19,8d07a78c-c522-4c97-b76f-d77de1345295,Appointment Event,2025-09-15T15:28:43.040760,2025-09-15T17:28:43.040760,lab_test,,,61689632-72bf-4e3d-91e5-57bd556b6dc8,Calendar event for follow_up,Main Clinic,2025-08-03T01:16:43.040770,2025-09-16T21:11:43.040773
6c0647cf-5312-4119-9354-7ddfbfac8ec5,e157dc3d-6388-459f-aed4-7fcd994b0e4a,Appointment Event,2025-11-02T15:28:43.040778,2025-11-02T17:28:43.040778,consultation,,,,Calendar event for appointment,Downtown Office,2025-08-16T22:13:43.040790,2025-08-29T13:45:43.040795
c6e1dd74-02b5-4599-bfbe-659934a73512,924a08ea-5fd0-4d48-bcb4-dd70f5491a06,Consultation Event,2025-10-16T15:28:43.040802,2025-10-16T18:28:43.040802,lab_test,c197f613-be6e-4902-97e5-4df20be53995,,ce6d6791-8d0d-4734-b1ea-cfb29ce29c68,Calendar event for appointment,Lab Center,2025-08-08T20:00:43.040812,2025-09-08T04:38:43.040815
1790e382-745c-4be5-99ce-c43b7ac55157,d5952169-5814-4ef7-9692-d1d86b483a1f,Appointment Event,2025-08-27T15:28:43.040821,2025-08-27T17:28:43.040821,lab_test,092b2be8-8076-40f1-ac7b-1f5ba9d44432,,2bff5a4c-f6d0-4d4c-8f14-13a823d3b551,Calendar event for consultation,Telehealth,2025-08-14T09:07:43.040832,2025-09-08T14:28:43.040835
922d47d2-7c66-45bd-ad9a-86179edbde03,ebee8974-c9cc-409e-8267-a4fbe7c1c350,Follow_Up Event,2025-11-11T15:28:43.040840,2025-11-11T16:28:43.040840,appointment,,,ff104efe-38d4-483a-a10f-352b41de0a89,Calendar event for consultation,Lab Center,2025-08-21T10:27:43.040850,2025-09-12T22:53:43.040854
3eb916da-59e1-43d9-83a5-3b464af20fb8,675d75a8-42e9-493f-96dd-e73d9f6093b0,Reminder Event,2025-09-24T15:28:43.040860,2025-09-24T19:28:43.040860,lab_test,d4018d8e-44c4-49dc-9e5d-cc8f9448f8bd,,07e60810-088c-42b8-ad79-14488435a231,Calendar event for lab_test,Lab Center,2025-08-28T20:46:43.040870,2025-09-03T14:53:43.040873
84e41aa7-82fd-46ff-b2f2-a35ff5bd39be,e22dfa58-cc12-43d6-b93c-3f1cac7f50d5,Follow_Up Event,2025-10-27T15:28:43.040879,2025-10-27T18:28:43.040879,consultation,0f55f4d6-a640-4e0a-a8fe-7a4d4ed1298d,,ba070d12-adab-42ee-9561-8ed4672bdc2b,Calendar event for consultation,Lab Center,2025-07-27T00:24:43.040889,2025-08-21T22:45:43.040893
76bb101d-3298-4602-881e-2c4bcb9a3de4,77e82408-4752-465e-b964-76a03863209b,Consultation Event,2025-10-25T15:28:43.040898,2025-10-25T18:28:43.040898,consultation,,,7667fe76-9a5e-4fd9-8fb4-a6c46a593231,Calendar event for lab_test,Downtown Office,2025-08-30T02:09:43.040908,2025-09-05T06:37:43.040911
ce6481eb-1b28-4f93-a00a-763bb0f4ed18,1bdc6915-18fc-448b-90b4-a01d72a22459,Lab_Test Event,2025-08-26T15:28:43.040917,2025-08-26T19:28:43.040917,reminder,d169d3ca-7bbe-472c-84dc-ef20c4f37415,,8e30c83b-a078-448d-8aba-5c64907aa514,Calendar event for follow_up,Downtown Office,2025-08-31T18:08:43.040927,2025-09-04T12:06:43.040931
730ca5b3-1664-415f-b423-01c2780db91a,3275ba4f-7d32-486a-9f42-0879b28aba4f,Consultation Event,2025-10-16T15:28:43.040935,2025-10-16T16:28:43.040935,follow_up,,,,Calendar event for follow_up,Lab Center,2025-08-28T16:51:43.040945,2025-09-13T05:11:43.040949
aec108f5-a1aa-469a-83ee-7355fe062c94,73a2e732-3c3c-4b31-8cb7-76c2929a98ee,Reminder Event,2025-09-07T15:28:43.040954,2025-09-07T16:28:43.040954,reminder,,,d13c4d05-027b-4350-914b-a65182daebff,Calendar event for follow_up,Main Clinic,2025-08-10T18:36:43.040965,2025-08-28T12:46:43.040969
69fe6b95-c585-4505-8201-5874ece71b85,e6a10746-55ea-4316-9704-3bb5abcd4f9d,Follow_Up Event,2025-10-17T15:28:43.040975,2025-10-17T16:28:43.040975,reminder,29ea85ac-23ed-4deb-ab0b-6296551e6bcf,,4b021b2c-1684-41d1-b892-0825c0055ed9,Calendar event for appointment,Lab Center,2025-08-31T09:46:43.040985,2025-09-16T06:56:43.040989
26e397b4-45d8-425c-998b-2b260ac5c01b,ee8bc090-510b-4c09-ac9c-9ba3261926b6,Consultation Event,2025-09-21T15:28:43.040994,2025-09-21T17:28:43.040994,consultation,,,,Calendar event for consultation,Main Clinic,2025-08-21T14:44:43.041003,2025-08-25T12:46:43.041007
865d0af5-a481-43a9-a4e2-5b62532d9bbc,23eb7794-8cf2-483c-a642-1844448ef126,Appointment Event,2025-10-10T15:28:43.041012,2025-10-10T19:28:43.041012,lab_test,,,907d33ab-879f-4aa7-a919-5205dfa12179,Calendar event for lab_test,Main Clinic,2025-08-09T19:50:43.041022,2025-08-20T03:16:43.041025
6a41bdb0-1641-43fd-82d8-0622acaa31a4,b1510a37-ca87-4773-8c54-ddd1e278619f,Reminder Event,2025-08-20T15:28:43.041030,2025-08-20T17:28:43.041030,consultation,d2d881aa-1ec7-482f-87fd-91878ba3f907,,,Calendar event for lab_test,Telehealth,2025-08-17T22:19:43.041039,2025-09-04T17:35:43.041043
4a7d21c6-98e7-41cd-ac13-9541fb1dfd76,a5d695cb-3e67-44f0-9ea9-1b2691f28d18,Consultation Event,2025-10-12T15:28:43.041048,2025-10-12T19:28:43.041048,lab_test,,,e64b8c2a-1289-46b3-9435-2454474e62b7,Calendar event for lab_test,Telehealth,2025-09-11T13:52:43.041057,2025-08-25T01:45:43.041061
0c95c577-a3a3-40e7-a624-7664403af66b,eb04b324-06b2-441e-9295-217d8369bba8,Consultation Event,2025-10-04T15:28:43.041066,2025-10-04T18:28:43.041066,lab_test,,,d49f4bde-e6e8-4789-a6be-a8440fd1b7d0,Calendar event for appointment,Downtown Office,2025-09-10T04:59:43.041075,2025-09-06T22:28:43.041079
86074e15-45f5-40db-82a7-9f797b5e3193,7cfdcf0c-27c3-4940-a9c3-680e5251f6da,Consultation Event,2025-09-18T15:28:43.041083,2025-09-18T18:28:43.041083,lab_test,,,,Calendar event for lab_test,Lab Center,2025-07-31T06:59:43.041093,2025-09-12T23:57:43.041097
176940da-b150-42a4-be67-94ee147e307b,36b0d06a-9239-4197-8ff2-37fa85645e62,Consultation Event,2025-10-27T15:28:43.041102,2025-10-27T18:28:43.041102,lab_test,3400d7f1-95e8-4371-be69-45cf24854d7c,,,Calendar event for follow_up,Main Clinic,2025-08-06T21:43:43.041111,2025-08-26T00:26:43.041116
4e1a3f95-b7df-4073-9327-0d93bfbb087b,c6af055d-6ce4-4a54-b884-1bdbb0a18922,Follow_Up Event,2025-11-06T15:28:43.041122,2025-11-06T19:28:43.041122,reminder,503c4f2d-fb2a-48aa-a550-3e1a6f6f43b4,,ac2915b2-0c12-4831-8654-030b890d6ee1,Calendar event for follow_up,Telehealth,2025-09-04T12:10:43.041131,2025-09-17T21:30:43.041135
eccced16-45f4-4cfa-877b-56fc4be1d04b,3521b68e-dd86-4f18-bd3e-c2ea1da0d9a5,Follow_Up Event,2025-11-05T15:28:43.041140,2025-11-05T19:28:43.041140,reminder,cb86fa03-1343-4859-9a10-a9a88e0d1029,,,Calendar event for reminder,Lab Center,2025-08-12T19:21:43.041149,2025-08-27T14:14:43.041153
b1782727-ea89-456d-8868-0c1ece98e172,2b34c8ba-dc03-4957-9aa6-255d8b00fda7,Appointment Event,2025-08-25T15:28:43.041157,2025-08-25T18:28:43.041157,lab_test,,,,Calendar event for appointment,Downtown Office,2025-08-14T07:15:43.041166,2025-09-07T22:22:43.041170
80471144-f83a-491d-ad79-ecb719456abf,671e0405-88ea-454e-bf65-978e36acb5d3,Appointment Event,2025-11-16T15:28:43.041180,2025-11-16T16:28:43.041180,appointment,,,,Calendar event for appointment,Downtown Office,2025-08-23T14:11:43.041189,2025-08-25T04:48:43.041193
88fc62d8-3228-4dfb-adee-d6c44ad50309,134076d0-cd30-4e41-9d07-c3278120b469,Appointment Event,2025-08-26T15:28:43.041198,2025-08-26T18:28:43.041198,appointment,ad2ef8ea-e48d-43e9-a87e-569950733ce3,,bdbb8da2-f241-4231-b53d-66ef48e581e9,Calendar event for lab_test,Telehealth,2025-08-15T00:40:43.041208,2025-09-11T06:50:43.041212
c0834ea0-cba3-4705-8d43-e8f1144fe8b5,cddebcff-ea41-49e7-9fec-b61e50132338,Reminder Event,2025-11-10T15:28:43.041217,2025-11-10T19:28:43.041217,reminder,6a517a81-3dfe-4cee-b357-d89460ffbb59,,,Calendar event for follow_up,Lab Center,2025-09-03T00:46:43.041226,2025-08-25T06:53:43.041230
92adf4f3-d90b-400c-b583-90d1a261228a,7084d7cb-6a5c-4d20-a887-58fb4e53e89a,Consultation Event,2025-08-25T15:28:43.041235,2025-08-25T16:28:43.041235,reminder,,,da6af560-fa7d-45ea-8fcf-bb087e2ee6ed,Calendar event for consultation,Main Clinic,2025-07-23T23:24:43.041245,2025-08-30T22:06:43.041248
3ed0a354-2ca5-4405-9d74-51c1dd239c1b,dec38867-9280-40eb-8b5b-7f7880020301,Consultation Event,2025-11-08T15:28:43.041253,2025-11-08T18:28:43.041253,lab_test,,,ab1f9bc0-a7f2-4e64-a089-900de60bfb5c,Calendar event for reminder,Main Clinic,2025-09-05T03:37:43.041263,2025-09-15T20:03:43.041267
afdb961a-cdae-4c2e-b32a-82f9be184140,325116c0-de67-4fb0-986e-df01cd376352,Appointment Event,2025-10-08T15:28:43.041272,2025-10-08T17:28:43.041272,lab_test,,,dcab5538-1290-4106-a7ca-a2c2ec711e9e,Calendar event for appointment,Main Clinic,2025-07-27T01:03:43.041282,2025-09-14T11:20:43.041285
64f82b7d-edf4-4bc2-9b85-e9cbb1a0f410,4f73bfe1-0124-40cc-8260-f1fa58ecff12,Consultation Event,2025-10-12T15:28:43.041290,2025-10-12T17:28:43.041290,lab_test,3b71efe1-57a2-443a-8903-5ffadac615c0,,,Calendar event for appointment,Lab Center,2025-08-13T03:02:43.041300,2025-09-11T06:22:43.041303
11ff07b8-d6e0-4aad-9aac-e50d30d863e5,faa963c6-7512-4d53-b92d-f535d67f43dd,Appointment Event,2025-10-25T15:28:43.041309,2025-10-25T17:28:43.041309,follow_up,9627919b-6dfd-4ad9-821e-09fd6b871937,,07e60810-088c-42b8-ad79-14488435a231,Calendar event for appointment,Main Clinic,2025-08-04T18:41:43.041318,2025-09-12T22:10:43.041322
b8556ebf-4614-45b7-9cda-f5f65e28fa9c,b2603141-9a5a-4abf-806a-0ea26553b1eb,Follow_Up Event,2025-09-20T15:28:43.041327,2025-09-20T19:28:43.041327,reminder,,,,Calendar event for appointment,Telehealth,2025-07-29T01:57:43.041336,2025-08-28T08:14:43.041340
c7d7e470-24e5-40db-8cc8-be76af091950,1f8437c4-b85c-4182-baf2-2b887f320a13,Reminder Event,2025-09-05T15:28:43.041345,2025-09-05T16:28:43.041345,appointment,,,f6eb1759-0e48-4320-8595-36138622bd57,Calendar event for appointment,Main Clinic,2025-08-14T09:40:43.041354,2025-09-12T14:29:43.041358
cab91095-e02b-4e58-a63c-e6845e075ccb,01262edd-ffdb-44e5-b78e-58380d1a2f17,Follow_Up Event,2025-08-26T15:28:43.041363,2025-08-26T19:28:43.041363,appointment,,,ca183115-2f04-4209-b1a4-d91bc7f01be2,Calendar event for reminder,Telehealth,2025-09-06T01:27:43.041372,2025-09-06T06:08:43.041376
e96b3e66-5338-411e-b2ef-31b09312c722,1240e7fd-b0e1-4f8a-85ac-ecc9c04834ce,Lab_Test Event,2025-10-10T15:28:43.041380,2025-10-10T16:28:43.041380,reminder,,,,Calendar event for lab_test,Main Clinic,2025-08-21T13:15:43.041391,2025-08-30T09:54:43.041394
95eb6e2b-c26e-4dfa-9144-dc8438ba1381,cf7fb82d-8c84-4efe-b7cc-92a6fa005d9e,Follow_Up Event,2025-11-03T15:28:43.041400,2025-11-03T19:28:43.041400,consultation,f10135ae-0832-4e25-ac02-81f10d2b6b60,,6e9b00f8-c608-449e-912b-a44b8f47e5f1,Calendar event for lab_test,Main Clinic,2025-08-10T17:48:43.041409,2025-08-31T09:23:43.041413
2e889b0a-b36e-4f7c-bac0-61b02cf57b67,94565c23-5881-40d8-999c-939a461aad0f,Appointment Event,2025-10-27T15:28:43.041418,2025-10-27T17:28:43.041418,consultation,,,db6d1c3b-b44b-4731-a0c1-38716960e4ba,Calendar event for appointment,Downtown Office,2025-07-22T19:40:43.041427,2025-08-31T18:11:43.041431
6a48573f-bb09-4080-851a-6ea3d266c728,6ff63836-974a-469d-aa98-7a088d4699bc,Appointment Event,2025-10-02T15:28:43.041436,2025-10-02T17:28:43.041436,reminder,0bcfddc4-3680-45f1-82fe-394740bae84c,,eb094628-4524-4b2b-9ab7-46b03524ad34,Calendar event for consultation,Lab Center,2025-08-15T07:45:43.041446,2025-09-12T18:10:43.041450
4592b5e0-2ace-41fe-93fd-feea9a5c6f64,8d07a78c-c522-4c97-b76f-d77de1345295,Lab_Test Event,2025-09-24T15:28:43.041454,2025-09-24T16:28:43.041454,appointment,63b93751-5648-431a-b9be-f3263d390a46,,,Calendar event for reminder,Main Clinic,2025-08-19T23:18:43.041464,2025-09-12T18:35:43.041467
7962a7ab-e827-40c9-9cbe-b024417cb19e,3272ee86-af33-4848-a2f0-78cbaf3afd85,Lab_Test Event,2025-08-29T15:28:43.041472,2025-08-29T18:28:43.041472,follow_up,,,ffe79e3b-dbdd-4717-988c-5f9d5783bb2a,Calendar event for consultation,Main Clinic,2025-09-09T07:16:43.041482,2025-09-08T06:08:43.041486
56fc10f9-ff1c-4b84-a7be-20d58da0842a,70c020dc-7193-4c02-8efe-a42a506034ca,Reminder Event,2025-11-10T15:28:43.041490,2025-11-10T18:28:43.041490,reminder,,,,Calendar event for consultation,Telehealth,2025-08-24T07:31:43.041499,2025-08-30T04:07:43.041502
9f04848b-acda-4ccf-91b8-6fb256382a0b,49f838b3-bedd-476f-97f5-3bb13ff7dab9,Follow_Up Event,2025-10-07T15:28:43.041508,2025-10-07T18:28:43.041508,reminder,e2f30616-fcb5-4cbe-9cb1-eada2cbaf39f,,5071fbd4-6639-4862-b1ec-f86b7cb50c80,Calendar event for lab_test,Lab Center,2025-08-25T04:10:43.041518,2025-09-18T03:59:43.041522
fc93ab3c-c680-421a-bb0f-1c52d3d1569f,2500ccd7-6521-49b5-88e0-027fa8fb9668,Lab_Test Event,2025-08-19T15:28:43.041527,2025-08-19T19:28:43.041527,consultation,,,a42def35-3bde-4d6d-9ba0-231e64739ebb,Calendar event for appointment,Downtown Office,2025-08-02T13:42:43.041536,2025-08-21T09:20:43.041540
a6f06765-0bf8-4b40-bebe-6b220853d77a,6480941e-cda4-422e-b81a-1e91fa755249,Follow_Up Event,2025-11-16T15:28:43.041545,2025-11-16T18:28:43.041545,appointment,,,b05370d5-9e8d-475c-9d2a-306d8cce1099,Calendar event for follow_up,Lab Center,2025-08-18T19:46:43.041554,2025-08-22T22:17:43.041558
48c37f58-3057-4e3c-8293-840a92656143,ff1ab8ca-c5cb-420b-87ce-20d5fa52e8c4,Follow_Up Event,2025-11-14T15:28:43.041562,2025-11-14T18:28:43.041562,follow_up,f63cafff-b4bd-418b-a101-2fd798508378,,,Calendar event for appointment,Lab Center,2025-08-30T07:33:43.041572,2025-08-20T13:33:43.041575
d78b9b98-dc6f-42a7-9e56-8f27395c3f76,7f13eed5-0417-411f-a2f5-b68be413fe24,Reminder Event,2025-10-18T15:28:43.041580,2025-10-18T19:28:43.041580,follow_up,,,7cd2d7e6-8728-4af6-aede-0ff3dba676ef,Calendar event for reminder,Main Clinic,2025-08-08T09:14:43.041590,2025-08-20T18:54:43.041594
350972f3-cf0d-4ef0-9296-3af58b0cab8e,2fc6e8b6-f208-4058-860e-02a84fccbd55,Lab_Test Event,2025-10-17T15:28:43.041598,2025-10-17T16:28:43.041598,consultation,,,,Calendar event for reminder,Telehealth,2025-08-30T22:17:43.041608,2025-08-21T16:43:43.041611
ed9ccd4a-3a41-41b7-ba1e-055c91771032,065ba07e-93c9-487e-b89b-246ba4a94263,Follow_Up Event,2025-10-31T15:28:43.041616,2025-10-31T19:28:43.041616,reminder,,,f4c84e81-4f81-495d-857f-147035c55ce7,Calendar event for appointment,Downtown Office,2025-08-20T15:50:43.041625,2025-09-10T16:30:43.041629
618e50b4-5131-46b2-aa1e-e61d23f7794b,7d1da275-d1ec-4906-b2b2-50e085b89cc0,Appointment Event,2025-09-26T15:28:43.041634,2025-09-26T17:28:43.041634,consultation,,,b4e0a271-1c6b-4a71-af68-7e69a413c22a,Calendar event for consultation,Downtown Office,2025-08-29T09:11:43.041644,2025-08-22T20:19:43.041647
30687fe9-558c-4e31-88f8-38c5e5398fb6,4521b22d-738f-4dd5-be70-dd6227960cb7,Appointment Event,2025-11-17T15:28:43.041652,2025-11-17T18:28:43.041652,consultation,,,,Calendar event for appointment,Lab Center,2025-08-29T20:53:43.041661,2025-08-21T02:32:43.041665
19849cdf-5311-4912-aeb4-f73e27df669f,4184944e-eb94-4d0b-88b5-83cbe59f46df,Lab_Test Event,2025-10-18T15:28:43.041670,2025-10-18T19:28:43.041670,reminder,,,bad4b136-10f9-42dd-9ab5-4ca0df2328a8,Calendar event for consultation,Lab Center,2025-09-13T14:34:43.041679,2025-09-17T17:36:43.041683
0a42225e-d41a-4ba6-a62c-163b7c4479d0,1e2c704a-c4e0-40be-a5a0-c292ccfacbb5,Appointment Event,2025-10-15T15:28:43.041687,2025-10-15T16:28:43.041687,appointment,,,,Calendar event for consultation,Telehealth,2025-07-19T15:33:43.041697,2025-09-10T00:34:43.041701
7a6bd6d6-ab45-4827-a67c-efe3ab2e9dc9,2f1742d4-143f-425b-a609-ca3f239aa23b,Follow_Up Event,2025-10-14T15:28:43.041705,2025-10-14T17:28:43.041705,follow_up,,,,Calendar event for consultation,Main Clinic,2025-08-14T23:58:43.041715,2025-08-30T08:14:43.041718
c9927fad-a1e9-437e-9745-4aed01ede2c1,a9eda9f4-b598-43ee-abee-8d99b495f578,Reminder Event,2025-11-08T15:28:43.041723,2025-11-08T19:28:43.041723,reminder,,,26cfbf3c-48cf-47bf-a632-3068cfacda5c,Calendar event for consultation,Lab Center,2025-09-12T07:21:43.041733,2025-08-27T22:40:43.041737
c07b6843-82a0-43f6-bc43-6827f8c37be5,f34cf8e3-ba83-491e-8410-0ef402702249,Lab_Test Event,2025-09-07T15:28:43.041742,2025-09-07T19:28:43.041742,appointment,0f1a7f11-7364-4f8e-b77d-dd60f17a4e85,,,Calendar event for lab_test,Main Clinic,2025-09-16T05:49:43.041752,2025-09-05T08:53:43.041755
dd451717-e61c-4aa6-88cc-c68508f1db1a,4c6fa0b0-45a8-4519-9410-eee00134d1b5,Consultation Event,2025-09-02T15:28:43.041761,2025-09-02T17:28:43.041761,reminder,b8d2a779-9ccd-4865-882c-888c17e261b4,,6330fab6-f9d9-4226-bba6-338082c5fb23,Calendar event for reminder,Downtown Office,2025-08-17T07:31:43.041770,2025-08-24T03:28:43.041774
4313b4d2-26e5-4518-9c4a-182e37feaef9,3521b68e-dd86-4f18-bd3e-c2ea1da0d9a5,Consultation Event,2025-11-16T15:28:43.041779,2025-11-16T18:28:43.041779,appointment,5a35b459-4d3a-434a-892b-531db52f7cf4,,,Calendar event for reminder,Main Clinic,2025-07-25T23:26:43.041788,2025-09-11T23:34:43.041792
3f200717-66ad-4244-b493-7e0d96bbb828,50091300-6803-4829-b34a-b492eb209391,Appointment Event,2025-09-29T15:28:43.041797,2025-09-29T17:28:43.041797,appointment,6fbf89bf-abaa-4ad0-9141-9f131e0aca88,,9eaf424b-374c-47e3-9b6b-d6efafca423a,Calendar event for reminder,Main Clinic,2025-08-31T15:35:43.041810,2025-09-01T16:25:43.041814
145e8fd1-416f-418a-98a0-8a0103211620,148454ed-ab96-4fd0-9333-8c837dd5e7d2,Lab_Test Event,2025-09-12T15:28:43.041819,2025-09-12T19:28:43.041819,consultation,,,17b8b32e-1ba8-4f66-ab4e-3d8bea50a4c4,Calendar event for consultation,Main Clinic,2025-08-10T09:04:43.041829,2025-09-15T18:08:43.041832
7b040d3b-f125-43b6-81c1-396d93c96e7f,96795894-9ecf-4946-b798-a49b8ecb6572,Follow_Up Event,2025-10-06T15:28:43.041837,2025-10-06T19:28:43.041837,follow_up,b69f0a2b-a7f6-429c-aec3-3fd1e5dfe7d1,,9ac948de-318c-489c-a81c-fde19cb80655,Calendar event for reminder,Main Clinic,2025-08-18T10:56:43.041847,2025-08-24T16:27:43.041850
76d459ba-21df-42ae-9c11-d2536ebd83d1,cc41467d-293d-4b28-82cc-b31af79d9998,Consultation Event,2025-09-22T15:28:43.041858,2025-09-22T18:28:43.041858,lab_test,,,,Calendar event for appointment,Main Clinic,2025-08-02T15:36:43.041867,2025-09-09T13:55:43.041871
0d0b3df8-a842-40bd-aaf2-f80053c5e985,0509bb75-9376-424a-ad72-5280fc197d71,Lab_Test Event,2025-08-21T15:28:43.041876,2025-08-21T16:28:43.041876,consultation,,,c540ba4c-c119-4589-8267-5d5d85c8ee92,Calendar event for appointment,Downtown Office,2025-09-06T08:05:43.041885,2025-09-17T05:59:43.041889
83473675-a83d-41ab-91dc-7500e94e22ba,0d9b5c58-d12d-40fe-8999-0f75deb27684,Consultation Event,2025-09-11T15:28:43.041894,2025-09-11T18:28:43.041894,consultation,c2bf0b2c-08c2-466e-a09b-9e26290ad4e1,,,Calendar event for reminder,Telehealth,2025-08-06T08:37:43.041904,2025-09-06T11:17:43.041907
50c7196b-951b-45dd-a5ec-294ac7d69f31,4b3d8274-f689-46e8-a2d9-9095506430c5,Follow_Up Event,2025-09-23T15:28:43.041913,2025-09-23T19:28:43.041913,lab_test,57b72d34-7679-497a-8259-8fe954cd55f2,,bd840037-96a7-4f59-bf07-1f9041fcf37e,Calendar event for reminder,Telehealth,2025-09-17T04:50:43.041923,2025-09-01T15:49:43.041926
cd41c0ae-2b98-4166-bda8-c11e1270944d,6480941e-cda4-422e-b81a-1e91fa755249,Follow_Up Event,2025-08-24T15:28:43.041931,2025-08-24T18:28:43.041931,appointment,,,1c74844c-8cb3-4467-a27f-1a980e9a1177,Calendar event for follow_up,Downtown Office,2025-09-13T12:10:43.041940,2025-08-22T22:53:43.041944
6ed0ec97-c126-4f83-9c53-97a5362f88c1,53fcd55b-2d1a-46ce-bf45-6ca4161087de,Follow_Up Event,2025-11-02T15:28:43.041949,2025-11-02T17:28:43.041949,appointment,57b72d34-7679-497a-8259-8fe954cd55f2,,,Calendar event for consultation,Lab Center,2025-08-17T03:12:43.041958,2025-09-14T02:34:43.041961
ca293425-0ffd-4e86-b433-3d9e473ee90d,d245e6f4-5b85-4b41-9a1d-3c0348dc18f5,Lab_Test Event,2025-10-21T15:28:43.041967,2025-10-21T18:28:43.041967,reminder,,,5b6a6adf-e3d4-45b2-808a-3742cfeb4828,Calendar event for lab_test,Downtown Office,2025-08-31T23:29:43.041978,2025-09-13T06:40:43.041982
25572158-ef8f-4901-996f-6b7d721ec445,73a2e732-3c3c-4b31-8cb7-76c2929a98ee,Consultation Event,2025-09-27T15:28:43.041988,2025-09-27T17:28:43.041988,appointment,29d13a68-9bcb-44b2-ae2c-33cfbf29e9a5,,aba22bdb-b5ba-4a59-836b-1953ef9b1e0e,Calendar event for lab_test,Telehealth,2025-08-27T18:25:43.041998,2025-09-10T05:38:43.042001
a1a0a306-593f-48db-be99-ede6fd525503,a2bbe51a-7f7f-4a0a-be76-fad34dc591d6,Lab_Test Event,2025-09-25T15:28:43.042006,2025-09-25T18:28:43.042006,consultation,b7974088-659b-4ac1-bd7a-c1e80f0508c4,,,Calendar event for lab_test,Main Clinic,2025-09-07T01:29:43.042016,2025-08-30T11:25:43.042020
21d0ebc2-3b47-48c0-898d-48e9ca64ba05,6c3d65f6-4d15-4504-a3c7-b2aa5afc6f9e,Reminder Event,2025-08-31T15:28:43.042025,2025-08-31T17:28:43.042025,lab_test,a49bad2d-8609-45f9-96e5-72de40873024,,78e7b347-8bb3-40f2-8e31-3a49e385c5b5,Calendar event for reminder,Main Clinic,2025-08-06T08:59:43.042034,2025-08-23T15:31:43.042038
4ea3d5f4-7f32-4930-b874-eb2bfc65f8ee,1c7e05a4-3af3-41ff-8480-d3d8069e542f,Consultation Event,2025-08-20T15:28:43.042042,2025-08-20T19:28:43.042042,lab_test,,,,Calendar event for follow_up,Main Clinic,2025-07-22T20:42:43.042052,2025-08-31T12:43:43.042056
3370a5be-5b46-4c33-8fd4-6322bfee3d09,7ac3362f-0367-4397-8273-f195abf34b66,Reminder Event,2025-10-01T15:28:43.042061,2025-10-01T19:28:43.042061,consultation,955573ab-c269-4caf-aef2-228e6affe713,,,Calendar event for lab_test,Main Clinic,2025-09-03T17:33:43.042070,2025-09-02T23:42:43.042074
ce39303c-fcaa-495c-981d-e1f4960fab98,4be6c825-8bdb-4002-a0ed-cef127214a27,Appointment Event,2025-09-25T15:28:43.042079,2025-09-25T18:28:43.042079,consultation,,,234888d4-ce40-4f98-85b6-68aa4568b470,Calendar event for reminder,Main Clinic,2025-09-07T08:10:43.042088,2025-09-17T15:49:43.042092
dbb1b441-c66c-46f2-bfd6-e5f779c10c41,c581edb3-07ed-48bd-9b19-bff37676b0b1,Appointment Event,2025-09-16T15:28:43.042097,2025-09-16T16:28:43.042097,consultation,d2d881aa-1ec7-482f-87fd-91878ba3f907,,,Calendar event for appointment,Downtown Office,2025-07-22T19:31:43.042106,2025-08-27T11:34:43.042110
5aa2302f-f7b3-4648-a7a9-9d456f58982c,c6af055d-6ce4-4a54-b884-1bdbb0a18922,Appointment Event,2025-10-13T15:28:43.042115,2025-10-13T16:28:43.042115,consultation,,,59278e3d-ef72-436d-a8c1-55e06b793e60,Calendar event for lab_test,Main Clinic,2025-09-07T18:07:43.042124,2025-09-05T15:40:43.042128
f77f73e7-65ee-4f44-8646-7d62b5c57313,99029689-6ca6-4f77-91da-4931be8bd09a,Consultation Event,2025-10-24T15:28:43.042134,2025-10-24T17:28:43.042134,appointment,ce43974d-6988-4a37-84ce-e2b912fe9d65,,0b166546-858a-413f-a898-a3b34c96ad40,Calendar event for follow_up,Lab Center,2025-07-20T20:24:43.042143,2025-08-20T10:28:43.042147
e3addf7d-765e-4045-927a-e93cece2ede9,a10085ce-e978-4104-8939-95efcd2b29b3,Reminder Event,2025-10-21T15:28:43.042152,2025-10-21T18:28:43.042152,follow_up,,,8de56d0b-acbe-49e1-8b0e-0cd0ac17f2a7,Calendar event for reminder,Main Clinic,2025-09-05T17:02:43.042162,2025-08-24T16:32:43.042165
f4b7cf05-cd95-4fee-871b-b0a65143551b,dd5cf921-bb2c-4399-9d43-b9c3cd5fe9ce,Appointment Event,2025-10-25T15:28:43.042170,2025-10-25T19:28:43.042170,appointment,6c0a4400-3315-4c9c-9c6f-9b2fb8b516b2,,,Calendar event for follow_up,Main Clinic,2025-09-18T06:01:43.042180,2025-08-19T10:35:43.042183
e14c1060-e30a-49a9-94fb-b583eda2e580,91a64477-328f-436d-8ef7-79c24eec2e9e,Reminder Event,2025-09-11T15:28:43.042188,2025-09-11T19:28:43.042188,consultation,,,4dd216e7-4007-4199-86ff-175979388318,Calendar event for lab_test,Telehealth,2025-09-18T03:01:43.042197,2025-08-29T21:38:43.042201
ff8c2723-6839-41c2-934d-38bccdafb81e,672fd092-c4e1-41ac-8cd4-c1fc3b1435fd,Consultation Event,2025-10-27T15:28:43.042206,2025-10-27T17:28:43.042206,appointment,,,234888d4-ce40-4f98-85b6-68aa4568b470,Calendar event for consultation,Lab Center,2025-09-03T23:41:43.042215,2025-09-02T15:36:43.042219
e014dbee-81f6-45b2-8497-e74d55c07f37,2e569c3e-b849-405c-ba40-3964af72358a,Lab_Test Event,2025-08-21T15:28:43.042224,2025-08-21T19:28:43.042224,appointment,f9c681cc-7b47-4065-ad79-2cd6348b71c1,,c5c1b5c4-856a-4c72-8fec-1b0ea1727d99,Calendar event for consultation,Telehealth,2025-09-04T06:27:43.042234,2025-08-18T20:32:43.042237
7fe34924-e68e-4b91-a7eb-fd8b68d1524f,837cfe76-c161-4238-aa17-9149ffe0f75f,Appointment Event,2025-09-24T15:28:43.042242,2025-09-24T19:28:43.042242,appointment,b8535ab5-ef7d-42ab-9326-4e0686b43593,,,Calendar event for follow_up,Telehealth,2025-08-12T19:58:43.042252,2025-09-01T21:17:43.042256
e5723755-6440-4077-90cd-94c59e2131b9,dbe4306a-5b93-4e2b-aee0-6c209ef36209,Appointment Event,2025-08-21T15:28:43.042261,2025-08-21T17:28:43.042261,consultation,,,d6ec5df1-6aa4-46d8-81da-b1894481def5,Calendar event for consultation,Downtown Office,2025-07-31T03:10:43.042271,2025-08-24T17:48:43.042274
711fb8fb-57c0-4d5b-bc0c-13726a645ad4,8d07a78c-c522-4c97-b76f-d77de1345295,Follow_Up Event,2025-10-04T15:28:43.042279,2025-10-04T16:28:43.042279,appointment,,,,Calendar event for reminder,Main Clinic,2025-08-30T06:28:43.042288,2025-09-14T15:47:43.042292
27955360-9049-47f8-a42d-ae4a83f5391d,fd6edce6-af68-47ab-848d-0cf76275c43b,Consultation Event,2025-10-24T15:28:43.042296,2025-10-24T19:28:43.042296,consultation,,,,Calendar event for appointment,Telehealth,2025-09-12T12:53:43.042305,2025-09-11T13:40:43.042309
db6730d7-2150-4bb4-85f7-2c9b57adcc7f,671e0405-88ea-454e-bf65-978e36acb5d3,Consultation Event,2025-10-14T15:28:43.042314,2025-10-14T16:28:43.042314,reminder,a7777959-2507-48ec-8d94-bd4ce5ef8947,,306bcb7d-00c3-4a92-8c92-140c2dea7bbf,Calendar event for reminder,Telehealth,2025-08-08T06:55:43.042323,2025-09-09T11:49:43.042327
ce6b4d13-3d9d-4b5a-8850-e89a3faced95,cb01d6ce-0af4-44ec-ac93-249227cea8b2,Consultation Event,2025-11-08T15:28:43.042332,2025-11-08T17:28:43.042332,lab_test,,,234aa56d-13d2-4e7c-bebf-4a8943fa6fc5,Calendar event for lab_test,Telehealth,2025-08-20T17:01:43.042342,2025-08-26T17:50:43.042346
03e4e92a-ec1e-4f22-a3a5-d66adbcca652,4aed58cc-d1b0-4513-8e31-4bfe033e0771,Appointment Event,2025-09-26T15:28:43.042351,2025-09-26T17:28:43.042351,appointment,6b399b39-2836-4676-b1df-e0705b22bcb4,,c9165fb3-53d6-4eff-9ea2-bea046a95f73,Calendar event for consultation,Telehealth,2025-09-01T07:14:43.042361,2025-09-16T09:50:43.042365
440c2ecf-77d9-416e-87ee-d2f260cb7d71,0eb70f0e-9edb-4db4-ab9b-14f37b3bd1c7,Consultation Event,2025-10-06T15:28:43.042370,2025-10-06T17:28:43.042370,reminder,ee27241f-7a4a-4386-a98f-5c04f1adddd4,,,Calendar event for follow_up,Lab Center,2025-09-16T03:42:43.042379,2025-08-29T05:26:43.042383
89c1ee09-6104-4c25-8eea-93584d4c429d,7084d7cb-6a5c-4d20-a887-58fb4e53e89a,Appointment Event,2025-10-10T15:28:43.042388,2025-10-10T17:28:43.042388,appointment,,,1750a4de-1f9d-4da8-8110-923aa891a2d6,Calendar event for consultation,Downtown Office,2025-08-19T08:18:43.042397,2025-08-24T16:45:43.042401
2f0b5ec7-14e3-4f4a-911e-94f1317e18e3,837cfe76-c161-4238-aa17-9149ffe0f75f,Lab_Test Event,2025-09-20T15:28:43.042405,2025-09-20T19:28:43.042405,appointment,,,,Calendar event for consultation,Downtown Office,2025-09-16T22:55:43.042414,2025-09-02T15:01:43.042418
49192786-446e-484c-a49c-1219cb588e5d,8e09acbb-f592-431c-98d3-706e9a913f84,Follow_Up Event,2025-10-15T15:28:43.042460,2025-10-15T17:28:43.042460,follow_up,da88c5c1-2ba4-4a08-8a49-6cc6a8b3de97,,,Calendar event for appointment,Downtown Office,2025-09-09T12:15:43.042471,2025-08-28T17:53:43.042475
e63c0f55-e807-4755-b80f-58b77137397d,43a3f667-58b0-4025-90c3-70f4ace353da,Lab_Test Event,2025-10-23T15:28:43.042485,2025-10-23T19:28:43.042485,consultation,92259d8e-3723-47a4-af0c-f869cc99547f,,,Calendar event for follow_up,Lab Center,2025-08-19T17:38:43.042496,2025-09-02T22:03:43.042500
7dc66a2d-1311-4074-83df-49a0b875a3a5,1e4e8cff-34fb-418a-be29-920ff09c37b0,Consultation Event,2025-08-25T15:28:43.042506,2025-08-25T17:28:43.042506,reminder,1f42eebd-3b13-41c6-8323-ebe435f85806,,c40915e3-f95e-4793-b393-fafae7bfd52f,Calendar event for reminder,Main Clinic,2025-09-10T19:08:43.042516,2025-08-29T03:03:43.042519
7ba110f1-264d-4230-b8d0-580398de5fea,c85cf8a9-6217-4ad3-b7e6-e8aa3ef9327b,Reminder Event,2025-10-15T15:28:43.042525,2025-10-15T19:28:43.042525,appointment,25cd23c6-ca86-4899-9141-4462f1d77ed2,,084cd898-0e9f-4762-a636-0225b5105ade,Calendar event for lab_test,Telehealth,2025-08-20T10:49:43.042535,2025-09-07T19:56:43.042538
111cd9a7-ad81-40d5-8e71-75fe3df86d8f,820af457-72a7-47c8-9a4b-5b4583d649c8,Lab_Test Event,2025-10-17T15:28:43.042543,2025-10-17T16:28:43.042543,lab_test,,,80f75ef6-be49-4a59-9de4-64a51a76ba8e,Calendar event for reminder,Telehealth,2025-08-11T07:34:43.042553,2025-08-23T15:22:43.042557
6f7eadad-6e69-4392-80cf-aec6dcca1b76,1129de12-50a1-43b0-8326-817fa17db764,Lab_Test Event,2025-10-11T15:28:43.042562,2025-10-11T19:28:43.042562,reminder,,,d75e86f3-02d7-4e5e-8586-85a80f5899c2,Calendar event for lab_test,Lab Center,2025-08-25T04:09:43.042573,2025-09-02T18:36:43.042577
77dcc0a7-7661-4a34-8e57-52c9abc27295,0fdf7a63-19f8-466b-a576-df9ceeb45263,Reminder Event,2025-10-27T15:28:43.042582,2025-10-27T16:28:43.042582,reminder,,,,Calendar event for lab_test,Main Clinic,2025-08-08T18:09:43.042592,2025-09-07T14:45:43.042595
8314b08e-462b-4032-bad3-81bb5f2d8c91,f53b49ea-c3a9-412f-beea-9cd8c9a6eeb4,Consultation Event,2025-09-08T15:28:43.042600,2025-09-08T19:28:43.042600,appointment,,,c11b3528-87bd-4533-92c1-fba4a351c3ad,Calendar event for lab_test,Telehealth,2025-08-03T17:03:43.042611,2025-09-05T05:42:43.042615
9d581669-4a2c-43c2-8fe8-64b817b328ac,1129de12-50a1-43b0-8326-817fa17db764,Follow_Up Event,2025-10-18T15:28:43.042619,2025-10-18T16:28:43.042619,consultation,,,,Calendar event for lab_test,Lab Center,2025-08-29T07:48:43.042628,2025-09-15T09:53:43.042632
deaccef0-6c30-49e9-8b76-1fa8035e48ae,5f06d3ff-f1f3-49ef-b23c-69ed92d0337e,Follow_Up Event,2025-10-23T15:28:43.042637,2025-10-23T18:28:43.042637,follow_up,,,69e8ba06-e439-40f6-9775-29715339100a,Calendar event for consultation,Telehealth,2025-09-10T21:22:43.042647,2025-08-24T04:27:43.042650
ad496aff-1ea6-4695-bf12-b433d07ab18c,1cbbdf28-5808-4072-841b-8eb469853c18,Follow_Up Event,2025-11-11T15:28:43.042655,2025-11-11T17:28:43.042655,follow_up,,,890713d7-6802-446a-bd6e-ebee84566b2a,Calendar event for reminder,Downtown Office,2025-08-02T21:52:43.042665,2025-09-18T11:01:43.042669
61cdb89b-f315-45af-a808-ceaf73a44b2e,a2b1e46c-4484-4514-afac-041be52c4802,Consultation Event,2025-11-15T15:28:43.042673,2025-11-15T18:28:43.042673,lab_test,,,,Calendar event for lab_test,Downtown Office,2025-08-31T06:28:43.042682,2025-09-06T01:28:43.042685
d31caa9f-9090-4969-9aa0-d89f3f265bfc,c75d8efe-5670-4078-9c87-e5f85f805fb2,Follow_Up Event,2025-08-26T15:28:43.042692,2025-08-26T19:28:43.042692,consultation,e0ef7793-9293-49b2-a8e4-9a21a282d725,,f3996af5-91bc-441d-969e-ff9f75cac95e,Calendar event for follow_up,Main Clinic,2025-08-19T10:24:43.042702,2025-08-23T05:45:43.042706
d7ac5288-d06f-4d37-8f54-efceec5a770e,946acb39-ff86-44fb-bc6e-381478e20ebf,Lab_Test Event,2025-08-30T15:28:43.042710,2025-08-30T16:28:43.042710,lab_test,022090aa-d816-488d-8065-2a59ff1fd91c,,,Calendar event for reminder,Main Clinic,2025-08-26T16:20:43.042720,2025-09-10T15:18:43.042724
cd50eeb9-885e-42b6-b448-bf5f508b3790,c449c905-dc26-4132-9c10-79d41ec9b3c5,Reminder Event,2025-10-05T15:28:43.042729,2025-10-05T19:28:43.042729,follow_up,,,1f6a9af5-5e12-42e7-ac71-3af5de8848c9,Calendar event for follow_up,Telehealth,2025-08-25T14:51:43.042739,2025-08-22T04:34:43.042742
2096d2a3-ede6-4575-b487-4d0b27d6d46e,b6b5656c-8cc4-49e9-8204-c008bb68e05e,Lab_Test Event,2025-10-01T15:28:43.042747,2025-10-01T16:28:43.042747,consultation,9cf1a56f-e107-4ada-b979-ff0262d8ea0f,,69e8ba06-e439-40f6-9775-29715339100a,Calendar event for appointment,Downtown Office,2025-08-28T06:57:43.042757,2025-08-21T07:40:43.042761
6095cf69-1bc1-4599-892e-ef822b101b17,cfbe1b21-339d-445e-89c0-25b945412c0e,Follow_Up Event,2025-09-24T15:28:43.042766,2025-09-24T18:28:43.042766,consultation,9bf019bd-fe34-4ce6-ba14-cd5e3eb0ac27,,666aa9e0-606c-4f06-8d9d-10081fb0ae29,Calendar event for lab_test,Downtown Office,2025-08-31T23:54:43.042776,2025-08-28T17:47:43.042780
1ce80d3d-f069-40a8-b28d-60a27e82cd76,036ec8dc-23b6-4c59-aba9-242dea8c3c39,Follow_Up Event,2025-10-23T15:28:43.042785,2025-10-23T18:28:43.042785,follow_up,,,4b5b16ae-38e1-4e79-881b-6699d7ad71b5,Calendar event for reminder,Telehealth,2025-07-19T22:19:43.042794,2025-09-07T05:08:43.042798
5abadd83-af79-4f2d-bb6b-e7d4c18c1288,d8ca6332-45ba-49d2-bb48-fffb017b4d86,Appointment Event,2025-09-12T15:28:43.042803,2025-09-12T16:28:43.042803,appointment,,,deb9cc07-da7d-475a-9702-00cc7f599595,Calendar event for consultation,Lab Center,2025-08-28T09:43:43.042814,2025-08-26T11:21:43.042817
3f2c7212-7db9-4277-a057-53062a6d62e2,c21edce8-b3ee-4c65-8ec4-6fabe7319d78,Consultation Event,2025-08-25T15:28:43.042822,2025-08-25T18:28:43.042822,appointment,,,ff8a4aab-97d8-436a-a792-dbed7ae0d356,Calendar event for follow_up,Lab Center,2025-08-12T18:39:43.042832,2025-09-09T05:49:43.042836
c1292798-6acb-4be8-9fac-833ead9c4047,5e520e4c-03d6-4be3-9894-2a2bdf7363fa,Consultation Event,2025-08-23T15:28:43.042840,2025-08-23T17:28:43.042840,reminder,,,,Calendar event for consultation,Downtown Office,2025-08-05T05:32:43.042849,2025-08-27T04:57:43.042853
148db38b-15e3-4a51-9d4d-4dad7378b975,56cb3c26-2357-4463-8a7f-cea94a61b08b,Consultation Event,2025-09-16T15:28:43.042857,2025-09-16T18:28:43.042857,consultation,,,,Calendar event for appointment,Main Clinic,2025-09-17T22:42:43.042867,2025-08-18T16:00:43.042870
7e420071-2a7b-4629-88e2-b7b4ce90dbd7,ceade10e-7893-4dde-b389-c86036999380,Follow_Up Event,2025-10-27T15:28:43.042877,2025-10-27T17:28:43.042877,lab_test,f23959d8-579f-44d4-bf4e-2c3e1f9c2333,,06998c46-9010-4bcb-b98c-d53b1f950cac,Calendar event for consultation,Telehealth,2025-09-15T21:17:43.042887,2025-08-31T19:06:43.042891
74dc686e-6c63-4f47-b646-ea4faa2f7acd,e28f3869-b254-47b6-a8af-597642de522f,Consultation Event,2025-10-25T15:28:43.042896,2025-10-25T19:28:43.042896,reminder,,,f3cfa21a-75aa-49c1-9ae4-4fe8ab864775,Calendar event for follow_up,Telehealth,2025-09-07T03:06:43.042906,2025-09-02T12:31:43.042910
3b2980f9-3ccb-4d0f-93fb-a8ec55fbfaa3,5c6d8351-a840-4b57-9861-ad9adff57605,Consultation Event,2025-11-13T15:28:43.042914,2025-11-13T17:28:43.042914,appointment,f59bc38b-4613-4894-90f7-976e2c31afc2,,,Calendar event for lab_test,Telehealth,2025-09-11T03:47:43.042924,2025-09-05T09:08:43.042927
aa8056df-2dfa-41bd-b16d-030d537833c1,b972daac-5997-4e3d-85df-265b9d273f88,Appointment Event,2025-08-28T15:28:43.042932,2025-08-28T18:28:43.042932,follow_up,1942ca8a-ef34-4b71-afc4-5868efdaefee,,,Calendar event for follow_up,Downtown Office,2025-08-10T12:24:43.042942,2025-09-09T20:08:43.042945
00589012-e626-46d7-9e49-5dbfc24f61e3,884991db-99cf-4ec4-8e82-6eee4188f269,Consultation Event,2025-10-28T15:28:43.042951,2025-10-28T16:28:43.042951,follow_up,,,dcc9dc73-10de-4a0f-a7e9-82b86de025d7,Calendar event for follow_up,Downtown Office,2025-08-27T16:36:43.042961,2025-08-26T17:29:43.042964
cd2604b9-5540-41fb-9371-b6fed0e73398,b902509b-3421-4267-8b71-cd3bcf3960cc,Follow_Up Event,2025-11-10T15:28:43.042969,2025-11-10T17:28:43.042969,consultation,,,890713d7-6802-446a-bd6e-ebee84566b2a,Calendar event for reminder,Downtown Office,2025-07-27T06:29:43.042978,2025-08-29T16:18:43.042982
a4eb17ae-4c4a-409c-92ef-d07df2fcc60d,42523d3f-bd42-497a-9004-3b89630a2981,Consultation Event,2025-08-25T15:28:43.042987,2025-08-25T19:28:43.042987,consultation,,,,Calendar event for lab_test,Main Clinic,2025-09-03T10:37:43.042996,2025-08-26T05:39:43.043000
917fd28c-6f05-4cc9-b6af-60b59c431cea,ddf99dee-1612-4225-8faf-2889e27957b8,Lab_Test Event,2025-11-10T15:28:43.043004,2025-11-10T19:28:43.043004,follow_up,,,,Calendar event for lab_test,Downtown Office,2025-08-28T08:43:43.043013,2025-08-23T09:45:43.043019
f124df6c-6f61-4553-a81e-cc43bcba1802,dd45c7db-5676-4865-b0c5-40df2279eb40,Follow_Up Event,2025-10-04T15:28:43.043023,2025-10-04T17:28:43.043023,follow_up,182e4c2f-e6a3-4c02-960b-7454c447b980,,,Calendar event for reminder,Downtown Office,2025-08-28T11:36:43.043033,2025-09-15T13:29:43.043038
bfd0d9c1-80ce-44bd-9154-bb5a3ad95623,afcf0ac2-bbdd-42ba-8a1e-e5490b874f10,Reminder Event,2025-10-19T15:28:43.043043,2025-10-19T17:28:43.043043,reminder,,,f0994b26-4844-4ff1-bb6c-0f8fe2720833,Calendar event for appointment,Lab Center,2025-08-15T09:17:43.043053,2025-08-19T06:02:43.043057
9f6f074d-9b99-4232-921d-0da6f6f8b7a2,43a3f667-58b0-4025-90c3-70f4ace353da,Appointment Event,2025-11-03T15:28:43.043062,2025-11-03T16:28:43.043062,lab_test,,,78995456-7be5-4671-a00f-4e1430d14c16,Calendar event for lab_test,Telehealth,2025-08-09T23:57:43.043072,2025-08-25T03:41:43.043075
d309b7da-93cb-4262-9814-b861fe0e0cbb,955114de-7b68-441a-9eab-3edbce918d9d,Lab_Test Event,2025-10-11T15:28:43.043080,2025-10-11T17:28:43.043080,appointment,,,084148d2-b987-444b-8241-8fb932f85101,Calendar event for appointment,Telehealth,2025-08-12T16:53:43.043090,2025-08-31T15:02:43.043093
8b551bbe-93c0-40e4-8408-c4793199b6b0,a2f70ba7-fa3d-4c22-9e17-d2759757aa34,Follow_Up Event,2025-09-06T15:28:43.043099,2025-09-06T17:28:43.043099,reminder,99ef349e-fe12-4261-8cc3-f1fd927085ad,,6c0547e4-847e-4faa-b4f4-776dab97810c,Calendar event for reminder,Main Clinic,2025-09-02T16:40:43.043109,2025-08-26T23:30:43.043113
6f938b3a-ac35-42e8-8022-88494bb4dde8,303a1a1d-048a-489e-99b6-66ebb7fbd506,Reminder Event,2025-11-15T15:28:43.043118,2025-11-15T18:28:43.043118,consultation,,,676d53fd-b27a-4b7d-a4b8-6078f414411b,Calendar event for appointment,Telehealth,2025-07-24T06:56:43.043127,2025-08-23T21:45:43.043130
df3ddc28-f349-459f-88a6-6c1336920fee,8a632ec3-caac-45f1-9d62-358166045e38,Appointment Event,2025-09-08T15:28:43.043135,2025-09-08T16:28:43.043135,follow_up,,,6b47f432-2e78-46c7-b9fe-8e84d1b2095a,Calendar event for follow_up,Main Clinic,2025-09-18T13:06:43.043145,2025-08-24T18:51:43.043148
10810187-cded-4621-866e-2743b160fa6b,70ce5c11-3c13-4746-b6f5-32bbdb1e20e6,Reminder Event,2025-09-22T15:28:43.043153,2025-09-22T16:28:43.043153,lab_test,,,de2f9523-f25b-4490-935f-940de3db258e,Calendar event for appointment,Telehealth,2025-09-05T15:10:43.043163,2025-09-04T06:39:43.043166
0f26c2d9-3427-45a2-ada4-252f26ab61cd,4c4501ed-0541-459d-9852-7a564af84b8d,Reminder Event,2025-10-16T15:28:43.043171,2025-10-16T18:28:43.043171,reminder,,,366669a4-51f3-4c5d-8e22-27172d5d5e29,Calendar event for lab_test,Lab Center,2025-08-28T01:09:43.043181,2025-08-21T09:12:43.043185
c15d1f17-cfaf-4a47-9e7c-1fdefd45149d,16b13d74-269c-4e3e-bfe5-f1a91553d999,Consultation Event,2025-10-28T15:28:43.043189,2025-10-28T19:28:43.043189,consultation,,,,Calendar event for reminder,Telehealth,2025-07-28T00:02:43.043201,2025-08-24T01:52:43.043205
5472116f-5b48-4ad8-bc6a-b0741ac14a61,11cf74ec-a823-4ccf-b6e3-dfa3c9ea35a0,Reminder Event,2025-10-17T15:28:43.043210,2025-10-17T17:28:43.043210,consultation,,,ad92e41f-7303-4f01-b886-cf9374736fed,Calendar event for appointment,Downtown Office,2025-07-22T20:04:43.043219,2025-08-26T01:48:43.043223
9d7f2157-9490-4939-9aca-e5b2bc1b1c7e,79592835-19cd-416a-a4fe-6bf400bc20a0,Reminder Event,2025-08-22T15:28:43.043228,2025-08-22T16:28:43.043228,reminder,,,99a2f35a-54ef-4c22-8c5c-d75b56189ec8,Calendar event for follow_up,Telehealth,2025-07-21T09:57:43.043237,2025-08-31T23:27:43.043241
c97e79ba-8955-4ae3-a54a-693fc5537af2,2948a6ef-8edc-4f48-ae14-13c6aaf30a4a,Reminder Event,2025-10-19T15:28:43.043247,2025-10-19T17:28:43.043247,consultation,cb5695f2-8cb7-468d-9969-cbe2f898a477,,3116945a-96f7-4d4d-9bb7-f786b1add437,Calendar event for appointment,Downtown Office,2025-08-23T07:19:43.043258,2025-09-03T03:45:43.043261
8ff7047f-082a-43fd-9111-e131dea290cf,42523d3f-bd42-497a-9004-3b89630a2981,Consultation Event,2025-08-21T15:28:43.043266,2025-08-21T16:28:43.043266,follow_up,,,7857aedb-05bc-46d1-a852-55bae6b4e6d0,Calendar event for reminder,Telehealth,2025-08-16T22:39:43.043275,2025-08-22T07:57:43.043279
2714f7ac-3b54-4426-8990-cf8f6363f04f,d0c75633-ef16-4cd1-b176-6bbd2bd2bea4,Follow_Up Event,2025-09-22T15:28:43.043284,2025-09-22T17:28:43.043284,reminder,d4018d8e-44c4-49dc-9e5d-cc8f9448f8bd,,,Calendar event for reminder,Telehealth,2025-08-14T23:08:43.043294,2025-09-17T14:35:43.043297
69852bfe-34e0-4dcf-b752-416f62553944,3e563fcd-4534-44d7-8b37-25322be5bab5,Lab_Test Event,2025-09-07T15:28:43.043303,2025-09-07T16:28:43.043303,reminder,43c7bbf2-d63b-41a2-9bf7-0c70b6df53cd,,1d73ed0c-e06b-4db5-b37b-1cc4a8062a5b,Calendar event for follow_up,Telehealth,2025-08-12T22:09:43.043312,2025-08-26T13:21:43.043316
67ab3067-4c92-45e4-89f6-fdd6ebb36165,edf7d107-6bf2-41eb-85a8-9971fde358ac,Follow_Up Event,2025-09-30T15:28:43.043321,2025-09-30T18:28:43.043321,follow_up,91971561-968e-4d21-8abc-5d465ae6f6fc,,979cef31-5eed-475d-8f13-19d0f00e6d71,Calendar event for follow_up,Main Clinic,2025-09-16T07:07:43.043331,2025-09-10T08:10:43.043335
f9e0ac49-7525-426b-b865-a601b6ac12b9,69079fb1-30ee-4d4d-bb90-a12bfb723a13,Lab_Test Event,2025-08-21T15:28:43.043340,2025-08-21T16:28:43.043340,follow_up,848964fe-2e1f-4986-a598-9a025a8a5cc9,,7667fe76-9a5e-4fd9-8fb4-a6c46a593231,Calendar event for reminder,Main Clinic,2025-08-15T10:50:43.043350,2025-08-23T18:21:43.043356
3eadfee2-479c-4906-aa0a-f89dcd061a35,0d9b5c58-d12d-40fe-8999-0f75deb27684,Lab_Test Event,2025-10-09T15:28:43.043361,2025-10-09T18:28:43.043361,reminder,8379c35c-2bf9-4b2a-9bb7-cb4da2197747,,c17d14f4-405f-4bc7-b9d2-66c8318b974c,Calendar event for consultation,Main Clinic,2025-08-11T05:04:43.043370,2025-08-28T15:15:43.043374
0daf573c-bbb1-4183-8e12-83de3b2feb19,4bc6ff23-e119-4382-b11a-9c1307d5d624,Reminder Event,2025-10-01T15:28:43.043379,2025-10-01T17:28:43.043379,lab_test,e3eb11cb-2cc8-445b-bca7-9767ee8003d6,,f377ca2e-2eee-4c9a-aa75-c6b75b6a11b3,Calendar event for appointment,Main Clinic,2025-08-30T06:14:43.043389,2025-09-03T11:08:43.043392
35625c6e-43c5-425a-83b5-104d99ed3a98,7b38b82a-818c-4f09-8a49-f314e47c870a,Lab_Test Event,2025-11-10T15:28:43.043397,2025-11-10T18:28:43.043397,lab_test,31eaf271-27c3-45c9-895c-787e74ea894a,,,Calendar event for reminder,Downtown Office,2025-08-31T22:31:43.043407,2025-09-04T11:00:43.043410
435f6087-94c2-4655-86e7-634fc58b59b8,dc01bad4-96bb-4a5c-91d9-840666d08375,Consultation Event,2025-09-25T15:28:43.043415,2025-09-25T19:28:43.043415,lab_test,16878174-b223-43a2-93e0-90f2d2cdc083,,,Calendar event for appointment,Lab Center,2025-09-03T20:13:43.043424,2025-08-19T10:38:43.043428
a8b01542-30a7-4eaf-b15d-45847570be25,4595f012-5753-4187-9e61-b98764fa17ea,Lab_Test Event,2025-09-22T15:28:43.043434,2025-09-22T17:28:43.043434,lab_test,ed3fbf91-c516-4edc-82c3-a207792886b8,,,Calendar event for consultation,Telehealth,2025-08-05T06:33:43.043443,2025-09-15T17:19:43.043447
0ff543b7-6b8a-4b94-9b10-f4f96ef90c92,d29b0995-0dd8-412f-929b-0b29c5f0ef1c,Follow_Up Event,2025-10-22T15:28:43.043451,2025-10-22T16:28:43.043451,appointment,,,,Calendar event for lab_test,Telehealth,2025-09-01T23:22:43.043461,2025-08-26T14:32:43.043465
916ac047-86de-42db-94c5-f6cf5864a6c0,39dc1f6f-262d-4574-bde5-15c1ea61b00a,Reminder Event,2025-09-26T15:28:43.043470,2025-09-26T17:28:43.043470,follow_up,,,076d75fd-5420-42af-8560-ff4eb16b0c04,Calendar event for follow_up,Main Clinic,2025-07-26T12:43:43.043479,2025-09-13T06:20:43.043483
514e033d-6898-4d7d-9c5f-a8512adfd696,a49b8d8f-ebd7-4792-9939-3c2f9ddb3533,Appointment Event,2025-09-22T15:28:43.043488,2025-09-22T17:28:43.043488,follow_up,,,2105cb8a-bd3e-4bac-a0e6-488777d6dd10,Calendar event for reminder,Lab Center,2025-08-05T18:58:43.043497,2025-08-29T22:45:43.043501
685bf245-9e21-41da-b86b-3e509f090ced,c62d3de1-ee94-48aa-b288-026126fc7a39,Lab_Test Event,2025-09-22T15:28:43.043506,2025-09-22T19:28:43.043506,consultation,aaebb6e3-f175-4c66-bf6e-3b185cd175a9,,bfeb5cd4-2aaf-411b-bc2a-6f2177849bf6,Calendar event for appointment,Lab Center,2025-09-14T09:59:43.043517,2025-08-29T17:47:43.043520
292cff00-573f-43b8-9e36-6e36cfe12d80,8a50110f-2ce4-492f-bdc9-3937d8009775,Follow_Up Event,2025-11-10T15:28:43.043525,2025-11-10T16:28:43.043525,consultation,,,e98c6751-0fb0-4d5b-af42-46afd9b402b1,Calendar event for follow_up,Telehealth,2025-08-03T22:02:43.043535,2025-09-11T14:48:43.043539
c9f27de7-92bb-4d44-bd2f-58352bac8a7a,036ec8dc-23b6-4c59-aba9-242dea8c3c39,Reminder Event,2025-09-08T15:28:43.043544,2025-09-08T17:28:43.043544,reminder,9cf1a56f-e107-4ada-b979-ff0262d8ea0f,,33d644be-1566-4e18-b57e-035dfcc40e76,Calendar event for consultation,Lab Center,2025-09-09T00:45:43.043554,2025-08-28T02:36:43.043558
08469546-6749-4d79-96c1-4bb3b56e3f44,dbcd2f8d-dce5-4cd0-a835-60cd92af4bd9,Follow_Up Event,2025-09-28T15:28:43.043562,2025-09-28T19:28:43.043562,follow_up,,,5bffb3a0-dc55-4834-b0ea-888cc63027d5,Calendar event for follow_up,Lab Center,2025-07-22T03:57:43.043572,2025-09-04T03:32:43.043575
eb72689c-60c5-469b-84c3-78e10411fcf3,dbcd2f8d-dce5-4cd0-a835-60cd92af4bd9,Consultation Event,2025-10-07T15:28:43.043580,2025-10-07T17:28:43.043580,appointment,,,e58bb417-ee03-450e-9df0-a214f930da2b,Calendar event for lab_test,Main Clinic,2025-09-13T12:35:43.043590,2025-08-26T18:18:43.043593
d9bff9a7-a582-47bf-8e6f-610798916a95,1e4e8cff-34fb-418a-be29-920ff09c37b0,Consultation Event,2025-11-05T15:28:43.043598,2025-11-05T16:28:43.043598,consultation,,,907d33ab-879f-4aa7-a919-5205dfa12179,Calendar event for consultation,Main Clinic,2025-08-30T18:52:43.043608,2025-09-01T09:47:43.043611
172e9ba3-ae8b-4e34-a2af-3ecf5aeaf70c,2a2d645d-1368-4fd0-abb3-94c1fd70c782,Follow_Up Event,2025-10-01T15:28:43.043617,2025-10-01T17:28:43.043617,follow_up,,,5d3da2a8-6fa5-468e-b445-86f4e6324196,Calendar event for follow_up,Main Clinic,2025-08-16T15:46:43.043628,2025-09-05T00:47:43.043632
770e6917-65a1-4452-8ec0-f34ae6214a74,941b9708-b03c-416f-9e01-71046df9060c,Appointment Event,2025-10-21T15:28:43.043636,2025-10-21T19:28:43.043636,reminder,,,,Calendar event for consultation,Downtown Office,2025-07-26T12:37:43.043646,2025-09-09T20:20:43.043649
2a2773ac-f5ea-42f8-9a09-ed9a804fb0ac,c9f30d16-ec2a-4bde-a616-fdd229241a98,Appointment Event,2025-10-14T15:28:43.043653,2025-10-14T17:28:43.043653,reminder,,,,Calendar event for follow_up,Telehealth,2025-08-06T17:03:43.043663,2025-09-10T13:23:43.043667
4e97c91e-1520-43fd-b45b-1cf1729fc14d,7d23ea1f-2720-4b54-80f7-4579597354cd,Consultation Event,2025-09-18T15:28:43.043672,2025-09-18T18:28:43.043672,reminder,,,59278e3d-ef72-436d-a8c1-55e06b793e60,Calendar event for follow_up,Lab Center,2025-08-30T02:47:43.043682,2025-08-26T00:29:43.043686
1c6ef0e0-7b62-4eb2-b596-6a1c75802738,7db79da5-33b5-42f6-8dcb-0569c07a0eb2,Lab_Test Event,2025-11-06T15:28:43.043691,2025-11-06T16:28:43.043691,reminder,,,256c2cd8-67ea-4217-b09a-2a978cd5771c,Calendar event for appointment,Telehealth,2025-07-24T07:32:43.043700,2025-09-12T14:03:43.043703
1a3ae1e0-9b65-4d63-a823-8e8daba82e61,561f1511-7a1f-434a-b9d8-b5ecf6f94bea,Lab_Test Event,2025-10-19T15:28:43.043708,2025-10-19T16:28:43.043708,lab_test,20f76d54-aa2d-42c3-a264-9d98ef067833,,,Calendar event for reminder,Lab Center,2025-09-18T04:18:43.043718,2025-08-22T10:13:43.043721
153563d5-ff99-4048-bc46-d5e5dbb34396,401f6b57-3e5f-4641-bd8e-03acf40e24c6,Appointment Event,2025-10-14T15:28:43.043726,2025-10-14T17:28:43.043726,follow_up,,,ade2b208-76bf-4529-adad-19402fbbed5f,Calendar event for consultation,Lab Center,2025-08-20T05:07:43.043735,2025-09-13T01:48:43.043739
4d396414-4250-433b-b0a4-1b46fd66635b,d62cc08b-63a4-4ba0-bb27-9898bd6442cc,Follow_Up Event,2025-11-05T15:28:43.043745,2025-11-05T19:28:43.043745,consultation,95154c7d-a418-4a6e-a668-dcae4e4932bf,,e46a5804-98cc-422b-987a-4bbc37f89dba,Calendar event for lab_test,Downtown Office,2025-08-05T04:32:43.043756,2025-09-08T17:07:43.043759
640ed92b-dd93-443f-b337-38e93860af81,271deb57-464f-4e87-8afd-20991224e965,Follow_Up Event,2025-11-01T15:28:43.043765,2025-11-01T17:28:43.043765,consultation,62d3f026-a30b-4b56-8722-37c70b8f8e87,,,Calendar event for reminder,Lab Center,2025-09-12T20:38:43.043774,2025-09-16T08:55:43.043777
ec18ecd7-5e4c-4253-b558-538ae9db2c27,71616200-1f2d-48e9-9021-10665f74e518,Reminder Event,2025-10-03T15:28:43.043782,2025-10-03T18:28:43.043782,lab_test,,,,Calendar event for consultation,Downtown Office,2025-08-03T23:04:43.043793,2025-08-22T23:45:43.043796
502a8d1e-005b-4b2d-8eee-c4d8309110ba,56560f16-d8ff-4b63-9aeb-dac97f4ffc75,Consultation Event,2025-11-07T15:28:43.043802,2025-11-07T19:28:43.043802,consultation,4b9cdb8c-0ec4-4ae7-a1fb-9016fca974f3,,6330fab6-f9d9-4226-bba6-338082c5fb23,Calendar event for consultation,Downtown Office,2025-08-20T15:33:43.043812,2025-09-10T11:48:43.043815
f8dfdbf7-5742-4d3a-90d1-362a19dde26f,d8685efa-dee9-4058-b81c-bed33dedb9d3,Appointment Event,2025-10-09T15:28:43.043820,2025-10-09T19:28:43.043820,consultation,,,,Calendar event for reminder,Downtown Office,2025-08-28T00:28:43.043830,2025-08-20T19:21:43.043834
2b981df1-c7e7-43a5-95dd-f099e69f2bc0,c423ff28-b423-4704-ba7a-1b151d535781,Lab_Test Event,2025-10-06T15:28:43.043839,2025-10-06T16:28:43.043839,reminder,,,863e050c-602e-4cec-8471-7977f320153b,Calendar event for lab_test,Main Clinic,2025-09-02T03:17:43.043850,2025-09-10T19:25:43.043853
f2be13ec-ad91-41e4-9707-f7b028e62c38,328fa412-4e38-4832-8521-89982d8ae5d7,Appointment Event,2025-10-23T15:28:43.043859,2025-10-23T16:28:43.043859,lab_test,94c5a50d-3a1b-416e-b240-a498f5838559,,aab74b7d-ee4e-49d8-9b66-67f892ea561c,Calendar event for consultation,Lab Center,2025-07-28T20:56:43.043868,2025-08-23T09:38:43.043872
d62f78c3-8ac9-4431-aec7-58d98129ad2c,56822161-bd91-494d-bdf2-30602614a2d7,Consultation Event,2025-11-03T15:28:43.043877,2025-11-03T16:28:43.043877,reminder,b96576b2-c398-49ad-8673-ff109128650a,,084cd898-0e9f-4762-a636-0225b5105ade,Calendar event for consultation,Lab Center,2025-07-28T22:24:43.043887,2025-09-14T21:43:43.043890
a520d7fd-ebfd-494e-883d-2b9f54ed95b8,941b9708-b03c-416f-9e01-71046df9060c,Reminder Event,2025-10-09T15:28:43.043895,2025-10-09T18:28:43.043895,lab_test,f763f125-2f4d-4a70-b436-717e47b9a9c0,,,Calendar event for follow_up,Downtown Office,2025-08-23T16:42:43.043904,2025-09-15T06:53:43.043907
b25206f1-1af8-45eb-be67-2ad215e708c3,3a07f413-2640-4b6c-bfb9-f69316b92fbd,Consultation Event,2025-09-18T15:28:43.043912,2025-09-18T19:28:43.043912,reminder,,,,Calendar event for follow_up,Downtown Office,2025-08-06T15:26:43.043921,2025-09-03T17:20:43.043925
336b3774-3699-4451-b22c-070c75377bc1,0eb92b3d-6ce8-43da-8976-ad41ef6a836e,Appointment Event,2025-10-19T15:28:43.043929,2025-10-19T19:28:43.043929,appointment,,,,Calendar event for consultation,Main Clinic,2025-07-19T18:58:43.043939,2025-09-07T20:29:43.043943
cb4d12d7-90cf-47d5-a8c7-928a658d9994,548b186a-640e-483c-8707-04fe8eb8d44a,Follow_Up Event,2025-09-21T15:28:43.043947,2025-09-21T17:28:43.043947,appointment,,,,Calendar event for appointment,Lab Center,2025-08-29T01:32:43.043956,2025-09-02T18:31:43.043959
ea0df109-8c87-40e9-966f-133e32da0997,75a8a2ca-bd18-460c-ad24-b6817f2b19a5,Reminder Event,2025-10-18T15:28:43.043964,2025-10-18T16:28:43.043964,lab_test,,,,Calendar event for reminder,Telehealth,2025-08-30T01:39:43.043973,2025-09-11T01:31:43.043977
88a2cf78-2035-4595-8861-223b9f7f12f9,6b766cb7-c655-4b3b-b058-d412dae46f31,Consultation Event,2025-10-25T15:28:43.043984,2025-10-25T18:28:43.043984,follow_up,f99c17ea-e77a-4a6c-adf2-69fff4529b8b,,37d4b306-2be1-4b90-a894-8484d7d690f0,Calendar event for reminder,Telehealth,2025-09-02T16:38:43.043993,2025-08-30T12:59:43.043997
437b7bae-0fc3-41bb-b1a8-d5c08a8bf4bf,d29b0995-0dd8-412f-929b-0b29c5f0ef1c,Lab_Test Event,2025-11-14T15:28:43.044001,2025-11-14T19:28:43.044001,follow_up,,,,Calendar event for consultation,Main Clinic,2025-08-25T02:23:43.044010,2025-09-09T10:58:43.044014
32de3e14-dfda-47fd-943a-4a1664d0a6a0,a6ade087-9b1b-461e-aa76-c1f55ea26d76,Consultation Event,2025-11-07T15:28:43.044019,2025-11-07T16:28:43.044019,appointment,,,4c7632ac-5f18-4196-bbfe-fae7750c3c99,Calendar event for appointment,Lab Center,2025-09-15T18:16:43.044028,2025-08-21T08:21:43.044032
e97772c2-6ba4-4597-9339-1f6741292e4e,99029689-6ca6-4f77-91da-4931be8bd09a,Appointment Event,2025-10-05T15:28:43.044037,2025-10-05T18:28:43.044037,appointment,,,897d6fa6-4e16-4fe8-a037-b189850cfd3e,Calendar event for appointment,Telehealth,2025-09-10T02:44:43.044046,2025-08-21T23:56:43.044049
e6dbf891-c818-4b59-81de-aa222252dddc,8e7e2c49-68bc-47b6-ad48-d3d9cffb23bb,Appointment Event,2025-10-09T15:28:43.044054,2025-10-09T18:28:43.044054,appointment,,,,Calendar event for lab_test,Telehealth,2025-09-07T16:38:43.044063,2025-09-13T10:17:43.044067
7d415182-6c71-45fc-9f26-9404a0c4b928,36b0d06a-9239-4197-8ff2-37fa85645e62,Consultation Event,2025-11-15T15:28:43.044072,2025-11-15T18:28:43.044072,consultation,4bc02f35-3401-4823-a03c-eb4daeeeabcb,,c15025da-408b-49f2-b43a-d41ad28e05b8,Calendar event for follow_up,Telehealth,2025-08-24T21:36:43.044082,2025-09-14T09:06:43.044086
ea4ed079-3e7b-429a-9790-4530ddbeed47,c182126e-3dd7-455c-99c2-df991c02a512,Follow_Up Event,2025-10-24T15:28:43.044091,2025-10-24T17:28:43.044091,consultation,f4198da1-cce5-42a1-aa2e-0bdb04ad4a4e,,c40915e3-f95e-4793-b393-fafae7bfd52f,Calendar event for appointment,Main Clinic,2025-07-31T13:21:43.044100,2025-09-07T23:38:43.044104
5fff5ebe-bbf3-4556-930e-2275cffc413a,df520e33-17cc-4c7a-8704-828c77bfdf2c,Consultation Event,2025-09-08T15:28:43.044109,2025-09-08T18:28:43.044109,reminder,0cc1944b-cd7e-4005-a7bc-14332b5f73ab,,eb9c3413-0164-4845-946e-80c30d0855a9,Calendar event for consultation,Telehealth,2025-09-16T00:49:43.044119,2025-09-15T07:31:43.044123
06694447-685f-44f4-93ee-b6517149797f,6e99a1ff-64f1-4c53-ba64-cb73d3456b3a,Follow_Up Event,2025-10-21T15:28:43.044127,2025-10-21T17:28:43.044127,consultation,,,4bd93919-cdef-49ec-acf5-4d104ff2d644,Calendar event for follow_up,Telehealth,2025-08-12T21:59:43.044138,2025-08-26T15:26:43.044141
3cf255f0-fb7c-4d59-b3c9-7c69bd377383,ffbf3399-c477-4305-9c78-3efe5517d31d,Consultation Event,2025-08-20T15:28:43.044146,2025-08-20T16:28:43.044146,follow_up,,,,Calendar event for consultation,Main Clinic,2025-07-24T13:50:43.044155,2025-09-04T14:42:43.044160
22125319-a8b3-4bb8-b45d-3a6a3b2ed9b1,d0a36620-4c00-4dc5-ba76-c2797169dc39,Appointment Event,2025-08-23T15:28:43.044166,2025-08-23T16:28:43.044166,consultation,e86c9991-f915-49ba-b335-67ff3cf63906,,e44eec99-a5c6-4081-9c32-523ba5cd4318,Calendar event for reminder,Telehealth,2025-09-10T21:26:43.044176,2025-08-30T16:39:43.044179
69da2c09-8a18-4fd1-b88a-4fb4af3bbb92,2a2d645d-1368-4fd0-abb3-94c1fd70c782,Consultation Event,2025-09-20T15:28:43.044184,2025-09-20T17:28:43.044184,reminder,,,,Calendar event for appointment,Downtown Office,2025-08-29T20:03:43.044193,2025-08-28T11:16:43.044197
be3b7495-cb04-4036-bdbc-91f1f1bea963,bc1caaf4-bafc-4a1b-ad8c-251764926121,Consultation Event,2025-09-19T15:28:43.044201,2025-09-19T17:28:43.044201,appointment,,,,Calendar event for follow_up,Lab Center,2025-08-24T00:55:43.044210,2025-08-29T11:13:43.044214
7efdc5a3-ef0d-42da-ab3a-61c1ff5c00b4,b9fbdedd-5cf8-4f96-b202-4c1fd95bf6de,Reminder Event,2025-10-13T15:28:43.044219,2025-10-13T18:28:43.044219,lab_test,,,24ecdb70-e89a-497c-abf8-95194761eedd,Calendar event for reminder,Telehealth,2025-07-29T19:39:43.044229,2025-09-08T00:35:43.044232
217f04e8-27a7-46f0-afa3-de71c5042086,d3c03e9a-dfd5-4fe9-b887-e6d077ff2b7b,Follow_Up Event,2025-08-22T15:28:43.044237,2025-08-22T18:28:43.044237,follow_up,a83a00f3-625f-4454-a4b5-9b50e85ced4c,,,Calendar event for follow_up,Lab Center,2025-09-15T06:13:43.044247,2025-08-21T00:34:43.044250
30c13c26-188e-438e-9abe-f8a820faed53,69079fb1-30ee-4d4d-bb90-a12bfb723a13,Lab_Test Event,2025-08-29T15:28:43.044254,2025-08-29T16:28:43.044254,lab_test,,,,Calendar event for consultation,Downtown Office,2025-09-16T01:07:43.044263,2025-09-09T19:29:43.044267
a2ed6401-b416-408e-b74d-d43f5b0d199e,db55f501-87de-4986-8000-e8ac263c50eb,Appointment Event,2025-09-12T15:28:43.044272,2025-09-12T19:28:43.044272,lab_test,6ecb267f-2460-4d09-92fa-a3d04329a9a7,,,Calendar event for appointment,Telehealth,2025-08-15T08:45:43.044281,2025-09-11T17:31:43.044285
c8aeb5fd-1d6a-47d1-a976-530b9770faaf,7d23ea1f-2720-4b54-80f7-4579597354cd,Appointment Event,2025-09-23T15:28:43.044290,2025-09-23T19:28:43.044290,reminder,,,,Calendar event for reminder,Downtown Office,2025-08-25T15:45:43.044299,2025-09-17T21:18:43.044302
87a0cbcb-b334-4800-ad85-25293406a5c5,eda9619f-b17a-4bd3-8455-e2dc2d94e181,Lab_Test Event,2025-09-10T15:28:43.044308,2025-09-10T16:28:43.044308,follow_up,cc22ad96-4608-41ad-ba8e-ce0f6549c26c,,9affeddb-3607-419e-be5a-7a424ffb6738,Calendar event for appointment,Downtown Office,2025-08-24T02:36:43.044318,2025-09-02T19:38:43.044321
ccc1335c-980a-49bc-ab2c-85d6dc886a53,cf7fb82d-8c84-4efe-b7cc-92a6fa005d9e,Reminder Event,2025-11-09T15:28:43.044327,2025-11-09T19:28:43.044327,reminder,63ac5c22-8cdc-4731-96de-7c3828d04777,,36f386fa-fae7-492d-907c-28151008f3ab,Calendar event for appointment,Downtown Office,2025-08-04T12:02:43.044336,2025-09-06T00:08:43.044340
d013b414-d4b4-4128-a539-3badee073217,79592835-19cd-416a-a4fe-6bf400bc20a0,Reminder Event,2025-10-07T15:28:43.044346,2025-10-07T19:28:43.044346,consultation,75ecf615-dca9-409a-8f68-ffe9b292b2e3,,c8e92883-5b15-44f4-84ea-c477c77b8b46,Calendar event for lab_test,Telehealth,2025-08-12T23:14:43.044356,2025-08-27T15:00:43.044361
67aab68b-9276-45ed-b38b-58fb8c8e13c6,c6300dc4-9cad-4b26-8007-3fabcd7a97e6,Reminder Event,2025-09-15T15:28:43.044366,2025-09-15T16:28:43.044366,follow_up,,,c536c66b-67fe-4481-9f8e-e1e17e826d86,Calendar event for reminder,Main Clinic,2025-08-28T17:45:43.044377,2025-09-08T03:29:43.044381
d799bbb5-8368-41b6-8555-6ca888bdcef9,cc55f474-241e-4ec7-a067-703d46adc014,Follow_Up Event,2025-11-16T15:28:43.044386,2025-11-16T18:28:43.044386,follow_up,00a2810e-505f-4cff-a60f-284173403400,,3665449e-aac1-4120-851e-8ffa919f93c1,Calendar event for lab_test,Main Clinic,2025-08-28T04:06:43.044396,2025-08-25T10:20:43.044400
a0156398-547c-4e8f-b1a6-2b5dbf489832,6882dfc9-5562-4371-ab0a-7a938b11686a,Reminder Event,2025-10-16T15:28:43.044406,2025-10-16T19:28:43.044406,lab_test,d7ea7764-7cac-4a82-a488-8d87b65f2d20,,bc591b49-28e8-4c4c-8704-b12d5b8d249d,Calendar event for appointment,Telehealth,2025-09-05T07:16:43.044415,2025-08-30T00:09:43.044418
74973d05-ada6-40af-910b-0fe60a6c4123,d0c75633-ef16-4cd1-b176-6bbd2bd2bea4,Appointment Event,2025-11-06T15:28:43.044424,2025-11-06T19:28:43.044424,reminder,25c5893d-40e6-478d-9e88-3f0468078ebf,,,Calendar event for follow_up,Main Clinic,2025-09-12T05:34:43.044433,2025-08-24T21:19:43.044437
7fbddfe9-7449-4d31-9682-006638618520,5e520e4c-03d6-4be3-9894-2a2bdf7363fa,Lab_Test Event,2025-11-11T15:28:43.044441,2025-11-11T16:28:43.044441,follow_up,,,,Calendar event for consultation,Downtown Office,2025-07-30T19:17:43.044451,2025-08-24T19:36:43.044455
c851a1c3-4140-4597-ab60-a7a0aa10bd3d,b208d1c9-5689-4942-968e-78d2960f8cf1,Lab_Test Event,2025-11-12T15:28:43.044459,2025-11-12T16:28:43.044459,appointment,,,,Calendar event for appointment,Telehealth,2025-09-10T19:56:43.044468,2025-09-02T02:13:43.044472
9e397d49-ca5d-4d75-90cb-9d0fda86f414,6c91fd74-79c9-47ff-a89a-cb7e8880f872,Lab_Test Event,2025-11-11T15:28:43.044477,2025-11-11T18:28:43.044477,reminder,63d191b6-bb68-4856-97a3-651af68490e9,,fe4af441-dfd0-47bc-a7db-752171f28484,Calendar event for follow_up,Telehealth,2025-08-07T11:44:43.044492,2025-09-08T09:04:43.044496
a1b49b22-054e-4076-885a-bdad8d98f6a8,753b337c-9b4c-4e53-b09d-b0d9aaf86bf5,Lab_Test Event,2025-10-17T15:28:43.044501,2025-10-17T19:28:43.044501,lab_test,8777ff05-c4a5-4e87-b753-93e429afd9fe,,9b89916e-b138-4745-8b46-362b783c7d78,Calendar event for appointment,Downtown Office,2025-09-08T16:21:43.044511,2025-08-25T01:56:43.044514
1e947991-1081-4e9d-905f-4d69d2ef21fd,d72da028-27e8-49d8-bafe-92eda4f04b3f,Follow_Up Event,2025-09-28T15:28:43.044519,2025-09-28T19:28:43.044519,appointment,,,,Calendar event for lab_test,Main Clinic,2025-07-22T23:14:43.044528,2025-08-20T17:32:43.044532
a1862add-d53d-4c02-8c30-a3c7f678eb0f,325cca5f-8e6e-4ba2-9b10-38c4447c5e32,Reminder Event,2025-08-30T15:28:43.044538,2025-08-30T17:28:43.044538,lab_test,,,32e5b921-6575-499d-83b8-170c50ca9287,Calendar event for reminder,Telehealth,2025-08-02T06:17:43.044547,2025-08-25T05:25:43.044551
05e09052-508e-4e7f-adbf-75e014b2afac,40deb890-f823-4e50-9dbd-6d32c316f452,Consultation Event,2025-08-24T15:28:43.044556,2025-08-24T16:28:43.044556,lab_test,,,37ba6ad7-e040-4460-b61b-0b03ca15ea4e,Calendar event for lab_test,Telehealth,2025-08-20T13:03:43.044565,2025-08-20T20:06:43.044569
da87ae89-f33d-42a2-8cf3-1fda6571c628,cde88888-c738-4638-a9e7-2eb8cd4a3afe,Appointment Event,2025-10-08T15:28:43.044574,2025-10-08T18:28:43.044574,follow_up,c8fc3fba-5d7f-46fe-9871-ef166befacc2,,,Calendar event for follow_up,Telehealth,2025-08-24T21:55:43.044583,2025-08-27T17:15:43.044587
743f604e-17c1-4d5e-9d28-b63e9b9d2b55,b5dd6838-d302-4a30-89b9-46340064b00f,Lab_Test Event,2025-09-06T15:28:43.044592,2025-09-06T16:28:43.044592,consultation,,,6a8f3a5e-afcf-42f1-ab56-22ff06ba02f5,Calendar event for appointment,Telehealth,2025-09-18T10:16:43.044602,2025-08-27T23:25:43.044606
f9c30144-0a5f-4d4c-b9ac-5134a141a661,28ae185f-fa15-4902-928a-12c252cb2516,Reminder Event,2025-10-07T15:28:43.044611,2025-10-07T16:28:43.044611,lab_test,,,01284f1f-1697-4837-b965-f17fc822f6e2,Calendar event for follow_up,Main Clinic,2025-07-23T22:46:43.044621,2025-08-18T17:44:43.044624
9fa980aa-a834-4926-896f-4766d433c469,5675724c-577c-4b4b-a0b0-61ca6dd8b49b,Reminder Event,2025-10-29T15:28:43.044629,2025-10-29T19:28:43.044629,consultation,4746e0a8-d77c-46e6-b9b8-6ff9b6348e72,,ac29d7e1-15c2-4403-ad07-4dafed517d79,Calendar event for appointment,Telehealth,2025-08-14T22:18:43.044639,2025-09-04T20:55:43.044642
faf3bda1-8376-4163-a197-7a4b9d581496,24b89b23-ba45-4fbe-bc6d-886795f3195a,Follow_Up Event,2025-10-23T15:28:43.044648,2025-10-23T19:28:43.044648,reminder,4b9cdb8c-0ec4-4ae7-a1fb-9016fca974f3,,263c566c-c6b7-40c5-91df-44195f15bfe3,Calendar event for reminder,Telehealth,2025-07-24T23:26:43.044657,2025-08-26T22:03:43.044661
e0fe95c9-c2a0-4ec7-9458-d51f6c54f7dc,1a0c3048-7f38-4f8f-8b46-45cad54cd3b6,Reminder Event,2025-09-03T15:28:43.044666,2025-09-03T16:28:43.044666,lab_test,,,7567a63b-73b9-472f-a45c-739ceac3d898,Calendar event for lab_test,Telehealth,2025-08-30T12:54:43.044676,2025-08-26T22:59:43.044679
dace29c1-eaae-46c5-b950-2f40c7ffc9be,5bd5f814-7843-4540-aa52-b339a9a4dc94,Consultation Event,2025-10-06T15:28:43.044684,2025-10-06T16:28:43.044684,follow_up,90fbd43b-c357-494b-9b88-b8932b9b93ab,,,Calendar event for reminder,Downtown Office,2025-08-10T18:36:43.044694,2025-08-27T00:32:43.044697
ebcd3d96-91ca-46da-948f-92ca07246fc0,b5d54256-ebba-426b-912b-cef94dbcda28,Lab_Test Event,2025-10-10T15:28:43.044703,2025-10-10T17:28:43.044703,appointment,7836b0a6-8b39-425d-bc06-43734e986489,,a88e54f2-12f6-4591-a8fa-a8615ea17734,Calendar event for follow_up,Lab Center,2025-07-22T21:18:43.044713,2025-09-16T16:39:43.044716
b32bc693-d4de-4c14-a8d2-cd23fbbcd2bc,9b055547-6c6b-4003-94a8-5523ccc705ce,Appointment Event,2025-11-15T15:28:43.044722,2025-11-15T16:28:43.044722,lab_test,,,d97bd4df-137c-482f-8c45-e3d241703fcb,Calendar event for consultation,Main Clinic,2025-08-31T21:50:43.044732,2025-09-13T04:19:43.044735
d8cfdc32-7fa3-4364-adc6-2c5c454bce0e,8ef45a26-cd52-4521-80d7-a4d021985d11,Consultation Event,2025-09-04T15:28:43.044740,2025-09-04T16:28:43.044740,follow_up,d9def28e-ee70-419f-953a-b464f80674a1,,,Calendar event for follow_up,Telehealth,2025-08-27T23:34:43.044749,2025-09-16T02:28:43.044753
d636c2b1-f58c-4414-b492-beb3bcd95d04,be9bf6a6-6295-429b-b909-67ad3227922d,Lab_Test Event,2025-08-25T15:28:43.044758,2025-08-25T18:28:43.044758,follow_up,e74424c5-e7f2-400a-becc-968e65c5a049,,,Calendar event for reminder,Downtown Office,2025-07-28T13:56:43.044768,2025-09-09T04:56:43.044772
8a066721-2518-4683-8fe0-ed034a0212ae,e8c0b074-5284-4c89-9378-6d65dab0ec22,Lab_Test Event,2025-09-27T15:28:43.044777,2025-09-27T17:28:43.044777,appointment,,,db54eb06-c8ba-489e-b87b-f1905156202d,Calendar event for lab_test,Downtown Office,2025-09-08T20:29:43.044786,2025-08-20T02:32:43.044790
3a65b985-584c-42fd-95ec-389ed072612e,9ee0ad36-fb63-4d26-afc2-f63b3684eb4e,Follow_Up Event,2025-10-09T15:28:43.044795,2025-10-09T19:28:43.044795,consultation,,,a14e986c-fe81-44fe-8b25-deee6fbbd4ab,Calendar event for reminder,Main Clinic,2025-09-09T13:52:43.044804,2025-09-08T11:24:43.044808
575ae091-bf89-4be3-ba6e-248a5277ff0b,8916f0ab-2da4-44d1-8359-b667a35d9301,Appointment Event,2025-09-05T15:28:43.044813,2025-09-05T19:28:43.044813,reminder,,,ed4f0d8d-52fd-4c79-aa9d-55510081e3bd,Calendar event for lab_test,Downtown Office,2025-09-09T21:37:43.044822,2025-08-28T11:19:43.044826
bb7c907a-6f62-4e22-8767-a345780697d2,6b9b5eba-714d-48cd-9a83-b068589ecb01,Follow_Up Event,2025-09-27T15:28:43.044831,2025-09-27T17:28:43.044831,lab_test,14fa755b-4bfc-440b-80c1-0c74e2118167,,,Calendar event for follow_up,Downtown Office,2025-08-02T23:47:43.044840,2025-09-18T10:41:43.044844
cb1fbbb2-acb0-4913-868c-99f21c9955f4,42950850-9845-4580-8bd4-05f4c26c63b6,Reminder Event,2025-08-19T15:28:43.044849,2025-08-19T16:28:43.044849,consultation,,,1c3b36f7-2af0-470b-ae4d-e487851c6fb3,Calendar event for appointment,Main Clinic,2025-08-11T13:29:43.044859,2025-08-26T19:14:43.044863
4b7730ec-ecbf-405b-9baf-cc484c5adb33,5675724c-577c-4b4b-a0b0-61ca6dd8b49b,Consultation Event,2025-10-01T15:28:43.044868,2025-10-01T17:28:43.044868,reminder,,,db931387-16eb-4ed7-bfe3-a369fc65848a,Calendar event for reminder,Telehealth,2025-08-07T11:47:43.044877,2025-08-21T03:46:43.044880
cdd33b6f-271e-4b28-9f20-8f404b3cf3c1,9f5ba34c-4e02-4574-8783-f835861af15c,Follow_Up Event,2025-08-30T15:28:43.044885,2025-08-30T18:28:43.044885,appointment,,,d7669c7d-7388-4209-a85c-0ce41830eb9d,Calendar event for consultation,Downtown Office,2025-08-24T05:02:43.044895,2025-09-02T20:30:43.044898
7082114e-476f-404a-a521-a17b91c347cd,bad22b2a-fa3f-4986-bba1-c325f229a14e,Lab_Test Event,2025-11-12T15:28:43.044904,2025-11-12T17:28:43.044904,reminder,,,ebed7fa2-55b0-4e5c-9e5c-eadef05c919a,Calendar event for reminder,Downtown Office,2025-08-10T17:49:43.044914,2025-08-22T20:48:43.044918
7a985e25-8cae-4aaf-86a8-2b1b8233907c,f243acc5-4bef-4360-a9cd-186b13904eda,Appointment Event,2025-10-28T15:28:43.044923,2025-10-28T19:28:43.044923,follow_up,,,77966585-658a-4ca1-8ac0-84da843a08ab,Calendar event for appointment,Lab Center,2025-08-28T11:06:43.044932,2025-08-22T14:10:43.044936
0e178de2-4066-4761-9fdd-62afd524e5e0,a65184bf-508b-44da-a404-709d7c1d3792,Follow_Up Event,2025-09-05T15:28:43.044941,2025-09-05T19:28:43.044941,appointment,,,1531aec7-f903-449a-8716-c6d8a8faf151,Calendar event for follow_up,Downtown Office,2025-08-09T13:16:43.044952,2025-09-04T16:08:43.044955
02d55a5b-7d1e-464a-8bac-d189317fd488,e5f8f5bb-bd27-4491-ac49-698df828d5de,Appointment Event,2025-09-22T15:28:43.044961,2025-09-22T16:28:43.044961,reminder,469ec3fc-ef9f-4dc7-96a9-90d73c60e2b6,,21369a84-9ce9-4ae9-9f00-5479487db487,Calendar event for reminder,Lab Center,2025-08-18T11:05:43.044971,2025-09-09T17:42:43.044974
470aa103-7ad5-4c05-962e-16de9855f94b,df4fa7bb-cc0b-4f57-b2ef-02d3ddfd8b99,Consultation Event,2025-09-01T15:28:43.044979,2025-09-01T18:28:43.044979,follow_up,,,01284f1f-1697-4837-b965-f17fc822f6e2,Calendar event for reminder,Telehealth,2025-08-09T05:13:43.044989,2025-09-04T10:11:43.044992
85351935-2144-4238-b643-d4de0a0c5316,cf7fb82d-8c84-4efe-b7cc-92a6fa005d9e,Appointment Event,2025-08-31T15:28:43.044997,2025-08-31T18:28:43.044997,consultation,,,,Calendar event for lab_test,Main Clinic,2025-09-08T07:48:43.045006,2025-09-12T14:42:43.045009
a1e65257-b3b3-4624-8848-516212c97238,22cabc24-ca0d-401a-83d0-5262e71f9769,Lab_Test Event,2025-10-05T15:28:43.045015,2025-10-05T18:28:43.045015,lab_test,96011827-f223-4d02-bba4-46a941c0303d,,b9ea2804-ee96-437d-ab9f-412995cf1b67,Calendar event for reminder,Lab Center,2025-08-30T21:17:43.045024,2025-09-02T23:29:43.045028
26a227b7-544d-4539-aa7e-1cc5b9ff9676,4e512228-825d-44c5-a302-3acdb369eb38,Lab_Test Event,2025-11-06T15:28:43.045033,2025-11-06T18:28:43.045033,lab_test,,,b5ac5be2-d108-4b61-a94c-f44fae008132,Calendar event for follow_up,Lab Center,2025-08-31T06:31:43.045043,2025-09-12T08:39:43.045046
6529b2eb-82f0-427e-a08f-a31ec1fa5587,69c3bc41-7b99-4bc4-8bcd-bfec9b9efd34,Consultation Event,2025-10-08T15:28:43.045051,2025-10-08T19:28:43.045051,lab_test,,,c2f17b58-d8cd-4611-9a6d-d33566e45879,Calendar event for appointment,Main Clinic,2025-09-09T12:12:43.045060,2025-08-23T18:14:43.045064
0ae57ae4-b5ad-492c-8d8d-f961677c9054,a8efa92c-4013-41fd-810d-e2d557c9cdb7,Consultation Event,2025-10-09T15:28:43.045069,2025-10-09T16:28:43.045069,consultation,bf3ae1fa-0986-442d-99b6-a41f91a3a6ee,,88952f4c-299b-4298-bfc5-47a960a0f355,Calendar event for lab_test,Lab Center,2025-08-06T07:42:43.045081,2025-09-07T08:31:43.045085
af516340-a93f-4228-aea6-cb00b11a1834,b902509b-3421-4267-8b71-cd3bcf3960cc,Lab_Test Event,2025-11-11T15:28:43.045091,2025-11-11T18:28:43.045091,reminder,,,,Calendar event for consultation,Main Clinic,2025-08-06T14:43:43.045100,2025-09-03T13:45:43.045103
90d0deba-910f-45e2-bfe6-8a1af56410ea,cddebcff-ea41-49e7-9fec-b61e50132338,Lab_Test Event,2025-10-27T15:28:43.045108,2025-10-27T19:28:43.045108,lab_test,,,,Calendar event for reminder,Telehealth,2025-08-02T23:58:43.045117,2025-09-12T21:26:43.045120
7badf8e5-b3f3-4f11-86be-c8508fd4ebeb,371ee189-e6c3-4d47-98a3-c6543a195e75,Lab_Test Event,2025-10-27T15:28:43.045126,2025-10-27T18:28:43.045126,appointment,6ac0e8b8-05be-4a00-bde8-d1f0c3806851,,1d7d8a2b-3d54-441d-b4c2-e562c35f09d0,Calendar event for consultation,Downtown Office,2025-08-11T17:55:43.045135,2025-09-12T23:34:43.045139
354967df-f0d4-4d89-98d8-82e8c8a0e29d,72a8393d-3fd2-4e93-aa88-d758d2f78320,Consultation Event,2025-10-06T15:28:43.045144,2025-10-06T16:28:43.045144,appointment,,,31fb8d85-4cde-4eee-a210-55905d5c2191,Calendar event for appointment,Downtown Office,2025-08-12T11:51:43.045153,2025-08-28T21:53:43.045156
67757a26-8e32-47a3-9218-ff060ff75f90,eedef903-914f-45cf-ab25-fac5d8bea64c,Consultation Event,2025-09-20T15:28:43.045161,2025-09-20T17:28:43.045161,lab_test,e474d48c-a2a6-488f-888e-6e7c538103ce,,,Calendar event for appointment,Telehealth,2025-09-01T15:48:43.045171,2025-08-31T22:08:43.045174
e68bd368-8665-430b-a297-f06a2e387eb0,36b00246-c709-4adc-ab33-627cde13016f,Consultation Event,2025-08-29T15:28:43.045179,2025-08-29T17:28:43.045179,reminder,,,8ef9f836-600a-49ee-8bf5-c34fa59181f7,Calendar event for reminder,Downtown Office,2025-08-09T07:14:43.045189,2025-09-16T13:12:43.045193
4d7ec04d-a4b6-450a-abcc-0b17d7eac282,13518257-9ca9-43be-95ac-27a491912d8c,Consultation Event,2025-09-06T15:28:43.045197,2025-09-06T19:28:43.045197,appointment,,,a9fd0bf3-dc1f-44fa-b7f4-1152ca03bad0,Calendar event for reminder,Downtown Office,2025-08-19T10:42:43.045207,2025-09-05T05:33:43.045210
c351c3a0-2fa6-4cdf-89d3-7a46e22d0771,78f10a4a-853c-4bb6-8272-a5c59ad2bf9c,Appointment Event,2025-09-15T15:28:43.045215,2025-09-15T16:28:43.045215,appointment,,,,Calendar event for consultation,Main Clinic,2025-09-01T05:13:43.045223,2025-09-10T00:56:43.045228
3be1b186-df18-4ccf-babb-3a05995812b2,ada55cee-197f-4999-8f90-5eb702255016,Appointment Event,2025-10-07T15:28:43.045234,2025-10-07T16:28:43.045234,consultation,75e9d55e-c64a-4c94-93bf-54285f7376b1,,bad4b136-10f9-42dd-9ab5-4ca0df2328a8,Calendar event for reminder,Main Clinic,2025-09-12T10:14:43.045243,2025-08-28T22:46:43.045247
f1fed91f-62fd-404e-8498-118c4db1649b,b5dd6838-d302-4a30-89b9-46340064b00f,Appointment Event,2025-10-07T15:28:43.045252,2025-10-07T19:28:43.045252,lab_test,,,206586b3-2379-4d1e-a88c-f0ade1d1f7a7,Calendar event for follow_up,Main Clinic,2025-07-25T18:52:43.045261,2025-09-03T06:13:43.045265
d0d70f31-53ec-4af7-a30d-284f3af49785,d7793cd3-e64a-43a9-a0ec-6f345e7efaf3,Follow_Up Event,2025-11-09T15:28:43.045270,2025-11-09T16:28:43.045270,follow_up,,,,Calendar event for lab_test,Downtown Office,2025-08-05T13:22:43.045279,2025-09-12T05:32:43.045283
a8500d39-6667-417a-8309-228581780ecc,e6729c5d-8cc8-40df-8e08-1770ed4d2fd7,Follow_Up Event,2025-10-10T15:28:43.045288,2025-10-10T16:28:43.045288,follow_up,,,6567dded-adb1-41ca-9205-d86063906ee5,Calendar event for reminder,Downtown Office,2025-08-11T06:12:43.045297,2025-08-25T23:49:43.045300
d4a6fb88-1e2f-428b-85e8-a8ed7ea6d09b,c08f1b6e-41fe-4e83-899c-39b2d608134f,Follow_Up Event,2025-09-23T15:28:43.045305,2025-09-23T18:28:43.045305,follow_up,,,3d9f5751-4528-4f90-bdea-25314da714de,Calendar event for follow_up,Lab Center,2025-07-30T06:26:43.045314,2025-09-02T05:34:43.045318
8a3ab171-679d-4d37-a9fd-6c943c50d59b,bbdd73f0-128b-4d63-8bb4-df691691a96b,Consultation Event,2025-10-13T15:28:43.045322,2025-10-13T17:28:43.045322,consultation,,,,Calendar event for follow_up,Downtown Office,2025-08-11T06:09:43.045332,2025-09-01T04:47:43.045336
bd1fa155-1713-4c83-9c9b-2f8eaea4c931,d8685efa-dee9-4058-b81c-bed33dedb9d3,Appointment Event,2025-11-11T15:28:43.045340,2025-11-11T16:28:43.045340,lab_test,,,,Calendar event for reminder,Lab Center,2025-08-01T04:05:43.045349,2025-09-01T22:11:43.045353
e7edb950-c9c0-41c3-8f32-4ce4cc400789,ada55cee-197f-4999-8f90-5eb702255016,Reminder Event,2025-09-07T15:28:43.045357,2025-09-07T16:28:43.045357,appointment,,,0b166546-858a-413f-a898-a3b34c96ad40,Calendar event for consultation,Main Clinic,2025-09-16T12:18:43.045366,2025-08-29T12:35:43.045370
5cb46edf-645d-4900-b8f8-2ca1e93d8094,dfe44396-1867-4906-ad96-82e3c7a6bc4f,Appointment Event,2025-11-12T15:28:43.045375,2025-11-12T19:28:43.045375,appointment,,,02a004d3-8ec6-464a-b7a6-abdc96cb0da7,Calendar event for appointment,Telehealth,2025-08-30T00:34:43.045385,2025-08-31T23:49:43.045388
2e30abe8-d1bc-464a-931e-b880aaac4c52,4967006f-5d76-4d5a-a5e0-358719a69f8f,Appointment Event,2025-11-09T15:28:43.045394,2025-11-09T16:28:43.045394,lab_test,6ac0e8b8-05be-4a00-bde8-d1f0c3806851,,a88e54f2-12f6-4591-a8fa-a8615ea17734,Calendar event for appointment,Telehealth,2025-07-30T11:08:43.045403,2025-08-31T02:51:43.045406
c3c2ac78-cead-4523-87ef-259ad8df70e5,1c7e05a4-3af3-41ff-8480-d3d8069e542f,Lab_Test Event,2025-09-03T15:28:43.045411,2025-09-03T18:28:43.045411,lab_test,,,,Calendar event for consultation,Main Clinic,2025-07-30T21:47:43.045420,2025-08-22T20:47:43.045423
75a5050f-91fd-44e6-bc82-f887930a3094,4b912746-c332-4f1d-a286-d96b9a42662a,Reminder Event,2025-08-26T15:28:43.045429,2025-08-26T19:28:43.045429,consultation,16193e0f-f889-4244-b3aa-860613c43548,,458822c2-cc58-4460-a26b-c01f8288d349,Calendar event for reminder,Main Clinic,2025-08-30T19:48:43.045439,2025-08-27T17:32:43.045443
08afe878-5480-4049-b3f5-6c3b773f0de9,507c45ea-699d-4f4e-b5b8-80a5de1d0146,Follow_Up Event,2025-11-07T15:28:43.045449,2025-11-07T18:28:43.045449,reminder,5a638504-63bb-4121-83cb-f826b285dbd6,,1d32c035-3099-4bec-a096-2e65b9f8255f,Calendar event for consultation,Telehealth,2025-08-31T07:29:43.045459,2025-08-26T17:31:43.045462
50bf727c-4052-4d5e-bb1b-9b31620f3da1,3a07f413-2640-4b6c-bfb9-f69316b92fbd,Consultation Event,2025-09-07T15:28:43.045467,2025-09-07T16:28:43.045467,reminder,,,2a86d9ff-f777-4b20-8e8d-3c19ffaa4d83,Calendar event for reminder,Main Clinic,2025-09-07T05:40:43.045477,2025-08-22T00:51:43.045480
caa7c12c-4b89-4196-9df9-3e2d81ba424e,278218b2-c280-44d2-ba95-fadfba0f8c4a,Follow_Up Event,2025-10-23T15:28:43.045485,2025-10-23T16:28:43.045485,appointment,,,,Calendar event for lab_test,Downtown Office,2025-09-02T23:56:43.045494,2025-08-21T03:11:43.045497
f218169e-119b-4792-8066-23f465d1e3ee,0f7e0eeb-9449-4657-8a01-656b48e3508a,Lab_Test Event,2025-10-10T15:28:43.045502,2025-10-10T19:28:43.045502,follow_up,77f07f33-5904-47e9-ac38-de7e2ff9d699,,,Calendar event for follow_up,Lab Center,2025-09-10T10:34:43.045512,2025-09-01T12:32:43.045516
b678687a-e607-4803-8fb9-98c98e0255f5,239f182e-b3c4-48af-be60-2c9de8bc11b4,Reminder Event,2025-09-11T15:28:43.045520,2025-09-11T18:28:43.045520,appointment,,,,Calendar event for follow_up,Downtown Office,2025-08-16T10:40:43.045530,2025-08-19T19:23:43.045536
deccc67f-21c9-421f-9fb9-998da448128c,0939eb9b-bf75-4f17-bc7c-cbe87102df69,Reminder Event,2025-10-02T15:28:43.045541,2025-10-02T17:28:43.045541,appointment,,,,Calendar event for reminder,Downtown Office,2025-07-22T15:09:43.045550,2025-09-15T11:43:43.045554
3141ad5d-0cbb-4abb-9d4f-9d949a9a2337,80f5c016-c896-42ca-8466-be837d245ac7,Consultation Event,2025-09-10T15:28:43.045559,2025-09-10T19:28:43.045559,lab_test,,,a3032a00-b7f6-45a9-a248-81f4380b2e33,Calendar event for consultation,Telehealth,2025-08-29T13:49:43.045568,2025-09-15T23:54:43.045572
61ce9e7e-e8eb-47fe-8e22-a55d7b0639a1,84c9141a-e07a-4098-95d2-0c9f339a6136,Consultation Event,2025-09-28T15:28:43.045576,2025-09-28T18:28:43.045576,appointment,,,,Calendar event for reminder,Main Clinic,2025-08-04T07:55:43.045585,2025-09-02T06:48:43.045588
0f7412a8-9c14-4410-b62a-0fffddbcec0a,97989895-af7f-48d1-9308-2d577a24cd4b,Follow_Up Event,2025-10-26T15:28:43.045594,2025-10-26T19:28:43.045594,follow_up,aaaa7cea-60f2-4baa-b594-57b0ac729b3b,,27eb7c55-0f34-4e7c-bc2d-9de14146b456,Calendar event for appointment,Telehealth,2025-08-05T02:03:43.045604,2025-08-31T16:47:43.045607
493ede50-0fd8-4a9b-a12b-773d5141c5ac,ae171538-e8c0-4cff-9471-e0c539ca4015,Follow_Up Event,2025-11-16T15:28:43.045612,2025-11-16T18:28:43.045612,consultation,,,8097a1ca-bdf8-4424-9553-bf4aec98a0f7,Calendar event for consultation,Telehealth,2025-09-08T15:20:43.045622,2025-09-06T14:08:43.045625
281d1e13-9d3f-4681-a803-22a513f8cdce,df520e33-17cc-4c7a-8704-828c77bfdf2c,Follow_Up Event,2025-10-09T15:28:43.045631,2025-10-09T19:28:43.045631,reminder,,,,Calendar event for appointment,Downtown Office,2025-08-07T13:39:43.045640,2025-08-29T19:10:43.045643
14a1871b-5d7a-4bed-9b0b-b0f536e3c43c,4b40f830-0afd-4a6e-a504-821c36a78dca,Appointment Event,2025-11-09T15:28:43.045648,2025-11-09T16:28:43.045648,consultation,ad15e4ea-75cd-4f55-a4f0-76a81e28982f,,,Calendar event for consultation,Lab Center,2025-07-28T21:28:43.045657,2025-09-12T09:26:43.045661
b58fe007-f581-495f-a78f-1ce1e4cff377,4cfaa124-8a1b-4559-8097-578ee1262c55,Follow_Up Event,2025-11-11T15:28:43.045666,2025-11-11T19:28:43.045666,follow_up,,,3c12a5ab-0e2c-4454-964e-173c51cdb2f6,Calendar event for reminder,Lab Center,2025-08-17T23:33:43.045675,2025-08-30T05:49:43.045679
24e36da9-36f6-4dc9-8080-9207d3a2543a,53a6f5f9-a4bb-40d1-841c-1c03ae14a14f,Reminder Event,2025-11-01T15:28:43.045684,2025-11-01T18:28:43.045684,reminder,,,eb094628-4524-4b2b-9ab7-46b03524ad34,Calendar event for follow_up,Lab Center,2025-08-14T11:31:43.045695,2025-09-09T10:40:43.045698
2c715d0d-b92d-4d65-a34d-44cc61e7fb79,1bdc6915-18fc-448b-90b4-a01d72a22459,Appointment Event,2025-09-12T15:28:43.045703,2025-09-12T16:28:43.045703,follow_up,,,,Calendar event for lab_test,Telehealth,2025-09-09T06:50:43.045712,2025-09-15T13:11:43.045715
591172fa-19ed-4b24-96c6-3c7ce2328c08,eac253ca-0a89-485a-b978-29fd6578355f,Follow_Up Event,2025-11-16T15:28:43.045720,2025-11-16T17:28:43.045720,reminder,,,cc4215b6-8c66-4754-8931-4ee766a71c85,Calendar event for appointment,Main Clinic,2025-08-11T16:37:43.045729,2025-09-14T15:39:43.045733
8e11ff44-f975-4357-bc70-2dad1f24f88b,a91ea628-fe64-42fd-a30a-802f20758587,Lab_Test Event,2025-08-30T15:28:43.045738,2025-08-30T16:28:43.045738,follow_up,,,3be99888-d005-4896-b6df-fcff7281535b,Calendar event for consultation,Lab Center,2025-07-22T08:41:43.045747,2025-09-15T15:20:43.045751
f25323c0-9b71-4e50-8d92-78d0df8c1e87,49897512-d817-4337-9215-c3c9e05600a5,Consultation Event,2025-11-15T15:28:43.045757,2025-11-15T18:28:43.045757,appointment,68ab1472-ab01-45d6-b056-a5d794d398a8,,7ecd6e12-b149-4f9c-b4f8-85e8db22fb49,Calendar event for consultation,Downtown Office,2025-08-20T03:31:43.045766,2025-08-28T02:18:43.045770
ae56f970-ea0d-48f0-a12d-6668ca7a5768,6a21f79d-b5f4-4a79-bf34-055be50c4471,Lab_Test Event,2025-08-22T15:28:43.045775,2025-08-22T16:28:43.045775,follow_up,dc5d02c7-29ec-4292-b7f5-47bbe04f5817,,,Calendar event for consultation,Telehealth,2025-08-24T08:23:43.045784,2025-09-08T04:30:43.045788
b08eb3e5-1618-497e-9b25-09d315cdf00f,997f8bbd-b8b9-4509-a3bc-612ba376d674,Lab_Test Event,2025-11-05T15:28:43.045798,2025-11-05T16:28:43.045798,appointment,efffd0f1-0af4-4f75-99c9-ab160f083193,,8ab02a25-e9b1-4c9d-a824-1f5ac67bd4ff,Calendar event for lab_test,Telehealth,2025-07-25T16:23:43.045808,2025-09-07T14:08:43.045812
7a6b88e5-3acf-4f65-b671-b7c1e0c127e7,93b32a39-ae1f-4277-bb5b-604bd77a3d5c,Follow_Up Event,2025-10-16T15:28:43.045818,2025-10-16T17:28:43.045818,consultation,80ed4801-b032-46c4-9b85-229e1983e3ed,,,Calendar event for reminder,Downtown Office,2025-09-12T23:16:43.045828,2025-09-06T22:54:43.045831
1398317a-1bb1-4b54-ba5d-7d02c37ccd4e,21702f50-448f-4572-ad9f-dfa5569ba7f5,Appointment Event,2025-09-07T15:28:43.045836,2025-09-07T18:28:43.045836,reminder,93a8bce3-dee0-4312-85d8-2ff4ff205d1f,,,Calendar event for appointment,Main Clinic,2025-09-18T01:14:43.045846,2025-09-08T01:40:43.045851
1ef20465-4413-4b67-a74a-6f897aa69e40,1b5f4024-c772-433a-9b59-ff3a78840901,Appointment Event,2025-09-21T15:28:43.045856,2025-09-21T18:28:43.045856,follow_up,,,a237b82a-3ba0-4517-8254-290fb148177c,Calendar event for follow_up,Main Clinic,2025-08-11T16:18:43.045865,2025-09-01T19:08:43.045868
16dee859-4724-45c5-98d9-9ba76d0d15b4,2d32917a-14cb-4c10-832a-184e78faf078,Follow_Up Event,2025-10-24T15:28:43.045873,2025-10-24T18:28:43.045873,reminder,4bd5d4ac-ac20-4ac2-a346-e7ee5a4b27b8,,,Calendar event for reminder,Lab Center,2025-09-18T14:18:43.045882,2025-08-31T08:52:43.045886
f9a886d7-789f-4549-a1d7-0f1c72fd313e,4e9b3f44-ab37-4482-ba9e-2e27aa8d1768,Reminder Event,2025-09-21T15:28:43.045891,2025-09-21T18:28:43.045891,follow_up,61e2d27e-b373-436b-ad8f-9e131d150267,,e8b56510-11c3-4538-a55e-8e4fe557ad00,Calendar event for consultation,Lab Center,2025-07-31T09:00:43.045901,2025-09-04T16:50:43.045905
38b5285c-33dc-48dc-8a1b-61867d43f07a,56560f16-d8ff-4b63-9aeb-dac97f4ffc75,Reminder Event,2025-10-23T15:28:43.045910,2025-10-23T17:28:43.045910,follow_up,,,a13af691-1f2d-4dc4-b56b-a1398b3e82e4,Calendar event for follow_up,Downtown Office,2025-08-24T14:48:43.045919,2025-09-11T11:30:43.045922
fd7e2ec3-75ad-4826-b521-8fee11c9f137,675d75a8-42e9-493f-96dd-e73d9f6093b0,Follow_Up Event,2025-09-21T15:28:43.045927,2025-09-21T17:28:43.045927,lab_test,39a1289f-d7b6-4ad1-9435-9e2ca91529d4,,,Calendar event for follow_up,Downtown Office,2025-07-21T14:18:43.045936,2025-08-20T17:48:43.045940
b9078bc9-69da-4954-8467-882efd6284d3,cce185be-f501-4263-9bc7-db99318bd97d,Lab_Test Event,2025-09-05T15:28:43.045946,2025-09-05T18:28:43.045946,appointment,66c48d33-7db4-4d6e-930f-926a439fef4a,,acad772d-d5e7-4008-b560-0d7df29f7dac,Calendar event for consultation,Main Clinic,2025-09-15T22:02:43.045956,2025-08-27T22:38:43.045960
2f073fa1-7d91-443b-9c94-23705cbf165c,4c01d9cd-4a14-482c-89d1-f61b6e96b731,Follow_Up Event,2025-10-05T15:28:43.045965,2025-10-05T17:28:43.045965,appointment,9c8f0949-cd5e-492f-9982-9885751d8426,,05381b23-f238-43b3-a231-a2d9ba8a9d5b,Calendar event for reminder,Downtown Office,2025-08-16T09:17:43.045975,2025-09-16T00:13:43.045978
e689c8d8-c75b-4b84-8a6f-1f81accdade5,f8a25b23-66d6-49e7-ab65-0bb35da4a129,Appointment Event,2025-09-24T15:28:43.045983,2025-09-24T18:28:43.045983,reminder,,,9444dab4-815c-46cc-a54f-98b02fa811cf,Calendar event for reminder,Lab Center,2025-09-09T21:30:43.045993,2025-09-03T01:45:43.045996
723770c9-904a-44ba-ab21-0c9037381ef1,9d437fbc-a6af-48d5-a14d-2631213716fa,Follow_Up Event,2025-09-21T15:28:43.046003,2025-09-21T19:28:43.046003,consultation,39a68ccd-d77e-48f8-b1fb-fe7ab535ef23,,cfd893b6-b37b-4c65-a580-5fd641516b34,Calendar event for appointment,Telehealth,2025-07-28T06:54:43.046014,2025-08-28T02:05:43.046017
5e2e50a3-43da-4b0d-9594-f7c2aac2c904,3a67cefa-19d9-4aa1-9b93-bf1ee0820859,Follow_Up Event,2025-10-16T15:28:43.046023,2025-10-16T17:28:43.046023,consultation,bd8dc4bb-548a-4eb3-90f8-81ee838f1fd6,,f0374d80-db6e-4293-a35d-8508439b97fa,Calendar event for follow_up,Main Clinic,2025-08-18T08:24:43.046032,2025-09-16T03:17:43.046036
ddff0d2a-8410-4931-83df-694114045a14,a2b12995-e1f0-4ef8-8e2c-e8eb98f7f95f,Follow_Up Event,2025-10-04T15:28:43.046040,2025-10-04T16:28:43.046040,follow_up,bbefaa87-db9e-47d1-9061-bb5bbf568ea7,,,Calendar event for follow_up,Downtown Office,2025-09-17T02:29:43.046049,2025-09-03T16:03:43.046053
069eba67-a50e-4d6f-9c83-94f742eba8fa,0f7a5dba-0ccb-4b25-8bac-c3e130e5e045,Consultation Event,2025-09-24T15:28:43.046058,2025-09-24T19:28:43.046058,consultation,,,529f51d9-42e4-4d29-8db5-2e3807b2bee8,Calendar event for appointment,Telehealth,2025-09-10T11:25:43.046067,2025-08-24T13:50:43.046071
f832804f-42b7-49a1-b79c-35e69e44f12b,bd4f8108-094a-46fd-ade1-e03236eed9c4,Consultation Event,2025-09-17T15:28:43.046076,2025-09-17T18:28:43.046076,lab_test,,,3fbc57e6-bfa7-4727-a5eb-e4e3c556d6ac,Calendar event for reminder,Main Clinic,2025-08-29T14:17:43.046086,2025-09-17T10:13:43.046089
f19214bb-e6b7-499c-86de-3fd6de2b1e00,a7926d12-a0f3-408e-bb3b-6409fb82c222,Reminder Event,2025-11-07T15:28:43.046094,2025-11-07T18:28:43.046094,follow_up,,,e229220f-40db-4a01-8218-4a636db2ba1c,Calendar event for appointment,Telehealth,2025-08-16T17:31:43.046103,2025-09-10T08:20:43.046107
8ea50acc-946c-4286-bd5d-17754b2d1eb9,a2f11ff3-d5cb-4bdf-8079-7f8eeb18a0dd,Reminder Event,2025-09-28T15:28:43.046112,2025-09-28T18:28:43.046112,lab_test,62f948cf-4c1d-4881-a788-29697fcbeb25,,7b1e6d39-8f6e-4270-971d-7a9af3743814,Calendar event for lab_test,Lab Center,2025-08-23T17:19:43.046123,2025-08-30T23:15:43.046126
7627d226-33bf-49d5-a62e-0950837edaca,79592835-19cd-416a-a4fe-6bf400bc20a0,Consultation Event,2025-10-13T15:28:43.046132,2025-10-13T18:28:43.046132,reminder,3a5ff881-324e-4954-b9ce-fcf8cd57b04d,,e79bc26c-bc64-4b43-9d47-62c445b1d531,Calendar event for consultation,Telehealth,2025-08-11T07:30:43.046141,2025-08-24T11:47:43.046145
9e040d92-e69d-45b1-beb4-ff3974e09b05,e3e6d943-8496-49a6-9947-1c8e388b2288,Lab_Test Event,2025-09-07T15:28:43.046150,2025-09-07T17:28:43.046150,reminder,,,19f5b64e-71a6-418c-bdf3-733b52a5dc71,Calendar event for lab_test,Lab Center,2025-08-26T07:02:43.046159,2025-09-14T19:16:43.046164
30f89c26-a937-444e-a43b-651c76600430,cfa6669c-0cbc-44f1-b3cc-39242e8001de,Follow_Up Event,2025-09-24T15:28:43.046169,2025-09-24T18:28:43.046169,follow_up,,,373cfb30-c84a-4c4a-b21c-516ebe6e342e,Calendar event for follow_up,Main Clinic,2025-08-26T13:19:43.046178,2025-08-20T15:46:43.046181
3c857386-7ea2-4a7f-b7f3-7974722e261a,7052589d-b2bb-4bd4-b2f3-d5e7bd3870d7,Consultation Event,2025-09-08T15:28:43.046188,2025-09-08T18:28:43.046188,follow_up,4464f2f8-ad7a-468e-8841-c8d9e918845e,,5f7c978e-463a-4773-8c68-7ad70cddab06,Calendar event for consultation,Lab Center,2025-09-15T08:21:43.046197,2025-09-15T15:51:43.046201
2f689301-cf67-4ac4-a766-efc675ec8ab0,13a4efe0-425e-45fd-b193-1c881274c268,Follow_Up Event,2025-09-02T15:28:43.046205,2025-09-02T19:28:43.046205,lab_test,,,,Calendar event for consultation,Lab Center,2025-09-12T08:07:43.046215,2025-08-21T10:51:43.046219
5b47f7fb-0ab6-44f3-ba6e-db699cc07b3a,1126dc2d-60fe-4a8d-aefc-82934f38bc5b,Consultation Event,2025-09-21T15:28:43.046224,2025-09-21T17:28:43.046224,follow_up,ce095970-7231-4e3e-acd0-da05e2b448fb,,7b7608fc-8d0e-4f09-9859-d9d923d68b31,Calendar event for lab_test,Telehealth,2025-07-31T05:40:43.046234,2025-09-16T06:06:43.046238
0716fcc5-28a4-4c06-9ed4-1db451f9f62a,3521b68e-dd86-4f18-bd3e-c2ea1da0d9a5,Consultation Event,2025-10-14T15:28:43.046242,2025-10-14T17:28:43.046242,reminder,b59f094a-b953-431b-86b2-8afbbce5e0b8,,,Calendar event for consultation,Main Clinic,2025-08-31T19:55:43.046252,2025-08-20T13:46:43.046255
5dbf5fdb-6dca-4216-b40b-f6bc68d8e7c9,be37c596-357f-4aed-9d7d-c34396eb8e1d,Appointment Event,2025-11-15T15:28:43.046260,2025-11-15T17:28:43.046260,lab_test,,,3e7e21ac-b177-43e6-8649-68c55a29b790,Calendar event for appointment,Main Clinic,2025-08-02T23:11:43.046270,2025-09-05T00:48:43.046273
e7cec2c5-12bf-43bd-bcfb-92abf65a470a,316ef1b3-bf40-4abe-9cc8-afb0fe91d71d,Follow_Up Event,2025-11-10T15:28:43.046278,2025-11-10T17:28:43.046278,reminder,,,,Calendar event for appointment,Main Clinic,2025-07-22T20:02:43.046287,2025-08-23T22:42:43.046290
