message_id,sender_id,receiver_id,message,is_read,previous_message_id,next_message_id,appointment_id,thread_id,created_at,updated_at
fa5d909f-9320-4845-9b4a-a74251cc8185,77d36d61-78e3-4bfc-84ce-54cc123afca8,69a9f5c7-b243-4842-af0c-f257d25c8205,"Hello Michele, the X-ray shows no fractures. Continue with rest and ice, and follow up if pain worsens.",False,,,15ba0a03-7d00-4b6f-80a8-c35d78f2b2ca,6bf05dbb-3c6c-4e5e-90a4-5fb3dbfd4de5,2025-09-06T00:46:36.236258,2025-09-06T11:15:36.236281
2e63457b-be6b-4df6-985c-d7d573a02ebd,5ce8e2e7-86bc-4f67-a0ae-745b31131aa8,ac868fd3-1637-4e2e-88da-7f1ebae383e0,"Hello Kathryn, your lab results look good overall. Your A1C has improved to 6.8%. Keep up the great work!",True,,,,e9c16871-462a-4f0c-bca2-3cfc8287d453,2025-08-26T14:35:36.236355,2025-09-11T13:02:36.236366
066dbb6a-64c3-4ee4-8880-365ed1513bbb,547ced2e-fd1d-44d8-9b42-53f4e8ebb307,b927e312-ef85-4706-8d4c-75626b036740,"Good afternoon Kimberly, the specialist confirmed our diagnosis. We'll start the new treatment next week.",True,,,04b3b75b-3895-4d09-babd-f4005ce5dcd1,,2025-08-22T03:14:36.236468,2025-09-04T07:12:36.236481
de4f3999-240c-4ec2-b3ef-1404fd1eb490,eef497c9-9ebc-4e2f-8720-317f822d9c94,b93f9f1d-2c21-4bd7-82a0-7b25eb25620d,"Good afternoon, I'm having trouble sleeping since stopping the ambien. Any suggestions?",False,,,0724b4dc-ae51-4920-a421-0368c814420b,,2025-08-20T19:50:36.236556,2025-09-10T00:58:36.236565
881872e8-1451-45ef-880d-c334634e07bf,58f7a8e8-802c-4771-ab4b-914f026ab530,36a032a9-d69b-4622-bb24-1f5796fef575,"Hello, I've been having chest tightness when exercising. Should I come in for an evaluation?",False,,,,,2025-09-03T13:04:36.236624,2025-08-28T02:07:36.236634
b0fd18f9-5bdf-4c0d-9bba-f0f8615d10fe,8e394f0f-adc8-43c1-8351-d1210cf021fb,facb1a5a-51c2-4a7c-83c1-3c43af998425,"Hello, I've been having chest tightness when exercising. Should I come in for an evaluation?",True,,,4b8af843-89c8-49db-a936-578abfde056f,b3a9bc1a-d238-4374-b461-32e2f04e7cb9,2025-09-11T00:35:36.236729,2025-08-26T02:35:36.236742
adf7c532-0567-4f1c-924b-1d8bdc87805f,1f6c7b9d-314e-4174-99e2-3f8f148a8edf,84ed47d9-98cc-42fe-bdeb-294d3bece82f,"Hello Ryan, the X-ray shows no fractures. Continue with rest and ice, and follow up if pain worsens.",False,,,00397fc7-1745-42cf-b0b9-b6925f067b38,,2025-09-13T13:45:36.237070,2025-09-11T11:11:36.237119
dce6581b-5d8e-4644-9fb8-3706df761a34,9cfae83f-1fa9-4fa3-a6a1-6c4f541d4121,0a480ca2-7686-40a1-b1b7-0e3a9f49be04,"Hello Steven, your lab results look good overall. Your A1C has improved to 6.8%. Keep up the great work!",True,,,,3459e20c-cefc-4b55-99cf-da8843319fad,2025-09-03T19:07:36.237341,2025-09-10T17:54:36.237363
0b9695e6-937a-47fa-9941-e3c976d22066,15f766ba-34fa-486b-9f3f-77e3354e9c06,a305073f-4839-418c-b828-6461ac056e8e,"Hi Dr. Dr. Padilla, my pharmacy says they need a new prescription for my Lisinopril. Can you send it over?",False,,,,,2025-09-14T13:23:36.237467,2025-09-18T07:54:36.237486
e4f23b76-f7d1-4445-96bf-070c8218cec4,f7d15091-d548-48d5-b792-9efc8869284a,dd20cbe8-0c0d-4263-a261-2fb24016c7eb,"Hello Austin, your lab results look good overall. Your A1C has improved to 6.8%. Keep up the great work!",True,,,862cab15-d33c-4100-9e2c-edd493bb3d34,457eca98-6cb5-404b-87d8-7c5f010d4200,2025-09-15T22:19:36.237594,2025-09-19T01:21:36.237601
30bbc9e0-637b-4a57-a736-156352480780,c18d7c70-277f-4048-a6fa-67c8ac86015f,28c01655-7509-4620-bd99-45d5890c2bd4,"Hi Tara, I've reviewed your symptoms. Let's schedule a follow-up in 2 weeks to reassess.",True,,,,,2025-09-06T11:07:36.237644,2025-09-03T17:46:36.237649
8be110bb-b2b9-4cac-b4c2-436fcbbff87e,4df696d4-4076-48d3-8d1d-1d9ebe8735e1,aff177a3-5218-4a92-861d-e4b80d6836ff,"Good morning Alison, the CT scan was normal. I'm glad we could rule out any serious issues.",True,,,,db4147c8-0d2b-4a54-ae6a-8a29352b1b76,2025-08-20T13:16:36.237709,2025-09-15T13:21:36.237733
a489136c-acc3-475e-9eb8-df3a2d296fb0,e21a7c8b-8095-4a67-b695-3782e70e5c6e,0e1a3b98-50b0-44f8-98e8-525898f2a5ed,"Hello, I'm having some side effects from the new medication - mild nausea and dizziness. Is this normal?",True,,,,a97d454b-6537-49fb-b2aa-c3c9bd12363b,2025-08-27T09:29:36.237955,2025-08-27T14:43:36.237998
69ea3990-db68-4ceb-bd7a-9cd41684aeb6,153e63e8-a031-4230-b8d7-eb000e32826a,d1dc563d-2e91-4834-9980-55098d8f5b0d,"Hi James, your blood pressure is well controlled. Continue current medications and lifestyle changes.",False,,,f1158d12-9b72-4a84-9272-14aa7a22499b,,2025-08-24T05:49:36.238200,2025-09-07T19:10:36.238250
f79fa041-dadf-4dd3-bd0e-0369980af947,1e66598a-dd57-42ab-b775-94ede76602fd,cf7e9cdb-4f04-4718-b489-a2b7adc190b8,"Good morning Carrie, I'm sending over a new prescription for your blood pressure medication.",True,,,ae4c26cd-8553-4a0e-a0ce-52a96ca56a83,,2025-08-24T07:54:36.238400,2025-09-08T18:11:36.238410
6efb2914-a64d-4fed-af7d-39ceec01753f,3fc08077-e84d-453b-921d-f32025d78c2e,5ec301cb-45bb-4d2f-8b8b-edd8c890c7db,"Good morning Dr. Dr. Alvarez, I've been experiencing increased fatigue lately. Should I be concerned?",True,,,,,2025-08-21T00:51:36.238481,2025-08-19T15:38:36.238487
b722c0b0-fabb-41d4-a45c-3f1087329b31,ab3abfc4-35be-425e-adb2-a3759b3a9f19,c4ed6654-f3e8-4420-ae75-5b42bc9ac480,"Dr. Dr. Fuller, my blood pressure readings at home have been higher than usual. Latest was 145/95.",True,,,,,2025-08-25T03:20:36.238513,2025-09-04T00:53:36.238518
e3687637-06b9-4f11-8621-0f62c424f576,5bfc6771-bd9b-47ff-bd2c-8e106aae9c5c,02628019-7149-47be-83c9-dec0159c5dfb,"Good afternoon Ross, the specialist confirmed our diagnosis. We'll start the new treatment next week.",True,,,,,2025-09-17T20:50:36.238598,2025-09-18T16:54:36.238608
838b2353-70e0-4f94-a3a6-a0d5a64e0c13,a3742ff8-d1c8-4313-86f3-1d2215a8d8e6,3c395141-2966-4632-955c-35e974429e4f,"Hello, I've been tracking my glucose levels as you suggested. They're ranging from 110-140. Is this okay?",False,,,,,2025-08-26T15:35:36.238671,2025-09-01T02:03:36.238679
c5a57b11-a4a8-4603-ada0-b74ce00bdc81,77c6c4ea-a0aa-4a08-a52c-e325dd882532,5b122af8-5de6-43eb-967b-c5fca36e2932,"Hi, I've been following the diet plan we discussed and lost 8 pounds so far!",False,,,,,2025-09-17T15:17:36.238712,2025-08-26T06:59:36.238718
ab27c3f1-f1bb-4eb9-a431-0d8d849f75c9,ff153331-b49b-43dd-812d-c323282ffd77,84768eaa-6402-4e2b-b093-4e79a1424e0d,"Hi, I wanted to let you know that the physical therapy is really helping with my back pain.",True,,,,91c4cc9b-23d8-419a-8fe6-47941f42fdb9,2025-08-29T09:50:36.238821,2025-09-09T14:36:36.238829
5add0ccf-81e0-4734-83d4-71f6e5fa8e22,79f645d7-6fba-4313-ab4b-75cf9c8ce0e7,0c26f45f-52a3-4dd0-b6a7-91fd42a2714e,"Dr. Dr. Mitchell, I'm concerned about a new mole I noticed. Can we schedule a skin check?",True,,,,,2025-09-02T02:54:36.238968,2025-08-26T01:13:36.238975
dda467cf-9549-46d3-8ff2-be1b6c46e9be,49380dbd-8002-420e-b011-a41c7ffe1ca9,7f87c2d9-8650-4c8f-9313-39fb329098a2,"Dr. Dr. Vaughn, my blood pressure readings at home have been higher than usual. Latest was 145/95.",True,,,,e48f3d3c-1472-4794-a149-c30016e5a707,2025-09-04T16:19:36.239059,2025-09-06T04:45:36.239066
d50f57bb-c4ef-4568-b7f4-ec4d987ddf05,65e34f8b-e096-4b8c-a2ac-e8114f0fa1b2,f9c824a0-b067-485d-9a00-0f0e3682d5fd,"Hi, I uploaded my lab results from Quest. When you have a chance, could you review them?",False,,,3db7922f-5dce-402e-ae83-888f7fd2cb58,60d0ca63-fba5-4b9d-b519-a6f39a3ec750,2025-08-23T10:50:36.239201,2025-09-01T01:08:36.239212
313779ae-514e-426b-97ba-4dcf304473e7,4310a016-4eab-406e-b214-526e1673525a,699687b0-6caa-4f0e-94a9-8c386bc283a1,"Hi David, your cholesterol panel shows improvement. Continue the current statin dose.",False,,,,,2025-09-11T19:07:36.239263,2025-09-01T23:40:36.239270
e4a93000-051e-4c5c-9982-d4abe3a16f81,74f9f65b-650f-4a32-9877-22fd9d24f0ae,e258966e-7b42-4148-abd0-685c47aa5bbc,"Hello, I've been having chest tightness when exercising. Should I come in for an evaluation?",True,,,,,2025-09-09T01:10:36.239340,2025-08-24T14:02:36.239347
81f83c07-f811-48f6-8127-7e0d0cf5dc99,aca00108-d3d4-456e-8c38-7b5ee17a9c89,4d5ce338-a5ef-467e-8096-cd733d364f8d,"Dr. Dr. Lynch, I'm concerned about a new mole I noticed. Can we schedule a skin check?",True,,,33728693-e2b1-42a3-a22f-80f23beada76,,2025-08-27T22:00:36.239591,2025-08-30T23:27:36.239607
d4fd7905-3e4c-4984-8c00-9f49794702b8,9de4c69f-e2d9-48e8-bda1-1afe97882387,b4c7d95d-93da-4da9-a77b-e944cf0ca4ae,"Hi, I uploaded my lab results from Quest. When you have a chance, could you review them?",True,,,,,2025-09-11T07:08:36.239699,2025-09-07T02:50:36.239720
0824018e-beed-41bd-aea0-246e01d91251,1740bd44-c7ce-4161-8247-ebd005744306,4310a016-4eab-406e-b214-526e1673525a,"Good morning, I'm traveling next month and need refills on my medications before I leave.",False,,,d6b7384a-dbea-40f7-b6f1-54a87627d1b3,923f321a-f997-481c-816e-93fdc58fabca,2025-08-23T08:50:36.239811,2025-09-04T06:41:36.239822
97299d67-68c6-4c36-a1fe-41b5bd15d5f4,0db1fb97-8479-4712-8e40-43cdabb9c604,56d1ad9b-37d7-441d-a0ad-f14c97fa7510,"Hello, I've been having chest tightness when exercising. Should I come in for an evaluation?",False,,,5f8a5622-b93a-4b6e-a391-6358c5e00f31,fa4f7362-d170-48bc-bd53-a948f96e8236,2025-09-03T14:11:36.239891,2025-09-15T03:09:36.239905
d85edf69-4158-4a53-987f-51beb60152f8,db1fa0d3-af1c-47a3-9bb4-79948c92e197,5b1c42b3-0972-4988-8626-380ecb84e533,"Hello, my insurance approved the MRI. When would be the best time to schedule it?",True,,,412a9ec5-4734-4202-a0f9-477268733951,,2025-09-12T11:55:36.240121,2025-09-05T21:10:36.240133
a781f3f7-59c3-42b2-95a2-a315794ea4e4,60f4b162-54ef-427e-adb9-e04837a8dfab,b785fd5e-3800-44ab-a654-a782ef60106d,"Hello Bradley, I've cleared you for surgery. The surgical coordinator will contact you about scheduling.",False,,,,1447410a-7432-48b3-aef7-745c5d0eebfa,2025-09-13T13:30:36.240230,2025-08-30T18:20:36.240241
a134dfb3-cdca-4a4f-a94a-df02d2f723a8,bd835801-8731-462e-8df1-142f7ac239b5,2e808acb-6f34-434f-a53e-dae6cca0662e,"Dr. Dr. Cannon, I'm concerned about a new mole I noticed. Can we schedule a skin check?",True,,,,,2025-09-17T09:23:36.240349,2025-08-24T03:49:36.240357
eb078c88-8d91-449f-b991-70ac8b944ae7,1bf16203-d394-429c-a573-b5a881de8b1c,9db5f05c-bf2d-4edc-b00c-fee9889d1fa3,"Good afternoon, I wanted to follow up on our discussion about my sleep issues. The CPAP isn't helping much.",False,,,733dad5b-3902-443a-bbd0-604b24b4ec9f,,2025-08-24T20:36:36.240399,2025-09-03T20:43:36.240408
5876480a-1c18-4275-92dc-89271e5f8670,221af9f8-e5f6-42fb-aa11-e7c5c6de659c,d0a96ddd-b95d-4a84-aeeb-5b20cd82e42d,"Good afternoon Jeremy, the specialist confirmed our diagnosis. We'll start the new treatment next week.",False,,,,,2025-09-08T22:39:36.240552,2025-08-26T04:53:36.240560
8bc4fb3e-d00a-4f60-b5b3-a2c88914faae,4d5376fb-6ddc-485e-81dc-015c8197ec82,472788de-8d2d-476b-8430-007af30abfb0,"Hi Paige, the side effects you're experiencing should subside in a few days. Call if they worsen.",False,,,,,2025-09-04T20:00:36.240628,2025-09-09T03:45:36.240637
26391a88-1e81-494a-a9df-427931acf3b4,92211153-5fc9-4126-b180-0ba1296e88ac,f37af226-0246-4cd9-92c0-5f9290db8454,"Hi Jennifer, your blood pressure is well controlled. Continue current medications and lifestyle changes.",False,,,,,2025-09-08T10:22:36.240762,2025-08-22T09:30:36.240772
bdfd7f65-4bf7-4584-9961-32dcca34dc39,60e02da5-4dad-4af2-9025-cc480a58a409,fa5d0bce-8bf2-4384-9150-8f94959944a2,"Hi, I've been following the diet plan we discussed and lost 8 pounds so far!",False,,,afda3a21-adbd-440a-b2fd-b8ac6d6f9a04,e1d94411-d9fc-4cb3-a657-50a791899f2c,2025-09-01T05:36:36.240837,2025-09-16T20:32:36.240846
fec17f43-450e-4c77-b91a-4eecfc7fec24,332f4657-84f6-43d9-ad49-70992ef7bcca,eace8e24-e14f-43ad-926c-d41852602b52,"Good morning Ronald, I've updated your treatment plan based on today's visit. Check the portal for details.",True,,,54840263-85b8-42d6-b93e-ce12be04aa71,fc867a8b-37dc-454d-abf5-bdfff7e60a3b,2025-09-13T14:09:36.240953,2025-08-30T02:27:36.240965
659ce3d3-1601-4ca7-8596-a8507261bbad,5ed271ed-cf3e-412a-996e-67c71423c987,da83adb8-6e40-4e0f-a767-2927a3b25a44,"Hi, I wanted to let you know that the physical therapy is really helping with my back pain.",True,,,c985e970-2a03-4a83-bf4f-235784953f33,,2025-09-11T06:22:36.241020,2025-09-02T17:34:36.241029
3f02e186-90c4-4084-872b-af66c1c54136,8f0f9fa7-6b40-40a4-9ad1-3fdcc2b1762c,06b9f39d-5ae6-4afc-9afd-2a69360b4859,"Hi, I need to reschedule my appointment next week due to a work conflict. What availability do you have?",False,,,d7d98f8f-a993-4794-b44b-09d2c3b0cb6e,297f9785-3981-4cea-9668-b9224f1999da,2025-09-11T10:09:36.241103,2025-09-09T10:19:36.241112
497a3cb2-b5a3-4550-8dbc-4bdfa34406cf,413f3bcd-7d8b-485f-b506-14a7fa34f9cd,7c464a0a-c4be-40e0-95ec-9c3555d9a9da,"Hello Sara, the X-ray shows no fractures. Continue with rest and ice, and follow up if pain worsens.",False,,,3a2b4733-df11-4f4c-a183-620b2978ad0f,,2025-09-16T05:13:36.241216,2025-08-24T05:32:36.241226
3545e3ce-4006-4f2d-b3fc-6a7dfdf7fbd7,4d61c589-67ba-4558-9255-99205cbc135a,c7d5b71b-188a-488c-b49f-e415805a51d6,"Dr. Dr. Cooper, my blood pressure readings at home have been higher than usual. Latest was 145/95.",True,,,,c2c657aa-683e-4e6a-bae1-bd885ec76d69,2025-08-25T20:29:36.241329,2025-09-06T04:45:36.241338
c8f937d0-0546-4b6f-8945-17a94b7bdf2f,f7b81a0f-2ce7-4610-8cc4-0425b5032505,86555182-f0ae-47b4-b168-af30e2f67bbb,"Hi Jamie, I've reviewed your symptoms. Let's schedule a follow-up in 2 weeks to reassess.",False,,,,,2025-08-22T17:47:36.241403,2025-08-21T12:05:36.241413
1b35509e-bb29-47c1-8bb4-c67c2cc77341,de9ca3aa-96ed-4132-8866-db21c3a418df,c7c30fa5-b057-4aff-9c9f-931884c4fa78,"Hello, my insurance approved the MRI. When would be the best time to schedule it?",True,,,,15f79aff-ab67-464f-b125-ce483d69b345,2025-08-23T21:21:36.241508,2025-09-15T01:14:36.241516
fbcae0a0-dde7-4ff4-9c82-7936e442d913,4f07f9d0-b9ed-40ee-b97c-3dd9aba5a915,d7a10f2f-f690-48d3-a7f9-6463654fd0ac,"Hello Darlene, your lab results look good overall. Your A1C has improved to 6.8%. Keep up the great work!",True,,,dd21ea3f-7c93-4119-997b-98cce2146663,,2025-09-02T06:37:36.241587,2025-09-03T22:32:36.241596
17f52fe0-829b-41bd-a0a8-34135a1a662a,0c9f9cac-c4bf-42c3-8c9f-d2d359b28642,fc7eb8a0-a7f9-4b5b-8fbc-20d01588b0ff,"Hello, I've been having chest tightness when exercising. Should I come in for an evaluation?",True,,,d15c25dc-8935-4b7e-9f46-f786ba61d5f2,b6de2db4-9f1d-4bbb-8f7b-b4e8ce8f17be,2025-09-18T21:11:36.241646,2025-09-18T00:42:36.241655
ff8abfd8-170a-4e5d-9fbf-59a76d245248,d74d9d3f-ac5b-4502-8a27-cbc9fa6e51c7,0027cfaa-2e9e-438e-8d0f-79b9f64277fe,"Hello, I've been tracking my glucose levels as you suggested. They're ranging from 110-140. Is this okay?",False,,,,,2025-09-16T21:46:36.241719,2025-08-20T05:37:36.241727
20796847-5169-4486-9b91-b318366ba31e,c94edd15-d9da-44f3-ba16-2d6544867e7e,8e1fcdd8-f962-4c38-bd41-69c97884ab90,"Hello, I'm having some side effects from the new medication - mild nausea and dizziness. Is this normal?",True,,,,,2025-09-17T17:05:36.241766,2025-08-23T12:42:36.241779
faeb8a1e-3de0-4c2e-8f0d-c6d4c3d7ecd4,eace8e24-e14f-43ad-926c-d41852602b52,af0e32f6-112d-4c5a-a0da-d1e5e825f90a,"Good afternoon, I'm having trouble sleeping since stopping the ambien. Any suggestions?",False,,,,,2025-09-03T07:05:36.241819,2025-09-02T12:18:36.241828
c690a85e-b5d7-4188-8fc8-e0f7c77c32ff,212ad660-ce26-4c29-908b-b5a751adaa55,8eff44ea-0351-4777-b51f-ffcf33459624,"Hi Joshua, your blood pressure is well controlled. Continue current medications and lifestyle changes.",True,,,e0655441-0405-47be-beb3-f7e74597309a,,2025-09-05T14:58:36.241955,2025-09-07T16:27:36.241964
e65fb0d7-f1b5-4f34-bebc-c1f7e7f4c95e,04b4d59b-b2ff-42c8-b7d9-d93822e25586,fb0d01da-5d8e-4192-9f07-fb39f591fb1d,"Hi Daniel, I've reviewed your symptoms. Let's schedule a follow-up in 2 weeks to reassess.",True,,,,,2025-09-10T18:03:36.242010,2025-08-25T03:52:36.242019
3e183df2-1685-4ddd-bc96-0fc6167ecbb3,17583997-cc01-4e68-8d74-028d866800c9,abf12ea7-900d-445b-acdf-abac15577f51,"Hello Elizabeth, your blood work shows slightly low vitamin D. I'm prescribing a supplement.",False,,,a3c0d538-2e5b-4617-90d4-56cde9e295c6,,2025-09-02T14:54:36.242172,2025-09-12T16:59:36.242181
a4879a35-7aeb-41c5-9e75-065a245d1fbc,c1ddf072-bfa9-429e-8bcb-abcf5c2558be,4cf46812-3e41-4858-823b-ca0917c430a2,"Good morning, I'm traveling next month and need refills on my medications before I leave.",False,,,3fe9eb3d-43f6-459e-9f4b-f9c139eb1592,,2025-08-25T13:14:36.242253,2025-09-07T21:28:36.242280
86c243ca-ea89-44e1-9d5f-52b4aab1efd4,5186d5a0-90d8-438a-bdbf-922cebf333f1,ab3abfc4-35be-425e-adb2-a3759b3a9f19,"Good morning Matthew, the CT scan was normal. I'm glad we could rule out any serious issues.",True,,,10396333-3adb-435c-a165-1cc4625e7a56,,2025-09-07T15:05:36.242325,2025-09-05T18:06:36.242335
3aefd02c-05ca-460f-a681-1eec9df7ea0a,029ca8b6-bec8-4952-b928-955c04df6ba4,d90f1791-1f04-4fac-aafc-bae450b8e5b0,"Good morning Joseph, the CT scan was normal. I'm glad we could rule out any serious issues.",True,,,,,2025-08-25T12:07:36.242437,2025-09-17T08:00:36.242445
933e69b1-8459-43df-8795-1c90500dde19,f0e21481-f4a9-4ada-a212-08dd8850e526,5dbfe6d2-f9c5-4842-a121-f84e5932ada4,"Dr. Dr. Chen, I'm concerned about a new mole I noticed. Can we schedule a skin check?",False,,,430b863d-7808-4e64-968b-b193ef62634f,43fbea43-b862-4748-95ed-967ad1bc794a,2025-08-22T09:44:36.242542,2025-08-19T16:23:36.242552
7034264c-0234-4e2e-8c88-e398da176c1e,17fdad73-93b8-4619-aa66-4c82558b06db,3f22bac5-4ab3-4489-9521-724155931275,"Good afternoon Mark, the specialist confirmed our diagnosis. We'll start the new treatment next week.",False,,,,,2025-09-14T18:00:36.242605,2025-09-08T00:39:36.242614
8d8dda90-28a4-447c-8320-c383ce4358f1,48b246c1-b0fc-4015-8d92-53f88e2ae50d,03870111-26b7-4a54-a031-25da9363c7e1,"Dr. Dr. Scott, I'm concerned about a new mole I noticed. Can we schedule a skin check?",True,,,f65ce23c-ccf5-43b6-8d11-5999ff9d31bd,40a41f91-e2be-43a8-93c7-2d2656c427a5,2025-09-01T05:58:36.242687,2025-09-04T00:38:36.242695
697cb047-1168-4b64-a09f-e9ec80c73d24,224a49d1-38bb-4f83-90fb-693e4db8bbb8,89ddd2eb-453f-4a32-b4e0-0fe9415372cb,"Good afternoon Sara, I've referred you to cardiology for the stress test we discussed.",False,,,552d1f30-868b-4b84-ba5f-8c79309a24f4,,2025-09-04T00:23:36.242750,2025-08-25T00:31:36.242758
64d2f155-8e82-4099-8155-bc6674a00075,aca00108-d3d4-456e-8c38-7b5ee17a9c89,b8285cbd-846c-4eb2-b4be-d6f5f75ad51a,"Hello, I've been having chest tightness when exercising. Should I come in for an evaluation?",True,,,,ae2079f5-e45f-4e84-a02d-3895fdffedcf,2025-08-31T21:05:36.243116,2025-08-24T17:11:36.243129
949f9a14-d49a-4f55-93ae-434e9b29d58e,20d4da54-aa33-49ff-8f1a-f1fecdfc65b7,875b2f67-2a83-4a8e-be67-5b9f29df21e8,"Good afternoon John, I've referred you to cardiology for the stress test we discussed.",False,,,,,2025-08-22T10:55:36.243164,2025-09-15T08:25:36.243173
95f5aef6-9926-4d80-8f0a-3d2494032196,d3743e2b-deaf-40c7-addc-bbbd1983dbf3,832b1578-980d-4658-8598-106b60c2f6ff,"Hi Patricia, the side effects you're experiencing should subside in a few days. Call if they worsen.",False,,,,,2025-08-26T07:36:36.243239,2025-09-14T21:47:36.243248
5b99846d-f3ec-44c5-9b6e-f807dbc72526,2b468376-9e5e-4c20-b46e-f6d17bfd3cb4,e6b65a42-7f5c-4246-8b1f-485d1270a696,"Dr. Dr. Hall, my blood pressure readings at home have been higher than usual. Latest was 145/95.",True,,,565c3c8f-b388-459c-a82a-669fab33f701,,2025-09-16T18:42:36.243306,2025-09-11T05:33:36.243314
f2b9650a-7236-4f17-8c2c-07e9eea683ff,0d19ca7e-d9d7-4bc5-9627-132a18beb004,bce6bb2b-6a0c-43f0-a117-1c03aedf9726,"Dr. Dr. Miller, I'm concerned about a new mole I noticed. Can we schedule a skin check?",False,,,a27ccbdb-f232-4747-952c-a127e47aa83e,,2025-09-14T10:46:36.243461,2025-08-26T01:53:36.243470
24b6c478-0703-494a-9e88-39ffc004060e,ada9bb0a-ccb1-4fa8-b3a7-155f14b5d81b,e9a64b10-5c0c-41ff-97b5-3e7dc2f76809,"Hello, I've been tracking my glucose levels as you suggested. They're ranging from 110-140. Is this okay?",True,,,,,2025-09-17T11:20:36.243633,2025-09-11T10:45:36.243651
f31d4d99-003e-4515-8361-eef26e1b0910,1f9cce66-db19-4da4-9562-a0e951ca9b8c,be0c038a-fe10-49e5-9f59-b9772fdde92f,"Hello, I'm having some side effects from the new medication - mild nausea and dizziness. Is this normal?",True,,,8395959c-279f-41e9-aae5-2ee4beb32de9,,2025-09-15T13:04:36.243727,2025-09-07T12:50:36.243737
bb9824ce-a19c-4c8f-9589-626c0326d93a,2ca2f316-32c0-4863-8517-71964508ec7f,d74ecced-4800-4359-bf1a-cde28686a86c,"Good afternoon, I wanted to follow up on our discussion about my sleep issues. The CPAP isn't helping much.",False,,,fdbc071d-262d-47e0-9e16-926d80d37a4a,3a03bb94-dde9-42b1-bac5-2e57548f3e21,2025-08-20T14:51:36.243892,2025-09-06T23:35:36.243904
3bc9aab9-6beb-4955-a8f9-667ddbdad5cb,322853ea-6bcd-421f-944f-b53fec97ebec,a5791df3-4690-43da-b02d-601829da7ab2,"Hello, I'm having some side effects from the new medication - mild nausea and dizziness. Is this normal?",False,,,3406aa70-072d-428e-8d4e-38e8e9647925,,2025-09-14T15:50:36.244021,2025-08-30T12:22:36.244034
d1b972be-291d-4035-bb26-3538c3cd3a91,13d806ab-0d79-4f2b-9b34-7615c7bebcbc,f6a0845f-4040-4af5-8f0e-a22c3464de4c,"Hello Brandon, the X-ray shows no fractures. Continue with rest and ice, and follow up if pain worsens.",True,,,c1cd198f-e9d8-4d69-8ead-1244a9454e7c,,2025-09-17T21:39:36.244210,2025-09-15T20:40:36.244228
8c8161d8-778b-49e6-90f3-1f469d9d360b,9f945a32-d348-49ed-aaf8-51babd630cf4,640f18f3-304b-4b69-98a5-5911656e1ac2,"Hello Jeffrey, your blood work shows slightly low vitamin D. I'm prescribing a supplement.",True,,,cd143174-09c0-4a20-acc2-8578e0ca5f00,,2025-08-29T05:42:36.244298,2025-09-01T18:57:36.244308
12b83dd7-1b0c-4dc7-a044-9b69bfb60224,df23d3ce-db4a-425d-b6dc-a2171c75ada0,651aeadb-1789-4bdb-a093-f2091479e88c,"Hello, I've been having chest tightness when exercising. Should I come in for an evaluation?",False,,,49c5232b-7ad5-400d-9d3a-9291aca39f58,,2025-08-28T06:14:36.244381,2025-09-10T14:03:36.244393
4d890701-6d32-4259-ad3f-9f0c88b41e18,aff177a3-5218-4a92-861d-e4b80d6836ff,89410af1-5331-4c89-bbe5-5a1bd79e0f7d,"Hello, my insurance approved the MRI. When would be the best time to schedule it?",True,,,,,2025-08-21T10:35:36.244457,2025-09-04T05:38:36.244468
14dbff08-6ec1-470b-9782-fa2090a50c6b,abfe49cf-2e85-4188-92af-5afd97933351,bc357742-388c-42c8-9f33-8a6eb14316db,"Good afternoon Louis, the specialist confirmed our diagnosis. We'll start the new treatment next week.",True,,,6d3da6bf-f47c-4806-b773-e93aaba1769d,,2025-08-22T22:03:36.244537,2025-09-15T00:21:36.244547
31ce9bdd-58ff-49b1-8ba3-3761dc1bc218,739b096f-ca2f-42ff-9a2d-be75d6ba92fc,b5152e79-df96-47d8-a4c2-db7e73f659da,"Hi, I uploaded my lab results from Quest. When you have a chance, could you review them?",True,,,,,2025-09-14T16:55:36.244623,2025-08-23T06:40:36.244634
aded0488-e2b8-49e0-b887-cd0c0c5a7760,9113d9c3-7952-4130-bf46-c9f3663aaa6f,72f01eb7-ab8f-4573-b300-14be17ab607b,"Hello, I'm having some side effects from the new medication - mild nausea and dizziness. Is this normal?",True,,,5454e5cf-f4f6-4a9b-9dc9-16e5dcb14722,,2025-08-22T09:15:36.244776,2025-08-22T20:07:36.244790
bab409ed-0b70-4d55-8af3-47083c1a6252,b447b20c-d06b-49ab-b5a7-a84abb4457f0,a4fe266c-2821-42c1-9753-ad2125567ada,"Hi Briana, the side effects you're experiencing should subside in a few days. Call if they worsen.",True,,,e438ceda-fdfd-4b8e-b50d-10d87ddecf50,,2025-09-01T04:31:36.244950,2025-09-04T06:29:36.244962
029219bb-7abc-455a-8d9f-78594a2899a9,60333f44-e0eb-47f1-ae22-e6e9e7e6ebbc,23b70a16-bf12-46f9-9411-741daa8cbc9a,"Good morning Yolanda, I've updated your treatment plan based on today's visit. Check the portal for details.",False,,,,,2025-08-21T00:11:36.245108,2025-08-24T21:43:36.245119
8f423512-d47c-4f70-a540-ffd5e440d85f,9db5f05c-bf2d-4edc-b00c-fee9889d1fa3,724a91be-38f1-4253-ae15-f73f553e3aa8,"Hi Johnathan, I've reviewed your symptoms. Let's schedule a follow-up in 2 weeks to reassess.",True,,,a6d44bba-ea58-45fd-aa5b-39d91d60d938,,2025-09-06T16:36:36.245280,2025-09-07T07:25:36.245290
8d12dce7-5f66-4faf-9bb6-b08a26b0bc38,cb075eb7-0bea-4493-89e3-3bab12c1b2f1,6dd29a46-b846-45ba-aa93-222a649f4713,"Hello Natalie, I've cleared you for surgery. The surgical coordinator will contact you about scheduling.",True,,,,,2025-09-04T14:33:36.245376,2025-09-05T21:22:36.245383
29163617-681b-4c65-ad6c-f9f459e78ab8,3d7d3f38-141b-4314-95fd-16746bbb37c2,08581660-6192-4bcf-8beb-bdbf90991bc4,"Hi Brandon, congratulations on your weight loss progress! Let's discuss adjusting your diabetes medication.",True,,,da5c0e35-5b2f-470d-ade3-85f4ed87790d,6c9ddbc2-a9c6-4fd3-9c10-bfda198aefa9,2025-08-25T03:04:36.245418,2025-09-05T06:58:36.245425
fd362f62-ef39-423d-b9c3-786a18539dd2,db9082f2-94ea-4f9e-9ee9-d9477b55ae32,6a8a7385-52bd-4c0f-8697-216e33873798,"Hi, I've been following the diet plan we discussed and lost 8 pounds so far!",True,,,740b7839-30e5-437d-9117-cdfd8f7c6a78,,2025-08-27T18:59:36.245465,2025-08-29T01:08:36.245472
bbbf3a09-b497-46c0-b90b-fa100520ad24,871bd474-bd6b-4eac-8931-6db657bfd40e,d2f18468-55aa-45fc-97f5-c87b3829a312,"Hi Adam, the side effects you're experiencing should subside in a few days. Call if they worsen.",True,,,,,2025-09-03T18:50:36.245541,2025-09-01T08:42:36.245549
690d4f62-427a-459b-a4b5-3c8bfb51504f,f3a5a519-eda9-4680-af78-d2a712377117,d8148cae-83d3-45b1-92cf-c5dbfb3a7988,"Good morning, I'm traveling next month and need refills on my medications before I leave.",False,,,,1005eac9-a1dc-4463-8227-cbb3ad3107a2,2025-09-16T15:29:36.245660,2025-09-12T15:18:36.245669
c2349dcc-f133-43cf-9032-ca1345decd97,b1e545b2-02da-4854-bfc4-3a48e944925c,f4f74c5f-dd53-4958-807b-fc6ef371fe09,"Good afternoon Deborah, the specialist confirmed our diagnosis. We'll start the new treatment next week.",False,,,9594724d-46d7-4d26-88a7-27a277c4aa61,,2025-09-16T07:48:36.245763,2025-09-01T06:24:36.245772
0bf74f21-c4fc-4a12-88e3-b7ed232803e5,133d45d4-776b-4474-80a4-c298450b7f4a,be68c058-9b57-4643-ab6e-1031df8dc76e,"Hi William, I've reviewed your symptoms. Let's schedule a follow-up in 2 weeks to reassess.",False,,,,,2025-09-10T14:07:36.245860,2025-09-14T20:06:36.245871
e6e4fb0c-6f78-4cbb-8308-a2950ba58a53,b7154ec5-8b13-4b5b-8245-7719b2edef17,ca0d1828-eb69-4e27-9d00-4678eaf55d5c,"Good morning Shannon, the CT scan was normal. I'm glad we could rule out any serious issues.",False,,,,,2025-08-25T17:20:36.245899,2025-08-24T15:08:36.245906
5ebaba65-9fdf-42fc-a971-e642f3c14a62,5921349a-09d3-4bd7-bea3-87cfb3ed840e,5457b468-4601-4cc4-8fd2-89954a081ac5,"Hi, I wanted to let you know that the physical therapy is really helping with my back pain.",False,,,4763a7ef-ffe3-4660-a5ca-a873310fe499,,2025-09-17T01:25:36.245944,2025-09-02T01:44:36.245952
63d15f2a-052c-403a-aab2-17fd58e2299f,c5b4c2b4-99f1-4b29-a104-67b368e16500,1c7d9b92-8690-45ca-a4ab-2cb31b735f33,"Hi Peggy, I've reviewed your symptoms. Let's schedule a follow-up in 2 weeks to reassess.",True,,,,286bf9f9-6d05-4602-bfea-bd6384d38d51,2025-09-12T18:53:36.246001,2025-08-26T20:43:36.246011
d7b48466-1f9f-46ce-9f97-cd60f9782f54,aa47e621-d5ab-4164-8580-954d52f7d726,1eef293d-f2cc-4864-a7c9-949a86b59a15,"Good afternoon Crystal, the specialist confirmed our diagnosis. We'll start the new treatment next week.",True,,,,,2025-09-15T15:16:36.246143,2025-09-19T01:40:36.246152
75a95e6d-7c0e-4511-a7ad-a24f2583f8ac,8f0f9fa7-6b40-40a4-9ad1-3fdcc2b1762c,e4e97deb-44bc-4001-af88-bf55cc9edf10,"Hello, I'm having some side effects from the new medication - mild nausea and dizziness. Is this normal?",False,,,9b3ef166-9aef-4d75-92d0-644ea564874b,,2025-08-26T07:58:36.246206,2025-08-31T05:15:36.246214
44cd1662-9d18-473c-bbcd-e628ff889fe4,8eff44ea-0351-4777-b51f-ffcf33459624,3d336998-db48-42fe-b302-d45d3be18224,"Hi, I wanted to let you know that the physical therapy is really helping with my back pain.",False,,,,,2025-09-07T08:23:36.246304,2025-08-22T11:02:36.246314
b4cac139-d5c4-4423-b654-077a23eb14b3,d13f5ce2-71e0-41b8-9d18-d6128a81b566,84f728e3-cd66-45b1-97e3-d7ddeb06a77d,"Hi, I've been following the diet plan we discussed and lost 8 pounds so far!",False,,,,,2025-08-26T06:18:36.246399,2025-09-16T05:05:36.246407
116dfc32-e7f4-439f-be6f-99917072110a,c1e363f4-834a-4491-abe2-d2cd1475a1de,621f11a4-6d69-4a8b-a02a-b8a72851f68d,"Hello Jennifer, I've cleared you for surgery. The surgical coordinator will contact you about scheduling.",False,,,,,2025-09-17T06:49:36.246500,2025-08-23T00:05:36.246509
242560fa-0db0-450e-ad35-7ab4d5a83e85,0e4d27cc-3d14-47b8-8f46-fe3a43449f6c,d846c443-841c-47bd-8578-eb5288856bc5,"Good afternoon, I'm having trouble sleeping since stopping the ambien. Any suggestions?",False,,,,,2025-08-25T00:11:36.246576,2025-09-12T04:23:36.246583
bf29895b-42ef-43a9-aa90-894953933028,84768eaa-6402-4e2b-b093-4e79a1424e0d,78e453a7-6007-4463-9145-d8bf354429f3,"Hello William, your blood work shows slightly low vitamin D. I'm prescribing a supplement.",True,,,,,2025-09-19T01:45:36.246759,2025-09-09T22:44:36.246768
a9b0351c-fd48-48b7-bb68-4158180df8a6,65bfc399-4245-45da-841a-c664997ad395,5194d2c2-d527-48ed-9fa7-b49004c85adb,"Hi Sarah, your blood pressure is well controlled. Continue current medications and lifestyle changes.",True,,,,,2025-09-11T01:34:36.247360,2025-08-31T10:22:36.247430
d099db48-ec6f-45bd-85dc-9ca2db32a5a9,8ebc0dd8-eb5d-4c7a-a42f-fbe616db06ca,24b19896-ddb5-48cd-9345-c284bade0435,"Good morning Emily, I'm sending over a new prescription for your blood pressure medication.",False,,,,,2025-08-19T23:20:36.248966,2025-08-21T00:13:36.249075
fa5094ba-7479-4318-b708-25ed08234e82,0dc702ed-6bd8-4eb8-bdd3-d3ae7a9499d4,4f4e48ee-652b-4fc4-aa5a-a2b68ba9e73a,"Hi, I've been following the diet plan we discussed and lost 8 pounds so far!",False,,,8a639284-c1bc-414a-9c53-10b56bac4036,,2025-08-25T22:38:36.249332,2025-09-02T16:44:36.249342
45ea70f3-aee1-45e4-bc24-2c2aed58fcf1,66ffa665-3763-4c5a-b235-b562aa1d8899,65e34f8b-e096-4b8c-a2ac-e8114f0fa1b2,"Good morning Thomas, I'm sending over a new prescription for your blood pressure medication.",True,,,86582ce3-11e0-4279-9524-3567c5344efc,,2025-08-31T07:59:36.249488,2025-09-16T04:21:36.249497
b11ba1fc-39eb-4483-9e45-6a714737430d,6dfee091-55e4-49dd-9d78-ebdab2eb9aa3,7b56674b-dea2-4939-9804-31b3bd5293b9,"Hello Robert, I've cleared you for surgery. The surgical coordinator will contact you about scheduling.",True,,,fce48b62-8990-4665-867d-61d50871b6e3,01ae6e3c-5f13-46f3-8b72-ead8053f50cd,2025-09-15T20:54:36.249719,2025-08-22T08:42:36.249729
24484087-fa2e-40e7-bf7b-602d198a9d4f,a5295f55-cb78-4fdd-bc70-130a67f2e1e9,4abf64d8-4ec5-4c20-afbb-5a36286a4b2d,"Good afternoon, I wanted to follow up on our discussion about my sleep issues. The CPAP isn't helping much.",True,,,b6404082-e36e-4e78-92c0-c152a65eb304,,2025-09-17T08:32:36.249806,2025-09-15T22:11:36.249814
d839f9aa-1d3c-46be-95ce-f9c374c38510,39401a29-53b0-4380-8e47-d67df6274e9c,dbaeb6b8-5979-45f6-86b9-df2f0abdeedd,"Hello Matthew, your blood work shows slightly low vitamin D. I'm prescribing a supplement.",True,,,,,2025-09-05T06:36:36.249954,2025-09-08T21:04:36.249962
ed9408d3-64ed-4526-a265-dab2008b5c04,f2a99691-9a68-4eca-952b-4a8c3e2ff93f,f265b0d2-ca1a-4a04-a4dc-82bcc76382d0,"Good morning Cody, the CT scan was normal. I'm glad we could rule out any serious issues.",False,,,af6aed22-4ac8-4e21-9888-bf6e5477e2d8,,2025-09-11T13:34:36.250049,2025-08-31T04:54:36.250063
1a99fdda-8f5f-4024-87c2-b72d7506d246,9ec3661e-a664-4fdb-a6d0-4cb8cfe52e96,7555a669-16f9-4dbf-a7ce-7188d920f2a6,"Good afternoon Jennifer, the specialist confirmed our diagnosis. We'll start the new treatment next week.",False,,,7af9226e-2083-4b1f-8a1b-7420273ea309,a08d4a07-4f37-4efc-ac63-78bbca25f8d3,2025-09-13T17:39:36.250115,2025-09-10T02:02:36.250121
d0e4135d-24ac-420e-8b12-8d67b548f80e,2ebaee9b-e09c-4071-9c7a-825c5c3bd10b,1077db2f-a53a-49d2-9f57-7a9156e1f58a,"Hi Patricia, your blood pressure is well controlled. Continue current medications and lifestyle changes.",True,,,edc6f20e-1187-45df-a72b-bf2644a23943,,2025-09-14T02:58:36.250207,2025-09-14T00:13:36.250213
7413d944-17c2-4585-8961-35b97df6c223,d846c443-841c-47bd-8578-eb5288856bc5,567bf8b8-f6ea-4007-9329-c8452438a08c,"Good afternoon Felicia, I've referred you to cardiology for the stress test we discussed.",False,,,,,2025-09-09T11:58:36.250310,2025-09-18T21:23:36.250316
dc0a9e59-2e78-46c3-9b35-e8610227c541,de36b501-80fb-4ec2-9a6c-b4454208c8d6,1f9cce66-db19-4da4-9562-a0e951ca9b8c,"Hi Dustin, your cholesterol panel shows improvement. Continue the current statin dose.",True,,,,,2025-09-07T12:35:36.250354,2025-09-03T14:36:36.250360
c4a17906-d9d7-47bb-b973-9b04ea35ce8c,c52b88ce-3586-411b-a85f-2df4198258e5,906f1cff-598e-421a-91fa-6da68b7c58d2,"Good morning Jerome, I'm sending over a new prescription for your blood pressure medication.",True,,,6f520831-737e-43fb-b48b-9bd803edf707,df97944c-936c-45b1-adf4-2a6e86d5ebce,2025-09-16T23:54:36.250455,2025-08-27T08:45:36.250462
8884f5b4-f6f3-4d15-adee-14653ab4efe2,1f9cce66-db19-4da4-9562-a0e951ca9b8c,851bedd7-fd67-4b7f-aeba-f28e2c91a771,"Hi, I uploaded my lab results from Quest. When you have a chance, could you review them?",True,,,,,2025-08-26T05:13:36.250522,2025-08-20T13:56:36.250528
8e96a7f2-af47-4efd-94c6-c2411e169a65,640f18f3-304b-4b69-98a5-5911656e1ac2,720cd0ee-016b-4433-ba3a-56f43a71f384,"Hello, I'm having some side effects from the new medication - mild nausea and dizziness. Is this normal?",True,,,f36f6ab8-c6f3-4d0a-8b05-8017d339c859,,2025-09-14T09:42:36.250572,2025-09-16T06:16:36.250578
71e40cff-67fb-446b-8ff9-aa86e7e27d49,9f4ba15b-036f-4869-a930-2c8be8479510,744d5059-5f11-4d7a-8b46-f171b60c80d8,"Hi, I've been following the diet plan we discussed and lost 8 pounds so far!",True,,,,,2025-09-06T17:19:36.250671,2025-09-08T23:58:36.250677
a3cd8278-c443-4a7a-bc8a-7639ef7a4997,10b6cd72-f085-493c-875d-db126808eadc,feaffadc-df28-44df-99f4-a211f2c78ce1,"Good morning William, I'm sending over a new prescription for your blood pressure medication.",False,,,f33c79fc-c36b-4e85-b8c0-7317f8fffda6,,2025-09-08T14:39:36.250760,2025-09-19T02:59:36.250767
35f67fd9-2796-4733-917f-f09b2958cac3,15aad9ba-7eed-4038-8f10-5ab38d1a9d12,3739b3b5-7a68-4f3c-b27e-95668f600d84,"Hi Erika, congratulations on your weight loss progress! Let's discuss adjusting your diabetes medication.",False,,,,c91fc5a4-9972-4285-b4fa-25db595c6cb1,2025-08-26T09:20:36.250857,2025-09-02T00:37:36.250863
010e67b1-c13d-4a58-8665-03fc3378303b,57d81564-2f2c-4a41-9ab4-ac9987f09f71,f7e5fce1-8a8b-4f14-9630-b64d46b30f97,"Good afternoon, I'm having trouble sleeping since stopping the ambien. Any suggestions?",False,,,,,2025-09-06T16:17:36.250979,2025-08-30T01:35:36.250984
4b4898ce-2377-48d5-a6c8-fff466fbe3dc,332f4657-84f6-43d9-ad49-70992ef7bcca,1c87ca56-7210-4a7e-8837-de7d7bc7e199,"Good afternoon Paula, I've referred you to cardiology for the stress test we discussed.",False,,,,,2025-09-19T05:37:36.251088,2025-09-17T23:26:36.251092
20556346-9d88-4ca6-b7a5-f1bd2a8ffe64,3501dd4b-617a-4d89-af91-56e8aa6e5374,93a3393d-2968-4da3-8ebc-bd99e2f5fc3c,"Good afternoon Sharon, I've referred you to cardiology for the stress test we discussed.",False,,,,,2025-09-19T04:19:36.251135,2025-08-26T08:12:36.251140
e0a73a08-d9a6-4aaa-8c32-581d18b86e95,bbac2c3d-8c80-4a27-8289-7f86f0d81e96,e4d9d8c7-e513-4d25-9409-6ba5e26f950c,"Hi, I've been following the diet plan we discussed and lost 8 pounds so far!",True,,,,70ccd8a9-c116-4bc3-bfee-cfaaee360a03,2025-09-18T10:23:36.251210,2025-09-01T18:10:36.251220
dcb87e50-032e-4bb4-9e85-f52c43316b36,0e579057-f34b-45d7-9b84-c85b85bce8e7,5c4aef43-c6b0-4e88-8fc2-f95a2ed82412,"Hi, I've been following the diet plan we discussed and lost 8 pounds so far!",True,,,,,2025-08-21T12:41:36.251287,2025-08-19T18:40:36.251292
e85965a8-5223-46e1-ab5f-f0761119728f,9e6d1605-fedd-462e-93bb-4b136b91094d,f37af226-0246-4cd9-92c0-5f9290db8454,"Hi Jennifer, the side effects you're experiencing should subside in a few days. Call if they worsen.",False,,,56d38616-f9c7-4e23-9d4f-9c765c3c7148,,2025-08-25T21:44:36.251394,2025-09-17T16:24:36.251399
22845d85-1b2e-4805-8e68-a1572365eb33,7ca05120-8357-4667-a080-955b79ec85ae,a897bbfe-fc85-499c-8e66-9860398f6cad,"Hello Daniel, the X-ray shows no fractures. Continue with rest and ice, and follow up if pain worsens.",False,,,,,2025-09-16T00:52:36.251485,2025-08-26T08:47:36.251489
7798f2c5-6a02-4b5e-b5e8-f863526f4aa9,d562be6e-286f-4952-88bf-50c9dd12e0ff,15d00cc1-98dd-4654-a99b-47419e8a747e,"Hello, my insurance approved the MRI. When would be the best time to schedule it?",True,,,,f766bd6a-7523-4648-86c5-378d150b994f,2025-08-21T19:41:36.251562,2025-09-15T01:23:36.251567
f1148a7c-c172-4264-a099-34be038c1e5c,ad563605-e182-4ec0-9d33-e8f048fa0df4,e085f374-f81a-4edf-b6df-4ba598c8b1ca,"Hi, I need to reschedule my appointment next week due to a work conflict. What availability do you have?",True,,,,,2025-08-23T11:39:36.251597,2025-08-24T05:47:36.251601
d748b5f7-1e77-428e-ace4-445ef7b58c02,6d0411e2-59e7-47f8-973d-80a070ba44c3,9505fd0a-7f8d-4734-b3b3-bd02471b14a8,"Dr. Dr. Clayton, I'm concerned about a new mole I noticed. Can we schedule a skin check?",True,,,,,2025-08-28T07:11:36.251632,2025-09-05T07:21:36.251637
070a01b6-cb71-4e02-9a22-563f55514e0a,720cd0ee-016b-4433-ba3a-56f43a71f384,d0a96ddd-b95d-4a84-aeeb-5b20cd82e42d,"Good morning Jeremy, the CT scan was normal. I'm glad we could rule out any serious issues.",True,,,,58f0e426-324a-4da8-a761-858c019fa8fd,2025-09-19T05:47:36.251742,2025-08-21T00:03:36.251748
a27f8274-60e5-4270-97d0-da76204933c4,1386288b-4fcb-4364-983f-8591e69314d3,94cc471a-9a82-4b24-9ecb-000a89e8ff8a,"Hi Carlos, I've reviewed your symptoms. Let's schedule a follow-up in 2 weeks to reassess.",True,,,,,2025-08-21T12:35:36.251841,2025-09-13T10:44:36.251846
62199180-2518-40d7-b0e9-ade2f9d61972,4c50e546-c2a0-4a11-9249-b35e3b5bbbe1,8536d3a3-fe80-4059-8ab9-dd1e5ea83405,"Good afternoon, I'm having trouble sleeping since stopping the ambien. Any suggestions?",False,,,,,2025-09-15T23:26:36.251889,2025-09-09T21:46:36.251894
37e581fe-2b5b-46cf-b46a-fa6028e964ed,0c9f9cac-c4bf-42c3-8c9f-d2d359b28642,d23ecbee-393a-4b73-8d15-77f2ac08fb4f,"Good afternoon, I'm having trouble sleeping since stopping the ambien. Any suggestions?",False,,,,fc8e44db-e15a-40f9-b2b3-1505a781e457,2025-08-27T14:03:36.251927,2025-09-06T07:54:36.251932
185ba9ea-f0d1-419a-af0a-8f06347d8da6,15cdf72c-7dee-4bc7-b04b-36e1d2d1b643,d8148cae-83d3-45b1-92cf-c5dbfb3a7988,"Good afternoon, I wanted to follow up on our discussion about my sleep issues. The CPAP isn't helping much.",True,,,,,2025-09-16T09:30:36.251990,2025-08-25T20:19:36.251995
8c0a2eef-ff5b-4eb9-a34e-f23257d0304c,732d2a76-5ded-4961-9bdb-08049d6106e2,286db46a-00e4-4259-92c1-5920ad84ff47,"Hi, I've been following the diet plan we discussed and lost 8 pounds so far!",True,,,,,2025-08-22T17:49:36.252096,2025-09-07T17:27:36.252100
3b86f3c2-0434-469c-91ca-323956d5339f,1ce354d8-f188-4470-8cea-c72bfecc3201,95de4e06-4376-4c8d-a446-b2dba85a7814,"Hello, I'm having some side effects from the new medication - mild nausea and dizziness. Is this normal?",True,,,,,2025-09-09T05:20:36.252180,2025-09-18T15:01:36.252185
e2152af4-c29e-4642-85f4-13e575f31b2b,d0472fe4-0eb8-4839-8e36-b8e698a44ec3,0f75b9d3-c5ca-44db-8eba-0a4075c2a5c0,"Good morning Kyle, the CT scan was normal. I'm glad we could rule out any serious issues.",False,,,,15bab4ae-58c5-4b2e-a491-59cd8e288daa,2025-09-03T12:55:36.252209,2025-08-26T10:45:36.252214
8fdb14ef-46f0-4ccf-8529-2665449a704e,892743f2-c2fb-445b-9558-cb6c708b73c6,2c0b44dd-496f-43f2-aaa5-e53397aa7ef7,"Hello Catherine, your lab results look good overall. Your A1C has improved to 6.8%. Keep up the great work!",True,,,,,2025-09-08T22:42:36.252304,2025-08-25T13:53:36.252309
d2d87776-0c17-496e-a5c3-6063f6af5ff4,2b4afc49-a086-4a16-b800-97077da3c8f1,e336775e-c5af-490e-9374-4e24e68c80c7,"Good afternoon, I'm having trouble sleeping since stopping the ambien. Any suggestions?",False,,,,,2025-09-18T04:24:36.252376,2025-09-12T16:01:36.252382
7fb02f98-dec2-4925-ab19-a0f9d46f7cfd,f5982700-b49c-442f-a189-0493dd796fe6,ebbfc7da-4d47-4eb6-bf72-ffa75e3bd563,"Good morning Stephanie, the CT scan was normal. I'm glad we could rule out any serious issues.",False,,,,,2025-08-30T23:45:36.252452,2025-08-30T15:15:36.252456
f0223a09-29e8-48d6-bb48-5dee34090ae6,c7c30fa5-b057-4aff-9c9f-931884c4fa78,044ec0b2-db37-4d64-bc47-e79fbd15b633,"Good afternoon Scott, the specialist confirmed our diagnosis. We'll start the new treatment next week.",False,,,,,2025-08-28T04:02:36.252513,2025-09-03T03:28:36.252518
eb64b344-e7f9-46f7-8e66-0ff035a472c7,b061a369-7010-4ff4-a4e0-9a8325473e7d,471b4ee6-60ad-4fc1-98ba-f52e624ac122,"Hello Rachel, your blood work shows slightly low vitamin D. I'm prescribing a supplement.",True,,,,,2025-09-18T13:46:36.252548,2025-09-15T23:37:36.252553
8c849141-1670-466e-b560-1635ed8b84cc,52aea615-00ec-4fbc-9438-caef63efddf0,f12f534b-9b67-4d40-a5e3-75917d001d96,"Good afternoon Donna, the specialist confirmed our diagnosis. We'll start the new treatment next week.",False,,,,5f013b9f-85a2-4f56-9cc5-fa603577c955,2025-09-04T00:49:36.252610,2025-08-21T08:51:36.252615
c2a50211-39a9-430b-88ae-1e7a026f9c11,b8f14f80-7863-4954-97a7-7a2611752487,9fae7462-6c07-4d27-8022-e002131e1925,"Hi Kristi, congratulations on your weight loss progress! Let's discuss adjusting your diabetes medication.",False,,,a0bc26f6-0ef9-4a0e-99fe-83947eb200f8,31e04dbb-187d-484e-8e58-2396a8edbd91,2025-08-23T05:34:36.252721,2025-09-08T09:22:36.252726
1d949285-30fa-4a93-b857-36df5b9c2453,26db310f-c138-482c-a4d7-a63889153519,2b67afed-fc65-456c-8f5b-07702ed5597d,"Hi Christine, congratulations on your weight loss progress! Let's discuss adjusting your diabetes medication.",False,,,,,2025-08-21T19:38:36.252820,2025-08-19T11:06:36.252825
59949723-a439-4728-9da5-cbe80ba078e1,0776a194-83c6-45b0-b044-729829e9ba0b,10f9c009-286c-4d91-a12e-adb0dfd66471,"Good morning, I'm traveling next month and need refills on my medications before I leave.",True,,,,,2025-09-14T07:30:36.252865,2025-09-12T05:33:36.252870
ae3db872-5ac5-4689-9574-bd008e549536,bed2da0d-a600-46e7-8ba7-d07ea458a41d,122ecd18-9b83-4bf8-b719-c39d9c74ade8,"Hello Michael, your lab results look good overall. Your A1C has improved to 6.8%. Keep up the great work!",False,,,,,2025-09-12T20:53:36.252928,2025-08-20T16:03:36.252933
5bca6a70-0775-4745-b7fa-2fdc32b1525c,e2ca2189-761c-4fe2-a873-5467819e8f57,a3ab30fc-8f44-4c0c-8e15-92ca457e27b9,"Hello Jamie, I've cleared you for surgery. The surgical coordinator will contact you about scheduling.",False,,,9ecc4898-6fe1-4bc6-8a34-dd01e3b203bf,030708ef-3dbd-4438-999a-11a0a4b27488,2025-09-06T10:09:36.252996,2025-08-23T15:57:36.253001
357ca052-3917-4ffb-b266-ec1d5c6bd8c0,fde2bc1a-c545-42c7-87e2-854220bf4941,8a86028d-dac0-4088-ade0-c8444e8535fb,"Good afternoon Ashley, I've referred you to cardiology for the stress test we discussed.",False,,,3f56a503-27d8-4784-966c-d51eaf16d27b,,2025-09-10T03:26:36.253089,2025-09-04T23:47:36.253098
ad5f0123-4cd0-4d2f-b95a-324921414580,dbbd2bb0-8082-481d-a391-7a02297c508e,c52b88ce-3586-411b-a85f-2df4198258e5,"Hi, I need to reschedule my appointment next week due to a work conflict. What availability do you have?",True,,,,,2025-08-28T22:10:36.253174,2025-09-12T23:38:36.253184
9c37fa81-c88f-44c0-bbb2-7e22f8691929,b730513f-c21d-4478-821b-fd0b943e01c7,fe4843fe-4e18-4c59-87f7-c87c1b6bd055,"Good morning Dr. Dr. Williamson, I've been experiencing increased fatigue lately. Should I be concerned?",False,,,8a266925-34ea-4caa-ab18-885316c89562,5aa38b02-2930-40b0-8c4e-2e69e4c5547e,2025-08-26T21:23:36.253235,2025-09-03T05:26:36.253240
5e5a98b5-3e77-45e5-afdd-13f43bff24d0,f95cbb7e-1269-4370-aa05-1f94700cc54f,3fc08077-e84d-453b-921d-f32025d78c2e,"Good morning Jesse, I've updated your treatment plan based on today's visit. Check the portal for details.",True,,,,bdcb4cf3-af6f-4aa2-954e-1ca0d4bc9c58,2025-09-15T05:58:36.253303,2025-08-25T08:23:36.253308
687a6601-f5a6-4b68-96ad-e87cc06f7ba4,c5d7a1f2-a586-4e96-b745-1b74a49613a4,4cf46812-3e41-4858-823b-ca0917c430a2,"Hello, I've been tracking my glucose levels as you suggested. They're ranging from 110-140. Is this okay?",False,,,87ca0e44-2a96-482d-96b4-e5165f5348af,,2025-08-20T03:23:36.253356,2025-08-31T10:12:36.253361
6d578d32-4573-436e-8e35-79ce984887b6,e7c1484d-d865-4894-867f-bb7c9e193303,aa1b5570-e799-45e8-98ac-8f7ffefe36d4,"Hello, I'm having some side effects from the new medication - mild nausea and dizziness. Is this normal?",True,,,,,2025-09-15T23:43:36.253375,2025-08-30T13:46:36.253383
df7f31ae-a968-4d7a-b02d-f0ac7de1aa3d,36a032a9-d69b-4622-bb24-1f5796fef575,3ae18ac8-b8c2-4898-a646-c93fb0ec8693,"Hello Julie, the X-ray shows no fractures. Continue with rest and ice, and follow up if pain worsens.",True,,,c9c16818-f255-4b8c-84ad-c54c6882db20,,2025-09-14T20:34:36.253426,2025-09-09T05:42:36.253431
3615e8f8-cc6f-4b7b-a08b-d1411ade80a0,67c6ceaa-1ddd-46bb-ad67-d5192468561e,20e9af48-87bb-4187-869a-234c0a33afe4,"Hello Thomas, your mammogram results are normal. Schedule your next screening in one year.",True,,,,,2025-09-12T18:18:36.253479,2025-09-09T19:06:36.253483
f38c423c-414a-4443-a017-d77328c7b2e8,9ead5623-c966-4474-8c44-43ad91c2d7b1,a398b5ed-c3c6-4128-b82c-930f7d23e347,"Good morning Chris, I'm sending over a new prescription for your blood pressure medication.",False,,,8b6c167c-333a-44a3-8c85-0c1d38e202e4,,2025-08-21T06:20:36.253565,2025-09-16T13:33:36.253570
0325b78e-93bb-41eb-83d1-41a41790ef84,77e1972c-24fe-47b4-b89b-cec2c9a128b4,5a249411-ba39-4f63-bc48-53b6da77e3ae,"Hello, my insurance approved the MRI. When would be the best time to schedule it?",True,,,4964ecdb-2b2f-4306-a705-09d815176f8a,2b4ac18d-6417-45e8-82b7-b04ae3ba6baa,2025-09-03T22:45:36.253627,2025-09-06T06:21:36.253632
23b4a0f8-215d-4070-a33c-bfaa1f705efd,13d806ab-0d79-4f2b-9b34-7615c7bebcbc,de2d814f-38d1-4707-ab70-a63b66ab4e97,"Good morning Brittany, the CT scan was normal. I'm glad we could rule out any serious issues.",False,,,a61101ca-1609-4560-81b1-3df7bbd0ccb0,,2025-09-08T01:41:36.253664,2025-09-16T22:56:36.253669
46019208-4e93-4145-9c8e-b9a0ff5a809d,796efd44-f080-44d6-b0fe-0d840dce8d3f,640f18f3-304b-4b69-98a5-5911656e1ac2,"Hi Jeffrey, your blood pressure is well controlled. Continue current medications and lifestyle changes.",True,,,dd4f4ff4-e6bd-4e24-b196-0f90e860308e,a0a80f8c-e52d-42a1-9ca6-e68f05c6ead9,2025-08-22T04:12:36.253702,2025-08-28T14:38:36.253706
17381c45-7f14-430f-bff9-fa4af1cc9098,8db6efba-d097-4725-87b6-dc6b3eac3e04,58f7a8e8-802c-4771-ab4b-914f026ab530,"Hello Kurt, your lab results look good overall. Your A1C has improved to 6.8%. Keep up the great work!",True,,,,,2025-08-20T10:24:36.253742,2025-09-02T08:26:36.253747
39578ce8-c118-46a7-8eba-a6850b9d7aeb,f6e398e0-a6c1-4721-9a5a-539a8af2ada2,de9ca3aa-96ed-4132-8866-db21c3a418df,"Hello Gerald, I've cleared you for surgery. The surgical coordinator will contact you about scheduling.",False,,,,,2025-08-22T17:35:36.253795,2025-09-16T02:40:36.253799
bae9c323-5398-40d4-9acf-cf8f187a83b9,48c39344-ba8c-4443-ac66-8a4194806928,903a56d8-69b8-4bc5-a4d2-a30a1b73b48f,"Hi Jennifer, your cholesterol panel shows improvement. Continue the current statin dose.",False,,,,,2025-09-07T21:43:36.253886,2025-08-26T00:13:36.253891
3b771539-b2ad-4c7d-8d60-c474e4c472ad,77fe6f11-6ffc-4ded-9589-79ce73c3dfd0,51592cc0-e396-45ec-8e78-a0da6a060af6,"Good afternoon, I wanted to follow up on our discussion about my sleep issues. The CPAP isn't helping much.",False,,,,,2025-09-14T16:56:36.253910,2025-09-10T14:28:36.253915
edb3cf5c-6232-4959-9fac-299efbc4a546,5f6598e9-226b-4811-b4ba-143ad27edf0a,7f4f4380-d8bf-4c18-ae88-e3c01b7c558e,"Good afternoon, I wanted to follow up on our discussion about my sleep issues. The CPAP isn't helping much.",True,,,,,2025-08-22T07:01:36.254001,2025-08-26T17:44:36.254006
f4ba6d3e-822d-408a-bed0-17842bbd4048,526a5125-7cee-401d-b877-834a2794eac9,d480fb5c-7740-4444-9505-64b6eb59202b,"Hello, I've been having chest tightness when exercising. Should I come in for an evaluation?",False,,,32746d6b-ad36-4f2a-af02-4be9062ed36d,184f5c18-a966-44b1-9c1d-f09fb4749531,2025-09-12T03:12:36.254057,2025-08-26T07:13:36.254062
527329fc-d5b8-4710-a2ae-d88b997c08fe,2a88aefe-d334-49e5-a741-9099453dd577,d42bbf60-ac8c-4990-bb67-976d85eb8dc5,"Hello Darryl, the X-ray shows no fractures. Continue with rest and ice, and follow up if pain worsens.",False,,,dbdfce83-4865-4ceb-9f1b-9ba361b8274e,,2025-08-25T03:14:36.254078,2025-08-24T02:46:36.254083
b6cfbb29-f49a-43b2-b93c-7a274986090f,de36b501-80fb-4ec2-9a6c-b4454208c8d6,a0116bfc-c87d-4cb8-8564-8bdf379a5b39,"Good morning Kim, I've updated your treatment plan based on today's visit. Check the portal for details.",False,,,,,2025-08-30T17:43:36.254170,2025-08-27T11:18:36.254174
6dbf768a-6182-4b58-a6ec-792cec3952a9,526a5125-7cee-401d-b877-834a2794eac9,1d3d4f2c-b255-46a5-951a-989d63f033f0,"Good morning Dr. Dr. Smith, I've been experiencing increased fatigue lately. Should I be concerned?",False,,,321ba938-6301-4ecf-8b4e-42384d8d7f8b,,2025-09-12T08:30:36.254222,2025-09-16T22:28:36.254227
ec14093f-ab69-47a7-9f36-8ee91f8c4b34,2ab618ec-402e-4264-9d24-bfb13aeffa28,ef479c73-23d1-49d8-81f2-aae7901290d5,"Good morning Brandon, the CT scan was normal. I'm glad we could rule out any serious issues.",False,,,,573ac114-251b-4d7e-a8a8-1dc3f3588df9,2025-09-17T07:48:36.254263,2025-09-07T03:50:36.254269
4c4bd0cc-3aee-4d55-afd8-9cc23561e3ec,152bf2f0-0b36-4f45-80c5-6daefcbd4a65,a5791df3-4690-43da-b02d-601829da7ab2,"Good morning, I'm traveling next month and need refills on my medications before I leave.",True,,,,,2025-08-27T21:43:36.254358,2025-09-01T12:59:36.254363
9f21f074-a9a6-4ecb-bbb4-81b818c0b4eb,9fab9611-07dc-4e74-a5bb-0072f94bed7a,eaa861bb-7d18-4070-b45a-a3dd85d57c86,"Hi, I've been following the diet plan we discussed and lost 8 pounds so far!",True,,,37dd5903-c727-4b8e-84a8-a365934c61bd,,2025-09-16T11:46:36.254436,2025-08-29T02:50:36.254441
5d338cef-1a8b-4322-889c-a24a8d9c2f54,fb4892c5-4c0d-47fb-852f-113e0919ca3e,5bc0c7d4-7c1a-4c07-a9ef-a3bc6576b43e,"Hello, my insurance approved the MRI. When would be the best time to schedule it?",False,,,55495cab-bccf-483f-b81a-9a837db2a374,4a0f6a90-49bf-410c-a970-1e0cf4893e75,2025-09-07T20:35:36.254528,2025-09-12T04:23:36.254533
db3c5bce-fc3a-49d7-bb62-e02da8923dcb,2669fd0f-ac0b-45d7-90f6-79c8976f5b21,4427731b-ec58-4d55-af58-4e182a405ffd,"Hi David, your blood pressure is well controlled. Continue current medications and lifestyle changes.",False,,,64de9a8e-6c65-4a64-ba8e-dfd338addc5c,51b768c2-ddc1-4a27-a8ea-7302bea3aa83,2025-08-24T14:47:36.254618,2025-09-03T03:56:36.254623
4e0864e4-7ae4-43f1-bbcf-0d0f9f51c5fc,ecd093c2-da61-482b-a24e-fee7fc8f5052,abf12ea7-900d-445b-acdf-abac15577f51,"Hi Elizabeth, congratulations on your weight loss progress! Let's discuss adjusting your diabetes medication.",False,,,,,2025-09-04T21:31:36.254699,2025-09-04T10:45:36.254703
495fc117-a8c9-4690-93ab-997257bcddfc,a32b5a3d-c8f7-46d8-81de-2ed9b6cb296d,c915351b-5604-44d8-bc1e-350b09643245,"Hello, I'm having some side effects from the new medication - mild nausea and dizziness. Is this normal?",True,,,,,2025-09-18T00:36:36.254752,2025-08-30T18:57:36.254757
155bd8d2-a6fb-441f-aade-b474ee85d17f,71170990-cc77-4743-915e-e4036d4f07f0,0fc75aad-27df-4100-93e1-dcc082b66f34,"Hi, I've been following the diet plan we discussed and lost 8 pounds so far!",True,,,5ffd8a73-ecc5-40f2-991f-bf8bd6766862,,2025-08-31T10:53:36.254786,2025-09-15T18:27:36.254791
3175eb7a-1abc-48e2-99b6-6a574e2893d8,5fa4782c-7fb2-4492-bea6-6a7ccbd87de0,0d22ec5b-c65a-4a7f-9404-f7bb5d340796,"Good morning Anna, I'm sending over a new prescription for your blood pressure medication.",False,,,,,2025-09-01T12:14:36.254835,2025-09-18T03:37:36.254840
91f45964-cbba-45cc-a581-a20473771814,f80c482c-5f59-4f73-8056-588111c13eae,ea7e9e46-a313-4307-8c93-69e50551bea7,"Dr. Dr. Tucker, I'm concerned about a new mole I noticed. Can we schedule a skin check?",True,,,,,2025-08-29T03:37:36.254930,2025-09-17T18:09:36.254935
81380761-49c0-4ca9-962d-d8c18a52c7b2,bd88da31-46a0-4cb5-8347-b3f08d543a19,31b302ab-4b8e-434b-8fb5-f94565aada40,"Good afternoon Noah, I've referred you to cardiology for the stress test we discussed.",True,,,,,2025-09-12T15:14:36.254971,2025-09-18T13:43:36.254976
1a9b2aea-4afe-45c9-a7c9-4a85a07d1783,cb373b00-5f9a-47d3-b35d-bd7dd10a8289,2bf6273c-de8e-4bb0-aee9-a8e2dc5777e9,"Hi Angela, your blood pressure is well controlled. Continue current medications and lifestyle changes.",True,,,,,2025-09-18T04:20:36.255021,2025-09-09T19:04:36.255026
80122da8-2b56-4f9d-a6dc-7f4190fd49d0,f6c924c9-aa91-4cbd-82e1-b20d956522b2,c8ae4231-0482-4c29-95ff-ff0d0d9fffe2,"Good morning, I'm traveling next month and need refills on my medications before I leave.",False,,,fbe0f751-a4f4-44f7-a6fc-7da10b2c8511,,2025-09-10T01:54:36.255092,2025-09-15T00:36:36.255097
04e33c73-d382-4763-bb69-5a9fa453e41c,0f887099-7865-44e1-a28c-8f57cdf2a459,0b4c77aa-486f-4876-8135-7a9a7b6e9cb6,"Good morning Michelle, I'm sending over a new prescription for your blood pressure medication.",False,,,,77cb8120-b6bd-4d4d-a462-474b1e199cdc,2025-09-11T14:34:36.255180,2025-08-25T06:31:36.255185
da8e8658-c8eb-410e-b609-14d8c1a44631,fd2652df-00af-4767-a625-a85ca4440fe4,5f4d6e21-2a60-4bd5-afe0-7336c74915e1,"Hello, I'm having some side effects from the new medication - mild nausea and dizziness. Is this normal?",True,,,,e72e93a4-0f9b-4c4e-8147-19044a336e48,2025-08-28T19:20:36.255257,2025-08-31T05:40:36.255262
3661f5c2-231c-46c0-ab15-5d2a68e43b37,e4fa6521-7959-4357-b434-78aad1fd9a3b,9b4c9a0c-9b0d-469d-aab9-7f793ab2b0a6,"Hi, I wanted to let you know that the physical therapy is really helping with my back pain.",True,,,,,2025-08-24T04:38:36.255322,2025-08-31T22:52:36.255327
5459aa09-1fee-4be3-a1bc-e2e1e06b70e5,d996c6dd-f2c9-4168-a800-25d98179efac,948b58a4-cf55-4316-8860-fb2546f48d2e,"Hi, I wanted to let you know that the physical therapy is really helping with my back pain.",False,,,8dd4a661-1fe0-4d2f-8c38-dad080eab41b,,2025-08-31T09:02:36.255387,2025-09-16T15:02:36.255392
eeb66915-a659-4993-b79a-ced37573b4ec,1796ed75-cbc7-48db-984e-499bc19a1c12,9ac3e159-7983-4174-b03a-0538b13a10a5,"Hi Dr. Dr. Williamson, my pharmacy says they need a new prescription for my Lisinopril. Can you send it over?",True,,,,1f1cfc00-07d8-4f31-8448-dbbb4e7175ea,2025-09-06T23:20:36.255462,2025-09-18T18:15:36.255467
b227bbff-9edb-440c-8f4b-8b57d74fe351,3599a1f8-d919-4ea3-b731-8e12105346bb,5921349a-09d3-4bd7-bea3-87cfb3ed840e,"Hi Kristi, I've reviewed your symptoms. Let's schedule a follow-up in 2 weeks to reassess.",True,,,,,2025-08-23T07:17:36.255495,2025-08-25T17:19:36.255500
e6ea8772-0d0e-40c0-ba84-d82986b5d9dc,35cb4e82-9850-4e7d-953b-3178ee7458d9,7c6f45fc-8fd2-418d-8b60-8fbdc1811280,"Hello, my insurance approved the MRI. When would be the best time to schedule it?",False,,,,,2025-08-27T01:27:36.255570,2025-09-11T08:48:36.255575
66d8e36c-60df-4877-b3a4-342671a3d60c,5d183b87-2bf8-4aab-847a-40f1fb96deef,be68c058-9b57-4643-ab6e-1031df8dc76e,"Hello William, the X-ray shows no fractures. Continue with rest and ice, and follow up if pain worsens.",False,,,,,2025-08-25T07:00:36.255643,2025-08-21T22:01:36.255648
a5f3af55-7b04-4d16-a1ce-619c85d62959,777de796-4c9e-461f-9a14-3555917fcf9d,8b9033be-901a-4a4e-b1d6-218ef92e1ef8,"Dr. Dr. Williams, I'm concerned about a new mole I noticed. Can we schedule a skin check?",False,,,,,2025-08-31T21:27:36.255686,2025-09-08T12:04:36.255691
a5b5290a-ecc6-4d9f-b1fb-04078fd6b4f8,c5d7a1f2-a586-4e96-b745-1b74a49613a4,57a030fc-7b97-484f-81d4-33d760adc98b,"Hi, I've been following the diet plan we discussed and lost 8 pounds so far!",True,,,,,2025-08-28T15:49:36.255737,2025-08-22T06:16:36.255742
f3914a99-c3e7-41ff-ac89-8cd5a94640ef,c971a47d-7574-46a3-a7bd-113041581089,c3880a95-25a8-454b-90f6-2455f64d794a,"Hi Jacqueline, your blood pressure is well controlled. Continue current medications and lifestyle changes.",False,,,8d3e76cf-2782-4c30-a0d8-3fc822882045,0ec84125-9ca9-4d86-8dd5-da0e12ba6865,2025-08-20T15:55:36.255831,2025-08-28T10:29:36.255842
82d24cf1-b760-48e8-8363-387a636bf3b2,4d66fc72-1b34-4f14-9855-36340199a0b6,66e4637f-aa1e-4f37-9780-3a1d239222b2,"Good afternoon, I wanted to follow up on our discussion about my sleep issues. The CPAP isn't helping much.",True,,,,,2025-09-05T09:30:36.255886,2025-09-15T08:07:36.255894
c3cb7841-f2ca-4abd-8b51-b63547768fbb,dca53a4e-e23a-4b5a-995d-f7d25aec2e33,11af21e9-5c62-46e4-8d08-6f58bc88399b,"Hi Rebecca, the side effects you're experiencing should subside in a few days. Call if they worsen.",True,,,8448bb58-1cb5-4187-af89-599175fa9fcc,4d98d3f1-b10e-4fa2-a12d-92d7d52c6ba5,2025-08-20T06:11:36.255974,2025-09-16T09:18:36.255982
fe2cfc75-094f-4daa-b72d-a504b514e0d1,d59f9e8d-d045-44ea-bd34-d9b6104b4e49,1be13f79-332f-478e-9b36-54a264e5b8c4,"Good afternoon Thomas, the specialist confirmed our diagnosis. We'll start the new treatment next week.",False,,,,,2025-08-25T07:16:36.256059,2025-09-02T08:59:36.256067
90398ac5-8702-4be4-b7b1-7dd7aa182732,eccd7177-7b15-46d1-a5c1-df9e233910cd,946f4a11-1dd9-48d9-a9ec-c2fac10bd892,"Hi Faith, congratulations on your weight loss progress! Let's discuss adjusting your diabetes medication.",False,,,,,2025-09-08T13:59:36.256107,2025-09-13T16:52:36.256115
543115a0-cb00-4c29-9b93-881eb2e99ae4,6e861790-9fac-4006-9c15-f5316920ef3c,eecc6b90-0ade-47e8-83b4-9214d920d1de,"Good morning Robert, I've updated your treatment plan based on today's visit. Check the portal for details.",True,,,,,2025-08-22T20:14:36.256152,2025-09-18T20:25:36.256159
9411cef4-85a7-401c-8200-6b825d13f693,f5a7cac6-5347-4305-a4cb-b89c7f1d8256,6ec449d5-389d-4f3b-9720-67bccbab121a,"Hi Sarah, the side effects you're experiencing should subside in a few days. Call if they worsen.",False,,,,,2025-08-20T08:31:36.256277,2025-09-06T12:57:36.256284
2a072682-985b-4a05-9c57-0668234a328e,54b76076-8cba-4d58-ad5d-eb9d8080301c,636783e6-949c-4569-918a-15a95ae746e3,"Hello, I've been tracking my glucose levels as you suggested. They're ranging from 110-140. Is this okay?",False,,,,,2025-08-22T21:35:36.256328,2025-09-17T14:25:36.256336
fccecde8-6e62-42e5-8b7c-b95143e5abc0,926b0f0c-5daf-48b8-8f2e-258e5d37308f,e4d9d8c7-e513-4d25-9409-6ba5e26f950c,"Hello, I've been having chest tightness when exercising. Should I come in for an evaluation?",True,,,,,2025-09-01T00:29:36.256443,2025-08-30T15:51:36.256451
a5239e02-a4d4-4ee5-a7ae-0cf1aa294452,b92de0ce-c08f-47a7-a48d-2634e5b1a324,b84eff67-0837-4fde-aee2-3635bac494cb,"Hi, I uploaded my lab results from Quest. When you have a chance, could you review them?",False,,,,,2025-09-17T17:42:36.256550,2025-09-12T18:01:36.256558
e5860548-831b-44e7-abdf-b4470971bcbc,fa9a5afc-ed19-4ec9-888a-f9bd1537651b,3083ba7b-bc8b-4e91-874f-be30b77c447e,"Hello, I've been tracking my glucose levels as you suggested. They're ranging from 110-140. Is this okay?",False,,,,,2025-09-09T12:59:36.256630,2025-09-17T07:43:36.256638
eacd0bfe-0c1b-4fd4-93d4-83a05683b81e,7308a4d3-fdad-4f61-8152-616f71050688,6dfee091-55e4-49dd-9d78-ebdab2eb9aa3,"Hello, my insurance approved the MRI. When would be the best time to schedule it?",False,,,,,2025-08-22T11:34:36.256684,2025-09-05T23:34:36.256692
f57146ec-62a1-43a3-a56a-a05081ef0dc9,488d16fd-f4e0-40f9-b244-e2159737b7d2,bd835801-8731-462e-8df1-142f7ac239b5,"Hello Richard, your blood work shows slightly low vitamin D. I'm prescribing a supplement.",False,,,,010fd15b-81e6-439f-bd00-f3e4717f0971,2025-08-25T19:35:36.256828,2025-09-07T07:40:36.256837
0a625fc8-eb46-460f-b9cc-505617bb7028,640f18f3-304b-4b69-98a5-5911656e1ac2,bc6075f1-e83c-4e9f-b98a-4490a2072f84,"Dr. Dr. Sharp, my blood pressure readings at home have been higher than usual. Latest was 145/95.",False,,,519a29c3-9684-441a-acbf-1184d857a68d,,2025-09-15T01:49:36.256877,2025-08-26T15:17:36.256884
7b9b2c2d-994e-4c9c-b92c-599c6b2be63a,288fb7cb-817a-4c93-b199-eb8883b824de,1de88092-351c-4aec-9ec3-a48c3fd8ae01,"Good morning, I'm traveling next month and need refills on my medications before I leave.",True,,,,28bcd981-f2d0-4935-98a7-8c2c1b3be5d3,2025-08-19T21:42:36.257009,2025-09-18T23:55:36.257019
ed9a5ebb-a26b-426c-a3a5-67fc8fd0a7d1,3976526c-092c-4486-ba0a-10016698320d,19e74795-0eab-4311-8c8c-1c199d96aa9c,"Good morning, I'm traveling next month and need refills on my medications before I leave.",False,,,bb6f8216-1ef4-4dc8-a591-7953ba42f291,,2025-09-18T18:04:36.257056,2025-09-02T17:58:36.257065
e4590f2e-4a31-4d1d-b880-1dd134c25b1a,8d67d05b-790b-4748-b26f-618a31579764,0b61f4b0-b12f-4cb5-b901-8f1f7a4f59ee,"Hello Keith, your lab results look good overall. Your A1C has improved to 6.8%. Keep up the great work!",True,,,678a4b5e-e308-4242-95a8-26d77a5f8b41,,2025-09-11T20:55:36.257124,2025-09-14T21:45:36.257133
ce029dc5-b15f-46c0-a636-9c9c55adae05,f58efa91-172c-4a69-9ea7-9e5296bb9734,eef497c9-9ebc-4e2f-8720-317f822d9c94,"Good afternoon Ian, the specialist confirmed our diagnosis. We'll start the new treatment next week.",False,,,,24ec8174-3109-4f38-871c-5817b4f8a5af,2025-09-12T23:20:36.257206,2025-09-19T01:08:36.257221
88e0c855-ade6-42e1-a9d3-c0bbd4824d6a,d9f10a5d-4864-4332-bb02-0aec13c1cb65,16fd32c4-fc1c-4731-8549-b43e1ea99cf8,"Hi, I wanted to let you know that the physical therapy is really helping with my back pain.",False,,,,52199750-fd60-44ba-925f-fa0f38f0f611,2025-08-31T11:04:36.257306,2025-09-06T20:47:36.257315
5f504257-8a49-47b2-b0cd-4e196e5b8e00,cb3df92d-e5a4-4698-b9d5-07d70dbb9b44,cdc89887-bed6-4f26-b855-8728c9007ce9,"Good afternoon Carly, the specialist confirmed our diagnosis. We'll start the new treatment next week.",False,,,e95aef8d-05e2-488b-91f9-e8debc1db123,c84f0afa-4530-453a-a029-383ae5ae9ca6,2025-09-03T09:09:36.257399,2025-09-18T01:08:36.257407
29aa1656-68e1-44dd-9116-dda44dbd432f,d5fb9233-39e5-4219-9239-691fd24443ad,5b1c42b3-0972-4988-8626-380ecb84e533,"Hi, I need to reschedule my appointment next week due to a work conflict. What availability do you have?",False,,,59ba1a21-b864-4697-a040-410c39b8409e,,2025-08-22T06:40:36.257767,2025-08-29T12:43:36.257802
e9a68163-668f-4075-85cd-8ed5f1b7c0fc,322853ea-6bcd-421f-944f-b53fec97ebec,2bf85c00-3caf-47f3-b897-c31a9f29b39e,"Hi, I need to reschedule my appointment next week due to a work conflict. What availability do you have?",False,,,,e8ae15f5-1abc-4703-86ee-116924a9b197,2025-09-06T21:43:36.258030,2025-09-18T13:15:36.258061
cc381e8c-60af-4644-a7e1-6bee4f63ea89,ebbfc7da-4d47-4eb6-bf72-ffa75e3bd563,6e861790-9fac-4006-9c15-f5316920ef3c,"Hello, I've been tracking my glucose levels as you suggested. They're ranging from 110-140. Is this okay?",True,,,,,2025-09-16T16:44:36.258274,2025-08-25T13:38:36.258288
df43f274-8ea5-4bc4-9289-dcc4c97eeca4,737998f3-1c3f-4aa6-bf66-596ebbe93f28,cdd1ec0c-6216-43e1-9589-1c6e71624e6a,"Hello, my insurance approved the MRI. When would be the best time to schedule it?",True,,,c8dfa290-3101-465b-81c1-212816dc69fd,,2025-08-24T18:45:36.258339,2025-08-31T04:37:36.258344
b05b1306-f1b0-425b-8251-d07e994167f5,19d1852a-108a-41d8-822c-880fecfa8555,a43e2b93-f487-4063-b6b8-266600d31f7a,"Hi Ronnie, your blood pressure is well controlled. Continue current medications and lifestyle changes.",False,,,,,2025-09-09T17:32:36.258418,2025-08-22T17:48:36.258426
2c132820-99b6-4d34-b9e3-58052a5b2209,f3a5a519-eda9-4680-af78-d2a712377117,0824c584-b439-4c12-a114-a82840bf3bd1,"Hi, I've been following the diet plan we discussed and lost 8 pounds so far!",False,,,529f8d40-acde-4180-bdb7-d2ba7b3b28a5,,2025-09-02T02:18:36.258600,2025-09-04T03:20:36.258607
99219560-df6d-444f-b86b-d4a2146b7ff6,00276a74-faab-4a73-b744-b8b1d443b8e4,3bc212f8-1840-42b4-ba9c-4d3cf83a4fc1,"Hello, I'm having some side effects from the new medication - mild nausea and dizziness. Is this normal?",False,,,,9f355bb6-fa75-454d-8171-b52e348ba837,2025-08-28T07:25:36.258650,2025-09-13T04:55:36.258655
19e96702-9a33-40e5-b3e0-218fc2e9803c,c78aa45a-ba6b-4214-932e-053ede4823bc,3ef4619d-2fb6-444b-8786-4eef4ca27dbb,"Good morning Antonio, I've updated your treatment plan based on today's visit. Check the portal for details.",False,,,74ec02c8-57cc-400a-bf02-6a4ce6158575,c6081743-245c-4b48-bf4c-f81f7d8f721a,2025-08-21T09:16:36.258724,2025-09-07T21:34:36.258730
2fd06195-e8b4-46de-92bd-4c38d7c1e5aa,c5889bbb-2a76-4926-82fc-cece150cd28b,b730513f-c21d-4478-821b-fd0b943e01c7,"Hello Stephanie, your blood work shows slightly low vitamin D. I'm prescribing a supplement.",False,,,,71677c5a-8442-4f5a-aba4-15b455c522da,2025-09-16T17:09:36.258788,2025-09-16T15:27:36.258793
c7a1f7c2-4d3c-4488-9ff1-d89fb6d6968c,d5edee3d-488e-4720-8f25-f8a0518b4f6c,2e1152aa-6ba9-4e28-8c78-c7077604cba4,"Hello Richard, your blood work shows slightly low vitamin D. I'm prescribing a supplement.",True,,,,,2025-09-04T04:15:36.258987,2025-08-30T14:05:36.258992
91a45610-f037-454f-b9a1-a77824b8d6e6,293ad5b3-44b9-48a1-bf9e-484bdb1d604b,515ac831-fcf6-4f57-9f81-5c623204bee3,"Good afternoon Dakota, the specialist confirmed our diagnosis. We'll start the new treatment next week.",True,,,,,2025-08-26T07:30:36.259044,2025-09-05T17:00:36.259049
61c04054-cec9-433f-9a30-f99914f3d1f7,f57681d0-85d6-4fdb-846c-c297377acc00,19f0b0a3-f086-46a8-917f-23c59013d60b,"Dr. Dr. Graham, my blood pressure readings at home have been higher than usual. Latest was 145/95.",True,,,,b35c20d9-0d56-4a25-a6cd-400043738d4b,2025-09-06T19:56:36.259078,2025-08-20T14:44:36.259084
ea4e4103-60bb-44da-a5ee-c858d3700378,57a35d9f-c715-45d0-93ae-654eab91fe57,2e638a27-ad3c-4510-a012-29f2d1102590,"Hello Heather, your mammogram results are normal. Schedule your next screening in one year.",True,,,,,2025-09-06T21:02:36.259148,2025-09-14T04:57:36.259154
d20bca22-4a17-488f-a3af-2d8eb9a04620,2df24fd3-d13f-4954-b684-cdb112c7c17b,344c3424-54a9-4d54-a623-e9d3104a0359,"Dr. Dr. Stevens, I'm concerned about a new mole I noticed. Can we schedule a skin check?",True,,,,,2025-09-06T11:14:36.259251,2025-09-06T07:44:36.259261
e7c54df8-fe2f-40f2-8e3e-23f5b7b0ddd5,d6cbb843-cd31-4aab-9dd4-d9074c5cd7ec,3f35297d-45a0-4694-95ab-5a1eec0f3b86,"Hi Christina, congratulations on your weight loss progress! Let's discuss adjusting your diabetes medication.",False,,,,02ce27be-be6a-469b-9ec6-a5fae0e9b41b,2025-09-09T11:05:36.259317,2025-08-20T03:46:36.259323
4c11f076-02f9-4c84-baed-306cb8b3b857,b149a41b-8f07-4eb4-a083-793644d348f2,3f152243-d60b-426e-9c79-e4a397c38b91,"Hello Brianna, your lab results look good overall. Your A1C has improved to 6.8%. Keep up the great work!",False,,,,,2025-09-02T22:44:36.259393,2025-08-30T08:54:36.259400
7b1bfd6b-5eb7-4201-8ca4-2a16bafc2dc3,93ac4c24-ca83-4e47-b41f-144d8adff0b7,6f65b2f9-d5bb-4018-b926-e2680e063b68,"Hello Paul, your lab results look good overall. Your A1C has improved to 6.8%. Keep up the great work!",True,,,,,2025-09-17T14:29:36.259449,2025-09-08T02:00:36.259454
63f90bc6-c236-4e29-ad87-3113aeb4d50f,fdacd500-d966-4b10-a254-a22557ef3ff8,a6d4b0b1-f272-4e6f-bd86-4339f4ecf491,"Good afternoon Joseph, the specialist confirmed our diagnosis. We'll start the new treatment next week.",False,,,,,2025-09-15T11:44:36.259546,2025-09-12T16:58:36.259551
9565aa5f-1570-4b78-b942-34728b7ba8d9,142d1f6d-067a-4b2c-ad66-0c515f71920a,293ad5b3-44b9-48a1-bf9e-484bdb1d604b,"Hello, my insurance approved the MRI. When would be the best time to schedule it?",False,,,37cada2b-e9db-44ab-afd8-51aba3287863,,2025-08-20T00:12:36.259588,2025-09-15T14:18:36.259594
705197f3-931d-4e06-8541-8165e3fddb17,4a9cce7b-c79f-4d89-be93-034e1e522456,0455b8b7-b090-4cbb-a67a-0feb5e7ae9f2,"Hello Tonya, your mammogram results are normal. Schedule your next screening in one year.",True,,,421ccfb7-f2f3-4109-97f3-6f8809e2da9a,,2025-09-17T08:35:36.259850,2025-09-05T23:54:36.259908
c4cf3b55-d21d-4481-bafc-a4fae497782a,69ebe80c-9679-4d34-b99c-e802a86ffc66,e9a64b10-5c0c-41ff-97b5-3e7dc2f76809,"Hi, I need to reschedule my appointment next week due to a work conflict. What availability do you have?",True,,,ebd90b09-dd44-4797-adaa-146b94cbacd1,,2025-09-14T12:52:36.260144,2025-08-30T05:57:36.260168
0677612c-942e-4d74-bced-3fd5352b5f57,d3bf2883-bdac-45c8-b82a-8f0db88bfde6,9d69cc6d-314f-45dc-ae72-b925370ac214,"Hello, I've been having chest tightness when exercising. Should I come in for an evaluation?",False,,,,,2025-08-31T03:11:36.260365,2025-09-01T10:43:36.260376
4c8330d3-86a8-41b4-b2a3-c1bb84747f23,0b61f4b0-b12f-4cb5-b901-8f1f7a4f59ee,b447b20c-d06b-49ab-b5a7-a84abb4457f0,"Dr. Dr. Graham, my blood pressure readings at home have been higher than usual. Latest was 145/95.",True,,,,d0e0affd-40fa-407f-bd66-617e6f217cba,2025-09-05T20:46:36.260445,2025-09-13T21:53:36.260454
085b2fde-d80e-4142-b51a-289ad1eca21c,c971a47d-7574-46a3-a7bd-113041581089,fda65c6e-f516-4f84-aa30-5119564b8f59,"Hi Dylan, the side effects you're experiencing should subside in a few days. Call if they worsen.",True,,,,8bdcc69e-5dee-41f8-aa08-866dafb9741a,2025-08-30T08:03:36.260526,2025-09-01T19:02:36.260536
b53b39c6-cab6-4cb0-a936-cdaa88e94348,cd61aa4c-3b66-4617-b220-388154e338a0,21751359-1abe-4503-a0a4-0377c892eff5,"Hi, I wanted to let you know that the physical therapy is really helping with my back pain.",False,,,296a5fb9-542f-4ce1-8205-13df7137b30a,,2025-09-17T14:06:36.260607,2025-08-22T20:42:36.260616
5f9006f0-5b5e-4029-a319-05557e5d905a,17fdad73-93b8-4619-aa66-4c82558b06db,0ac4168a-02fe-4260-8ae5-c3e83b950d2b,"Hello Scott, I've cleared you for surgery. The surgical coordinator will contact you about scheduling.",False,,,,651e9bd6-a6a2-423c-b040-caf4a8dfe03b,2025-08-22T04:23:36.260681,2025-09-15T10:02:36.260689
679dfd15-badc-4655-9820-a3bff15bfdb7,a5295f55-cb78-4fdd-bc70-130a67f2e1e9,95f56679-b542-4e0a-99f2-14ec5679b886,"Hello, I'm having some side effects from the new medication - mild nausea and dizziness. Is this normal?",False,,,,,2025-09-17T13:30:36.260745,2025-09-14T05:32:36.260755
39704a51-d859-4ffc-9bef-a70212381e4f,f54a092e-e801-4678-bca9-f2dd5b178bc8,94a137f8-7c03-47da-bf78-386d4a1cf045,"Good afternoon, I wanted to follow up on our discussion about my sleep issues. The CPAP isn't helping much.",True,,,,,2025-08-28T10:34:36.260798,2025-08-23T01:02:36.260808
a30f74e8-f9db-4ec3-88dc-6fa8a485e1a0,a32b5a3d-c8f7-46d8-81de-2ed9b6cb296d,fc8efae0-38f5-4198-a7af-dad308e35410,"Good afternoon, I wanted to follow up on our discussion about my sleep issues. The CPAP isn't helping much.",True,,,,,2025-09-06T09:06:36.260879,2025-09-03T15:50:36.260888
d062e5f1-dafe-4896-a9cf-d5021a70b40c,d23ecbee-393a-4b73-8d15-77f2ac08fb4f,00203f32-8e9b-418f-934c-0757bdd7015a,"Hello David, your mammogram results are normal. Schedule your next screening in one year.",False,,,,,2025-09-14T15:32:36.260931,2025-08-26T22:29:36.260940
51025d47-9e67-4d48-80cd-4593139d86e0,a4aa2dfb-b4c3-4b89-8cc5-ae5a6a43f32e,d23ecbee-393a-4b73-8d15-77f2ac08fb4f,"Good morning Dr. Dr. Ramirez, I've been experiencing increased fatigue lately. Should I be concerned?",True,,,a7cc556a-79a0-437a-8a79-57fb4e933652,81cb7777-80e4-435e-89e4-e1a8b5bdfa63,2025-08-25T16:38:36.260989,2025-09-01T23:48:36.261002
2bbdfeba-7510-4778-942e-3d9fac05299d,5ab73f12-3127-4f80-8517-53734f07fae9,3599a1f8-d919-4ea3-b731-8e12105346bb,"Good afternoon, I'm having trouble sleeping since stopping the ambien. Any suggestions?",False,,,,,2025-08-29T11:00:36.261139,2025-08-26T03:40:36.261152
51a8ad20-bf3e-4ffc-82c9-5dcb189f6c10,973a4f65-30ea-41c5-b27b-2b2e86b17a9d,bd3e755e-c699-4309-81cf-95842186b2fb,"Dr. Dr. Nelson, my blood pressure readings at home have been higher than usual. Latest was 145/95.",False,,,591f52e3-5941-498e-b86b-83acc254af7b,,2025-09-16T11:48:36.261223,2025-09-13T08:49:36.261234
4195a2f8-5c0e-40b7-98ee-fdeefb0a7f4f,020dd67a-419f-4c9a-9441-8917d5283ba5,fda65c6e-f516-4f84-aa30-5119564b8f59,"Good afternoon Dylan, I've referred you to cardiology for the stress test we discussed.",False,,,,dd2fb0e1-c2c0-41ee-8b85-17aec1efbfdd,2025-08-31T14:24:36.261303,2025-08-22T11:40:36.261313
8fdcb6b8-ab7a-45cb-be46-d52b7c80a0e4,58f7a8e8-802c-4771-ab4b-914f026ab530,8b9033be-901a-4a4e-b1d6-218ef92e1ef8,"Hello, I've been tracking my glucose levels as you suggested. They're ranging from 110-140. Is this okay?",False,,,,,2025-09-07T12:56:36.261364,2025-08-28T12:56:36.261377
e9676f01-3b5d-4525-b3d1-98cd65f36497,3739b3b5-7a68-4f3c-b27e-95668f600d84,bc17fce2-ead3-4ae9-833a-c27b8b2e11dd,"Hello, my insurance approved the MRI. When would be the best time to schedule it?",False,,,36813524-134e-47fc-89b2-305d2e1a336a,,2025-09-14T02:57:36.261502,2025-09-02T06:23:36.261516
14088eb4-a55f-48a6-822a-93170c61e2e4,1dfbc7b0-2095-4b43-a7c9-2b571c50777b,f6aa5609-14fe-4909-9dfa-2c895deac204,"Good morning Michael, I'm sending over a new prescription for your blood pressure medication.",True,,,df98a44c-95d8-4f04-bf3e-bec1e1167825,,2025-09-05T09:34:36.261589,2025-08-27T17:15:36.261598
baa57d10-0e3a-4bed-a475-10880850d49e,0455b8b7-b090-4cbb-a67a-0feb5e7ae9f2,cbfe6c9a-3ba8-4595-95f2-ce06fe23c6db,"Good morning Dr. Dr. Robinson, I've been experiencing increased fatigue lately. Should I be concerned?",False,,,,359ca137-60d4-4714-90f7-20a18a57d262,2025-09-10T20:26:36.261730,2025-08-27T11:21:36.261742
861c174a-9c66-44e7-b4ff-c28c18cccfe1,aabc2e07-3d0c-42e8-b84b-5f63f8325f65,c4ed6654-f3e8-4420-ae75-5b42bc9ac480,"Hello, I'm having some side effects from the new medication - mild nausea and dizziness. Is this normal?",True,,,1d8946e5-6471-4c51-856a-a97ab8c344c2,,2025-08-22T08:06:36.261804,2025-08-19T21:01:36.261815
3924870d-1850-4883-a59b-0f6f7820a29b,e868e950-2945-4189-a7b5-60a4fd3e4500,249e0d7c-6919-4716-8f77-90e3921dbf71,"Hello, I've been having chest tightness when exercising. Should I come in for an evaluation?",True,,,,e32b7b4e-16c3-4e3e-a1a5-de9b58d2462f,2025-09-09T04:12:36.261909,2025-08-20T23:00:36.261947
54de7dd1-b44d-4dcb-a77a-ef02feded071,f11fedc0-4558-4281-8094-af9c017def82,6f65b2f9-d5bb-4018-b926-e2680e063b68,"Hi Paul, congratulations on your weight loss progress! Let's discuss adjusting your diabetes medication.",True,,,b7cf7bd7-122a-41a6-b2cf-2ed654734930,,2025-08-24T23:37:36.262021,2025-09-19T09:56:36.262032
8e637a58-1386-4744-8209-815321c3bf85,fbf3dcad-a7e1-4c97-bb27-8efeb79a476e,27cded7f-4000-4ad1-b40c-45c60374e818,"Hi, I wanted to let you know that the physical therapy is really helping with my back pain.",True,,,,,2025-09-12T13:51:36.262086,2025-09-05T19:44:36.262097
be6d6d7b-32f1-4386-abdd-72d21e6da7b0,fa0e7c3c-d145-4d31-9895-54d5d86dd3ac,a5d50aec-d6cd-4640-b50a-33a6a3611559,"Hello Jennifer, the X-ray shows no fractures. Continue with rest and ice, and follow up if pain worsens.",False,,,,,2025-08-19T20:02:36.262185,2025-08-30T23:39:36.262196
c2ca083c-e85d-4514-95c1-35b3738ccd95,3f6cf537-0a5f-4c9b-8740-6577acb9b5cf,d9260ccd-2214-4c22-8d7b-394d2ba6c65e,"Hello Brent, your mammogram results are normal. Schedule your next screening in one year.",True,,,,,2025-09-12T11:18:36.262257,2025-08-27T20:09:36.262267
4a06b9e4-af07-419b-b5d9-f6ebaab6c889,03870111-26b7-4a54-a031-25da9363c7e1,8a9818ae-26ca-477e-97ff-8168cf323047,"Hello Jessica, your blood work shows slightly low vitamin D. I'm prescribing a supplement.",False,,,,,2025-09-18T00:14:36.262327,2025-09-06T21:22:36.262337
195a2341-7266-4cb5-adb0-52345bd76f63,ba3557f8-d34a-43f1-b517-b0618e02b094,315576b4-6a1b-4ff7-a5f1-9b166d884c0b,"Hello Bryan, your blood work shows slightly low vitamin D. I'm prescribing a supplement.",True,,,,,2025-09-02T01:40:36.262398,2025-08-30T17:17:36.262408
3e21ea10-1ea1-4867-9a2e-984d018bb13e,a29d21a0-72fe-47c0-a57e-321c91d92870,dfc6e8fb-d24f-4044-ab32-48214d896bac,"Hi, I wanted to let you know that the physical therapy is really helping with my back pain.",True,,,,,2025-09-07T22:38:36.262441,2025-08-23T21:51:36.262450
fe22e1bf-1630-4d07-96a9-be0676a215ab,760de1c0-5050-441d-92aa-6eb888a137b9,f7d15091-d548-48d5-b792-9efc8869284a,"Hi, I uploaded my lab results from Quest. When you have a chance, could you review them?",True,,,,,2025-09-09T15:43:36.262540,2025-08-29T11:14:36.262551
d178569a-9a29-4e37-b9fb-384c752e73d8,24dd965b-3156-4de8-91fe-4ecacb8dfe78,03f39c1b-72fe-42eb-8179-47eeca935cd3,"Hello, I've been tracking my glucose levels as you suggested. They're ranging from 110-140. Is this okay?",False,,,7eb6d242-0dd6-4321-ab31-847ff69b7962,,2025-08-25T19:15:36.262612,2025-09-11T08:11:36.262622
15efd6b0-32e7-4bf1-8864-9fcde3b0ba73,1386288b-4fcb-4364-983f-8591e69314d3,d6345649-be23-4c74-9851-20ad94158840,"Hi Peter, your blood pressure is well controlled. Continue current medications and lifestyle changes.",True,,,,b852ef5b-11b0-4db1-bced-0e14cfb23e8b,2025-08-28T07:06:36.262686,2025-09-12T09:28:36.262695
f86249a3-ff10-42b5-98af-0d11d1c9d137,6b8e4e4f-d94a-4d15-a7ac-409568621f3e,6040ec7f-485f-4d3f-810b-21df3115aede,"Hi, I wanted to let you know that the physical therapy is really helping with my back pain.",True,,,,,2025-08-24T13:52:36.262812,2025-08-25T04:21:36.262826
ff59aecb-f9e0-401a-b465-2bc040264308,bd6d2588-5904-4507-bbdd-b60ca4273eab,a5295f55-cb78-4fdd-bc70-130a67f2e1e9,"Good morning Kenneth, I've updated your treatment plan based on today's visit. Check the portal for details.",False,,,7a640095-6307-4fef-a5cf-08126ae883d3,,2025-09-06T11:20:36.262886,2025-08-25T18:01:36.262896
7f8fcd6d-2336-4cf2-b18c-4276c1890893,29b07600-0f11-4403-b65c-1ab4490a0d8b,03906226-0c04-4e02-9563-a8b058490531,"Hi Jennifer, the side effects you're experiencing should subside in a few days. Call if they worsen.",False,,,26e5a86e-e445-4908-9401-e0490e63c5f7,,2025-09-14T20:57:36.262963,2025-08-27T11:35:36.262973
690d9dc8-7967-425c-a80e-e6d22140e6c3,95f56679-b542-4e0a-99f2-14ec5679b886,1bf83881-d587-4949-9d58-fb197ae070c7,"Good afternoon Aaron, I've referred you to cardiology for the stress test we discussed.",False,,,fb4fddf7-3e7b-4c6d-9ee3-cbab1be01f69,,2025-09-05T03:48:36.263084,2025-09-11T05:13:36.263093
f4429122-733a-405a-aaea-b1b450172b70,ed4d29b5-6862-42bb-87a6-347f38298569,b1a7293a-f050-4edc-b740-928c78bd7659,"Hello David, your lab results look good overall. Your A1C has improved to 6.8%. Keep up the great work!",True,,,,,2025-09-10T20:58:36.263175,2025-09-09T23:04:36.263184
59884642-50fa-4769-9ed0-997d32504bb4,315576b4-6a1b-4ff7-a5f1-9b166d884c0b,1d3d4f2c-b255-46a5-951a-989d63f033f0,"Good morning, I'm traveling next month and need refills on my medications before I leave.",True,,,c69bcdba-3aa5-4242-8d40-901549186061,,2025-09-03T04:29:36.263249,2025-09-06T14:41:36.263259
346f8504-d635-4470-bcd7-d0c41af4bf9a,d562be6e-286f-4952-88bf-50c9dd12e0ff,1e66598a-dd57-42ab-b775-94ede76602fd,"Dr. Dr. Aguilar, I'm concerned about a new mole I noticed. Can we schedule a skin check?",True,,,17632dbf-7926-4fc3-ab55-fa8a75533682,e7323dbb-6236-4e32-9277-a18fe27b7fd1,2025-08-19T21:10:36.263343,2025-08-28T11:14:36.263353
d334093f-b116-49ec-84fe-bf49857b1e8a,10b6cd72-f085-493c-875d-db126808eadc,9fae7462-6c07-4d27-8022-e002131e1925,"Hi Kristi, the side effects you're experiencing should subside in a few days. Call if they worsen.",False,,,7aadee3f-5993-4d05-b57a-77b94bfc0631,856e7a7b-b6f2-47a2-bb59-ad1209b42de4,2025-09-04T11:49:36.263507,2025-09-05T16:03:36.263518
b5a6a3b6-c13d-44e0-8d14-639275231731,c1e363f4-834a-4491-abe2-d2cd1475a1de,f38e7ba9-c756-4636-a1e4-825754bab827,"Good afternoon Sharon, I've referred you to cardiology for the stress test we discussed.",False,,,81eb5c26-afbd-41f6-bc3d-2548ea3c9622,,2025-08-29T23:54:36.263627,2025-09-05T06:17:36.263636
d63ddd7c-a7e3-400b-9ded-0214de979e56,930e4385-6380-48c3-9066-3bd007e37974,fd584f55-3c35-45f3-be1e-f7d3b7f9cb74,"Hi Nancy, your blood pressure is well controlled. Continue current medications and lifestyle changes.",True,,,,,2025-09-14T06:47:36.263690,2025-09-14T10:11:36.263699
9840d60d-6e37-421a-b2b7-c7c82257bddc,737998f3-1c3f-4aa6-bf66-596ebbe93f28,72942fe8-61a7-4fea-8512-db28bc6c5367,"Dr. Dr. Martin, my blood pressure readings at home have been higher than usual. Latest was 145/95.",False,,,4e42ea0d-2814-46bf-b4f7-0a17958b2d24,45a8cf66-eb01-42de-8d90-2c6c8abaf195,2025-09-09T06:38:36.263752,2025-09-11T02:42:36.263761
a24d5e84-38bb-4522-8d0e-d851400c60d9,e90f957d-62cd-406a-b014-06b44c7d8134,65bfc399-4245-45da-841a-c664997ad395,"Hi, I need to reschedule my appointment next week due to a work conflict. What availability do you have?",False,,,,57d79457-56ec-4247-9f8b-25cad473239b,2025-09-15T05:13:36.263881,2025-08-28T14:28:36.263892
5503fb64-8886-4490-851a-4ce225eb934e,98ce5219-e1aa-4d29-ba6e-405f2bda8ffe,dca53a4e-e23a-4b5a-995d-f7d25aec2e33,"Dr. Dr. Green, I'm concerned about a new mole I noticed. Can we schedule a skin check?",False,,,,,2025-09-16T15:13:36.263994,2025-08-24T21:17:36.264004
fcb1125e-346b-40e8-bb06-049c07819693,d4f8678e-44c0-4eaf-892e-8fe137463e28,1c2ad57c-78ef-478e-b4a0-7f60d4f31a4b,"Hi, I need to reschedule my appointment next week due to a work conflict. What availability do you have?",False,,,,,2025-08-31T02:43:36.264144,2025-09-07T03:25:36.264153
f7ae4068-0501-4039-9129-99923d58ef2f,3ff7b984-db20-47b2-bc77-189aa50b172e,cb2a56a0-a3eb-4a66-97ee-d1a2ca538f4e,"Hi, I need to reschedule my appointment next week due to a work conflict. What availability do you have?",True,,,,fa26e914-2319-42fb-a226-709c5a776ffd,2025-08-31T20:25:36.264278,2025-08-28T20:35:36.264290
65cae86d-fd0d-4af5-b045-fd87b9138228,faa4ad9f-cfec-43b7-a38a-7498689bbe9a,31efb3a4-5fab-417f-b67e-d6ab44703937,"Hi Debbie, your blood pressure is well controlled. Continue current medications and lifestyle changes.",True,,,,,2025-09-08T19:35:36.264342,2025-08-20T07:38:36.264353
d72d36db-2368-42e8-b5da-3ed799b3ec31,047bfc01-8d0b-4b79-bc37-db7d101609af,8ec0c650-94ce-46f0-af4c-d921cccb8fee,"Good afternoon Jacob, the specialist confirmed our diagnosis. We'll start the new treatment next week.",False,,,,,2025-09-09T04:11:36.264403,2025-09-04T06:40:36.264413
8eb7132f-b54e-42b4-aa5f-bbe545e1de52,58c24e94-afc1-4181-8808-1f6ac50975ed,27a4a82b-6e8b-4963-95b2-51682be75a86,"Good morning Tammy, I'm sending over a new prescription for your blood pressure medication.",True,,,,,2025-09-07T21:41:36.264450,2025-08-27T05:25:36.264459
570df65c-4a58-4c4e-8402-f2d6b49b68d2,39e4977c-86dc-4ff7-95a5-f8672f0c497c,8f91e96e-8d09-45a9-82c8-c8f765d9bf26,"Good morning Dr. Dr. Foley, I've been experiencing increased fatigue lately. Should I be concerned?",False,,,,34d5df3d-8e13-4e21-8401-fde9cdc351f0,2025-09-07T05:05:36.264499,2025-08-30T16:47:36.264508
b9e835f1-28a7-423d-aa56-b51192ebbc99,2e808acb-6f34-434f-a53e-dae6cca0662e,765ce83b-40b6-4286-b8c1-1dc3606e5fa8,"Hi Aaron, I've reviewed your symptoms. Let's schedule a follow-up in 2 weeks to reassess.",True,,,,,2025-09-09T02:57:36.264562,2025-08-22T10:55:36.264571
cb0892b8-f979-46c3-9405-800fbbd82b2e,24b94ea6-10f7-4b2e-a22e-41a7c430cfae,e2c21c5b-eb15-40ed-b08e-f4af638973d2,"Dr. Dr. Frost, I'm concerned about a new mole I noticed. Can we schedule a skin check?",False,,,,,2025-09-18T18:09:36.264647,2025-09-08T13:34:36.264657
f00d368d-073f-4d91-b97f-662aa8da6a18,abde0d02-6e2d-4fc2-bafe-46183beabd2f,6040ec7f-485f-4d3f-810b-21df3115aede,"Hello, I've been having chest tightness when exercising. Should I come in for an evaluation?",True,,,e2e69838-75f6-4397-95f9-7fdb0aa4b206,,2025-09-13T10:31:36.264754,2025-09-14T00:56:36.264765
09386fd1-576c-4ff9-b404-e415b1fc2a66,4e832134-08bf-4a30-804f-af513ab28ea7,64235e8d-afe4-43f6-b985-e771e87a17bf,"Good morning Tracie, I'm sending over a new prescription for your blood pressure medication.",False,,,6551f7d6-628e-4ec8-9771-ab18d10bf94e,3bf6781e-e99a-4782-bf49-77e801a67927,2025-08-19T14:02:36.264819,2025-09-14T18:19:36.264828
e86df73d-66ee-4793-a3d6-3955b7095542,6fa5266c-f978-446c-8e7d-9754878f4845,7344e72f-b191-4f3d-886c-0c283f4b90f0,"Hi Courtney, the side effects you're experiencing should subside in a few days. Call if they worsen.",True,,,,,2025-09-02T17:52:36.264866,2025-08-28T14:32:36.264872
10113b67-3d80-45fc-a368-ae37f4bdbf14,d7a10f2f-f690-48d3-a7f9-6463654fd0ac,020dd67a-419f-4c9a-9441-8917d5283ba5,"Dr. Dr. Anderson, I'm concerned about a new mole I noticed. Can we schedule a skin check?",False,,,27863ab6-6c4c-44b0-be4e-5c4bc83aaa29,,2025-08-31T05:35:36.264927,2025-09-15T10:12:36.264935
ab513c12-cd1c-47c4-84d3-ef7034d75af9,94cc471a-9a82-4b24-9ecb-000a89e8ff8a,b447b20c-d06b-49ab-b5a7-a84abb4457f0,"Hi, I uploaded my lab results from Quest. When you have a chance, could you review them?",False,,,,6767fa07-ef83-474e-9a95-f6fc5ecf3862,2025-09-08T21:05:36.265033,2025-09-14T04:11:36.265039
f294b161-5828-47e4-9124-5764da5fff40,2e1152aa-6ba9-4e28-8c78-c7077604cba4,5a249411-ba39-4f63-bc48-53b6da77e3ae,"Hi, I need to reschedule my appointment next week due to a work conflict. What availability do you have?",True,,,,,2025-09-16T10:03:36.265129,2025-09-14T00:00:36.265134
a208dfd0-e8b4-4527-aae5-8c8364724dd7,810a8d92-f925-422e-ac50-4e2736c516f3,06984c62-b016-4e90-874c-8746b8a52f45,"Hello Hannah, I've cleared you for surgery. The surgical coordinator will contact you about scheduling.",False,,,8731e5a8-ed7e-45ef-846f-6da369ebec79,,2025-09-11T22:25:36.265155,2025-08-26T03:28:36.265160
81ab29ce-f439-4615-a9a4-7cd0f424adce,48c39344-ba8c-4443-ac66-8a4194806928,457bb703-92df-432e-a48d-9c17b9083612,"Hello April, the X-ray shows no fractures. Continue with rest and ice, and follow up if pain worsens.",False,,,50c420b4-d64e-4527-b3c4-e3a4b1747d57,,2025-09-08T09:21:36.265208,2025-09-15T21:55:36.265213
ccab4ccd-aa8b-4a62-8118-0e74a50feded,eb832005-9289-404c-bc11-881e058430f8,de115a2b-5094-4bfc-bb7e-612a74402e46,"Hello Michelle, your lab results look good overall. Your A1C has improved to 6.8%. Keep up the great work!",False,,,,,2025-08-20T22:16:36.265264,2025-09-16T17:23:36.265269
6656e679-3c3e-4c40-a683-b20b96c467aa,584724cf-24e8-4c8a-b49e-c80fe82cd498,90db38c5-c635-4169-8f28-14b41e8565a2,"Dr. Dr. Cole, my blood pressure readings at home have been higher than usual. Latest was 145/95.",False,,,,,2025-09-17T13:41:36.265347,2025-09-13T13:31:36.265352
a29116fe-da5b-4776-a47f-ac6f11585ddf,6615d875-4a2d-451a-8a62-640ad4b85480,da721c66-79c3-4142-a217-73f4e6882b96,"Good afternoon Cassandra, I've referred you to cardiology for the stress test we discussed.",True,,,,0634e158-d468-4941-92ae-6a951d4d9ff2,2025-09-05T23:34:36.265394,2025-09-08T16:14:36.265399
7ea2c7cc-40dc-42d3-9237-92e14a8caefe,cd61aa4c-3b66-4617-b220-388154e338a0,847a93d6-3fa2-4fb0-b46c-67b082afa18e,"Hello, I've been tracking my glucose levels as you suggested. They're ranging from 110-140. Is this okay?",False,,,,,2025-09-11T14:52:36.265459,2025-09-14T11:36:36.265464
6cdc6bb2-c1fc-4574-80f9-e11a328827b1,bc86a696-4fe0-4861-95ea-919e1c8099e0,3ef4619d-2fb6-444b-8786-4eef4ca27dbb,"Hello Antonio, I've cleared you for surgery. The surgical coordinator will contact you about scheduling.",True,,,8685d34e-f19b-4d3f-8fb5-6c0b6b850bd0,,2025-08-27T10:23:36.265501,2025-09-12T09:57:36.265506
4e968a7b-ff32-4267-8647-85227dd8922f,19d7f340-f1ab-4b56-a4f9-5180d31de6a2,da83adb8-6e40-4e0f-a767-2927a3b25a44,"Hi, I need to reschedule my appointment next week due to a work conflict. What availability do you have?",True,,,,67084c41-d294-47d0-ba34-d1a1baf953b9,2025-08-22T06:53:36.265580,2025-09-03T04:20:36.265585
d8363a8d-6fc7-4d03-adbd-55983c00f8e4,b1e545b2-02da-4854-bfc4-3a48e944925c,cb1f4177-bea8-4840-a7aa-25c457d104fe,"Hello Jack, your blood work shows slightly low vitamin D. I'm prescribing a supplement.",True,,,,,2025-08-24T17:26:36.265656,2025-08-25T16:09:36.265661
d6965d9f-a7fd-403e-aacf-dd47d0982b5e,6d8e6a5c-134e-4b03-b5e9-ff010f34857d,4e832134-08bf-4a30-804f-af513ab28ea7,"Good afternoon, I wanted to follow up on our discussion about my sleep issues. The CPAP isn't helping much.",True,,,c138ea33-669a-440b-aef7-ae0f96352251,,2025-09-10T09:19:36.265747,2025-09-11T06:27:36.265752
459a8886-0a07-4c58-97dd-13ae7d7b135a,ca743ca2-c240-488b-bd0f-322deec80376,d7862b7c-a46b-4da5-bb51-568bb283eb0c,"Hi Kathleen, your blood pressure is well controlled. Continue current medications and lifestyle changes.",False,,,1989c825-68c0-478b-a4d7-abd6b658f402,6479e7ae-6537-410f-a366-271690d50478,2025-08-29T10:29:36.265831,2025-09-19T05:56:36.265836
3e390669-c538-480e-a5ac-4933f7e0d059,02c16441-83f8-4bf2-8243-04e23787a632,e629310b-b66a-4118-a66b-39390eb0b202,"Hello, I've been tracking my glucose levels as you suggested. They're ranging from 110-140. Is this okay?",True,,,,,2025-09-17T23:41:36.265870,2025-08-24T02:09:36.265875
b3765599-43d9-493c-a020-857219823fd5,15720810-bbfc-4038-8d70-10da67dd5eff,9d69cc6d-314f-45dc-ae72-b925370ac214,"Hello, I've been tracking my glucose levels as you suggested. They're ranging from 110-140. Is this okay?",False,,,,,2025-09-01T22:11:36.265947,2025-08-27T21:35:36.265952
8b7e4e27-bd14-4fd7-ba4e-b42c56e7f0ff,ee9c8d74-8988-4f32-bcd1-0be203e38113,8b5c11e9-24d6-4443-9d34-d5739513cf59,"Hi, I uploaded my lab results from Quest. When you have a chance, could you review them?",False,,,64f4e73a-9ef1-41a2-8147-3dff7402f91f,,2025-09-06T18:41:36.265987,2025-08-22T18:46:36.265991
796cc034-f93c-457b-a86f-fc085d2dac58,c8ae4231-0482-4c29-95ff-ff0d0d9fffe2,96fd2993-b03d-48f1-8c5a-338e0f58918f,"Hi Amanda, the side effects you're experiencing should subside in a few days. Call if they worsen.",False,,,,766481cd-b287-4090-9fc6-0db5b0a88ed9,2025-09-09T13:03:36.266039,2025-09-14T14:39:36.266044
ddd87fd8-3f8f-445b-8b41-01fe4e674afe,f2e011f2-1336-4a2d-a053-1f295e874d10,de36b501-80fb-4ec2-9a6c-b4454208c8d6,"Dr. Dr. Vance, I'm concerned about a new mole I noticed. Can we schedule a skin check?",False,,,fdbc071d-262d-47e0-9e16-926d80d37a4a,,2025-09-05T19:23:36.266082,2025-09-15T23:54:36.266087
7435b018-d527-43e2-81f7-b87e0693c05b,d5fb9233-39e5-4219-9239-691fd24443ad,fc6cefe2-5fc3-4b2a-b610-077b3fe1b7ce,"Good afternoon, I'm having trouble sleeping since stopping the ambien. Any suggestions?",True,,,,,2025-08-28T21:36:36.266175,2025-09-04T01:05:36.266180
fc2d4823-c245-4abe-b8ab-f63bfba9dbcb,44e8586c-96bb-4335-9e7c-800b44df7a9a,04b4d59b-b2ff-42c8-b7d9-d93822e25586,"Dr. Dr. Chase, I'm concerned about a new mole I noticed. Can we schedule a skin check?",False,,,,de6e3974-56a9-4809-bd6f-78d77613ce68,2025-09-07T15:24:36.266264,2025-09-10T00:22:36.266269
14fa19f5-0ea1-4128-b24b-3b160e239a06,d27bc237-e257-49da-9a5c-835ee9db8c40,73302665-4e56-4a08-9994-88bbab2249a9,"Hello, I've been having chest tightness when exercising. Should I come in for an evaluation?",False,,,ba442c69-9c88-45c4-b5ad-d02e77c0ddf6,,2025-09-06T20:21:36.266344,2025-09-11T10:46:36.266349
a3b999f7-d81c-4a8a-a532-6199a87f62df,7ca05120-8357-4667-a080-955b79ec85ae,369e0eb1-db8d-4ae2-9a44-673a8a452c2d,"Hello James, your lab results look good overall. Your A1C has improved to 6.8%. Keep up the great work!",False,,,a1bfa3de-b797-48bf-a12b-5060cf026984,,2025-09-10T21:36:36.266421,2025-09-11T17:30:36.266426
5edaff26-e5c5-4c06-9207-3f875e083320,1b4314a2-51b0-4c0e-a84f-ae048460ef2d,e0c64dba-200e-424d-bf09-d9566323081b,"Good afternoon Dennis, the specialist confirmed our diagnosis. We'll start the new treatment next week.",True,,,,f6af79e3-d20a-4c6c-b93b-030624c9215d,2025-08-26T20:53:36.266456,2025-08-31T13:51:36.266461
16cf65fe-5ad9-4528-837b-ac8414d02fcc,f7c680c4-3d7a-45c0-a090-3b32f7d53ecd,a13a9d1f-cd37-49ae-a7ec-f6bda35a1110,"Good morning Dr. Dr. Pierce, I've been experiencing increased fatigue lately. Should I be concerned?",True,,,,,2025-08-22T02:28:36.266507,2025-08-30T18:40:36.266512
58f8ae18-b1b5-472e-b130-b1a845aebd67,0620bf19-ba4b-4644-8f24-7c499a3e928a,44143283-cf88-44c8-8ed4-c8d9e49cfb56,"Hello Jessica, your blood work shows slightly low vitamin D. I'm prescribing a supplement.",False,,,,,2025-09-15T15:38:36.266532,2025-08-22T06:00:36.266537
ff29a93f-11b6-429a-8df1-c7fe740242d6,2ab618ec-402e-4264-9d24-bfb13aeffa28,be412543-1401-4de1-9b1d-c587d70753fb,"Hi Charles, the side effects you're experiencing should subside in a few days. Call if they worsen.",False,,,,2c940cc4-662f-4b6a-86b6-96dd053e179e,2025-09-02T19:01:36.266557,2025-09-04T13:03:36.266562
64799e27-e64b-425a-bb37-ea5a45e83265,ed600c1c-0297-4aea-9ac5-5bc66b45e75e,f73d21a7-7bbb-412f-83dd-274b7933f293,"Hi Edward, your blood pressure is well controlled. Continue current medications and lifestyle changes.",False,,,,e24f5de6-cc15-428c-a1f8-55e116101bb3,2025-09-01T03:55:36.266655,2025-09-08T04:06:36.266659
de0dc27d-89f5-4c1c-91f5-b7b67bc5076f,57d3140e-cc6f-41e2-a281-fb59a95b070a,b84eff67-0837-4fde-aee2-3635bac494cb,"Dr. Dr. Salinas, my blood pressure readings at home have been higher than usual. Latest was 145/95.",False,,,,,2025-09-12T17:32:36.266721,2025-08-28T18:59:36.266726
412933cf-3f48-4d4f-b261-ae7b5ad1828e,bbcb3dc0-8380-4c08-9a82-60e1cb61cf30,31b60582-dfa2-4295-b2ce-49ec324b3b24,"Hello, I've been tracking my glucose levels as you suggested. They're ranging from 110-140. Is this okay?",True,,,,,2025-08-27T00:02:36.266765,2025-09-08T05:33:36.266770
7b5bbc7e-8ccc-44d4-8e2f-26859ec93d47,e449b26b-9f02-48fd-b32d-091e9c730a68,e76bfcaa-80cb-44d4-b60b-1f912b26eb8b,"Hi Edwin, the side effects you're experiencing should subside in a few days. Call if they worsen.",False,,,,,2025-09-18T16:31:36.266809,2025-08-31T01:11:36.266813
91107e82-4833-499d-81de-8da428015bb7,2b468376-9e5e-4c20-b46e-f6d17bfd3cb4,3d682742-6a0f-449c-af80-44fa730cc573,"Hello, I'm having some side effects from the new medication - mild nausea and dizziness. Is this normal?",True,,,,,2025-08-30T18:50:36.266839,2025-09-03T08:09:36.266844
b497ce09-e019-487b-a799-d9e1defc1f53,a6c00a32-2a29-40c6-b509-7e05a653b8df,f7b165cf-fc07-4ed5-8e36-0edfe8703815,"Hi, I uploaded my lab results from Quest. When you have a chance, could you review them?",False,,,,1ec24351-cace-4ce3-bd45-23b58bc484fb,2025-09-12T22:46:36.266893,2025-08-21T16:44:36.266898
107d1aa4-0c54-4fa8-be0c-5af6852beebf,85180881-2d6d-400f-bda2-058e7bab5322,416be0aa-1fac-4f30-8f6a-f9dd9750384f,"Hi Dr. Dr. Ramirez, my pharmacy says they need a new prescription for my Lisinopril. Can you send it over?",False,,,,0b726e84-f875-4493-9000-be26a62892d6,2025-08-24T15:45:36.266973,2025-08-28T10:18:36.266978
847c8ee0-0038-4756-8add-fd56a0694f8c,60333f44-e0eb-47f1-ae22-e6e9e7e6ebbc,878e297b-7f4f-4076-bcdd-5ff8b237bee5,"Hi Alexander, congratulations on your weight loss progress! Let's discuss adjusting your diabetes medication.",True,,,c4a3c0a2-d8ae-4b2a-befe-670032f8f5ba,ade277ef-6df3-4b41-9d31-397e313e1923,2025-09-06T08:23:36.267044,2025-09-15T10:12:36.267049
f55e3534-7681-4ba7-ac53-b2da16185aac,a4aa2dfb-b4c3-4b89-8cc5-ae5a6a43f32e,5186d5a0-90d8-438a-bdbf-922cebf333f1,"Hi, I wanted to let you know that the physical therapy is really helping with my back pain.",True,,,,,2025-09-07T15:19:36.267068,2025-09-05T11:39:36.267073
dd48cf56-0d16-4535-a38d-343992327da0,f170b157-d4bb-485d-9392-947c46856723,bc86a696-4fe0-4861-95ea-919e1c8099e0,"Hello, my insurance approved the MRI. When would be the best time to schedule it?",False,,,a84ea532-6c02-4e71-a83a-ecb2f8759a7d,,2025-08-19T17:19:36.267092,2025-09-08T04:28:36.267097
bcd439e5-7f2f-49d4-98d5-a820b813b5e8,9d69cc6d-314f-45dc-ae72-b925370ac214,f54a092e-e801-4678-bca9-f2dd5b178bc8,"Good afternoon Kim, I've referred you to cardiology for the stress test we discussed.",True,,,,,2025-08-31T17:46:36.267122,2025-09-15T00:50:36.267127
e13bc232-4a1c-460b-bf3e-54bec2150b2e,bde553ee-b70e-4e9e-a6b3-21d98a3934ce,d69c9134-f64e-4843-95ba-d14c1dbe1c53,"Hi Peter, I've reviewed your symptoms. Let's schedule a follow-up in 2 weeks to reassess.",False,,,2230f44a-db0e-4690-8f54-1832e8b51498,a7627160-b7ef-426f-bafe-630ac0ba0dd3,2025-09-09T12:05:36.267189,2025-09-05T17:32:36.267194
c8dcb1a0-726d-47b4-aaee-44e46ba4299d,77878834-0690-4a2a-b8fd-df59f5144678,eaa861bb-7d18-4070-b45a-a3dd85d57c86,"Hi, I've been following the diet plan we discussed and lost 8 pounds so far!",False,,,e0cdf71e-6b06-47c1-bb59-9a20467cc635,d2bc04d5-7965-4caf-a204-654847277c7c,2025-08-25T08:46:36.267255,2025-08-29T21:31:36.267260
b2b2d588-4585-4c98-be02-f72cccc2c54f,5df63152-b94c-4adc-a339-79e749491cbe,bf2e8597-e904-4585-9657-2d58fafe2214,"Good afternoon Samuel, I've referred you to cardiology for the stress test we discussed.",True,,,485bb538-9547-4663-b189-50e92edc5709,,2025-09-17T08:02:36.267341,2025-08-24T00:54:36.267350
6ab8fc7c-dfeb-46de-9a8d-45f3f94fa2ec,dc7fdf9e-2260-4891-b8ad-3dd2b75d3ef0,02c8cb02-3f75-4773-8768-71873b78a783,"Hi Zachary, congratulations on your weight loss progress! Let's discuss adjusting your diabetes medication.",True,,,,,2025-09-03T19:40:36.267416,2025-09-04T09:26:36.267422
0c346f81-817b-403a-94c1-dd02a81359c4,0ed7b6dd-664a-406b-b4ac-2e043c9c964d,ac868fd3-1637-4e2e-88da-7f1ebae383e0,"Hello Kathryn, the X-ray shows no fractures. Continue with rest and ice, and follow up if pain worsens.",True,,,5323e3b3-d6bb-4b9c-8fb0-562c3a2d0f34,,2025-08-22T11:33:36.267447,2025-09-11T04:19:36.267460
d3b160fd-96e4-4ffa-b7aa-83697d16bbda,571383f4-5040-4495-932e-18f477828909,ac2c6c99-b138-4169-bb81-2e5d050a1fe2,"Hello, I've been having chest tightness when exercising. Should I come in for an evaluation?",False,,,187666a1-e0f7-462b-bea3-115802762d5b,b71e0208-5d02-47ab-be24-08676d2fa3f6,2025-08-20T17:18:36.267504,2025-09-07T07:46:36.267509
bb5b5860-c923-4fe1-8732-6029a3caaa1f,31217479-34f1-4e0d-81c6-13994a299cb4,785e7255-02b2-433f-b869-dfa962a770f9,"Good morning Alexandra, I've updated your treatment plan based on today's visit. Check the portal for details.",False,,,,,2025-08-29T00:19:36.267629,2025-09-07T12:53:36.267640
b809dd71-40b8-4cfe-8463-2af9cd61d460,5186d5a0-90d8-438a-bdbf-922cebf333f1,0ac4168a-02fe-4260-8ae5-c3e83b950d2b,"Hi Scott, your blood pressure is well controlled. Continue current medications and lifestyle changes.",True,,,,,2025-08-25T23:17:36.267703,2025-09-10T10:47:36.267713
210d745c-81e4-4549-80c7-6f3d13a7a17d,e76bfcaa-80cb-44d4-b60b-1f912b26eb8b,3083ba7b-bc8b-4e91-874f-be30b77c447e,"Good afternoon, I wanted to follow up on our discussion about my sleep issues. The CPAP isn't helping much.",True,,,,7c2d7914-3e8c-438e-82f6-4006678029f9,2025-09-14T15:52:36.267783,2025-08-31T03:03:36.267791
2568ee73-75ba-41d8-b1eb-29a319b6e897,bdd28885-48d9-46f0-9e9f-3007a8498ea2,eb255403-29be-4958-a4fc-a594df497476,"Hi Charles, your blood pressure is well controlled. Continue current medications and lifestyle changes.",True,,,9bfd8874-3ded-476f-91d3-5f92519cc086,3ef82fb7-af62-423c-b6d6-639ef1717d19,2025-09-01T04:12:36.267881,2025-08-23T02:26:36.267890
ebc8cde3-0085-4255-813b-0f46a6404215,5facd978-1585-49f7-8be5-b607d215f8d8,6b388214-096e-4512-834f-183bd91259d3,"Hello, I've been tracking my glucose levels as you suggested. They're ranging from 110-140. Is this okay?",True,,,,,2025-09-06T16:23:36.267923,2025-09-13T22:44:36.267931
9bae7512-9796-470b-b194-f50e8e23255c,b927e312-ef85-4706-8d4c-75626b036740,cb373b00-5f9a-47d3-b35d-bd7dd10a8289,"Hi, I wanted to let you know that the physical therapy is really helping with my back pain.",False,,,d6da7b76-9752-4bc2-a291-50af44250825,,2025-09-07T06:42:36.267992,2025-09-02T01:01:36.268002
9e13497c-ff6a-48f0-a7c6-a4bf64f12a31,6204e6fc-a409-4c23-906a-df7e9abc5240,93e8d8aa-73b7-4d1a-a1b2-a912fc2d8445,"Hello, my insurance approved the MRI. When would be the best time to schedule it?",True,,,74456491-b37a-410f-b6a9-7b9627c2078a,9a546c8e-887d-454d-b3a0-145b8c019a2b,2025-09-19T08:12:36.268068,2025-09-02T14:22:36.268079
72af0ebb-bf59-4551-919d-6eaad54bd106,f9ca2e2f-25a8-4c29-8ecd-888cd9e8afc8,69a9f5c7-b243-4842-af0c-f257d25c8205,"Good morning Michele, the CT scan was normal. I'm glad we could rule out any serious issues.",True,,,c54043e9-a7fa-4c6c-ad9a-6f81e1a41b52,,2025-08-26T23:46:36.268116,2025-09-15T08:51:36.268124
4fd05eaf-4218-4b52-b46c-7449a83c15cb,935fc881-619d-4ce2-9771-744d0bc22cd9,e08d169d-a67c-4016-abd7-480c6b1a1b59,"Hi Gary, congratulations on your weight loss progress! Let's discuss adjusting your diabetes medication.",True,,,b8e39279-fb19-495e-8169-4171e0e50e73,,2025-09-16T13:35:36.268289,2025-08-22T23:26:36.268311
11383d83-b1ee-4638-b5e2-f40bac92faf5,9007c31c-c649-4822-a81d-0c9a5771e9b0,356aaf3c-3f17-4dd1-9203-6865a661d656,"Good morning, I'm traveling next month and need refills on my medications before I leave.",False,,,23be861a-9645-4bfa-bfb6-dbb156c922a2,,2025-09-05T07:32:36.268412,2025-09-15T19:31:36.268424
eefd60ce-cd9b-4333-b8de-6e363821519b,890f0593-0e41-4243-88c3-1b3e55800c54,69a9f5c7-b243-4842-af0c-f257d25c8205,"Hello Michele, your lab results look good overall. Your A1C has improved to 6.8%. Keep up the great work!",False,,,04f431bd-276b-4150-adb6-0f7f877be944,,2025-09-11T13:58:36.268464,2025-08-22T03:19:36.268471
91fad77a-7856-4a33-9381-a0d4f7afdb99,03a81692-c2ab-46ba-922e-2291f589ec91,5bfd3f04-997e-4090-8ff4-163359cf0b8e,"Hello, I've been tracking my glucose levels as you suggested. They're ranging from 110-140. Is this okay?",True,,,,c5c9b3c1-7438-4be8-b4cc-a08ecae1dc6c,2025-08-19T17:08:36.268607,2025-09-15T22:11:36.268627
992f6d73-91ab-4991-a0ec-75ca021e8fbf,99fca50b-96bf-4e4b-b252-2163393b0b30,d8148cae-83d3-45b1-92cf-c5dbfb3a7988,"Good afternoon, I'm having trouble sleeping since stopping the ambien. Any suggestions?",True,,,3531644a-0098-41ec-836a-202454e6c1fa,,2025-09-09T06:23:36.268716,2025-09-19T04:34:36.268726
9fd5de9e-d353-4fdd-a106-772f769647d1,2220186a-90c7-4601-84f3-4a275a77dc7c,7d76ff96-2ead-4e0f-a916-b58e00b14dfb,"Hello Kathleen, your blood work shows slightly low vitamin D. I'm prescribing a supplement.",True,,,,,2025-09-14T01:11:36.268878,2025-09-01T03:25:36.268889
66d60994-2936-4716-9b6b-eb9b86412132,49d47dca-64ff-4da1-bb58-80ad1372f050,8f8cc081-5d03-4d8a-ab1f-7812df45d7c7,"Hi Heather, congratulations on your weight loss progress! Let's discuss adjusting your diabetes medication.",True,,,,,2025-08-31T00:37:36.268920,2025-09-15T21:24:36.268929
6db1178f-108b-444c-be33-d46c70928cad,7296d368-4e8f-4c86-8c73-812753d3f1ef,ac7ec31c-bdd6-4e24-abbe-994887ae7b27,"Good morning Rachel, the CT scan was normal. I'm glad we could rule out any serious issues.",True,,,,,2025-09-12T06:50:36.268965,2025-09-13T07:04:36.268974
6995ef92-eb91-4d08-ba95-114e5587ab98,bab9a943-360a-4491-91f9-2a16cc8d1100,b7154ec5-8b13-4b5b-8245-7719b2edef17,"Hello, my insurance approved the MRI. When would be the best time to schedule it?",True,,,,,2025-09-07T11:15:36.269024,2025-08-21T08:14:36.269034
c27b8295-6a63-47c4-87d9-97700f24d298,0174b79b-e9ed-4307-8aad-aa679df1e9cf,ef479c73-23d1-49d8-81f2-aae7901290d5,"Hello Brandon, your mammogram results are normal. Schedule your next screening in one year.",True,,,23e7565c-aa34-4935-8720-0b4897a0dec8,,2025-09-09T06:32:36.269082,2025-09-02T14:14:36.269092
d3520e8f-59ba-4a19-a33d-5d87eb15b4e5,ecd093c2-da61-482b-a24e-fee7fc8f5052,bd1fad42-a6dc-4db3-9d83-de71891b81e7,"Hello Casey, your mammogram results are normal. Schedule your next screening in one year.",False,,,b5c04f1b-c285-4975-b864-6450aec2445f,,2025-09-04T08:43:36.269153,2025-08-23T12:10:36.269162
c091bffa-e874-467a-8ff2-332f966fb7d1,9e8c9169-d034-41b8-be13-00276f72a0b2,ba6b342f-e3ef-4cea-bf15-a35e546e8c0f,"Good afternoon, I'm having trouble sleeping since stopping the ambien. Any suggestions?",False,,,cd1782ea-1dc0-408c-bb25-51f61252bf44,9b593e92-4597-4470-be6c-746d32f60af5,2025-09-17T19:40:36.269293,2025-09-18T14:53:36.269303
57d49b55-1c98-4fcd-a7e1-415e8720895f,ce3cbc44-dba5-4392-a75a-c9fa2b85c24c,3f69ac4b-b767-4b2d-8eb5-c4815e808277,"Hello Angela, your lab results look good overall. Your A1C has improved to 6.8%. Keep up the great work!",True,,,d5796619-291f-4ca7-ba86-03dba4e8387a,de198cb0-d4ca-4c1d-834a-df246a307e85,2025-08-31T18:01:36.269412,2025-08-22T15:39:36.269422
30eba73e-3b97-4faf-95d6-63b116295a74,af9f011f-621e-427b-ad86-0db0a0291130,9034e9fe-aa04-4e5b-bce6-e724ac86f198,"Hello, my insurance approved the MRI. When would be the best time to schedule it?",True,,,,,2025-08-25T18:13:36.269515,2025-08-21T18:06:36.269525
52d6f9a9-ef18-4ca6-94d4-a16451d5034c,a684dcce-35be-4f57-8a07-bad0feb6a5f4,bd3e755e-c699-4309-81cf-95842186b2fb,"Hi, I uploaded my lab results from Quest. When you have a chance, could you review them?",True,,,,,2025-09-13T00:24:36.269553,2025-09-01T12:29:36.269562
0c9e92d1-1fca-4623-8077-9a57c00e8d8b,cb3a7806-cf0d-4603-ac21-586b9c6c11e8,6dfedd13-79ac-4b02-aa6e-9dfbc4f1c93c,"Hi, I wanted to let you know that the physical therapy is really helping with my back pain.",True,,,a0a78ce4-b8de-44d2-befd-63b94b385513,,2025-09-05T15:35:36.269673,2025-09-11T03:43:36.269685
52a1bd1d-326b-4999-8535-c21d9479a913,60333f44-e0eb-47f1-ae22-e6e9e7e6ebbc,9f4ba15b-036f-4869-a930-2c8be8479510,"Hi James, congratulations on your weight loss progress! Let's discuss adjusting your diabetes medication.",False,,,47996375-b658-47d9-b84b-b06eaa4ead05,f7815936-077c-43c0-be1d-c8687224f238,2025-09-10T11:03:36.269863,2025-09-03T07:49:36.269883
bdd84097-c683-4057-b6f5-304aa4bb2885,5ceb8776-dba8-4171-8c7b-d0c6c7559011,6fbd6cd9-aac5-4ac9-8a58-c084a6d343e9,"Hi, I've been following the diet plan we discussed and lost 8 pounds so far!",False,,,d084e089-35eb-46e6-bfae-f8c0d244ee77,,2025-09-03T19:46:36.269983,2025-09-11T21:54:36.269990
c36e2c35-5d74-4175-8639-2e22a1af5490,22fb7158-8161-45fe-b5d2-0b17a2bf7e13,63ce48e1-2bd9-43e8-93b2-67b07bee47d0,"Hi, I wanted to let you know that the physical therapy is really helping with my back pain.",True,,,afedd752-1b94-47f7-be45-893f50e453ef,2c5683f2-d7f2-4271-91fb-6691fb21bebb,2025-08-29T22:44:36.270077,2025-09-15T17:09:36.270088
b9dca447-2c7b-40b1-abed-3cf99615ad5a,f990d7ab-b31d-46fe-84b5-5175b67d7cd7,89fdb0fc-ae2e-4e4c-a468-0a54449fefa0,"Hello, I'm having some side effects from the new medication - mild nausea and dizziness. Is this normal?",True,,,02be822b-4b02-418c-9a67-b0426c6d3fce,,2025-08-19T21:57:36.270181,2025-09-17T23:37:36.270189
d288ffcf-dd12-4fa2-a85e-278e972f8ab1,2f1777d9-9501-48e7-a087-d0c7ffa750ff,b92de0ce-c08f-47a7-a48d-2634e5b1a324,"Good afternoon Heather, I've referred you to cardiology for the stress test we discussed.",True,,,,,2025-09-11T22:57:36.270298,2025-08-22T12:25:36.270307
f1d7a8ef-68a6-4126-b60c-2e7872711bff,e6b2b9a6-5df9-49a8-a6bd-9c8a1dfda8eb,2ca2f316-32c0-4863-8517-71964508ec7f,"Hi Willie, your blood pressure is well controlled. Continue current medications and lifestyle changes.",True,,,2d5b1e50-416a-4e24-bff5-b6f78fd7bbc4,,2025-09-01T06:39:36.270519,2025-09-04T21:50:36.270564
b0b4eac5-f42d-4447-a6fe-9fcf30f0b1ab,b92b83c2-57d4-400a-98d8-750a9b7d7e25,87dde43d-9e6d-42db-bb41-e3b923422ff3,"Good afternoon, I wanted to follow up on our discussion about my sleep issues. The CPAP isn't helping much.",False,,,,,2025-09-05T14:43:36.270808,2025-09-14T11:58:36.270836
d8232741-487d-4b9d-845b-e5c48e566ad1,57787098-18df-4704-98b4-abf40d95c0fc,49c5bf12-c14b-4b4a-9742-83d68f7e3936,"Hi Jordan, I've reviewed your symptoms. Let's schedule a follow-up in 2 weeks to reassess.",False,,,e4301ebc-81b5-4477-92de-f7d18d6751fb,,2025-09-19T07:05:36.270940,2025-09-14T08:01:36.270955
02fd41e4-ddbc-4ca0-9dba-c4e0d0902ad8,230f4ba0-0f09-46f5-8926-e40bbc06d911,ff5b161d-b006-45aa-825f-c37099730164,"Good morning Melvin, I've updated your treatment plan based on today's visit. Check the portal for details.",False,,,,7289660e-b65c-4782-9821-6c510f1db9cf,2025-09-01T14:46:36.271066,2025-08-31T01:14:36.271074
16c63343-b677-4723-9254-d31cfe239a08,897f59b1-3d1a-47a0-8a61-0be2b92c184a,cffa9d2a-a736-43fc-a021-2b2aa42c7bcb,"Hello, I'm having some side effects from the new medication - mild nausea and dizziness. Is this normal?",True,,,,edbe3fb6-4cc8-44cf-9915-70a91cbb5504,2025-09-07T03:26:36.271353,2025-08-27T05:38:36.271361
cb515024-5a53-42c9-8d95-df2d24f7f55a,af75f30a-2231-48b0-ab4d-902f501724f9,d007e7ea-1498-40b8-b16b-7a8fbbaa79ce,"Hello Kayla, your blood work shows slightly low vitamin D. I'm prescribing a supplement.",False,,,12cba388-1ae3-424c-834c-17bdac5548ec,,2025-08-30T10:05:36.271430,2025-08-21T15:30:36.271441
dde4daa4-5339-423b-9541-a166b3728f23,ed600c1c-0297-4aea-9ac5-5bc66b45e75e,152bf2f0-0b36-4f45-80c5-6daefcbd4a65,"Hi Virginia, congratulations on your weight loss progress! Let's discuss adjusting your diabetes medication.",False,,,,,2025-08-25T20:51:36.271616,2025-09-01T10:13:36.271621
9270c5e7-e88f-4b47-9e1a-4dc213ebe880,59d3a884-4d03-4f25-aa0c-b0ecdffc5ab8,44079cea-c77d-4a39-bb32-a25ce82ce444,"Hi Bradley, I've reviewed your symptoms. Let's schedule a follow-up in 2 weeks to reassess.",True,,,fd7948c7-0219-4c47-a430-22eaceefe589,c66ff6ec-7719-4e8d-a364-bcc311cd3d0d,2025-08-22T07:19:36.271723,2025-08-19T20:18:36.271730
345e4b4e-bbb5-4bcb-853d-1256bb01c03e,f6aa5609-14fe-4909-9dfa-2c895deac204,6fe99bdb-9e3f-4fb6-b0a8-875b7f267f78,"Hi, I've been following the diet plan we discussed and lost 8 pounds so far!",False,,,,0238e931-3bd4-4528-859e-fad25fb26403,2025-09-10T03:58:36.271784,2025-09-14T03:08:36.271789
ae5a35df-0b77-4d1b-9559-d1456d4e52d1,093969a8-96ea-48af-ad20-4ddbbe92fd05,a7944fc6-e26b-4041-a3bf-06ca7e1f725a,"Hello Carla, your mammogram results are normal. Schedule your next screening in one year.",False,,,,4df4ead4-983c-4837-9058-ea358e498790,2025-08-21T08:43:36.271865,2025-08-19T22:35:36.271871
3bfdcc0c-fa6f-479a-a2b6-bfcd70d41607,af8b3287-089c-4fb5-a3fc-c6d8e44d3204,fa737eaa-547f-4a61-b784-8f1898882a2a,"Hi Tyler, your blood pressure is well controlled. Continue current medications and lifestyle changes.",True,,,,,2025-09-13T16:01:36.271956,2025-09-01T21:02:36.271961
6022087d-0edc-4782-9892-70af0a1acf35,16fd32c4-fc1c-4731-8549-b43e1ea99cf8,ee9c8d74-8988-4f32-bcd1-0be203e38113,"Good afternoon Michael, the specialist confirmed our diagnosis. We'll start the new treatment next week.",False,,,,,2025-08-27T02:59:36.272011,2025-09-15T12:58:36.272016
2b49b008-0f7d-4b89-9d99-f2248141bcd3,da51202a-6de8-45fd-97cd-9aee34b644e0,c56366fe-22df-4e23-bb1f-1274a7d6a60f,"Good afternoon, I wanted to follow up on our discussion about my sleep issues. The CPAP isn't helping much.",True,,,,,2025-08-31T05:10:36.272106,2025-09-06T17:16:36.272111
5d43d86b-8e76-49a0-9bbc-35e92a1157ac,8fa0a089-68c6-413b-a7fd-18f80c74297e,98ce5219-e1aa-4d29-ba6e-405f2bda8ffe,"Hello Frederick, I've cleared you for surgery. The surgical coordinator will contact you about scheduling.",True,,,,e35d8099-adae-40ff-87ff-892d88decb32,2025-09-11T07:26:36.272191,2025-08-25T20:52:36.272196
d86c6f13-6667-42c1-9fc9-de605f8459e1,48f03977-3e66-4ae4-8405-c456ad018f21,39b9bf84-092b-404b-ab4f-3c8a94ffaba2,"Hello Kristen, I've cleared you for surgery. The surgical coordinator will contact you about scheduling.",True,,,,13bdc669-1f8b-4338-8add-8ff2e105892f,2025-09-05T22:50:36.272279,2025-09-16T17:02:36.272284
46895352-7b9a-427e-8c09-a635033425c6,17fdad73-93b8-4619-aa66-4c82558b06db,5facd978-1585-49f7-8be5-b607d215f8d8,"Hello Amanda, the X-ray shows no fractures. Continue with rest and ice, and follow up if pain worsens.",False,,,2e0aa7f3-bf5c-488a-9084-e8136a465a87,,2025-08-28T09:54:36.272313,2025-08-19T19:22:36.272320
ff2ef2ff-ae22-4a33-ae3c-6aaa5a54ee53,5796e156-e9fc-4e8b-bb69-804526cd0127,4cd63ad1-f730-465c-bcb4-04d353bf30be,"Hello Sean, your lab results look good overall. Your A1C has improved to 6.8%. Keep up the great work!",False,,,c3a54746-4174-4830-863c-1dd6ed762cda,,2025-09-18T07:18:36.272355,2025-09-17T02:53:36.272361
8ff0d47b-7a3c-42e0-b8ed-040a644e8a53,50da7245-7b4c-456d-b1fe-650df24ffdab,21bfd04f-6f47-4c7f-b947-cfdf1e071bab,"Good morning, I'm traveling next month and need refills on my medications before I leave.",False,,,162dd075-781a-4cc1-81fe-b049205d1ff9,,2025-09-10T00:01:36.272402,2025-09-02T02:27:36.272409
bf1beb87-79e1-4ea4-a296-93178a344ff6,51c60b18-ddab-44f7-95c9-eb49dbc21d5c,ed978de6-901d-4b3c-be3d-04dd08a1ea64,"Hi Brian, I've reviewed your symptoms. Let's schedule a follow-up in 2 weeks to reassess.",False,,,,,2025-08-25T21:37:36.272480,2025-08-26T09:30:36.272485
e55af9ec-1f33-49cf-8bd6-f29dd58d14e4,d6cbb843-cd31-4aab-9dd4-d9074c5cd7ec,c3d37e2f-656a-4793-9fe8-6c9f2948c675,"Hi Randall, congratulations on your weight loss progress! Let's discuss adjusting your diabetes medication.",False,,,,,2025-08-28T13:42:36.272597,2025-08-23T19:51:36.272602
9bc8a176-9df9-4690-8ce2-769db885b072,d9f10a5d-4864-4332-bb02-0aec13c1cb65,bdd28885-48d9-46f0-9e9f-3007a8498ea2,"Hi, I uploaded my lab results from Quest. When you have a chance, could you review them?",True,,,,,2025-09-05T22:37:36.272677,2025-09-06T15:57:36.272683
004a9166-e404-4ad1-9aea-25f176bc7609,ecc29589-fcfe-45c6-a912-4b5153fdbab0,9bf2f7f8-d290-44f2-90b9-a0aa7b4f2181,"Hello Douglas, your blood work shows slightly low vitamin D. I'm prescribing a supplement.",False,,,15f147dd-993d-4a88-ad44-d4991d375323,,2025-09-12T11:51:36.272752,2025-09-19T06:57:36.272757
66c477fe-4739-453e-a412-dddf6c5b0ef3,231e663d-ca28-4d76-a4b5-930a1f36d6f1,66a959d9-d05d-4942-94fa-3e3726fd6c90,"Good afternoon, I'm having trouble sleeping since stopping the ambien. Any suggestions?",False,,,,,2025-08-26T03:27:36.272811,2025-09-01T10:53:36.272815
47ca4ff5-0611-4a2e-a199-5eacc55763ab,f73f846d-a023-49cc-95ee-f0ef24fbad41,19d7f340-f1ab-4b56-a4f9-5180d31de6a2,"Hi Benjamin, your blood pressure is well controlled. Continue current medications and lifestyle changes.",False,,,7fa4c26c-6be4-4a64-bb66-b01ba169c1ba,7fe8cea3-0c72-4ce5-898d-b546f0f7a6f2,2025-09-03T02:18:36.272900,2025-09-16T09:49:36.272905
c59d5fb3-6edb-4ed8-8f23-cf4aaac22eb1,044ec0b2-db37-4d64-bc47-e79fbd15b633,cb3df92d-e5a4-4698-b9d5-07d70dbb9b44,"Hello, my insurance approved the MRI. When would be the best time to schedule it?",False,,,921ddd3b-c26f-44d1-94ba-da3fa2433380,5698ff63-efc0-48d0-8969-e769f84ea547,2025-09-10T11:15:36.272969,2025-09-09T14:41:36.272973
802c73f5-3873-4a56-9f52-db188086cfc4,6ed28207-3f83-4429-9f24-9979bdcc0592,fe4843fe-4e18-4c59-87f7-c87c1b6bd055,"Good afternoon, I'm having trouble sleeping since stopping the ambien. Any suggestions?",False,,,,,2025-08-24T12:28:36.273073,2025-08-28T08:21:36.273082
069c8468-646a-4a85-a5cb-cdea37b01715,65298604-36dc-4e7d-a555-1784c3638103,3a893f82-21df-4323-bcd5-41f6f1a9400b,"Good afternoon, I wanted to follow up on our discussion about my sleep issues. The CPAP isn't helping much.",True,,,39c5f239-7df9-42bf-8bfc-5792680c78b3,da5400b2-348a-40dc-bc11-8980981c2edc,2025-09-12T10:05:36.273226,2025-08-31T01:22:36.273238
9b5cd7df-d77f-49e7-845d-5154f56ba8df,de9ca3aa-96ed-4132-8866-db21c3a418df,fc7eb8a0-a7f9-4b5b-8fbc-20d01588b0ff,"Dr. Dr. Compton, my blood pressure readings at home have been higher than usual. Latest was 145/95.",True,,,a27305cb-2b1a-4390-83ec-6bc2af159bf6,,2025-08-20T10:41:36.273585,2025-08-22T19:01:36.273631
6e1d941e-1c86-4f8c-b579-afe8c802c89a,9f4ba15b-036f-4869-a930-2c8be8479510,5ce8e2e7-86bc-4f67-a0ae-745b31131aa8,"Hello, I've been tracking my glucose levels as you suggested. They're ranging from 110-140. Is this okay?",True,,,a216e364-a721-4862-9414-a2b1a89eef72,,2025-08-28T10:19:36.273958,2025-08-29T11:08:36.273975
eeed3083-bf21-46a2-8b00-8ffb6bef14a1,fdbe0f6b-3a8c-4cd1-b862-0905bd94120e,e2c21c5b-eb15-40ed-b08e-f4af638973d2,"Dr. Dr. Frost, my blood pressure readings at home have been higher than usual. Latest was 145/95.",False,,,,,2025-09-12T00:59:36.274143,2025-09-02T19:09:36.274159
580349cf-7acb-4eae-b5a3-c21e0f0809c4,772be3e7-9f7a-480e-a3ad-130e9d593d4d,2a2f9cf3-fc20-4db7-ae14-2dcdc0e12a72,"Good afternoon Sarah, I've referred you to cardiology for the stress test we discussed.",False,,,,,2025-09-07T02:28:36.274548,2025-09-16T23:42:36.274568
ef9fbb79-3081-495a-80aa-1142d9f4126d,a5cf2d83-9abc-4897-839d-e0806d6cafe9,f3b77e02-3ea7-44c1-a271-eadb3ddbb811,"Hi Dr. Dr. Davies, my pharmacy says they need a new prescription for my Lisinopril. Can you send it over?",False,,,,,2025-08-24T03:52:36.274980,2025-08-20T14:26:36.275004
fd485122-9911-45d8-adad-0136c3730d70,ab5e1969-2956-4f24-a2fa-5a9c52503ef4,436dc078-7238-4250-ba1e-9a19c3221b3f,"Hi Cody, I've reviewed your symptoms. Let's schedule a follow-up in 2 weeks to reassess.",True,,,,,2025-09-04T23:00:36.275173,2025-09-14T02:17:36.275186
34ddc2c3-174d-429e-8518-28eb1e35f11a,30027c42-e0cd-42f4-bc8f-2e6a7fedec09,aff6ec86-f3cb-4a5d-80f9-76fe434a35a4,"Good afternoon, I wanted to follow up on our discussion about my sleep issues. The CPAP isn't helping much.",True,,,,d8c71eed-2997-468e-9d82-e8d908919ad1,2025-09-14T14:58:36.275264,2025-08-28T05:14:36.275271
18486d95-4668-4eba-b326-1aa33d89e16b,57d3140e-cc6f-41e2-a281-fb59a95b070a,d0666870-b167-4bca-8eea-3ea391575cc5,"Hi, I uploaded my lab results from Quest. When you have a chance, could you review them?",False,,,ad2444c5-14cc-4d93-a1a8-e1294cdb7874,9dac382a-fbd0-4801-a24b-1ae94011f9a6,2025-08-27T15:58:36.275370,2025-08-31T07:58:36.275376
4bda0057-0475-475b-99b5-9a326a40340e,14509ab1-1ca2-41a0-a0f0-10e4728f6254,514bb647-7fe8-4f4c-97d0-62a90d8163f4,"Good morning Joshua, I'm sending over a new prescription for your blood pressure medication.",False,,,574855ae-4623-4b8e-9824-630d0b195b45,,2025-08-29T20:04:36.275579,2025-09-02T23:57:36.275585
d9648950-7e7b-4530-a098-7fc0c6619ec1,a4fe266c-2821-42c1-9753-ad2125567ada,c4cdb055-2e9f-4244-9ef9-db87b7b0f990,"Hello, I'm having some side effects from the new medication - mild nausea and dizziness. Is this normal?",False,,,3331b00f-d51e-4608-a926-3c2dd974db43,,2025-09-01T23:48:36.275697,2025-08-22T16:26:36.275702
2fd3c8ac-4272-4575-bdc2-835537cc5827,0b6af8ae-42f6-4c6c-8485-59ed2eee23c0,de0f13fb-f561-469e-8223-c83406a3b90a,"Dr. Dr. Cooper, my blood pressure readings at home have been higher than usual. Latest was 145/95.",False,,,c2bb948a-b3dc-461b-a905-5c9169655177,,2025-08-29T07:17:36.275738,2025-08-29T20:01:36.275744
a5980497-25dc-476f-a049-b219baff5018,547ced2e-fd1d-44d8-9b42-53f4e8ebb307,5f6598e9-226b-4811-b4ba-143ad27edf0a,"Hi Wendy, your blood pressure is well controlled. Continue current medications and lifestyle changes.",True,,,,f325a454-e002-4a7e-8d7f-e6409ebbdf3b,2025-09-06T19:28:36.275873,2025-09-15T01:37:36.275879
42747664-3752-48f5-b61c-309f0cdb3528,fb78f49b-0861-4ae9-a48b-9e442594d1ef,02b8ac75-a003-4c11-9741-182263f6f211,"Good afternoon Keith, I've referred you to cardiology for the stress test we discussed.",True,,,,730b18d7-c9ca-4418-9ad9-d25fcd2b185d,2025-09-05T16:00:36.275989,2025-08-27T00:22:36.275996
385294b7-e971-4dbe-8d46-0d30d3a89905,afce909c-f28b-41f1-8a3d-c82f3a5b188c,0060180d-4b2b-49c7-acc9-b7cf49d20c2c,"Hello Joseph, I've cleared you for surgery. The surgical coordinator will contact you about scheduling.",True,,,9310b423-6cc3-4436-8475-d8c2da0729f5,,2025-08-24T14:16:36.276087,2025-09-15T17:21:36.276093
16bdb9eb-6f18-4f2d-a6a6-5c316df77f67,a9c0a502-fca0-488e-a272-7878ab451b15,73edd9d0-6904-48c4-a463-21babfdbef14,"Good afternoon, I wanted to follow up on our discussion about my sleep issues. The CPAP isn't helping much.",False,,,2dc06131-2fd9-41fb-ad7f-cd8a9185b0fa,f1380b49-5734-4556-ac17-1c0770a383d7,2025-09-08T11:39:36.276182,2025-09-06T04:32:36.276194
b31318c5-3704-4ce0-aca6-767ba3f80709,3976526c-092c-4486-ba0a-10016698320d,cba5d880-aae0-4ff3-903c-b961665c052b,"Good afternoon, I'm having trouble sleeping since stopping the ambien. Any suggestions?",True,,,,,2025-09-17T02:37:36.276233,2025-08-29T03:26:36.276241
1aab8d24-f9f7-40f6-9f27-748bc199205f,44773fdd-7572-44d5-9853-d89c0173a7a5,4f4e48ee-652b-4fc4-aa5a-a2b68ba9e73a,"Hello, I've been having chest tightness when exercising. Should I come in for an evaluation?",True,,,,241d83a7-107d-4b19-bf42-19a0e8788fef,2025-08-27T22:33:36.276315,2025-08-26T03:36:36.276323
16a70228-5936-4da9-9294-79a847a465fb,03870111-26b7-4a54-a031-25da9363c7e1,d9b7e1e8-2ee9-4e67-9819-7c1b9a93505a,"Good morning Christina, the CT scan was normal. I'm glad we could rule out any serious issues.",False,,,8ea18fe3-c699-4680-8880-775dd35e426a,8d82c602-affa-4347-be81-f7b7ebb9874d,2025-08-27T11:11:36.276436,2025-08-31T22:06:36.276443
6601f0bd-c89f-4855-89f1-7c83da7424bd,fee130fa-296a-4d23-b715-295b25cd9832,28c01655-7509-4620-bd99-45d5890c2bd4,"Good morning Tara, the CT scan was normal. I'm glad we could rule out any serious issues.",False,,,,ed3e39f3-adf9-49d1-a9a3-a171af4f1dee,2025-09-10T01:06:36.276507,2025-09-16T23:01:36.276513
b967fe5f-219a-4e03-b84f-7c1f82a1f861,4fbd8b12-b465-416a-b7d0-fc2e145685c9,f6aa5609-14fe-4909-9dfa-2c895deac204,"Hello Michael, I've cleared you for surgery. The surgical coordinator will contact you about scheduling.",False,,,a3ae2ad6-6646-4744-8ded-f1a9763ac401,c916b13d-5a91-4897-a888-5d02e8c99d53,2025-09-08T04:38:36.276575,2025-08-25T19:17:36.276581
6ccf8cb2-94ea-4939-bebd-96e8828ad9db,133a3c47-2e59-4110-b590-cbd4e6c8858c,92a4dd3b-1d7c-4ddd-a726-e3c8bd767458,"Hello Jack, your mammogram results are normal. Schedule your next screening in one year.",True,,,,,2025-09-03T12:04:36.276708,2025-08-30T01:58:36.276714
ee85940f-3a0d-481f-8c1f-43da52c38820,1b4314a2-51b0-4c0e-a84f-ae048460ef2d,9fab9611-07dc-4e74-a5bb-0072f94bed7a,"Hi Lance, congratulations on your weight loss progress! Let's discuss adjusting your diabetes medication.",False,,,,,2025-09-04T06:52:36.276839,2025-08-23T06:26:36.276845
32062f92-2a4d-4f9a-913c-197cb6bb5808,24b19896-ddb5-48cd-9345-c284bade0435,72204511-6767-4ebc-a83e-a202249cc8d9,"Hi Dr. Dr. Rollins, my pharmacy says they need a new prescription for my Lisinopril. Can you send it over?",True,,,7758ceba-c3a7-4de0-b70d-221968f4a2cf,e3e1e3b3-00e8-4c9f-ba8b-765317eb8c52,2025-09-16T10:33:36.276965,2025-09-11T12:35:36.276969
bd432fbc-fce3-4770-964c-b1f274d30d30,4df696d4-4076-48d3-8d1d-1d9ebe8735e1,a1ae53b4-becd-41c6-bc4e-afc5e4a69c37,"Hi Billy, congratulations on your weight loss progress! Let's discuss adjusting your diabetes medication.",True,,,,c1244c1e-92f5-4a3a-bab9-acd4e17f0e02,2025-08-27T02:39:36.277037,2025-08-21T07:11:36.277041
58495bd7-e45c-4963-8ae8-4db06c066a66,fa5d0bce-8bf2-4384-9150-8f94959944a2,10bf0748-fd1e-4d01-acb7-49426d1f7014,"Good afternoon Tracy, the specialist confirmed our diagnosis. We'll start the new treatment next week.",False,,,5b50d4e9-4e27-46bb-ab61-7e2945a7cf00,,2025-09-01T15:05:36.277073,2025-09-15T00:06:36.277078
08aa08b8-0be8-4783-ba05-c4b53bdcaf9b,2a2f9cf3-fc20-4db7-ae14-2dcdc0e12a72,455b35ed-bfc5-47d7-8f06-343f3e3d3a82,"Hi, I wanted to let you know that the physical therapy is really helping with my back pain.",True,,,,,2025-09-12T07:04:36.277165,2025-09-11T17:49:36.277170
f9de80fa-0954-4ce5-afbb-1169aa9f62a3,219d5d8a-341e-43a3-a4a9-48756400f8f4,8f1a16fe-3a5e-4aee-9fa6-d16c7c3c402d,"Good morning, I'm traveling next month and need refills on my medications before I leave.",True,,,e4c58258-183e-4440-9cdd-6b32e8bf526e,,2025-09-16T02:38:36.277263,2025-09-10T19:45:36.277268
11652e21-f72e-4931-8270-bd188b4c3fc2,e4d9d8c7-e513-4d25-9409-6ba5e26f950c,7f0b4698-320e-48f6-86d6-57aa6d77accf,"Hello Julia, the X-ray shows no fractures. Continue with rest and ice, and follow up if pain worsens.",True,,,f2dcfe1f-641b-47ef-a18e-48eed1628c4a,,2025-08-19T20:43:36.277319,2025-08-29T09:21:36.277323
dc7c8371-b48e-4f80-a6da-91532ff8b301,dba41460-2ccb-4bf8-b09b-c1217867eeab,9f80925a-76e7-4df1-ac63-dcd7050247ee,"Good afternoon Jennifer, I've referred you to cardiology for the stress test we discussed.",False,,,,,2025-08-27T11:49:36.277589,2025-08-24T17:06:36.277634
9bdf1cf0-612d-48da-8a66-82d1abeba49d,9fab9611-07dc-4e74-a5bb-0072f94bed7a,cde47e90-94d6-4edc-8468-149f02e8a9cf,"Hi, I wanted to let you know that the physical therapy is really helping with my back pain.",True,,,,,2025-08-25T22:22:36.277749,2025-09-07T03:03:36.277757
eeb8d030-bcdd-402d-9418-f01925f51b9e,832b1578-980d-4658-8598-106b60c2f6ff,3c395141-2966-4632-955c-35e974429e4f,"Hi, I uploaded my lab results from Quest. When you have a chance, could you review them?",True,,,2118961e-b5f0-40d0-9b83-665ed829af64,8aff9556-0809-48e3-b959-18478edae2d7,2025-08-23T00:44:36.277851,2025-08-24T13:24:36.277861
2554ff4c-05ed-4811-b3ff-faf8e41fba2a,de0f13fb-f561-469e-8223-c83406a3b90a,ff5b161d-b006-45aa-825f-c37099730164,"Hi Melvin, your blood pressure is well controlled. Continue current medications and lifestyle changes.",False,,,,521e0043-2f91-4839-be0f-a1ab84b6d13d,2025-09-16T01:15:36.277932,2025-08-30T10:27:36.277937
5d366b4b-fd6c-4d49-a59f-38acd781b6ed,aa295d06-bad0-4f24-ad21-5c0582c4f14b,de2d814f-38d1-4707-ab70-a63b66ab4e97,"Good morning Brittany, I've updated your treatment plan based on today's visit. Check the portal for details.",False,,,,,2025-09-07T02:50:36.277978,2025-09-08T18:43:36.277984
a85bf321-4943-4def-b770-5523ca917039,39e75fb9-29ce-4d5c-bb81-98d262020dab,b4c7d95d-93da-4da9-a77b-e944cf0ca4ae,"Hello, I'm having some side effects from the new medication - mild nausea and dizziness. Is this normal?",False,,,,,2025-08-22T05:38:36.278101,2025-08-21T08:57:36.278112
6a2651ed-f291-456c-a37e-96f1cc3de198,d62ac50c-f29e-404b-9972-97587e28e8af,5d312e0e-54a5-4660-8d38-0799cd1e90fb,"Hi Alexander, your blood pressure is well controlled. Continue current medications and lifestyle changes.",True,,,,,2025-09-03T01:19:36.278215,2025-08-29T22:22:36.278259
d49b9213-fcbc-445a-81ac-c5c16fe546e6,fdacd500-d966-4b10-a254-a22557ef3ff8,8b35eab3-017a-48bb-8f0c-d3be0acb9b9f,"Hi Sarah, I've reviewed your symptoms. Let's schedule a follow-up in 2 weeks to reassess.",True,,,,61f26afd-af40-49c9-bb8e-c76979c8a359,2025-09-17T22:17:36.278310,2025-08-22T12:16:36.278320
15e090f0-0169-4f15-86e0-0e07a6d176de,f7b165cf-fc07-4ed5-8e36-0edfe8703815,52ee8e14-d01f-4b96-bfbe-02d0f0141f7c,"Good afternoon Clayton, I've referred you to cardiology for the stress test we discussed.",False,,,,,2025-08-29T05:22:36.278364,2025-09-04T06:45:36.278372
b96d7449-4748-493a-b33e-ac9f2c90329d,413f3bcd-7d8b-485f-b506-14a7fa34f9cd,875b2f67-2a83-4a8e-be67-5b9f29df21e8,"Good morning John, the CT scan was normal. I'm glad we could rule out any serious issues.",True,,,aae7d265-b007-44b9-b9d6-751d9e99fdb9,,2025-09-03T21:47:36.278425,2025-08-30T18:49:36.278435
9405fb34-26e9-43e8-a7e7-60e20b474d6c,4ff34f90-4d21-4696-86c8-9c520128135d,03ec32f2-4065-4360-b8ac-a399f145df5d,"Hi Judith, I've reviewed your symptoms. Let's schedule a follow-up in 2 weeks to reassess.",True,,,,,2025-08-31T12:18:36.278508,2025-08-25T19:27:36.278516
f2e88d55-b436-4646-9a1f-d5736c145afb,c5889bbb-2a76-4926-82fc-cece150cd28b,00905f96-b745-425b-b041-3a6ab217bc0c,"Good afternoon Shannon, I've referred you to cardiology for the stress test we discussed.",True,,,,8e8a07fa-b749-43f5-8386-9e5fdc6fb202,2025-09-15T07:42:36.278619,2025-09-14T13:45:36.278628
9c798823-889a-4008-b1df-bc8ae43f1f08,c7c30fa5-b057-4aff-9c9f-931884c4fa78,babff307-52ea-4e5b-bafa-ee0c54ffff84,"Good afternoon Paul, I've referred you to cardiology for the stress test we discussed.",False,,,,,2025-09-13T20:51:36.278674,2025-09-09T23:51:36.278682
bd8c8546-82fd-415e-8b89-fab03d9f848b,e258966e-7b42-4148-abd0-685c47aa5bbc,95a0bf52-b98d-4f33-960b-9dac11e713c7,"Hello Annette, your mammogram results are normal. Schedule your next screening in one year.",False,,,8cbe5011-a218-490f-a26c-a610247eeab2,,2025-09-04T07:54:36.278729,2025-08-29T20:14:36.278738
b74976c5-2ce4-4c07-9939-88a836f409bf,10025c16-cec0-4541-bd78-26b1abbbbb21,5ce8e2e7-86bc-4f67-a0ae-745b31131aa8,"Dr. Dr. Evans, my blood pressure readings at home have been higher than usual. Latest was 145/95.",True,,,6c578940-470a-45b5-b816-97426c160b18,,2025-09-06T10:32:36.278839,2025-09-02T01:44:36.278847
528cbd3b-ecc4-4ad4-af05-bb7f6128f241,57d7e5e4-fc29-4712-8bff-ac3f92a82f63,d90f1791-1f04-4fac-aafc-bae450b8e5b0,"Good afternoon Joseph, I've referred you to cardiology for the stress test we discussed.",False,,,,,2025-09-16T15:38:36.278992,2025-09-01T06:15:36.279004
8e644db6-1556-46e1-b0f8-6cc7ca05345a,5194d2c2-d527-48ed-9fa7-b49004c85adb,5716c7bb-036d-4a53-949d-1177be7be34e,"Hello, I've been tracking my glucose levels as you suggested. They're ranging from 110-140. Is this okay?",True,,,,,2025-09-12T03:16:36.279076,2025-09-02T23:55:36.279085
a2d5d30a-d086-4349-bdbc-3f0c9bc0adc3,631ef2e0-0b4c-4b1b-afd3-3790b6416ebd,832f8ef4-8ae5-44ac-b8e8-6f46bb82b842,"Hi Sean, your cholesterol panel shows improvement. Continue the current statin dose.",True,,,,d6941d75-fb2b-4010-b8e9-9edab85507be,2025-08-19T10:20:36.279151,2025-08-28T07:26:36.279192
844d93ab-1f66-48e7-bd40-a621984a8c9b,57be058d-0bae-46a1-bb08-f009d1cd95a5,4fc28a26-22db-4cc5-acb1-c202647760c4,"Hello John, your mammogram results are normal. Schedule your next screening in one year.",True,,,2cbb073a-efb5-42d4-951c-e05c6f2adf51,,2025-09-06T07:36:36.279320,2025-08-19T16:09:36.279330
3629d81a-8e89-41ad-b3d3-f0550853e05d,81d6810c-cec1-47a2-a112-9bc588ac6fe8,abf12ea7-900d-445b-acdf-abac15577f51,"Hello Elizabeth, your blood work shows slightly low vitamin D. I'm prescribing a supplement.",False,,,,703bd525-bfcb-49d7-9156-9d1b87298d0e,2025-09-05T20:02:36.279475,2025-08-27T20:25:36.279485
4a368e5c-ec29-44ec-aa15-056f3847e150,2b5f8280-1c00-410b-8060-17d9331823e7,5f8b68d5-9a9d-4fb3-b77d-611dbd52d6e7,"Hi Dr. Dr. Curtis, my pharmacy says they need a new prescription for my Lisinopril. Can you send it over?",False,,,,,2025-08-30T01:57:36.279543,2025-09-06T03:46:36.279552
e763049e-80ec-4f8e-86a0-5dfbdf95fafe,02b8ac75-a003-4c11-9741-182263f6f211,7f5fcd6f-2e45-477f-b122-3e935c05ea74,"Hi, I need to reschedule my appointment next week due to a work conflict. What availability do you have?",False,,,b00ae105-788a-4383-8baa-598049407de2,3eb8f3dd-05ad-4535-a2a8-9d1a61b36bbe,2025-08-21T11:06:36.279662,2025-08-23T02:09:36.279670
34a91b3f-35b1-4740-934d-dab53cccdab0,b9440bfe-3ee4-4570-a08c-37f93ce25008,832f8ef4-8ae5-44ac-b8e8-6f46bb82b842,"Hi Sean, the side effects you're experiencing should subside in a few days. Call if they worsen.",False,,,5d359f90-f7d7-4107-a440-676ad26fb9d0,6bc42d91-46ba-4a60-bb62-a478ca3c71eb,2025-08-29T20:08:36.279723,2025-08-23T01:37:36.279731
57f5a5be-d897-42d4-b98e-2c46303f4f59,a82ffc8f-61ab-4250-8f16-206afee2d709,77452ee4-24ac-4ac1-9a82-c200e06ea400,"Hello, I'm having some side effects from the new medication - mild nausea and dizziness. Is this normal?",True,,,,fe892f35-e9c9-4c12-bcb1-abd54e8a4920,2025-08-31T18:10:36.279843,2025-09-08T03:48:36.279852
d4712381-09bb-4119-a810-6d96cfb4d6b9,28fe2332-58bd-4baa-9e3f-a9de6d0d576a,95de4e06-4376-4c8d-a446-b2dba85a7814,"Hi, I wanted to let you know that the physical therapy is really helping with my back pain.",True,,,,,2025-09-13T21:03:36.280193,2025-09-04T13:11:36.280209
250cb4ef-7f29-4be4-a723-718e0a9b1792,d42bbf60-ac8c-4990-bb67-976d85eb8dc5,8f73a893-4b08-4ef0-97ca-3446d42d587a,"Hi, I uploaded my lab results from Quest. When you have a chance, could you review them?",False,,,,,2025-09-10T15:45:36.280246,2025-08-27T14:08:36.280254
ce12bbd2-4802-465b-a8a2-42ef849e7ae3,3c30ef61-aa9f-46da-8bf4-fe84f635a82f,a633e9d2-5a4e-4f58-82d5-24ceda0141b7,"Good afternoon, I wanted to follow up on our discussion about my sleep issues. The CPAP isn't helping much.",True,,,10398971-9ac7-4387-b6b5-f4911e781aae,,2025-08-31T23:15:36.280336,2025-08-30T02:27:36.280345
536b4290-27eb-4ec6-9052-e7a552126c3e,aff6ec86-f3cb-4a5d-80f9-76fe434a35a4,64d14739-2c16-44c8-af14-daa69e0d4d19,"Good afternoon Kristen, I've referred you to cardiology for the stress test we discussed.",False,,,,,2025-09-17T11:04:36.280427,2025-09-06T10:25:36.280437
58ade1fc-ef20-45b0-8ecd-2a5f319bd347,0f887099-7865-44e1-a28c-8f57cdf2a459,407fcd2b-a86d-4340-a7a4-c292771b2130,"Hello Kayla, your lab results look good overall. Your A1C has improved to 6.8%. Keep up the great work!",True,,,,eff4f0b8-7420-44f1-b296-79c54758a7ac,2025-09-01T06:38:36.280545,2025-08-27T17:21:36.280551
3ea81f4d-556a-4f1f-b2ea-ffd1bf131432,84ce04d9-84a8-4c12-bf81-e0747dc3a130,88fbf6ac-fc41-4b52-a157-9a1389f08bd9,"Good morning, I'm traveling next month and need refills on my medications before I leave.",False,,,,,2025-08-29T14:26:36.280618,2025-08-21T14:21:36.280624
a21d231f-ae45-41d0-ad2d-89ebf5e76237,95e612f3-af8a-43d2-9469-7b5a9f34acb6,cb1f4177-bea8-4840-a7aa-25c457d104fe,"Good morning Jack, the CT scan was normal. I'm glad we could rule out any serious issues.",True,,,,42a21e34-9e4a-4961-8599-72224ad35d0e,2025-08-23T06:11:36.280732,2025-08-28T07:30:36.280738
49ddd4a9-ef27-48d4-b423-ecc0076f0515,23fac335-e822-492e-b783-8295748069de,91d142d7-926e-4b78-aa35-cc2864234c61,"Hello Brandi, your blood work shows slightly low vitamin D. I'm prescribing a supplement.",True,,,49a35581-2989-4e66-bc84-bf767f00efe8,c66cc4b8-363d-4241-b59b-e5b4a578cd4c,2025-08-20T12:01:36.280873,2025-09-02T09:45:36.280915
0a3f861a-1017-486e-b996-b04cca0a940e,20ca9e8f-ed17-419c-b5ea-8f30aef8b9d5,6f65b2f9-d5bb-4018-b926-e2680e063b68,"Good morning Paul, the CT scan was normal. I'm glad we could rule out any serious issues.",False,,,,5125f488-d66e-4091-9e2a-4553de34ba34,2025-08-20T07:29:36.280970,2025-08-24T22:49:36.280975
18a82b94-818d-4a94-99cf-7439a5318fb1,6d976662-da22-40eb-a6c1-8204e38a28d1,e7c1484d-d865-4894-867f-bb7c9e193303,"Hi Peter, I've reviewed your symptoms. Let's schedule a follow-up in 2 weeks to reassess.",False,,,,,2025-08-21T18:41:36.280997,2025-08-26T05:35:36.281002
c29a1acb-724a-4b87-9aff-f945c5d5b115,e085f374-f81a-4edf-b6df-4ba598c8b1ca,4feadf3c-40fe-466c-8475-5c96dd987dd6,"Hi Ryan, your cholesterol panel shows improvement. Continue the current statin dose.",False,,,776e46fb-3574-4a55-b1af-77baa3b23efa,246a8fff-b8b1-4540-8b3e-6e996e647c26,2025-09-16T21:33:36.281064,2025-09-19T05:38:36.281068
8fb33f13-16e9-4d5c-a7b4-a69280836122,8f73a893-4b08-4ef0-97ca-3446d42d587a,28c03a02-6ad8-4f0a-8999-8c6e355bcc9d,"Hello John, your blood work shows slightly low vitamin D. I'm prescribing a supplement.",True,,,9cd49c72-30fd-4eb6-930f-4531c85e0274,,2025-09-10T12:41:36.281153,2025-08-20T06:50:36.281159
75328771-362f-4264-a130-76b9e7067b21,152bf2f0-0b36-4f45-80c5-6daefcbd4a65,601b5332-8dce-4615-8130-7b8864bb7a45,"Hi, I uploaded my lab results from Quest. When you have a chance, could you review them?",True,,,393db996-2287-4500-b954-3325b16c15a9,b3cbee33-9435-4dc1-81cf-3a71cab794cc,2025-08-20T14:04:36.281408,2025-08-23T20:29:36.281413
e4410d9f-d41a-4ff5-af78-1331f03d4986,f0daa0b2-f5c8-45c0-a882-27dac04f4e94,724a91be-38f1-4253-ae15-f73f553e3aa8,"Hi Johnathan, congratulations on your weight loss progress! Let's discuss adjusting your diabetes medication.",False,,,fef2f778-9568-4d33-900c-8e79fd515f70,,2025-09-01T02:18:36.281510,2025-09-08T10:27:36.281515
3ce1909b-e2b9-4c76-9090-223bf0318a0a,bb98965e-179c-4599-9d7e-e063c71b3046,1e0282bf-c793-4424-b92d-50208e5e5fcf,"Hi Dr. Dr. Gonzales, my pharmacy says they need a new prescription for my Lisinopril. Can you send it over?",False,,,,db5a7e65-5fc0-4e28-94bd-8fa5019dcecd,2025-09-13T14:36:36.281617,2025-09-10T17:30:36.281622
b4ab9bb3-944b-4186-8004-06038e52903c,8ad2431f-b2ed-445a-91c1-c1a98a18bc10,f265b0d2-ca1a-4a04-a4dc-82bcc76382d0,"Hello Cody, I've cleared you for surgery. The surgical coordinator will contact you about scheduling.",False,,,,2c0115f1-7302-480c-b9a7-38efe6088b95,2025-09-12T16:26:36.281693,2025-09-11T05:27:36.281698
291dc5f0-ae36-4475-9227-46d58a135bef,135ab70f-463b-4c36-81ad-56f0eaeb77ed,9a3d69a0-c471-4de5-af0a-27cefad6d7d5,"Good afternoon, I wanted to follow up on our discussion about my sleep issues. The CPAP isn't helping much.",False,,,,,2025-09-03T04:32:36.281724,2025-08-21T22:49:36.281729
c29afde0-046d-407d-840c-a9a043a2b25c,a2b2a800-d3e5-4924-8550-90b39fbdc3d6,09872e8b-24ec-403c-a69c-732deee4aa57,"Good morning Tiffany, the CT scan was normal. I'm glad we could rule out any serious issues.",False,,,,,2025-08-29T12:55:36.281797,2025-08-22T20:06:36.281802
1eb05904-53e6-4e56-bf11-b38679d4aece,631ef2e0-0b4c-4b1b-afd3-3790b6416ebd,f9bef094-a9a5-450b-97f5-eb95d6ddfb96,"Hi Kevin, congratulations on your weight loss progress! Let's discuss adjusting your diabetes medication.",True,,,5a237e3a-a2e3-4c6a-a025-8303a8a6b2a8,,2025-09-03T04:26:36.281870,2025-08-20T19:27:36.281875
1aa4073a-d1f2-478d-93cc-e91cc20cdbb5,3ddd60d8-0e4b-4ed3-816e-7cc12dfed8c8,933920d7-2d6e-4a13-a398-c55a11625ba9,"Good morning Amy, I've updated your treatment plan based on today's visit. Check the portal for details.",True,,,,30dd75c5-1668-4f4f-8a97-68b3517b084a,2025-08-22T21:06:36.281927,2025-09-06T16:21:36.281933
de8ad589-96fb-438c-88f8-17d709494b99,0679bd13-7c97-45e7-995a-39324bf34f1e,5dbfe6d2-f9c5-4842-a121-f84e5932ada4,"Hi, I uploaded my lab results from Quest. When you have a chance, could you review them?",False,,,28c1efe3-3015-43c3-989f-e0a820bec849,,2025-09-06T04:24:36.281997,2025-08-28T01:38:36.282002
96feda18-ea45-43a7-949e-7d79d63f148d,c7d29320-5d2b-40c3-95f3-e8e4a8003b3e,e749d9fc-fa5f-4b16-98c9-b67d170c2025,"Good morning Thomas, I've updated your treatment plan based on today's visit. Check the portal for details.",False,,,,,2025-08-22T00:45:36.282061,2025-09-17T00:09:36.282066
230d1469-d841-4428-82c7-3e500cc3aff1,3ff7b984-db20-47b2-bc77-189aa50b172e,99f6c11b-9d1e-4679-bb38-51fb199ca206,"Good morning Dr. Dr. Fisher, I've been experiencing increased fatigue lately. Should I be concerned?",False,,,,,2025-09-14T02:13:36.282404,2025-09-10T13:55:36.282414
610b187d-982c-4f8a-a7cd-eacdf13c6244,89a1775c-79e8-4c54-a52b-4cf79fa41af1,0d68d4d3-9c5a-4fff-b0d3-419a38a5db77,"Hi, I've been following the diet plan we discussed and lost 8 pounds so far!",False,,,,,2025-09-04T00:26:36.282460,2025-09-09T14:27:36.282466
6018996d-ac83-4c1b-bc93-291fba2f9791,1a46e8cd-db88-41de-89e1-3577b68f39d8,4691cafe-995b-4529-a985-9e1adf6dae1d,"Good morning Dustin, I've updated your treatment plan based on today's visit. Check the portal for details.",True,,,,,2025-08-29T17:48:36.282514,2025-09-15T15:00:36.282519
e47e08fc-ffb5-4994-8493-d5c8102fe45a,921386d4-73bb-4f05-a47b-5e406a2f37a9,14785fc0-fa35-4102-9221-0f80d4d53aa2,"Dr. Dr. Greer, my blood pressure readings at home have been higher than usual. Latest was 145/95.",True,,,,,2025-09-12T22:29:36.282578,2025-08-20T14:44:36.282583
59d968d4-9c5c-4029-9e90-84e96a2ebeec,ffa5bb33-27a8-4c60-b8f0-27e89402860f,9f80925a-76e7-4df1-ac63-dcd7050247ee,"Hello Jennifer, the X-ray shows no fractures. Continue with rest and ice, and follow up if pain worsens.",False,,,87216a7a-3f34-4e5c-a60a-ee096b3c8314,,2025-08-29T02:04:36.282679,2025-09-13T20:45:36.282684
212a182e-ae81-44f1-9cff-7cdb5574a7bf,0ca37008-13a8-42ec-b962-5467466cda00,d59f9e8d-d045-44ea-bd34-d9b6104b4e49,"Hello, I've been tracking my glucose levels as you suggested. They're ranging from 110-140. Is this okay?",False,,,,,2025-09-10T04:47:36.282717,2025-08-31T10:36:36.282723
251ded27-e476-4838-859f-93e464b230a2,0bb8c2ac-6e1a-4846-94f4-193c0785efd4,e6a5bc5f-427c-409d-b1e0-587246fcc672,"Hi, I need to reschedule my appointment next week due to a work conflict. What availability do you have?",True,,,645dc39b-2648-4a03-aa2f-f1ca7f5298f0,,2025-08-29T09:45:36.282765,2025-09-17T15:13:36.282771
3bcadcbd-7796-44b8-8128-663261e82d69,dbed472f-b7f8-415d-854a-ee4d92084931,6223f499-7dcd-402e-964f-ee11a50fa54d,"Hi Michael, your cholesterol panel shows improvement. Continue the current statin dose.",True,,,,,2025-09-01T20:27:36.282848,2025-08-27T16:06:36.282853
d25f0474-298e-46bc-bec3-98eb7663c2d0,760de1c0-5050-441d-92aa-6eb888a137b9,0600a94a-ffaa-432b-afa2-34ce772e695c,"Good afternoon, I'm having trouble sleeping since stopping the ambien. Any suggestions?",False,,,772ed72f-7e17-4b34-bff5-83fcc28cea19,f39fbb7b-af1c-4b57-8af9-af89b43e25e1,2025-09-13T03:08:36.282915,2025-08-24T07:53:36.282920
6a93a701-14f8-4f7b-bf92-afb2105e3116,6d61fc62-d323-4e73-8212-0b88199afe55,9fab9611-07dc-4e74-a5bb-0072f94bed7a,"Hello Lance, I've cleared you for surgery. The surgical coordinator will contact you about scheduling.",False,,,,a3287421-6f94-4af9-9033-d52354d864d9,2025-09-06T04:15:36.283004,2025-09-03T20:08:36.283009
ee37abae-4220-4be0-a398-7f4b70cacf03,0db0b1d9-484a-4616-9fa6-bd9254e7223b,86ab2c1d-fe44-4f2c-b421-f65d8cf4eedb,"Hi, I wanted to let you know that the physical therapy is really helping with my back pain.",True,,,,6f9bb6e1-9387-4169-a58a-88194afaf08e,2025-08-28T04:55:36.283044,2025-09-01T05:50:36.283049
08280d6d-2ace-475d-a9e4-758e92cd3e60,5796e156-e9fc-4e8b-bb69-804526cd0127,ddf75788-d054-45c5-8704-b907dda9dc94,"Good morning Travis, I've updated your treatment plan based on today's visit. Check the portal for details.",False,,,,,2025-09-12T15:21:36.283114,2025-09-14T05:29:36.283119
538b2460-bbd3-41c3-9117-f9677c33521a,6fe99bdb-9e3f-4fb6-b0a8-875b7f267f78,195c568a-66ee-4f52-a64f-95da82f8edf5,"Hi Gregory, I've reviewed your symptoms. Let's schedule a follow-up in 2 weeks to reassess.",True,,,,,2025-09-13T21:06:36.283174,2025-08-19T11:50:36.283179
b8769500-513e-4b45-bdba-53fa2e39e1ce,a7af4adb-f37f-43be-a99c-7d3576e9fcf0,5ed271ed-cf3e-412a-996e-67c71423c987,"Hello Nathaniel, your lab results look good overall. Your A1C has improved to 6.8%. Keep up the great work!",True,,,56932d10-c358-4e48-88d7-9217f4ab1ebc,,2025-08-27T12:05:36.283236,2025-09-11T16:17:36.283241
b9ed7826-dfd1-462b-982b-8f2f74fc44ad,424e11d6-9080-4502-8d50-fa1f6a5bccbe,a256ccf4-028a-4c98-8d2b-b41d44efab8a,"Hello, I'm having some side effects from the new medication - mild nausea and dizziness. Is this normal?",True,,,,7244ef0b-22af-41e6-a324-bc0b1d81236b,2025-08-28T10:26:36.283335,2025-08-24T06:44:36.283340
794d278d-186f-4181-9dba-a71ef088b165,4d66fc72-1b34-4f14-9855-36340199a0b6,7832857b-52d5-41b5-9d65-2fce78a0e351,"Dr. Dr. Rivera, my blood pressure readings at home have been higher than usual. Latest was 145/95.",False,,,,,2025-08-23T18:08:36.283379,2025-09-07T22:22:36.283384
a7fb1894-6b8a-461d-bd99-5ea1d0b963f2,bc65e1ae-0854-44dd-af10-3196fd7be0a9,57d7e5e4-fc29-4712-8bff-ac3f92a82f63,"Hello, I'm having some side effects from the new medication - mild nausea and dizziness. Is this normal?",False,,,,,2025-09-16T04:07:36.283469,2025-09-01T19:29:36.283483
eeca2ad1-53bb-49a4-ab29-628cff49f666,57787098-18df-4704-98b4-abf40d95c0fc,0ac4168a-02fe-4260-8ae5-c3e83b950d2b,"Hi Scott, the side effects you're experiencing should subside in a few days. Call if they worsen.",True,,,ab7bad9d-2e78-4dc1-85ec-024f2288054f,,2025-08-22T05:31:36.283541,2025-08-30T23:37:36.283545
7e381e9b-1678-4361-8c8a-1d844102bc5b,46067250-a484-4290-a31a-ce03dff9079a,1c3e38a2-5eb5-4db1-8a99-b6af518e4330,"Good morning Christopher, I've updated your treatment plan based on today's visit. Check the portal for details.",False,,,,,2025-08-30T02:24:36.283669,2025-08-20T10:50:36.283674
2a7604c6-82ac-4d6b-bde7-1fe6bae2ca0c,f6c924c9-aa91-4cbd-82e1-b20d956522b2,c8ae4231-0482-4c29-95ff-ff0d0d9fffe2,"Good afternoon, I wanted to follow up on our discussion about my sleep issues. The CPAP isn't helping much.",True,,,,,2025-09-02T20:30:36.283748,2025-09-12T19:55:36.283753
b61bf9f7-d7f0-4698-a7db-1d2e2b7dd275,2f608c48-a0a7-43ce-9890-193fb940d711,901ffa29-975a-4d6f-b858-8dcd63cc68aa,"Hello, my insurance approved the MRI. When would be the best time to schedule it?",False,,,,44538b12-5f90-4b81-98a5-5bb46fe5eba2,2025-08-28T04:57:36.283841,2025-09-16T01:37:36.283846
6631d810-15db-4388-ab63-29ddc2571050,b1bfc645-576c-4d06-8065-02b6f802a28f,84b68a9e-2500-423f-98f9-812a259a6819,"Hello, I've been tracking my glucose levels as you suggested. They're ranging from 110-140. Is this okay?",False,,,,709fdacc-3694-44ca-bbdb-db6cc781c759,2025-09-05T12:44:36.283928,2025-09-06T11:46:36.283932
19d45609-288f-49af-abe8-4b8a7876579f,d005ab04-7080-4482-880f-391c4a351436,b9440bfe-3ee4-4570-a08c-37f93ce25008,"Dr. Dr. Mcguire, my blood pressure readings at home have been higher than usual. Latest was 145/95.",True,,,,e10f42ca-0430-4a4c-8ed0-e26e1175c213,2025-08-29T11:07:36.283978,2025-09-16T03:55:36.283983
2fc7c106-8a7d-4578-aa05-0e652ac09b38,a77cdc42-3824-4110-84e7-d16b3376fa6e,2dd37dae-218e-4757-9c41-00079c8833e2,"Good afternoon Kimberly, I've referred you to cardiology for the stress test we discussed.",True,,,,,2025-08-24T18:29:36.284024,2025-08-21T19:40:36.284028
247a9893-3d80-4832-b095-9c17d2829b05,c604bf5b-b30f-4557-a3d6-c27701a55440,d2f18468-55aa-45fc-97f5-c87b3829a312,"Hello Adam, your blood work shows slightly low vitamin D. I'm prescribing a supplement.",True,,,,,2025-08-25T09:04:36.284087,2025-08-20T02:56:36.284091
ce3bbd71-0a34-43c1-b79d-108c8b7bddaa,09872e8b-24ec-403c-a69c-732deee4aa57,19f0b0a3-f086-46a8-917f-23c59013d60b,"Good morning, I'm traveling next month and need refills on my medications before I leave.",True,,,ab8e058d-fea2-48e9-8185-e44824da4106,34ec844a-2cfb-4527-adbd-1c045d434c51,2025-09-10T21:22:36.284155,2025-08-23T01:27:36.284160
670882df-5a53-4848-9a82-8233da299ab0,526e0dfb-7442-4175-8df5-2ee4baa2c926,b27ca597-270f-42d2-b3a8-19533e0238cb,"Hello, I'm having some side effects from the new medication - mild nausea and dizziness. Is this normal?",True,,,,d5a10716-687c-4182-8ce4-a7e8ba93b1c7,2025-09-14T04:28:36.284216,2025-08-28T10:03:36.284220
8ce34931-2caf-4761-a489-fe66c55dd276,86fbf723-bfe8-412c-a6b5-92acb49aa193,19352c8e-3cdb-4473-914b-4e2506f2a37a,"Hi, I need to reschedule my appointment next week due to a work conflict. What availability do you have?",True,,,,,2025-08-22T18:31:36.284309,2025-09-19T04:24:36.284314
e805c4b9-c468-4862-a4a5-0cdd313bb117,be8e2f1a-5713-4934-aef4-7d51ae954912,25e40cc6-0f0d-4343-b750-bf6fed62832a,"Hi, I've been following the diet plan we discussed and lost 8 pounds so far!",True,,,,,2025-09-12T12:54:36.284348,2025-09-09T15:26:36.284352
0374b2f9-6cf2-40b9-8f34-e84a8a36676f,6253d53f-570e-4c63-a349-6e7a95665b54,3b99a301-f81c-4877-9709-e2e51d853f3b,"Good morning, I'm traveling next month and need refills on my medications before I leave.",False,,,,,2025-09-11T22:20:36.284391,2025-09-14T03:02:36.284396
0800e0c2-bfe0-4132-87ea-26ffd22647ff,8ef62fed-4105-4e32-9c8f-c2721d354abd,3e27cdd1-bf53-4733-8894-d2f689a2d948,"Hi, I've been following the diet plan we discussed and lost 8 pounds so far!",True,,,b81cdc1e-65c0-4a53-8494-12b8d362486d,659171dd-bc48-4868-989f-f00b8300e992,2025-08-21T23:52:36.284432,2025-08-21T14:12:36.284437
b1719cb4-9788-4c17-a4ea-d445b884f469,921386d4-73bb-4f05-a47b-5e406a2f37a9,ee50d209-91ff-4331-be03-a3df21b432c5,"Hi, I uploaded my lab results from Quest. When you have a chance, could you review them?",False,,,b0282972-2212-48c7-b090-ee787fecf321,,2025-08-22T14:50:36.284498,2025-08-29T18:51:36.284503
1328a250-9313-444e-a415-f92b372b89aa,eef497c9-9ebc-4e2f-8720-317f822d9c94,8f3f2752-01a5-49b1-a34f-1e0ff7d77d72,"Hello, I've been having chest tightness when exercising. Should I come in for an evaluation?",False,,,,bbcb04eb-6e25-4e5d-8d10-2731baa13a26,2025-08-19T16:06:36.284553,2025-09-02T22:11:36.284558
b3aeece8-dc8b-49c0-82af-e6b3126ee4d6,aff177a3-5218-4a92-861d-e4b80d6836ff,f03118b0-9d64-4ba4-bc0e-7734387ecdc6,"Hi, I've been following the diet plan we discussed and lost 8 pounds so far!",False,,,,72733f14-9df7-404c-a574-920311d0977b,2025-09-10T20:25:36.284600,2025-09-02T14:44:36.284604
dcb07698-d183-4a77-b05c-52ea433be5ee,d6be5297-971f-47af-871d-550ed1f24c2e,cca56037-db6e-44ef-a1f2-c7bfaa1de786,"Hello Alex, the X-ray shows no fractures. Continue with rest and ice, and follow up if pain worsens.",False,,,,,2025-09-17T02:50:36.284651,2025-09-17T20:09:36.284655
d0a467c8-06dd-4172-a176-2ee1aa46b7ad,ae79c967-981f-4871-943e-92237f56c0c9,be0c038a-fe10-49e5-9f59-b9772fdde92f,"Hi, I wanted to let you know that the physical therapy is really helping with my back pain.",False,,,f8879b39-2e88-4949-9019-94738d5bb650,e6f5f60c-54c4-4f20-a154-2a2f69861e0d,2025-08-30T07:21:36.284744,2025-09-17T11:14:36.284749
a2bb0b74-0b56-4a6c-8e1a-bca12d3d100f,2a880e27-6038-4fdf-a191-acd59d6be979,b1a7293a-f050-4edc-b740-928c78bd7659,"Hi David, the side effects you're experiencing should subside in a few days. Call if they worsen.",True,,,,f7182bb3-eda0-46aa-abed-8910735bfab9,2025-08-23T04:27:36.284811,2025-08-30T12:52:36.284815
1c3883fb-8c42-4a47-9f00-65626249e0f4,93e89ed3-5bfb-45d3-80cf-fc236d3611d0,f6b5adbc-63e0-4380-8dcb-a5e960336b84,"Hi Leah, your blood pressure is well controlled. Continue current medications and lifestyle changes.",True,,,,,2025-09-03T21:15:36.284887,2025-09-16T23:37:36.284891
8fbcfbdd-8350-4d73-a410-d1bbf7f55933,fae917ae-da1a-468e-a3b4-0cc516eb4d24,5ce8e2e7-86bc-4f67-a0ae-745b31131aa8,"Good morning Dr. Dr. Evans, I've been experiencing increased fatigue lately. Should I be concerned?",False,,,,,2025-08-31T16:27:36.284925,2025-09-14T02:40:36.284929
35d21f34-f360-4774-8938-a0a9e17fbf88,f0848943-2d3a-4569-8339-1ecc557ebee7,01c04dd5-a0a4-4edc-9ef8-46fbbd7ee5ad,"Hi Dr. Dr. Simpson, my pharmacy says they need a new prescription for my Lisinopril. Can you send it over?",True,,,23be861a-9645-4bfa-bfb6-dbb156c922a2,,2025-09-02T05:23:36.284979,2025-09-13T21:52:36.284983
a77d6aaf-28b5-422a-9212-c588f82a7a54,3c395141-2966-4632-955c-35e974429e4f,ce4f3092-64e6-4bab-a1fd-2247ae2e3847,"Hello Kaitlin, I've cleared you for surgery. The surgical coordinator will contact you about scheduling.",False,,,,,2025-08-21T08:39:36.285063,2025-08-26T18:14:36.285067
1150c40b-6134-40a4-9261-b185281889c1,9034e9fe-aa04-4e5b-bce6-e724ac86f198,f38e7ba9-c756-4636-a1e4-825754bab827,"Hello Sharon, the X-ray shows no fractures. Continue with rest and ice, and follow up if pain worsens.",True,,,f9fbfdf6-eb19-4cb0-ae04-77154b009998,,2025-08-21T17:47:36.285148,2025-08-27T05:37:36.285153
34a1aa91-5d23-4a4d-8e68-377a9003a165,49d47dca-64ff-4da1-bb58-80ad1372f050,d6345649-be23-4c74-9851-20ad94158840,"Hi Peter, congratulations on your weight loss progress! Let's discuss adjusting your diabetes medication.",True,,,,,2025-08-19T22:23:36.285193,2025-09-19T05:41:36.285198
a3af0cc6-987a-4fcf-b788-28c8bbee0fd1,4a9cce7b-c79f-4d89-be93-034e1e522456,dc2cb6b7-be5b-444a-be23-62ac2c304edf,"Hi Brandon, the side effects you're experiencing should subside in a few days. Call if they worsen.",True,,,,,2025-09-13T15:26:36.285298,2025-09-03T06:29:36.285303
03de3f53-96dd-4647-8de9-04a8da7259b5,6213ad9c-e193-412c-821e-b46f24138f68,ef48cfa2-b4b3-42bb-aed2-708163af69af,"Hi Jackson, I've reviewed your symptoms. Let's schedule a follow-up in 2 weeks to reassess.",False,,,,,2025-09-06T17:55:36.285326,2025-09-16T20:02:36.285331
7d1f1bb3-c803-4df0-b955-46366b317044,547ced2e-fd1d-44d8-9b42-53f4e8ebb307,7f968505-e645-4143-83b6-d15263b836e6,"Hello Jill, your blood work shows slightly low vitamin D. I'm prescribing a supplement.",False,,,cd63635d-f6af-421e-8d2e-5f2e7921c02e,,2025-09-15T08:51:36.285425,2025-08-31T03:37:36.285430
bc42f9f4-9cb0-4a47-af8b-4d1cb773b86d,60f4b162-54ef-427e-adb9-e04837a8dfab,1637601f-ba95-41cd-abe7-a7e23e63efed,"Hello Natasha, your mammogram results are normal. Schedule your next screening in one year.",False,,,c30c9547-76ff-4ee0-8424-7baa7b4faffb,8f4da0e3-09da-415c-8127-7e3701093703,2025-09-03T02:48:36.285491,2025-09-05T16:22:36.285498
bc4f9c1c-a0cb-4e46-986b-c7040ebb6ae3,05374ffc-0780-424d-aeff-03869da87ce4,3f55438b-8d50-4b73-b035-730870558025,"Good morning Dr. Dr. Hayes, I've been experiencing increased fatigue lately. Should I be concerned?",True,,,bd5af519-fb98-44f6-aebf-026ce176aa4b,636438ad-1d01-4bd0-8991-ffd4f979666f,2025-09-10T17:35:36.285567,2025-08-21T13:49:36.285572
b7082897-9380-4583-a722-10a604358916,b9cc6120-2c7d-4f9a-a576-59376ca24245,1c3e38a2-5eb5-4db1-8a99-b6af518e4330,"Hello Christopher, the X-ray shows no fractures. Continue with rest and ice, and follow up if pain worsens.",True,,,,,2025-08-27T14:08:36.285659,2025-09-11T03:50:36.285663
2dbd878a-b494-4edd-b6d8-077f7c4aeeda,906f1cff-598e-421a-91fa-6da68b7c58d2,133d45d4-776b-4474-80a4-c298450b7f4a,"Hello, I've been tracking my glucose levels as you suggested. They're ranging from 110-140. Is this okay?",False,,,,20cefaec-baf0-4572-9531-db8dbaa7ee87,2025-09-02T11:34:36.285737,2025-09-11T02:53:36.285742
a537e0bc-400b-4434-8c85-5f2140613a41,58749f8d-03fd-4a05-9d88-4e6a3fc62991,ddfab7ce-e345-44f0-ab79-e1bcac1ad546,"Hello Heather, your blood work shows slightly low vitamin D. I'm prescribing a supplement.",False,,,6f5e857e-e6ea-4034-8c7e-c730755c59fd,,2025-09-07T10:16:36.285814,2025-09-18T07:51:36.285819
41e2840e-0a14-454e-a503-93e4bb6a5bd8,5186d5a0-90d8-438a-bdbf-922cebf333f1,15dfb1d0-8bc9-431c-8cf5-d6aa7d6e93ff,"Good afternoon Dustin, the specialist confirmed our diagnosis. We'll start the new treatment next week.",True,,,7885e2dc-ca12-48a7-9d35-c903c7e1fff7,96f4308e-71a6-45d2-aec6-5b4f584fc44d,2025-08-30T15:26:36.285882,2025-08-21T06:13:36.285887
fa77615f-ac70-4014-bf22-8a720120e533,7555a669-16f9-4dbf-a7ce-7188d920f2a6,5ea83ad3-6652-4dce-8c4c-db1f5700629f,"Good morning Dr. Dr. Martin, I've been experiencing increased fatigue lately. Should I be concerned?",True,,,0119a115-2c2a-4746-960b-9d68447c6915,,2025-09-13T18:42:36.285929,2025-08-25T08:31:36.285933
66021dca-e54c-4fcc-93df-278c605bd592,2a2f9cf3-fc20-4db7-ae14-2dcdc0e12a72,32866027-13c2-41ee-afa3-2d1d13127b2c,"Good afternoon, I wanted to follow up on our discussion about my sleep issues. The CPAP isn't helping much.",False,,,,,2025-09-15T14:27:36.286013,2025-08-27T02:31:36.286017
39b83a64-1767-48eb-a06b-ba337de43bd9,12755319-b15a-4cac-ab28-35b3c860c275,ba6b342f-e3ef-4cea-bf15-a35e546e8c0f,"Good afternoon, I wanted to follow up on our discussion about my sleep issues. The CPAP isn't helping much.",False,,,08271a01-ac9b-40d5-a228-a393d80d4646,83e49163-d97d-41c5-a33e-e5705eb881b4,2025-09-03T14:03:36.286158,2025-09-09T19:36:36.286169
7929f65b-7a89-4f07-940f-f07253e596b6,ddf75788-d054-45c5-8704-b907dda9dc94,13d806ab-0d79-4f2b-9b34-7615c7bebcbc,"Good afternoon, I wanted to follow up on our discussion about my sleep issues. The CPAP isn't helping much.",True,,,,,2025-09-05T04:32:36.286236,2025-09-18T12:32:36.286242
14888631-9d7c-48d5-9261-72e6fa456412,5f6598e9-226b-4811-b4ba-143ad27edf0a,d60b6b31-9018-4399-a5ec-5d5d1f91398b,"Hello, my insurance approved the MRI. When would be the best time to schedule it?",True,,,,,2025-08-28T00:45:36.286350,2025-08-24T04:12:36.286355
c3cf35b4-69fa-485a-8de2-899cf9422cba,dd40ec65-7ece-4dd7-8c53-1fd1235e475c,83b695e4-3769-40f6-915e-9c38ca401282,"Good afternoon, I'm having trouble sleeping since stopping the ambien. Any suggestions?",True,,,,e119191e-a40d-4f32-9917-c22383e510c6,2025-09-10T20:18:36.286426,2025-09-03T21:43:36.286430
b357081e-5548-454c-a874-9695e19edee2,46067250-a484-4290-a31a-ce03dff9079a,4f484f02-708d-4a5a-900d-82045801d687,"Hello Nancy, your lab results look good overall. Your A1C has improved to 6.8%. Keep up the great work!",True,,,b00ae105-788a-4383-8baa-598049407de2,,2025-09-18T22:43:36.286510,2025-08-30T11:25:36.286515
2c718241-0174-4b61-889d-d2aca03abcab,2a2cdad6-5060-4c03-bc4f-6eaa0b4b648a,90b39d8a-b041-4599-b068-a67b4caf8a9a,"Good morning Carolyn, I've updated your treatment plan based on today's visit. Check the portal for details.",False,,,,,2025-09-15T07:46:36.286547,2025-09-13T19:57:36.286552
1fa45eaf-1179-44df-8f77-50476e68e3cb,d3e595ed-2e4f-4e54-8c06-2a9f5743b326,6c8c1415-0adf-4f86-9b8e-8e3e21d15349,"Hi Sarah, your blood pressure is well controlled. Continue current medications and lifestyle changes.",True,,,f3ee3d37-a58f-41e1-948d-4cc7f7346045,,2025-09-02T21:26:36.286595,2025-09-09T22:37:36.286599
ed1296fc-c03c-484c-8d6a-89d7c8360948,ac868fd3-1637-4e2e-88da-7f1ebae383e0,1b627d0f-15b1-40ba-b2d0-256ee076e550,"Dr. Dr. Smith, my blood pressure readings at home have been higher than usual. Latest was 145/95.",False,,,e5c60ad6-deec-4a41-ae25-9968aac7e684,fd6b6279-f1ce-457b-8754-84c02b3dc196,2025-08-26T08:54:36.286625,2025-08-25T17:58:36.286631
39079a12-0cba-49e6-a236-a3b6e377303f,15d00cc1-98dd-4654-a99b-47419e8a747e,bc4e7eda-4ec6-4df1-9583-51e1ace92734,"Hi James, I've reviewed your symptoms. Let's schedule a follow-up in 2 weeks to reassess.",False,,,,,2025-08-26T13:23:36.286710,2025-09-18T03:01:36.286714
978411e1-35d4-4c00-894f-e5cb40a25714,fdc56c10-9095-4459-ae96-b2dc570e157c,15f5eda9-37e8-4c64-a775-aa85ffefbb2d,"Hello, I've been having chest tightness when exercising. Should I come in for an evaluation?",False,,,,,2025-08-31T08:49:36.286767,2025-09-11T17:47:36.286771
bee41c94-ab17-4de7-b8ee-c2a29573c4d6,a82742d2-f8a2-4a06-a627-e9277bb28f23,12dcec37-e4e9-4981-a05a-e12787129042,"Hi Dr. Dr. Baird, my pharmacy says they need a new prescription for my Lisinopril. Can you send it over?",True,,,,,2025-09-15T00:20:36.286835,2025-09-04T20:44:36.286839
22b104c0-7b00-481c-8c22-8e12acab4da7,89ba12be-1959-4963-bfea-6b02f5d6792f,cb1f4177-bea8-4840-a7aa-25c457d104fe,"Hello Jack, I've cleared you for surgery. The surgical coordinator will contact you about scheduling.",True,,,,,2025-09-16T23:36:36.286909,2025-09-19T07:53:36.286914
259ccceb-a8c8-4722-9b75-c98a191efc0a,135ab70f-463b-4c36-81ad-56f0eaeb77ed,bdf25844-7b39-40a8-a752-1f9fd3e9fd4b,"Dr. Dr. Delgado, I'm concerned about a new mole I noticed. Can we schedule a skin check?",True,,,7e6d0f83-3a32-4a59-80b6-1430479d03fb,,2025-09-05T06:30:36.286938,2025-09-05T22:50:36.286942
525f9b3b-f8fb-4cb7-9de9-d6f2d9e928db,472c51b0-34fd-42d4-bd6c-c1621b696e3c,6dc450d2-2aba-478b-bc9e-eac201effc44,"Hello, I'm having some side effects from the new medication - mild nausea and dizziness. Is this normal?",True,,,,,2025-09-07T13:08:36.287026,2025-09-01T23:21:36.287030
684cf0ae-6976-4f4e-a845-bf0c82c22112,961bcea4-71c8-4bdf-b00f-fdd72072d696,89ba12be-1959-4963-bfea-6b02f5d6792f,"Good afternoon, I wanted to follow up on our discussion about my sleep issues. The CPAP isn't helping much.",True,,,,,2025-09-06T16:37:36.287088,2025-08-21T13:51:36.287093
db088854-18d6-4209-b70b-bed451a8d4f2,4b239017-e05f-4777-85ab-a714859533d1,86ab2c1d-fe44-4f2c-b421-f65d8cf4eedb,"Hello, I've been tracking my glucose levels as you suggested. They're ranging from 110-140. Is this okay?",False,,,,,2025-09-16T13:08:36.287156,2025-08-25T14:05:36.287161
81ac85eb-1156-4974-8e5d-574a291781da,890f0593-0e41-4243-88c3-1b3e55800c54,c1ddf072-bfa9-429e-8bcb-abcf5c2558be,"Hello Alexander, your blood work shows slightly low vitamin D. I'm prescribing a supplement.",True,,,de5d17af-deea-495c-a40c-a575a7f099e2,,2025-09-15T20:50:36.287207,2025-09-08T01:30:36.287212
78bc776b-712d-4e52-9a9f-799a6c4056ff,3f073584-2ff7-4afe-af2a-87c24da63d22,43c4e4fa-2d4f-4ae3-9678-a771d0dc3f53,"Hi, I've been following the diet plan we discussed and lost 8 pounds so far!",True,,,bf575dfa-8950-4e3e-9d97-2ba2ad9f8fc5,,2025-08-19T22:04:36.287229,2025-08-21T02:18:36.287244
bc184350-d91a-41cb-94c3-c0a8a8c02c5f,99f6c11b-9d1e-4679-bb38-51fb199ca206,b8587622-1d71-4595-a0eb-8d663a45cd54,"Hi Lisa, the side effects you're experiencing should subside in a few days. Call if they worsen.",False,,,,5071330b-4502-472e-b768-8d7cbd8c0b8a,2025-09-06T09:30:36.287279,2025-08-27T17:03:36.287284
8c1ffa21-e1ad-406e-8524-8fec925c41ea,0f887099-7865-44e1-a28c-8f57cdf2a459,65e34f8b-e096-4b8c-a2ac-e8114f0fa1b2,"Good afternoon Thomas, the specialist confirmed our diagnosis. We'll start the new treatment next week.",True,,,,,2025-08-24T00:31:36.287349,2025-09-08T00:29:36.287354
c75a8ec6-2ee7-47dd-b2ba-c0df6d324211,4646910e-e409-40bb-b30c-5ed6c9782b78,6c9d9026-ad9c-43c7-ba05-5800620e0e47,"Hi Renee, the side effects you're experiencing should subside in a few days. Call if they worsen.",True,,,74c78e5d-8ea2-468d-b16e-f204474c0f11,,2025-09-09T06:17:36.287381,2025-08-26T07:25:36.287386
843b3c58-d718-4a9e-b71e-ec007a481dff,89b776f5-b517-428a-900e-7baba5c9580e,8b5c11e9-24d6-4443-9d34-d5739513cf59,"Hi, I wanted to let you know that the physical therapy is really helping with my back pain.",True,,,,6d28bb27-c2bf-468b-8843-ae031f7748b9,2025-09-16T03:21:36.287458,2025-09-17T01:36:36.287463
bd4468d8-e163-4898-84c8-a9b9bafa74fd,fea44c45-5916-4859-b55e-992093db0622,39e4977c-86dc-4ff7-95a5-f8672f0c497c,"Hello Harold, your lab results look good overall. Your A1C has improved to 6.8%. Keep up the great work!",False,,,2d6a687e-9838-4ac1-8b2b-febaf25fce6a,,2025-09-01T13:54:36.287483,2025-08-30T10:01:36.287488
f0773726-f27a-484c-b58a-ffa6c77960bf,b69521c2-66b3-4c4b-b8ff-fdf23ded0395,897f59b1-3d1a-47a0-8a61-0be2b92c184a,"Hello Amy, your mammogram results are normal. Schedule your next screening in one year.",True,,,,a045504e-1d13-43f0-bed1-5ab48c79380b,2025-09-03T19:22:36.287582,2025-08-24T08:18:36.287587
2569ad86-8035-40e0-8ce0-28980f164b58,020dd67a-419f-4c9a-9441-8917d5283ba5,e2eb012e-ed49-4b93-b2c2-ee88e5a6218a,"Good morning Gerald, I've updated your treatment plan based on today's visit. Check the portal for details.",False,,,,,2025-09-13T19:42:36.287658,2025-08-21T03:22:36.287662
4146bd35-bd3d-4ff5-9651-d19cf4b986ba,abfe49cf-2e85-4188-92af-5afd97933351,1f24a6d2-1138-4046-b8a1-1756e854e943,"Hello Edgar, I've cleared you for surgery. The surgical coordinator will contact you about scheduling.",False,,,de7dd189-3531-49dd-837e-e37aca23273a,,2025-09-15T11:28:36.287690,2025-09-10T01:25:36.287695
fe31a84a-20f6-4773-aa33-95c75e6a0d18,3cc1c28c-a317-4487-af96-42a56fa746c6,90966878-cec0-4761-b8c4-20fcad655b9d,"Good afternoon, I wanted to follow up on our discussion about my sleep issues. The CPAP isn't helping much.",False,,,,3c02e7b2-c266-4bd4-aa9d-bccda7b4ce9f,2025-09-14T04:27:36.287758,2025-09-14T18:56:36.287762
573d65e0-5c8c-435f-af6e-7bf6f5f3b88a,af0e32f6-112d-4c5a-a0da-d1e5e825f90a,3cc1c28c-a317-4487-af96-42a56fa746c6,"Hello Eric, your lab results look good overall. Your A1C has improved to 6.8%. Keep up the great work!",True,,,,c4f4daaf-33d9-40a9-8e72-d67db2d67127,2025-09-01T09:34:36.287826,2025-09-07T04:15:36.287831
68984724-b245-4f20-8304-84493214bcdf,b73cfbf1-501c-4012-9d6f-be9c92329b06,a308e5ec-2fb2-448e-bd3a-57fc0b76b78c,"Good morning Nicholas, I've updated your treatment plan based on today's visit. Check the portal for details.",False,,,,,2025-08-27T20:28:36.287882,2025-09-01T00:48:36.287887
5a53bc9f-cb19-4a40-87c5-208c40c67930,e3deda11-fbfd-476d-a489-e1a14fa1d054,3ddd60d8-0e4b-4ed3-816e-7cc12dfed8c8,"Hello, my insurance approved the MRI. When would be the best time to schedule it?",False,,,08db5924-9b3f-4f1d-81eb-06476e8a64f3,2b660948-aded-4c0c-a580-6a22ab628b7d,2025-08-23T10:06:36.287971,2025-08-22T01:45:36.287976
49070515-b2ef-4da3-bd17-b411e6f746a5,5921349a-09d3-4bd7-bea3-87cfb3ed840e,aa9cc184-6e46-4105-9ff4-6c8144fbefc8,"Hi, I've been following the diet plan we discussed and lost 8 pounds so far!",True,,,65f59ec2-e75d-43de-8574-f23fc69d3993,0cba0026-1dd7-4a81-9363-bef52e83b56a,2025-08-28T15:41:36.288006,2025-08-29T21:30:36.288011
ad759c27-50ab-4349-8cdc-d65be82c1a41,b86c8789-9d25-49f1-bb6a-84111d4f074b,933bec3d-047a-407c-b55a-e5cd80eb85ab,"Hello, I've been tracking my glucose levels as you suggested. They're ranging from 110-140. Is this okay?",False,,,be64dcc7-77bd-4490-b8d4-217a79a7d5ae,,2025-09-14T11:11:36.288047,2025-09-07T09:14:36.288052
c0499304-0046-4239-9326-d8087c44ae5d,fa244a20-52a3-45e2-9bc0-8f021da31023,b810aa06-f803-45db-a4e7-33bc08fd7bf5,"Hello Vanessa, I've cleared you for surgery. The surgical coordinator will contact you about scheduling.",True,,,3001117a-9fb0-486f-9225-0b4f792af801,,2025-09-04T13:27:36.288124,2025-08-31T07:53:36.288129
b75d7e70-17be-439e-9b58-392ef14aa02e,d9c84e05-2782-4ad5-bb3a-27e9dccde413,e8d06a00-44de-4d35-ab07-4035d3d89e1f,"Good morning Lucas, I'm sending over a new prescription for your blood pressure medication.",False,,,,,2025-09-07T02:28:36.288211,2025-09-10T21:48:36.288216
96cccfc0-395d-47ac-9ff1-1a0391c2ded5,65ce759e-8655-4eb3-9b44-0a50f447465f,5c5125fe-d71a-4925-be17-4e3a8565f47b,"Hello, I've been having chest tightness when exercising. Should I come in for an evaluation?",False,,,0ec8a278-623b-48c4-8aee-9f78ec2847e4,,2025-09-17T14:55:36.288299,2025-08-25T12:59:36.288303
abded133-0244-46b4-95bc-6ced1c1fd380,96ba8ee6-27c6-43c2-87da-aa9521e126fb,090ae25a-a309-4b69-b95b-32c3fba30701,"Hello, my insurance approved the MRI. When would be the best time to schedule it?",True,,,,24603d2c-faf8-44a2-8b43-760be837dc2c,2025-08-22T02:15:36.288390,2025-09-13T14:41:36.288396
bf0c4f60-f124-49a0-89d6-c83f81c009ed,5bfd3f04-997e-4090-8ff4-163359cf0b8e,17f11598-6d83-41f3-bc3c-4b4270139df6,"Hi Mary, your cholesterol panel shows improvement. Continue the current statin dose.",True,,,aee32a19-0b9b-44db-8b87-160ef060625c,,2025-08-25T19:24:36.288435,2025-08-25T14:19:36.288439
ea659e29-ea0b-4f6b-86b0-8b365f8bcbbe,c15180f7-0a9b-4093-b306-0935287134dd,3501dd4b-617a-4d89-af91-56e8aa6e5374,"Hi, I've been following the diet plan we discussed and lost 8 pounds so far!",True,,,,,2025-08-21T21:19:36.288456,2025-08-20T23:05:36.288460
e09d0606-154b-454f-85a8-87a79dbf1fda,d5fb9233-39e5-4219-9239-691fd24443ad,354dae6f-54b5-458f-b205-d2969f529fc8,"Good morning, I'm traveling next month and need refills on my medications before I leave.",True,,,f688925f-2fe6-488b-bd0d-3e45236820e5,d33fcfb5-0d81-4c68-9b2b-a14d414dbc6e,2025-08-25T20:50:36.288546,2025-09-04T11:50:36.288552
2ec0f866-6d2d-456f-a547-3872278123ff,85bf798d-5d18-4d04-b161-d194acb32fde,49380dbd-8002-420e-b011-a41c7ffe1ca9,"Good morning Kelly, the CT scan was normal. I'm glad we could rule out any serious issues.",True,,,,,2025-09-12T09:10:36.288613,2025-09-05T14:21:36.288617
82b5a0d0-6e9f-450d-9307-ce5ba06992d3,ff0aa833-dabf-4f43-8dcc-fe6076de6139,9848c0c0-cd4b-4274-8655-99ac44b27401,"Hello Robert, I've cleared you for surgery. The surgical coordinator will contact you about scheduling.",True,,,,,2025-09-13T17:52:36.288699,2025-08-27T17:51:36.288703
d131888f-1709-4ffe-a328-6f0ca0e3cfd8,db1fa0d3-af1c-47a3-9bb4-79948c92e197,c3e6ed1e-84ff-428a-906a-faf366b6e727,"Hello, I've been tracking my glucose levels as you suggested. They're ranging from 110-140. Is this okay?",True,,,f67824c9-8329-4a61-ac76-51ef13d92e03,e869df9d-4767-42eb-b34f-cd1678640658,2025-08-30T15:24:36.288789,2025-08-19T22:58:36.288793
dc4b9383-a449-463e-9ebf-4caa32835866,0f6a670e-43b1-4a04-bc91-c92c265a5c5a,f990d7ab-b31d-46fe-84b5-5175b67d7cd7,"Hi Jonathan, congratulations on your weight loss progress! Let's discuss adjusting your diabetes medication.",True,,,,,2025-09-07T02:40:36.288848,2025-08-29T01:45:36.288852
32a77100-0861-4a09-bd27-c4a9c20627d8,11610519-792f-4744-ae52-83178d64ed8e,d60d927b-7225-4635-b06a-aa7988525810,"Hi Angela, the side effects you're experiencing should subside in a few days. Call if they worsen.",True,,,,,2025-08-30T16:47:36.288920,2025-08-22T20:44:36.288925
105c00a8-992d-4b0f-8571-7d4c09e36cd9,17583997-cc01-4e68-8d74-028d866800c9,195c568a-66ee-4f52-a64f-95da82f8edf5,"Hi Gregory, the side effects you're experiencing should subside in a few days. Call if they worsen.",True,,,,,2025-09-01T07:14:36.288976,2025-09-07T17:21:36.288980
33bfe69b-24df-4dee-9fa7-22dfcee932a3,aa47e621-d5ab-4164-8580-954d52f7d726,a3ab30fc-8f44-4c0c-8e15-92ca457e27b9,"Hello Jamie, the X-ray shows no fractures. Continue with rest and ice, and follow up if pain worsens.",False,,,14b91701-7619-49f6-8147-52b72d23e3f8,037e16fc-4019-4a68-b7f1-d603e725f5f9,2025-08-29T08:01:36.289037,2025-09-13T15:50:36.289041
f1928b08-8225-4a11-a60d-17384da319c6,20e9af48-87bb-4187-869a-234c0a33afe4,dba41460-2ccb-4bf8-b09b-c1217867eeab,"Hello, I'm having some side effects from the new medication - mild nausea and dizziness. Is this normal?",True,,,e6d57458-e388-44df-a4b3-6475fd891563,4917c975-4328-4381-a1e4-4860fb4db6bc,2025-08-24T01:16:36.289145,2025-08-23T16:35:36.289151
e2d7f4c9-b0ea-485f-9325-b328be708dfc,413f3bcd-7d8b-485f-b506-14a7fa34f9cd,9d363fb8-cede-40c5-84d4-fa2041736501,"Good morning Patricia, I'm sending over a new prescription for your blood pressure medication.",True,,,,,2025-09-08T12:24:36.289171,2025-09-04T13:26:36.289175
c4110197-2050-42e2-bf52-1387d86845da,a1ae53b4-becd-41c6-bc4e-afc5e4a69c37,5365bae2-9220-4be9-800c-35f06ec3b52b,"Hello, I've been having chest tightness when exercising. Should I come in for an evaluation?",True,,,,,2025-09-17T22:59:36.289221,2025-08-24T09:14:36.289225
07fd1d15-74f5-4291-83e1-20dc4988215c,a848431e-ca8b-453a-858b-6b384948c9da,46ed4a5f-4dc0-4838-9ff9-8fc42480287e,"Hello, my insurance approved the MRI. When would be the best time to schedule it?",False,,,9eed1bbe-a6d2-402c-a6e1-2b4346c2d368,,2025-09-09T00:58:36.289335,2025-08-31T01:44:36.289344
6d470c74-b9ad-4df4-bb3d-8fa04a45035c,d49cf730-b80b-43f5-97f8-d30465d5c887,f6e398e0-a6c1-4721-9a5a-539a8af2ada2,"Dr. Dr. Hill, I'm concerned about a new mole I noticed. Can we schedule a skin check?",False,,,72903053-0a82-4b35-86a8-72c05faab965,,2025-08-24T06:30:36.289371,2025-09-16T06:13:36.289378
2f850ba9-4fc9-44a4-bd1f-9592c5fd808c,78e453a7-6007-4463-9145-d8bf354429f3,8ad2431f-b2ed-445a-91c1-c1a98a18bc10,"Hello, I've been having chest tightness when exercising. Should I come in for an evaluation?",True,,,8731e5a8-ed7e-45ef-846f-6da369ebec79,,2025-08-22T01:46:36.289482,2025-08-29T20:47:36.289488
abbd9598-6def-4d1a-a79f-41f83198115c,832b1578-980d-4658-8598-106b60c2f6ff,7a3db757-b387-4b70-8bae-d572cdbcb406,"Good morning Dr. Dr. Benjamin, I've been experiencing increased fatigue lately. Should I be concerned?",True,,,,,2025-09-05T21:26:36.289528,2025-08-28T00:17:36.289532
62d3695c-c4ef-4ae0-82fb-2f5863086461,08ebe70c-c8bc-46d1-a439-7840c0d76558,4933f163-e196-4d4d-b198-a84510a3ac4b,"Hi Dr. Dr. Townsend, my pharmacy says they need a new prescription for my Lisinopril. Can you send it over?",True,,,,,2025-09-04T05:02:36.289553,2025-09-01T20:30:36.289558
6c5ae373-b502-41d6-95a9-a8083d242b78,c604bf5b-b30f-4557-a3d6-c27701a55440,43e01c34-97de-4d5a-be40-cde6655e6ce0,"Hello Leslie, your mammogram results are normal. Schedule your next screening in one year.",True,,,,,2025-08-20T02:03:36.289610,2025-08-31T13:26:36.289616
03fac351-5efe-467e-bf39-4261c8e8da27,fb4892c5-4c0d-47fb-852f-113e0919ca3e,1f1ad9ac-c318-4e83-92be-54afa4e72973,"Dr. Dr. Burnett, I'm concerned about a new mole I noticed. Can we schedule a skin check?",True,,,,5b24ae1c-54ae-4601-b989-22a35ef14a75,2025-09-18T10:20:36.289697,2025-09-14T23:02:36.289702
10c8c92e-99a8-40c3-b997-a1c4f937a1c6,9848c0c0-cd4b-4274-8655-99ac44b27401,4b2fbc4e-d7c4-4d1d-ba22-3ed6fdef710b,"Hi, I've been following the diet plan we discussed and lost 8 pounds so far!",True,,,,,2025-09-05T19:40:36.289794,2025-09-10T15:55:36.289802
f71e711a-b142-4d83-a268-a4c74069dd62,0e3e88ab-0c13-4385-a250-e0c0d94972ac,9c144fc5-fd5c-4088-8c1d-9bc8ec30b08a,"Hello, I'm having some side effects from the new medication - mild nausea and dizziness. Is this normal?",False,,,b35e1445-1e0e-4789-a87c-e7ad0fb6416a,75cedee4-2f93-4bc7-9949-9df089bb5dd7,2025-08-31T17:36:36.289893,2025-09-09T16:42:36.289898
ed89abf8-480f-4b77-9df9-30107d8c841d,5d312e0e-54a5-4660-8d38-0799cd1e90fb,e3094d09-100a-4f0f-986e-a65fc4cf06b5,"Dr. Dr. Martin, I'm concerned about a new mole I noticed. Can we schedule a skin check?",True,,,7b5eb909-198c-4cd7-845e-4a04fde81ad4,,2025-09-08T21:58:36.289966,2025-09-06T10:58:36.289970
167e9f56-50fc-435f-b856-76fcc321f83e,720cd0ee-016b-4433-ba3a-56f43a71f384,84a971e9-d67e-4b83-81ba-8eb07e5a3d3e,"Hi Andrew, congratulations on your weight loss progress! Let's discuss adjusting your diabetes medication.",False,,,cdc5fd82-b035-4774-9e12-e0961404d80a,,2025-09-17T14:15:36.290036,2025-09-11T00:04:36.290040
7ea8839c-5b1a-4767-8050-d88b054fad9c,4f1b57ab-ddb7-492a-bfef-e0a52d3972b2,3d8e613d-ff76-4ff3-b8e6-08448cae4658,"Hello Sara, your mammogram results are normal. Schedule your next screening in one year.",True,,,,,2025-08-30T09:38:36.290104,2025-08-22T20:14:36.290108
964e0a05-ea80-488f-9ca1-f35db87b2b41,293ad5b3-44b9-48a1-bf9e-484bdb1d604b,8f8cc081-5d03-4d8a-ab1f-7812df45d7c7,"Hello Heather, the X-ray shows no fractures. Continue with rest and ice, and follow up if pain worsens.",False,,,bbdd3917-61a3-464a-a3e4-18fddb958379,,2025-09-17T08:58:36.290126,2025-09-14T06:26:36.290131
5dc328eb-c144-41f2-b2c7-ed52d2f6983b,f5709076-a2ef-424f-8e6c-0063b17ec9a6,563a3db6-99d6-48de-9863-c9a6d622bba8,"Hi, I've been following the diet plan we discussed and lost 8 pounds so far!",True,,,9155ff70-8ff3-443e-b966-d1ae9213227c,35dd9ef5-6248-475c-bb0b-4a1d96f68d81,2025-08-26T16:51:36.290161,2025-08-26T12:32:36.290166
0af378d8-88b5-4a81-af80-761732f2465c,e2573388-20f4-4439-8d72-3abffd5dd65b,bb95d9fe-f71b-4cb5-8ca6-6ec67785bf46,"Hello, I've been tracking my glucose levels as you suggested. They're ranging from 110-140. Is this okay?",True,,,,,2025-08-25T00:14:36.290228,2025-09-17T06:09:36.290232
2bd9e3a9-c850-4cb0-8e60-574ca81ecb6f,0b7b8331-05c3-4489-9d25-1fb5f559d90c,8e1fcdd8-f962-4c38-bd41-69c97884ab90,"Good afternoon, I'm having trouble sleeping since stopping the ambien. Any suggestions?",False,,,,57a23b65-2074-4f3b-8a6f-793b8ff53ef7,2025-08-25T07:56:36.290269,2025-09-05T17:00:36.290273
16508a27-620c-4971-b99b-b38b53fbf2ac,ba3557f8-d34a-43f1-b517-b0618e02b094,09872e8b-24ec-403c-a69c-732deee4aa57,"Hi Tiffany, congratulations on your weight loss progress! Let's discuss adjusting your diabetes medication.",False,,,02d421b3-6463-4bf1-8448-7fbb3e47fbf1,,2025-08-22T03:01:36.290327,2025-08-23T11:29:36.290332
0dc9e40e-cc50-430b-87dd-ccb8c26a6cd1,a5d97650-414c-4e1f-9596-359ca80e4ce9,ab560e1d-398d-4382-af89-c3924d5e6607,"Good morning, I'm traveling next month and need refills on my medications before I leave.",False,,,,,2025-09-13T04:05:36.290398,2025-09-11T20:01:36.290402
c768ea9b-8519-4fa2-b18e-88c4f420e98b,99f6c11b-9d1e-4679-bb38-51fb199ca206,5dabff35-807e-4503-b125-4685c0ad8865,"Hi Erik, the side effects you're experiencing should subside in a few days. Call if they worsen.",True,,,3db7922f-5dce-402e-ae83-888f7fd2cb58,e002015c-4239-4200-9799-6f52043a4bb1,2025-08-26T22:43:36.290475,2025-09-18T08:57:36.290479
4640c3dd-cc00-4eb5-8547-e0190e11a453,23fac335-e822-492e-b783-8295748069de,a05bac2f-f608-4882-a6b5-f9d9db87cfb8,"Hello Daniel, your mammogram results are normal. Schedule your next screening in one year.",False,,,,,2025-09-16T15:36:36.290513,2025-09-14T04:30:36.290517
040b6fac-b2cc-4987-a4e9-89a70baba82a,e02f9118-b876-49b7-8a7d-268727fcae28,221acab7-427b-489a-a3e9-b4fc290127a9,"Dr. Dr. Elliott, my blood pressure readings at home have been higher than usual. Latest was 145/95.",True,,,036e3fd6-2d0b-4bc3-845a-a8aad397bcf7,,2025-09-03T15:54:36.290546,2025-09-10T05:30:36.290554
54e08c76-4fc8-4e1d-bbfd-b0c9578f62d4,2a880e27-6038-4fdf-a191-acd59d6be979,af9b67bd-d48b-4914-a321-0bda6adbacd9,"Hi Donna, your cholesterol panel shows improvement. Continue the current statin dose.",True,,,,,2025-09-10T21:15:36.290624,2025-09-19T08:08:36.290629
bfc550dc-6c36-4e8a-9230-e2fc220fa789,e5ba0e93-9dfa-4bcc-968d-5acce2cda358,a633e9d2-5a4e-4f58-82d5-24ceda0141b7,"Hi, I need to reschedule my appointment next week due to a work conflict. What availability do you have?",False,,,,,2025-09-01T22:08:36.290665,2025-08-24T23:58:36.290669
98332e66-3cdb-471f-ac77-334092c138e2,c95af266-7d78-4398-829f-56a339d9fae4,5d2cf914-c61b-46a0-bdc3-18abf0e00056,"Hi, I need to reschedule my appointment next week due to a work conflict. What availability do you have?",True,,,f69ecc9e-05e7-4d10-8ea0-559911905687,,2025-09-10T06:30:36.290912,2025-08-31T10:09:36.290918
1f834418-7228-4337-8ce2-b3cca591fd99,49c5bf12-c14b-4b4a-9742-83d68f7e3936,2669fd0f-ac0b-45d7-90f6-79c8976f5b21,"Hi Dr. Dr. Ramirez, my pharmacy says they need a new prescription for my Lisinopril. Can you send it over?",True,,,9a0b15b5-0da3-45bc-8eda-1a84b982b593,e475fa96-8f54-47d1-8056-fdbd34cfaa8e,2025-08-27T01:40:36.290980,2025-09-15T16:39:36.290985
dd7e9835-330a-4e0a-ab68-208db2fd775e,2e7613d0-3bb3-4f1e-a5a1-0bf32b72d073,9c238bc0-a64e-4995-901f-e6cb16ad62eb,"Hello, I'm having some side effects from the new medication - mild nausea and dizziness. Is this normal?",True,,,9f99c8f4-7571-4a20-9ea3-9f51cb258c0e,,2025-08-25T12:29:36.291027,2025-08-24T10:56:36.291031
11950a16-646e-4dbf-9305-8213badd7871,2814bfc5-7016-4244-aa8e-fc5c70054bc8,636783e6-949c-4569-918a-15a95ae746e3,"Good morning, I'm traveling next month and need refills on my medications before I leave.",False,,,,d636b3f7-01bc-458a-a4ef-01fbb82ec48b,2025-09-07T08:33:36.291187,2025-09-03T19:48:36.291192
1021b11e-1ab2-4360-b897-de2ae46c1487,8f4d005a-e470-44f8-9774-cf59437ef5b3,10bf0748-fd1e-4d01-acb7-49426d1f7014,"Good afternoon Tracy, I've referred you to cardiology for the stress test we discussed.",True,,,,,2025-09-13T01:41:36.291224,2025-08-28T19:40:36.291229
d542d393-debf-4e25-aeb9-450db2d3445c,c7c30fa5-b057-4aff-9c9f-931884c4fa78,847b6039-27a2-44d8-9138-8a4dc61514f4,"Good morning Kayla, the CT scan was normal. I'm glad we could rule out any serious issues.",False,,,9cd49c72-30fd-4eb6-930f-4531c85e0274,,2025-08-24T07:22:36.291335,2025-09-10T12:04:36.291340
e21f407a-402c-484d-acbf-f72362632107,d367bb84-b3db-4ea2-8687-7bd15c2f6459,a3ab30fc-8f44-4c0c-8e15-92ca457e27b9,"Hello Jamie, your blood work shows slightly low vitamin D. I'm prescribing a supplement.",False,,,11562cd9-9810-45f9-b398-aa6028603510,,2025-08-26T11:40:36.291398,2025-08-21T17:47:36.291403
81d324db-82be-4ba7-8db2-292130491d2d,fa9a5afc-ed19-4ec9-888a-f9bd1537651b,880577c6-d658-402a-bf5e-06ea8a408769,"Hi Dr. Dr. Salazar, my pharmacy says they need a new prescription for my Lisinopril. Can you send it over?",False,,,,,2025-09-12T13:29:36.291460,2025-08-26T19:17:36.291466
f6829ca1-e12f-44f4-95eb-143f0852ff65,2b468376-9e5e-4c20-b46e-f6d17bfd3cb4,3ddd60d8-0e4b-4ed3-816e-7cc12dfed8c8,"Hi, I need to reschedule my appointment next week due to a work conflict. What availability do you have?",False,,,5bcc9650-e6e5-42ff-bab3-72ea73812761,,2025-09-10T13:20:36.291498,2025-09-17T05:32:36.291502
1a41c5ca-6b3c-458f-a4b9-98bab31e2e17,4f1b57ab-ddb7-492a-bfef-e0a52d3972b2,d13f5ce2-71e0-41b8-9d18-d6128a81b566,"Hello Sandra, the X-ray shows no fractures. Continue with rest and ice, and follow up if pain worsens.",True,,,faf4930f-6b9c-46b8-a995-57c287d7c448,dd793ade-a2c8-457c-9ee7-6bff6b4e5135,2025-09-16T11:06:36.291559,2025-09-08T05:01:36.291570
4b481bcf-2069-4922-8f23-367cbf54a1d5,7970d5b6-ed86-4498-b28a-ea70043ae72a,231e663d-ca28-4d76-a4b5-930a1f36d6f1,"Hi Debra, your blood pressure is well controlled. Continue current medications and lifestyle changes.",True,,,,,2025-08-23T15:53:36.291624,2025-08-25T18:07:36.291629
de23cf16-e760-4f55-93d6-0b7bd1b3a8ac,1890e074-d64b-4cee-9f0b-ab9dcdc92b19,830819b0-7be7-4617-9b13-429a9aff5c75,"Hello Spencer, the X-ray shows no fractures. Continue with rest and ice, and follow up if pain worsens.",True,,,05aec0cd-0abf-4a2e-860e-1e279de8b36c,,2025-09-18T15:45:36.291711,2025-09-08T23:56:36.291716
5e1ef80c-a87e-4660-9bc0-31a47bebc412,5194d2c2-d527-48ed-9fa7-b49004c85adb,0174b79b-e9ed-4307-8aad-aa679df1e9cf,"Good morning, I'm traveling next month and need refills on my medications before I leave.",False,,,,,2025-09-04T00:55:36.291784,2025-09-18T14:40:36.291789
36bbe2ac-33b7-477e-8f62-25de016d98a3,4c8c9abb-984f-4d41-940a-67755a2cffe8,065b60f7-7fa9-4904-96a2-788dd3d754c1,"Hello Marc, your mammogram results are normal. Schedule your next screening in one year.",True,,,9ff2ba7e-cfa0-4560-88df-a66221f83ba6,,2025-08-21T19:16:36.291819,2025-08-24T03:49:36.291824
3d80c04b-7115-4210-8a6e-cb20dc54c840,044ec0b2-db37-4d64-bc47-e79fbd15b633,a373593f-678c-4127-9e1f-65521f0901cb,"Hi, I need to reschedule my appointment next week due to a work conflict. What availability do you have?",True,,,,,2025-08-25T13:14:36.291879,2025-08-28T10:56:36.291884
1a4cd2b2-4ad6-436b-9d71-a9d5ac2ea2e0,e08d169d-a67c-4016-abd7-480c6b1a1b59,8ad2431f-b2ed-445a-91c1-c1a98a18bc10,"Hello, I've been tracking my glucose levels as you suggested. They're ranging from 110-140. Is this okay?",True,,,,,2025-09-02T18:17:36.291958,2025-08-20T16:24:36.291963
d26b2a23-5740-4385-9d48-251f94757ff5,b4935c4b-c3f9-4164-b2f8-425f1a7d4452,15720810-bbfc-4038-8d70-10da67dd5eff,"Hello Victor, the X-ray shows no fractures. Continue with rest and ice, and follow up if pain worsens.",False,,,,,2025-09-14T04:38:36.292042,2025-08-29T01:44:36.292047
833a293c-6120-498c-a6fb-5f95fecf5e8e,ba7b0ab0-b2bb-4708-bc50-927517a7d9b8,0e4d27cc-3d14-47b8-8f46-fe3a43449f6c,"Hello Anna, your blood work shows slightly low vitamin D. I'm prescribing a supplement.",True,,,a15be192-1416-44d2-b6aa-99fc66139652,,2025-08-20T23:44:36.292122,2025-09-02T00:46:36.292127
2d3c5954-d464-4cf3-83b0-a149fdd91378,db32c02c-929d-41e8-be10-d5278edd392c,d6b942a4-2b81-4fc7-89f3-fdb7219675de,"Hi Kevin, congratulations on your weight loss progress! Let's discuss adjusting your diabetes medication.",False,,,,,2025-08-23T00:56:36.292158,2025-08-26T10:15:36.292163
00d06627-977c-4505-98d2-ee4c1caa1921,bdd919f4-a355-4858-b37e-03be643b274c,020dd67a-419f-4c9a-9441-8917d5283ba5,"Hi, I've been following the diet plan we discussed and lost 8 pounds so far!",True,,,,e256c6ba-66b2-4b66-959f-523137572a2c,2025-09-01T10:06:36.292191,2025-08-20T03:13:36.292196
610fb5e6-7862-4230-b502-61933a503210,a9acbae8-5164-4bb8-9034-990329eb29b6,28fe2332-58bd-4baa-9e3f-a9de6d0d576a,"Good morning Antonio, I'm sending over a new prescription for your blood pressure medication.",True,,,,,2025-09-02T03:06:36.292277,2025-08-22T17:19:36.292282
02cd4cd1-eb6f-4056-a716-0b83fb504729,3a85c854-2d86-4b51-8f35-43046279bd15,c4ed6654-f3e8-4420-ae75-5b42bc9ac480,"Hello, I'm having some side effects from the new medication - mild nausea and dizziness. Is this normal?",True,,,,,2025-09-11T14:35:36.292402,2025-09-13T02:57:36.292408
f9b1cd00-2605-40b7-81c6-ed74493af403,528f0b8c-20cc-47a7-8528-a0cc2b78d721,84ed47d9-98cc-42fe-bdeb-294d3bece82f,"Hello Ryan, I've cleared you for surgery. The surgical coordinator will contact you about scheduling.",False,,,,,2025-09-03T16:05:36.292497,2025-09-16T21:12:36.292502
6ab7a56c-7ecb-4b96-b2df-1c57df0b351b,9d05d416-35fa-46ed-a2e6-aff074a18897,89410af1-5331-4c89-bbe5-5a1bd79e0f7d,"Dr. Dr. Maxwell, my blood pressure readings at home have been higher than usual. Latest was 145/95.",True,,,,,2025-09-10T15:44:36.292569,2025-08-31T15:22:36.292573
0baca7c2-f64e-4933-8984-df2f115a6bd1,ce5cb356-bc6a-44ad-9c62-d4b1bc60e35f,f5a7cac6-5347-4305-a4cb-b89c7f1d8256,"Good afternoon, I wanted to follow up on our discussion about my sleep issues. The CPAP isn't helping much.",True,,,5ff6df5d-fd41-4495-947d-e394898d79dc,03b4bc64-4b5c-48d1-af32-3c3d3a493362,2025-08-30T09:44:36.292659,2025-09-06T21:36:36.292664
fc296979-362d-425a-9849-f1dde1e7c118,d970b93f-bd0d-4169-8b84-b0fa208ae0ce,37c90c84-6de8-4a5f-abb0-dcff4c0425d3,"Hello Sharon, I've cleared you for surgery. The surgical coordinator will contact you about scheduling.",True,,,9791a46c-9703-4306-b5a0-6177f4ae2a7a,,2025-09-01T14:07:36.292747,2025-08-22T00:52:36.292752
222b519d-8e49-411f-81d3-87afa25f24e0,3f6cf537-0a5f-4c9b-8740-6577acb9b5cf,babff307-52ea-4e5b-bafa-ee0c54ffff84,"Hi Paul, I've reviewed your symptoms. Let's schedule a follow-up in 2 weeks to reassess.",False,,,,,2025-09-01T08:28:36.292778,2025-08-22T17:38:36.292782
25a5185c-c085-4f61-9197-f1b7e405439d,a9acbae8-5164-4bb8-9034-990329eb29b6,cd317fcb-598d-49eb-b91c-64cb31eacd93,"Hi Kristina, I've reviewed your symptoms. Let's schedule a follow-up in 2 weeks to reassess.",True,,,af4099a8-7c3a-431e-9681-388d59de0089,,2025-08-24T08:53:36.292830,2025-09-18T09:51:36.292835
33d10c35-e84c-475c-8310-eed87a5af7f4,e804c07a-090c-4453-a07f-26e1a6cb403c,08ebe70c-c8bc-46d1-a439-7840c0d76558,"Good afternoon Richard, I've referred you to cardiology for the stress test we discussed.",True,,,eaa13533-05eb-4679-bffe-8f575eac389f,,2025-08-30T17:56:36.292857,2025-09-11T20:20:36.292861
6a73bd06-493c-49d4-814d-80d04efd96e8,8e1fcdd8-f962-4c38-bd41-69c97884ab90,8de25771-6f56-4a7e-924b-4d73b36960b5,"Good morning Laura, I'm sending over a new prescription for your blood pressure medication.",False,,,,9f0ff648-7269-4a30-a187-fb809f64878a,2025-09-05T20:58:36.292888,2025-08-31T17:27:36.292892
4b630416-2b94-49f7-877e-eb4d3ce883a2,6adfcdb8-0bb6-44d3-830b-967426f7c448,7344e72f-b191-4f3d-886c-0c283f4b90f0,"Hello Courtney, your mammogram results are normal. Schedule your next screening in one year.",False,,,,,2025-09-09T23:20:36.292925,2025-08-24T05:04:36.292930
6427c6c2-8be3-4204-a543-63149e9a4e74,0c61facd-7912-4138-9097-c74555ab7399,024b8cae-0d0a-4a40-bfb0-292ba00da303,"Good morning Katie, I'm sending over a new prescription for your blood pressure medication.",False,,,,9d6e268b-44b6-4d1a-bbc0-ef62fe0d99cb,2025-09-05T13:46:36.292989,2025-08-19T22:22:36.292994
5ba8ced0-7406-475a-a8d3-c85bc0430ee1,ebc5563e-0684-4893-b79b-2dba45583063,5c5125fe-d71a-4925-be17-4e3a8565f47b,"Hi Dr. Dr. Gonzalez, my pharmacy says they need a new prescription for my Lisinopril. Can you send it over?",False,,,1c27686b-e9b3-4bdf-a067-42769f63736a,,2025-08-26T06:25:36.293029,2025-08-26T23:33:36.293034
4d0c89f4-5758-499d-87ae-fe2272528f76,98d2230e-05a8-4979-9e99-d9d2ece9ee39,f73d21a7-7bbb-412f-83dd-274b7933f293,"Good morning Edward, I've updated your treatment plan based on today's visit. Check the portal for details.",True,,,,5c3ae76c-1ccb-43a4-a33c-74c660460d02,2025-09-06T04:54:36.293123,2025-08-28T17:20:36.293128
0808c0f7-4969-40d7-bb78-9b750cafa180,3197f42e-803e-4885-ae81-0af3b77535ab,9bf2f7f8-d290-44f2-90b9-a0aa7b4f2181,"Hi Douglas, I've reviewed your symptoms. Let's schedule a follow-up in 2 weeks to reassess.",True,,,,,2025-09-03T16:30:36.293163,2025-08-22T23:59:36.293168
3f943722-d860-4807-bc99-03526087689a,f58efa91-172c-4a69-9ea7-9e5296bb9734,044ec0b2-db37-4d64-bc47-e79fbd15b633,"Good afternoon Scott, the specialist confirmed our diagnosis. We'll start the new treatment next week.",False,,,,,2025-09-06T21:59:36.293212,2025-08-20T11:41:36.293217
9831dfac-8c12-4146-8a1f-71606046a309,a0e7ef89-e3b9-4b45-84e7-bff2085268ff,6395ad97-528d-479b-b3d5-0df89a157154,"Hi, I've been following the diet plan we discussed and lost 8 pounds so far!",True,,,,,2025-09-10T13:17:36.293281,2025-09-04T22:51:36.293285
e16530b6-d099-43a0-a1d7-765d66ca8ca2,13a94f92-19fa-4911-b248-dcb571c770bd,e3094d09-100a-4f0f-986e-a65fc4cf06b5,"Dr. Dr. Martin, my blood pressure readings at home have been higher than usual. Latest was 145/95.",True,,,,,2025-09-08T09:34:36.293359,2025-09-02T18:15:36.293364
ff08d664-5468-4fe1-bfc7-aef65d28d66d,93e89ed3-5bfb-45d3-80cf-fc236d3611d0,d02f96ad-8ad0-46ef-b43e-8747fda338d5,"Hello Erin, the X-ray shows no fractures. Continue with rest and ice, and follow up if pain worsens.",True,,,,,2025-08-21T04:46:36.293423,2025-09-17T23:14:36.293428
226bb34d-781a-434c-a495-3217521c26a5,e4fa6521-7959-4357-b434-78aad1fd9a3b,4a14469f-9331-414d-a2df-85978cedb7dc,"Hello, I've been having chest tightness when exercising. Should I come in for an evaluation?",True,,,171bbc4a-cf2a-4adb-9b83-bca4e73084dc,3760ec16-cb4f-4d8a-99c3-572e627a9ab0,2025-08-30T10:48:36.293488,2025-09-13T15:04:36.293493
1a0f512c-386e-4244-ab0c-39f6dc3336cc,4f07f9d0-b9ed-40ee-b97c-3dd9aba5a915,bfaffdad-803e-4ec8-a243-aee812888e86,"Hi Julia, your cholesterol panel shows improvement. Continue the current statin dose.",False,,,38ea1895-bb34-43fc-a0c7-f31efdee29b5,,2025-09-02T15:36:36.293549,2025-08-29T07:37:36.293554
ff38fc0c-aa6f-405e-8efc-d931eca0447b,5bfc6771-bd9b-47ff-bd2c-8e106aae9c5c,967ff395-921d-414a-9078-0bfc1a66c6e9,"Good morning Angel, the CT scan was normal. I'm glad we could rule out any serious issues.",False,,,,,2025-09-14T14:42:36.293576,2025-08-20T21:08:36.293581
e3ac9a40-f645-4d67-8dfa-ba49009fe59a,8ae900de-bd5f-4aac-8df4-5cfe6e04a2d8,57be058d-0bae-46a1-bb08-f009d1cd95a5,"Dr. Dr. Pacheco, my blood pressure readings at home have been higher than usual. Latest was 145/95.",True,,,,,2025-09-03T13:57:36.293687,2025-09-04T01:21:36.293692
9a7b954f-523a-4f54-9c5a-cc9eaed4a172,99fca50b-96bf-4e4b-b252-2163393b0b30,360120d1-2370-41c8-ac75-9156ff0c3ebf,"Hi Dr. Dr. Gallagher, my pharmacy says they need a new prescription for my Lisinopril. Can you send it over?",False,,,d312f50a-e45b-4d03-a0cc-69c9a28f6be5,,2025-09-08T10:53:36.293894,2025-09-11T10:39:36.293907
2c719729-4000-4c4c-bf4d-2a02ad3a064c,0a697374-66e8-41f5-a2af-7eacba919dbf,06b9f39d-5ae6-4afc-9afd-2a69360b4859,"Hi Dr. Dr. Lopez, my pharmacy says they need a new prescription for my Lisinopril. Can you send it over?",False,,,5e73ad5f-62e5-490e-83c9-76f3a589cf4c,,2025-08-24T19:13:36.293951,2025-08-20T05:08:36.293959
eea1fe86-012b-425e-8de4-b143c36863ae,0d68d4d3-9c5a-4fff-b0d3-419a38a5db77,ca291ed4-967c-44c2-915b-6f297e9036fa,"Hello Raymond, the X-ray shows no fractures. Continue with rest and ice, and follow up if pain worsens.",False,,,,,2025-08-27T17:51:36.293980,2025-09-19T00:07:36.293984
7d6e0310-2a8f-46ac-b9da-b272ced29b55,e43dda6b-32f7-48c0-8a76-aefddbd6b5e9,8d88871e-f796-4572-ac55-6dd118aafd2a,"Hi, I've been following the diet plan we discussed and lost 8 pounds so far!",False,,,e29cb088-0b00-43b1-bc6e-22969e83c0ae,,2025-09-11T09:34:36.294068,2025-09-05T16:26:36.294073
4f5d7d70-4039-420b-a3f0-a6353c7d0701,65d00c39-294d-4be5-9706-1c372be69e89,b3d8a5e0-0d34-4c41-a75b-6cea7d75e68c,"Hi Anna, congratulations on your weight loss progress! Let's discuss adjusting your diabetes medication.",False,,,ff99a4ba-7a8a-433f-a81e-fcd454ae6a3f,,2025-08-26T16:31:36.294125,2025-09-07T19:52:36.294130
570e2a99-2a4d-4fa2-9e06-ad7317bf76b6,512ff1e3-b268-424a-a399-0b59794fb37d,86fbf723-bfe8-412c-a6b5-92acb49aa193,"Hello Daniel, I've cleared you for surgery. The surgical coordinator will contact you about scheduling.",True,,,,,2025-09-09T13:52:36.294214,2025-09-14T15:25:36.294218
1f25e77f-a407-4302-abc3-9b100e999b73,0d19ca7e-d9d7-4bc5-9627-132a18beb004,59d3a884-4d03-4f25-aa0c-b0ecdffc5ab8,"Hi Dr. Dr. Miller, my pharmacy says they need a new prescription for my Lisinopril. Can you send it over?",True,,,,,2025-08-20T16:18:36.294297,2025-09-06T16:38:36.294302
de4c42bf-f908-48a1-bdbf-b79a4390372c,15f5eda9-37e8-4c64-a775-aa85ffefbb2d,0a697374-66e8-41f5-a2af-7eacba919dbf,"Hi John, congratulations on your weight loss progress! Let's discuss adjusting your diabetes medication.",False,,,af97dcb2-5e60-4413-b440-fc5a8b47de6d,,2025-08-30T22:24:36.294330,2025-09-11T03:17:36.294335
7dbb7683-c7ed-4fcd-8d4b-250b09c769c9,b9786bff-ff69-41d7-a4f2-5dd11d9a4db0,da622f57-c0ac-4ff6-abab-7ad2b6158ee8,"Hi, I wanted to let you know that the physical therapy is really helping with my back pain.",True,,,dc74ed1d-965d-4102-9122-43b09818f88f,a6cadf1a-f8ae-454d-b19e-cdb44ad95b42,2025-08-22T06:54:36.294372,2025-08-21T01:26:36.294377
5f2d546e-9446-469d-b60f-c97b50b0a85b,2cf9fafd-7fa2-4f51-8886-0e3b71ed4f80,1ce354d8-f188-4470-8cea-c72bfecc3201,"Good morning Brooke, I've updated your treatment plan based on today's visit. Check the portal for details.",True,,,,1773061a-fba9-497e-bb0d-62b952de2aaa,2025-09-08T11:06:36.294452,2025-09-16T20:47:36.294456
c9edfed6-fc70-4b14-9dcf-315ab5bae4d8,e2ca2189-761c-4fe2-a873-5467819e8f57,4dfb5996-09c7-44f0-afce-00c8d1298f6a,"Good morning Jessica, I'm sending over a new prescription for your blood pressure medication.",False,,,,,2025-09-16T10:05:36.294488,2025-09-13T13:32:36.294493
54e3419d-43e7-4e95-be80-aaf466b6f843,e4fa6521-7959-4357-b434-78aad1fd9a3b,6bd1bd28-76b7-4bdb-a01b-f8fed69ea409,"Good morning Dr. Dr. Odonnell, I've been experiencing increased fatigue lately. Should I be concerned?",False,,,,,2025-09-09T10:25:36.294549,2025-08-23T13:42:36.294554
d7f53b39-8156-4b9d-8358-8bb50140c58b,73432074-f8c1-4343-ad72-139535f8de45,f2ad3f49-2b52-4074-91e2-9b643bb465e2,"Hi Olivia, congratulations on your weight loss progress! Let's discuss adjusting your diabetes medication.",False,,,,4806f01d-d774-46f0-9b58-95d6a888b9aa,2025-08-26T17:40:36.294629,2025-09-11T10:55:36.294634
be5c3f8e-687b-4f55-8a7f-e068fc2c53bf,f9c824a0-b067-485d-9a00-0f0e3682d5fd,a05bac2f-f608-4882-a6b5-f9d9db87cfb8,"Hello Daniel, the X-ray shows no fractures. Continue with rest and ice, and follow up if pain worsens.",False,,,,,2025-09-05T16:58:36.294670,2025-09-04T05:42:36.294674
236e7919-8b05-441d-8f31-8e5837008502,dc7fdf9e-2260-4891-b8ad-3dd2b75d3ef0,739b096f-ca2f-42ff-9a2d-be75d6ba92fc,"Good morning Jonathan, the CT scan was normal. I'm glad we could rule out any serious issues.",True,,,,97ecdef6-e221-451e-88d3-9b48c37cb91c,2025-09-08T22:13:36.294717,2025-09-17T19:48:36.294722
e84816b4-0583-4db1-b7b2-4942d8ef9df9,19f0b0a3-f086-46a8-917f-23c59013d60b,139d198a-3e44-4dd1-82ac-1301f74dcce2,"Hello Troy, the X-ray shows no fractures. Continue with rest and ice, and follow up if pain worsens.",True,,,,,2025-09-05T10:41:36.294777,2025-08-25T23:39:36.294782
a952703d-f6ac-4c60-9b7a-3185197708a5,1bf375e2-513c-4546-8f7a-ef1d26e255f0,8002e3b5-1ffa-4e70-985d-0f810640d013,"Hi Mike, I've reviewed your symptoms. Let's schedule a follow-up in 2 weeks to reassess.",False,,,,,2025-09-04T05:17:36.294795,2025-08-25T11:12:36.294800
adad2ae3-700c-4a5d-8e5a-d61dc6cd10a7,38f27c5c-5770-4ab5-94a3-cb4aa1ff7ee5,317df2a0-c718-468d-b704-71a5294215dd,"Hello Allen, the X-ray shows no fractures. Continue with rest and ice, and follow up if pain worsens.",True,,,,,2025-08-28T15:31:36.294833,2025-09-13T10:29:36.294838
908bfdee-8b9c-457a-a77f-bd490a0bf343,ce4f3092-64e6-4bab-a1fd-2247ae2e3847,781ebbe3-0ba9-4147-9a4d-0b8e0d58d760,"Hi Dr. Dr. Moran, my pharmacy says they need a new prescription for my Lisinopril. Can you send it over?",False,,,faa7f2f4-dbff-4141-99fb-093c71bd3860,,2025-08-21T23:26:36.294914,2025-09-13T21:21:36.294920
d19f89e6-dc1e-476f-a919-c4ff683e21fb,8e1fcdd8-f962-4c38-bd41-69c97884ab90,57f4857b-2ae5-4dc6-9959-ab5d3c9f5aef,"Hi Edward, your blood pressure is well controlled. Continue current medications and lifestyle changes.",False,,,,aa1abf01-7e14-4e1d-9aed-372000a403a2,2025-09-02T12:52:36.294983,2025-08-22T21:55:36.294987
ceb5672c-9844-4709-b823-45a3e08d020c,13a94f92-19fa-4911-b248-dcb571c770bd,935fc881-619d-4ce2-9771-744d0bc22cd9,"Dr. Dr. Gonzalez, my blood pressure readings at home have been higher than usual. Latest was 145/95.",False,,,,,2025-08-26T04:09:36.295073,2025-08-26T07:37:36.295077
efb20f8e-f51f-46ff-813d-36f4e1e3fc53,79cc466a-f531-41ec-bbd8-b789192bbdc3,15f766ba-34fa-486b-9f3f-77e3354e9c06,"Good morning Loretta, the CT scan was normal. I'm glad we could rule out any serious issues.",True,,,a6f03251-6727-4011-bcb2-8eb1e0852a28,fde43561-4aae-4124-afb5-4ca2151d4ccb,2025-09-12T12:47:36.295124,2025-09-11T18:23:36.295128
c48c06ad-3661-4c14-bec7-0967efa97e1d,51d4eea9-9a0d-493a-8eab-954032669d7a,5b1c42b3-0972-4988-8626-380ecb84e533,"Dr. Dr. Jenkins, my blood pressure readings at home have been higher than usual. Latest was 145/95.",False,,,5391f0a6-d125-426d-abbf-67bbd75ac14c,e0a30543-91c1-42c1-9fa7-8a815478fe21,2025-09-08T00:21:36.295149,2025-08-26T04:43:36.295154
49bc5897-b119-4379-a503-a9c9793095c3,4a49479f-45df-40f9-8566-ee3e05568651,9b55be8a-2c97-483d-a9d5-50359222ab5d,"Hi, I wanted to let you know that the physical therapy is really helping with my back pain.",False,,,,,2025-08-27T22:53:36.295216,2025-09-01T16:21:36.295221
7466a29a-5d5a-42fc-85bd-f204771b12a2,0f5decc2-5430-4f6d-a698-162582ed7127,d3bf2883-bdac-45c8-b82a-8f0db88bfde6,"Hi Shelby, your cholesterol panel shows improvement. Continue the current statin dose.",False,,,,,2025-09-15T06:24:36.295318,2025-08-31T11:06:36.295323
0f19da62-56b0-4ece-8cb8-505e2226cef1,77878834-0690-4a2a-b8fd-df59f5144678,72942fe8-61a7-4fea-8512-db28bc6c5367,"Hi, I uploaded my lab results from Quest. When you have a chance, could you review them?",True,,,757349d5-bc0b-4479-b631-8fca94b8b323,,2025-08-22T22:45:36.295385,2025-09-13T20:20:36.295389
0d40a196-4450-49ff-8c18-60f6ab4ee868,85bf798d-5d18-4d04-b161-d194acb32fde,eb255403-29be-4958-a4fc-a594df497476,"Hi Charles, I've reviewed your symptoms. Let's schedule a follow-up in 2 weeks to reassess.",False,,,,,2025-09-17T23:24:36.295444,2025-09-06T02:02:36.295449
2c702382-22d5-4d75-8dd5-80da9ff819d6,354dae6f-54b5-458f-b205-d2969f529fc8,a897bbfe-fc85-499c-8e66-9860398f6cad,"Hi Daniel, your cholesterol panel shows improvement. Continue the current statin dose.",True,,,,1c78fd24-7dfb-4197-9630-6e62d7cf4d50,2025-09-07T05:21:36.295528,2025-09-10T04:57:36.295532
ce58702e-9a66-4881-859b-faaadf6c5ba3,37c90c84-6de8-4a5f-abb0-dcff4c0425d3,927033ce-3c4c-4231-9187-39031dacf16f,"Dr. Dr. Green, my blood pressure readings at home have been higher than usual. Latest was 145/95.",True,,,78a0ab6a-5563-421e-9931-d590934b12e1,,2025-09-16T07:46:36.295611,2025-09-12T13:13:36.295615
4ffa6eb8-c50f-4062-9057-87415677bc47,c2526f2d-724a-444c-a1ba-7243aa8e46ff,04b4d59b-b2ff-42c8-b7d9-d93822e25586,"Good morning, I'm traveling next month and need refills on my medications before I leave.",False,,,,1d08b6eb-f621-4011-94c5-82fa27d69d27,2025-09-11T01:42:36.295639,2025-09-16T17:22:36.295643
0c4e9826-2ea4-4cb5-9af3-e373639cc087,51be0c18-eca0-4679-9f70-f3d205fe4af6,933bec3d-047a-407c-b55a-e5cd80eb85ab,"Good morning, I'm traveling next month and need refills on my medications before I leave.",False,,,6c983055-4b57-44b0-a015-4befddafaf9f,,2025-08-31T02:43:36.295696,2025-09-13T08:23:36.295700
f5c10171-6719-43e5-a69e-716c1ee88253,b97d46da-3502-4084-9578-9b121e415ea9,b9d1748a-0865-458e-861d-39489712e6d2,"Dr. Dr. Peterson, my blood pressure readings at home have been higher than usual. Latest was 145/95.",True,,,,,2025-09-11T13:37:36.295747,2025-09-15T16:41:36.295752
6e1075da-86bb-410f-a24f-1328265f701a,dd7c61f9-c658-41a3-8906-13ab9c784459,b5cc2ba6-a5de-40f8-a848-8e5c69e567c3,"Good afternoon Jody, I've referred you to cardiology for the stress test we discussed.",True,,,,18abeca0-6abe-4e07-9f65-216707fff984,2025-08-29T00:46:36.295839,2025-09-02T12:43:36.295844
9d4e2730-fc28-4381-aa48-7f208c18382d,44079cea-c77d-4a39-bb32-a25ce82ce444,8c59b730-593c-478c-9a32-b853dfdf7461,"Hello, I've been having chest tightness when exercising. Should I come in for an evaluation?",False,,,,1d9dd6f4-abf1-42fd-9763-98842df784fe,2025-09-04T11:22:36.295922,2025-09-02T23:00:36.295928
c26d6f80-1781-4dd5-b2af-6e0d54074ed4,2b2dd892-1da9-4ee7-8120-3d7fc1b8cb6e,ada9bb0a-ccb1-4fa8-b3a7-155f14b5d81b,"Hello Nancy, your mammogram results are normal. Schedule your next screening in one year.",False,,,,,2025-09-10T16:57:36.296008,2025-08-25T23:30:36.296012
0a54fb9b-61e8-47e3-923f-44b5b4a9f98c,f2ad3f49-2b52-4074-91e2-9b643bb465e2,76d41c83-50bf-48ca-88de-ab319defb1f9,"Hi, I need to reschedule my appointment next week due to a work conflict. What availability do you have?",True,,,c195b7c0-7609-42d1-9d60-7e6926e5f011,,2025-09-10T10:13:36.296081,2025-08-29T13:27:36.296086
e9cb4ed1-b437-40b2-9d2e-4607b25f83e0,c95af266-7d78-4398-829f-56a339d9fae4,8b9033be-901a-4a4e-b1d6-218ef92e1ef8,"Hi, I need to reschedule my appointment next week due to a work conflict. What availability do you have?",True,,,,,2025-08-22T01:04:36.296155,2025-09-07T09:38:36.296160
49088047-b31d-452f-a116-c75bac2ba67c,6d2f6d10-07e1-4e97-b5fb-b2bbefaf0dcd,5148d8b7-4c3a-4ee0-9a68-bddf11380145,"Hello Joseph, I've cleared you for surgery. The surgical coordinator will contact you about scheduling.",False,,,1a4b3b9e-721f-4b3d-9794-f2402783edb6,272cd9cb-105e-493b-b56b-768efed1afd7,2025-09-18T03:13:36.296239,2025-09-09T02:48:36.296243
1717ab87-9986-42cd-9536-efa3b1fc7009,c56366fe-22df-4e23-bb1f-1274a7d6a60f,a43e2b93-f487-4063-b6b8-266600d31f7a,"Hello Ronnie, your mammogram results are normal. Schedule your next screening in one year.",True,,,,,2025-09-04T19:46:36.296277,2025-09-11T18:44:36.296281
31e15881-8f5d-49ff-bc1d-37663a23758b,4f1b57ab-ddb7-492a-bfef-e0a52d3972b2,2a037eba-7066-4be6-bef3-26209a9efb8b,"Hi James, congratulations on your weight loss progress! Let's discuss adjusting your diabetes medication.",True,,,,3802d14a-16fd-4f8d-98c9-0c676335a716,2025-08-31T16:38:36.296309,2025-09-05T10:28:36.296313
a2c1e603-0be5-4aeb-bc1c-1964645ecdd5,4d66fc72-1b34-4f14-9855-36340199a0b6,9f945a32-d348-49ed-aaf8-51babd630cf4,"Hello, I've been tracking my glucose levels as you suggested. They're ranging from 110-140. Is this okay?",True,,,,6bd98f4c-69bb-41cc-b4a0-143f32e52a19,2025-08-21T17:15:36.296347,2025-09-14T20:17:36.296352
944b0956-48d4-482b-aafa-6e264102cee4,a50bd545-aefd-45f6-ad0e-f14279064acd,1990127f-17c7-4d6d-8490-ef9215fa24dc,"Hello Zachary, your mammogram results are normal. Schedule your next screening in one year.",True,,,,,2025-09-03T15:48:36.296421,2025-09-12T10:01:36.296426
2a52189f-4638-4009-b135-484c6b044465,c5d7a1f2-a586-4e96-b745-1b74a49613a4,9c238bc0-a64e-4995-901f-e6cb16ad62eb,"Hi, I need to reschedule my appointment next week due to a work conflict. What availability do you have?",True,,,aab41206-0522-436d-9eb5-c9460d3a1089,,2025-09-09T21:55:36.296507,2025-09-15T21:01:36.296512
82555c51-44ae-4a14-97d2-eff3a3802324,50ec6cf6-151f-4f9b-9cd6-b42b007a4c0d,933920d7-2d6e-4a13-a398-c55a11625ba9,"Good morning Amy, I've updated your treatment plan based on today's visit. Check the portal for details.",True,,,,,2025-08-24T01:58:36.296549,2025-08-22T15:48:36.296554
35aa6161-8894-45b8-9719-fbb771329fb9,619ef1cd-9b62-4a03-a449-f739b18731c1,49d47dca-64ff-4da1-bb58-80ad1372f050,"Hi, I uploaded my lab results from Quest. When you have a chance, could you review them?",True,,,65522519-3e77-489b-8022-82039e34602c,,2025-09-16T15:00:36.296599,2025-08-31T14:51:36.296603
2a6641a9-f0a1-4d7b-9b83-4553e19fc682,634b940d-6fed-4194-a1b9-e785ea4b3c60,cfd04bea-662c-46bb-8788-821372a75227,"Hi, I need to reschedule my appointment next week due to a work conflict. What availability do you have?",False,,,,,2025-09-13T08:29:36.296674,2025-09-07T05:56:36.296679
a0c744bf-108a-4ddf-9845-b48e00e4fa3a,093969a8-96ea-48af-ad20-4ddbbe92fd05,cf664804-301b-49d6-9e64-62de65446b4d,"Hi Richard, your blood pressure is well controlled. Continue current medications and lifestyle changes.",False,,,a5a8b3ff-da07-425a-8cf0-7ef1f31ec9f5,,2025-08-19T11:20:36.296755,2025-09-01T06:13:36.296759
bb5bc2fd-9e11-446a-8eae-d50f6da540f0,f6aa5609-14fe-4909-9dfa-2c895deac204,72b38c53-a24a-4551-8bcb-e547b46623f5,"Dr. Dr. Harris, I'm concerned about a new mole I noticed. Can we schedule a skin check?",True,,,d92646a0-b512-4079-85a3-77be48afac8d,,2025-08-28T05:19:36.296797,2025-08-24T13:15:36.296801
e7fd5562-293f-422b-9750-670f93c38c1f,8de25771-6f56-4a7e-924b-4d73b36960b5,563a3db6-99d6-48de-9863-c9a6d622bba8,"Dr. Dr. Garza, I'm concerned about a new mole I noticed. Can we schedule a skin check?",True,,,19244542-096e-4afb-ab5f-440acbcb4769,,2025-09-07T03:50:36.296827,2025-08-22T09:28:36.296832
4ab3c7ad-7d38-41f4-aab8-2e89b087b0ca,4b9a5de4-7bdd-420b-88ab-8f85b4862ca0,95a0bf52-b98d-4f33-960b-9dac11e713c7,"Hello Annette, I've cleared you for surgery. The surgical coordinator will contact you about scheduling.",True,,,,,2025-09-04T05:22:36.296857,2025-09-04T18:30:36.296861
29f4692e-b882-4dab-9f65-186ba3367f8a,ddc28a8b-6eaa-42cf-847d-c501a2d0a400,0574eb2c-6c6b-4feb-9bf0-6918740d8adc,"Good morning Jacob, I've updated your treatment plan based on today's visit. Check the portal for details.",True,,,,,2025-08-24T14:13:36.296894,2025-09-09T15:12:36.296898
a0afcb00-29d7-46dc-8ec7-57460321ebc4,87dde43d-9e6d-42db-bb41-e3b923422ff3,74f9dc7c-4c6d-4408-aeac-0d5a9a715372,"Good afternoon Mercedes, the specialist confirmed our diagnosis. We'll start the new treatment next week.",True,,,,,2025-09-09T03:29:36.296930,2025-08-23T08:39:36.296934
ce448b88-c0ac-411c-813c-b396bbe71150,d74d9d3f-ac5b-4502-8a27-cbc9fa6e51c7,5dbfe6d2-f9c5-4842-a121-f84e5932ada4,"Hi, I uploaded my lab results from Quest. When you have a chance, could you review them?",True,,,,,2025-08-27T23:36:36.296972,2025-08-23T22:16:36.296977
2528611d-0184-4290-8110-dbe8fa957599,7236eedf-cd41-40bb-af49-1d068124e9d5,41b13d39-ba42-410d-bd66-743130ff56da,"Hello, I'm having some side effects from the new medication - mild nausea and dizziness. Is this normal?",False,,,a9bc0bbc-d02b-45e6-89fb-e12e1d67a614,f010aebb-e82d-4e4b-aa54-aba6f709176e,2025-08-31T05:28:36.297017,2025-08-29T08:49:36.297022
675335c2-31d4-414e-9709-6083fec43b9c,1e5f275e-c922-46f8-8fdb-7c5af33f2ccc,f58efa91-172c-4a69-9ea7-9e5296bb9734,"Good morning, I'm traveling next month and need refills on my medications before I leave.",False,,,4603e76a-93a2-4d71-9031-063c1935c1e4,,2025-09-07T06:33:36.297042,2025-09-14T22:05:36.297047
ca30307a-3863-4595-ad20-eb92ac06be73,c8cf9684-ec3f-431b-8f22-8c22e3e4da47,4d74d9ce-8762-4295-bd5c-fa3493d0b294,"Hello Sandra, your blood work shows slightly low vitamin D. I'm prescribing a supplement.",False,,,145ea0f9-fed9-43f3-a685-171350fa39ed,,2025-08-23T03:20:36.297063,2025-09-05T17:04:36.297067
96b4af00-f505-4b19-bc81-a33a792700ff,a373593f-678c-4127-9e1f-65521f0901cb,d5fb9233-39e5-4219-9239-691fd24443ad,"Good morning Robert, I'm sending over a new prescription for your blood pressure medication.",True,,,,,2025-09-14T09:04:36.297147,2025-09-10T21:59:36.297152
7e00b836-2b78-45da-849d-89231e5e9198,2715933e-8b7e-43db-841b-a67e4cb3b018,e7761796-0e67-40c2-b2aa-09802d6f938b,"Good morning Amanda, the CT scan was normal. I'm glad we could rule out any serious issues.",True,,,,f64f09ad-a7c7-4eb7-aca0-9618b10affad,2025-09-07T08:18:36.297223,2025-08-31T09:51:36.297227
82537319-cc50-46dc-a882-bd9cd87aaa1a,0dc702ed-6bd8-4eb8-bdd3-d3ae7a9499d4,f9d65d9f-ea92-4d21-a87a-3ad51b72f885,"Hi, I uploaded my lab results from Quest. When you have a chance, could you review them?",False,,,1c5a09ef-70b7-4e88-b7d7-05c6631281f5,,2025-09-07T00:09:36.297271,2025-08-28T21:29:36.297276
17a0adc4-7981-4ff0-9a82-df8dfa6de90d,c818f1ec-4adc-475e-aa56-ebdd90f243c4,ec681dee-9324-49fc-9375-fc588402c19c,"Hi, I've been following the diet plan we discussed and lost 8 pounds so far!",True,,,,,2025-08-31T00:55:36.297293,2025-09-04T16:05:36.297297
f4e4718a-b02b-4050-8dce-ac8c728fb24e,a85cfd31-0b55-400f-93b7-75120138d5ba,92211153-5fc9-4126-b180-0ba1296e88ac,"Dr. Dr. Phillips, I'm concerned about a new mole I noticed. Can we schedule a skin check?",False,,,,,2025-09-10T18:08:36.297332,2025-09-09T21:55:36.297336
35ad8def-5038-4c3d-bb42-51e05c6643cf,af9f011f-621e-427b-ad86-0db0a0291130,ecc29589-fcfe-45c6-a912-4b5153fdbab0,"Hi Dr. Dr. Hendrix, my pharmacy says they need a new prescription for my Lisinopril. Can you send it over?",False,,,17269c4c-bfea-47d5-aac5-fb439c43e9ca,,2025-09-16T21:12:36.297397,2025-08-19T14:22:36.297402
79397373-8938-4b73-af5c-478072dd35f9,49f259a4-d4ff-4cea-a221-c2bdc2426f56,af0e32f6-112d-4c5a-a0da-d1e5e825f90a,"Hi, I wanted to let you know that the physical therapy is really helping with my back pain.",True,,,,,2025-08-30T09:20:36.297462,2025-09-18T01:41:36.297466
94ff05b1-04aa-47dd-9be9-be72c82551a8,374ed3a1-33e2-4ba8-99ef-6e1cd2bc37f7,b2406873-5632-46d7-8294-da4491841740,"Hello Luke, your lab results look good overall. Your A1C has improved to 6.8%. Keep up the great work!",True,,,,f116d0fc-1e5f-473f-b4ff-8c3290765827,2025-09-07T13:39:36.297546,2025-09-10T23:50:36.297550
900b3945-a366-414f-aee1-2f942b2f9128,3bc212f8-1840-42b4-ba9c-4d3cf83a4fc1,5f7e0167-72e2-4274-ae1f-da09e01276f4,"Good morning Rebecca, I've updated your treatment plan based on today's visit. Check the portal for details.",False,,,,249f766c-055f-410f-b319-7263c495cc49,2025-08-28T08:49:36.297614,2025-09-08T16:26:36.297619
00369e2a-956b-4909-998c-fa055004e15b,656ada04-5ee7-4f88-80c5-8239f525161c,6acc7b2c-1281-4d76-b290-8b1af6df3860,"Hi, I wanted to let you know that the physical therapy is really helping with my back pain.",False,,,,22830679-694e-4fd0-b0a8-de05a0bf6f60,2025-09-18T14:29:36.297687,2025-08-26T02:09:36.297692
723f8c56-4923-4d9d-8cae-2037b25f29ca,7ca05120-8357-4667-a080-955b79ec85ae,1f3facab-34c4-48da-a775-07607b890078,"Good afternoon Andrew, I've referred you to cardiology for the stress test we discussed.",False,,,,e3e7e6d8-5c77-418f-9cc7-10ae7e795d9d,2025-09-10T17:09:36.297744,2025-09-06T20:15:36.297748
bf1ca245-7425-42ce-8728-161cfec9e946,6894269f-866c-488e-94d2-eb4ceba55715,5bfc6771-bd9b-47ff-bd2c-8e106aae9c5c,"Hello, my insurance approved the MRI. When would be the best time to schedule it?",True,,,,1dfc1876-98d9-4598-a6a9-0ba363bb0929,2025-08-20T05:47:36.297767,2025-09-14T13:24:36.297771
0dc6e6e8-37ce-431c-af7e-ff2d085b318f,c2e31e0f-ca23-42d6-a2fb-b209dc2d6f4d,c7d29320-5d2b-40c3-95f3-e8e4a8003b3e,"Hello, I'm having some side effects from the new medication - mild nausea and dizziness. Is this normal?",False,,,,,2025-08-22T16:44:36.297847,2025-08-27T19:07:36.297851
142fd28f-277a-4c01-aa7d-2f95e145d859,7620fb6e-20c3-4150-95b4-e4f09ee8406d,26a814d9-ff30-4089-bddb-aa5fc8e8b93b,"Good morning Dr. Dr. Ramos, I've been experiencing increased fatigue lately. Should I be concerned?",False,,,,,2025-08-23T08:05:36.297877,2025-09-02T10:38:36.297882
ae1dec06-eb04-4ab7-af22-0201b55a585f,73d2ac84-1829-4858-8a49-6d1dfaa58c2e,6d976662-da22-40eb-a6c1-8204e38a28d1,"Hello, my insurance approved the MRI. When would be the best time to schedule it?",False,,,,,2025-09-14T05:05:36.297955,2025-09-13T04:29:36.297959
bba97842-bce4-4300-83d2-43d98f597aa1,b5b416c1-9fdc-4b5f-abb2-fc20e877543a,6e36dadf-0b32-4b42-bc04-9da93fbec9cc,"Hello Shelby, I've cleared you for surgery. The surgical coordinator will contact you about scheduling.",False,,,775bb1a0-4025-4667-8161-08ed63c7947e,,2025-09-11T09:53:36.298010,2025-09-18T03:37:36.298015
89671f03-d370-4236-9008-cab4ce4e0526,3bbc5f35-1092-4732-91dc-4c14172bdfa1,a5d50aec-d6cd-4640-b50a-33a6a3611559,"Good afternoon Jennifer, the specialist confirmed our diagnosis. We'll start the new treatment next week.",False,,,d64c7fda-fbfa-480a-8427-b05f79494d4b,,2025-08-20T13:30:36.298065,2025-08-31T16:03:36.298070
ea390721-f18a-46dc-95fc-e2ff8aead03d,6f65b2f9-d5bb-4018-b926-e2680e063b68,93ac4c24-ca83-4e47-b41f-144d8adff0b7,"Hi Dr. Dr. Carter, my pharmacy says they need a new prescription for my Lisinopril. Can you send it over?",False,,,,,2025-09-11T13:35:36.298106,2025-09-07T04:29:36.298111
046ddabb-8079-45a6-8c26-16e7a175f067,51be0c18-eca0-4679-9f70-f3d205fe4af6,f1d43901-f4d5-4916-9d54-94ab2d2440df,"Good morning, I'm traveling next month and need refills on my medications before I leave.",True,,,,36e92a58-91c7-44ee-9bcd-1e998cec62fa,2025-09-14T02:26:36.298163,2025-08-29T18:00:36.298167
24096068-2803-4797-b130-83c3fe2a3a06,a5cf2d83-9abc-4897-839d-e0806d6cafe9,e6f7c5a4-25a1-4961-89af-03b70e0656f7,"Hello, I've been having chest tightness when exercising. Should I come in for an evaluation?",True,,,,,2025-09-05T21:09:36.298247,2025-08-20T00:08:36.298251
f5461f0f-2710-40d2-870a-ce4b8fe97ddd,4df696d4-4076-48d3-8d1d-1d9ebe8735e1,44e8586c-96bb-4335-9e7c-800b44df7a9a,"Hi Tonya, congratulations on your weight loss progress! Let's discuss adjusting your diabetes medication.",True,,,a6715ef9-558c-4f6c-aea0-81796544873a,,2025-08-31T11:52:36.298326,2025-09-05T16:44:36.298330
bb45314c-c05c-4470-828f-4d60c98377c9,6d61fc62-d323-4e73-8212-0b88199afe55,3c502e67-b81a-417d-9520-ed28d452601f,"Hi Maria, your blood pressure is well controlled. Continue current medications and lifestyle changes.",False,,,5ff6df5d-fd41-4495-947d-e394898d79dc,18e4c018-dba7-4ab7-8169-5e3525fdb538,2025-08-28T04:15:36.298391,2025-09-03T18:52:36.298396
1fd1b56a-7963-449a-bb78-6854c569f43d,6d78c928-ea74-464a-b5a6-0d708959cc80,a6c00a32-2a29-40c6-b509-7e05a653b8df,"Hello Andrew, your lab results look good overall. Your A1C has improved to 6.8%. Keep up the great work!",False,,,d370a924-29b8-4324-abc5-eab42db76b34,1fe666c3-7b1c-4cb5-8c11-2fbad0b6d0d2,2025-09-01T02:25:36.298441,2025-09-15T14:13:36.298445
0d5ca7e6-a47f-4c33-8ce6-16e059bbe0b5,7555a669-16f9-4dbf-a7ce-7188d920f2a6,1f1ad9ac-c318-4e83-92be-54afa4e72973,"Hello, I've been having chest tightness when exercising. Should I come in for an evaluation?",False,,,,,2025-09-01T02:29:36.298479,2025-09-06T09:22:36.298483
901451af-2a96-46d0-8868-e65d72f01ca7,76038686-fea6-4929-8d83-7e0f3fe9423d,77452ee4-24ac-4ac1-9a82-c200e06ea400,"Dr. Dr. Jimenez, I'm concerned about a new mole I noticed. Can we schedule a skin check?",False,,,,d82cc93b-8733-44cf-a4b0-dff2bf92a988,2025-08-21T05:14:36.298567,2025-08-28T22:18:36.298571
c5ce57a3-54d5-48de-b686-33fc5ece753b,08ebe70c-c8bc-46d1-a439-7840c0d76558,b8f14f80-7863-4954-97a7-7a2611752487,"Hello, I've been tracking my glucose levels as you suggested. They're ranging from 110-140. Is this okay?",False,,,,,2025-08-26T15:16:36.298590,2025-09-15T19:26:36.298595
ab88bef5-4278-4bf8-a693-309ee5cbd7ad,c8cf9684-ec3f-431b-8f22-8c22e3e4da47,07881a52-260e-48c1-9fbb-1769ac60fdf0,"Good morning Kelly, I'm sending over a new prescription for your blood pressure medication.",True,,,,ca8008c8-baf0-4efd-91cb-f6d56955a2f8,2025-09-11T15:00:36.298648,2025-08-24T20:21:36.298652
61cfb7cf-e0c6-46c9-9699-1579210cb016,f1fbd950-dba3-4547-bc85-de940a95271d,897f59b1-3d1a-47a0-8a61-0be2b92c184a,"Good morning Amy, I've updated your treatment plan based on today's visit. Check the portal for details.",True,,,,,2025-09-09T13:44:36.298736,2025-09-14T20:55:36.298740
202d9728-e6aa-4d90-9dce-461b3fd906b2,ed978de6-901d-4b3c-be3d-04dd08a1ea64,88baca89-3301-4c60-a700-125821bf0b2e,"Hi, I wanted to let you know that the physical therapy is really helping with my back pain.",False,,,c3682041-b2b8-4b75-ad27-49ce96a8ef5c,8ba93c9b-a71c-45de-a7e1-1214bc955e54,2025-09-18T23:04:36.298799,2025-09-11T00:34:36.298804
f67e4347-530d-4678-adb0-62b1ac7ea1ba,9431263f-1fed-4abd-b4cf-fe6cbb514612,0620bf19-ba4b-4644-8f24-7c499a3e928a,"Hello, my insurance approved the MRI. When would be the best time to schedule it?",True,,,625d57d1-e005-4685-aaa1-5fecb286ffb4,,2025-09-13T02:15:36.298881,2025-08-30T17:49:36.298886
df7edc09-c3d4-4df4-82f0-704481830c5d,1c7d9b92-8690-45ca-a4ab-2cb31b735f33,1f9bae02-132b-4a26-89e6-34ee9ffd1333,"Hi, I need to reschedule my appointment next week due to a work conflict. What availability do you have?",False,,,f21d2d39-903f-4707-9bc1-5e90bf0d1bd1,48d9d3d3-8995-49db-a63b-004a3d8ce3f3,2025-08-26T12:30:36.298914,2025-09-09T01:41:36.298918
f0d5a2f4-b549-41fa-86dc-ac17c4ed4fb9,d3e595ed-2e4f-4e54-8c06-2a9f5743b326,8ec0c650-94ce-46f0-af4c-d921cccb8fee,"Hi Jacob, the side effects you're experiencing should subside in a few days. Call if they worsen.",True,,,,,2025-09-16T09:34:36.298943,2025-09-02T10:19:36.298948
7c0bc348-b735-4c95-a845-a00a78143182,c95af266-7d78-4398-829f-56a339d9fae4,9034e9fe-aa04-4e5b-bce6-e724ac86f198,"Good morning Dr. Dr. Calderon, I've been experiencing increased fatigue lately. Should I be concerned?",True,,,1aa54e4e-a9fc-4c5d-bdf8-8b0a91c6a105,,2025-09-03T12:23:36.299022,2025-08-28T05:27:36.299026
a8dfc3f2-ee30-4253-9893-ef5fa58ab667,d85c634a-d8c0-4b8a-b474-ffe4bcf33a12,cd80d6a6-98a4-4eac-99d0-bf494d66efc6,"Hi Ian, congratulations on your weight loss progress! Let's discuss adjusting your diabetes medication.",True,,,,,2025-09-09T08:09:36.299040,2025-09-13T03:39:36.299044
4b2fa0ba-e647-4bf8-9fa7-e66810ab8cec,b2d303b0-3f76-4b41-8d43-481528a4c2f3,4fc28a26-22db-4cc5-acb1-c202647760c4,"Good afternoon John, I've referred you to cardiology for the stress test we discussed.",False,,,,,2025-09-03T07:46:36.299109,2025-08-29T08:32:36.299113
f41d566c-a3f4-4cfb-bad3-37c21338a4d1,086fe6c9-644f-4e2e-9f2d-60ed0a8cd196,2b2dd892-1da9-4ee7-8120-3d7fc1b8cb6e,"Hi Dr. Dr. Garcia, my pharmacy says they need a new prescription for my Lisinopril. Can you send it over?",True,,,,,2025-09-03T08:29:36.299148,2025-09-17T13:22:36.299152
595ce561-58a6-4e5a-a871-a82a3a05b578,5bfc6771-bd9b-47ff-bd2c-8e106aae9c5c,42180026-83d9-4d82-bc82-879799ed67cb,"Hello Bethany, the X-ray shows no fractures. Continue with rest and ice, and follow up if pain worsens.",True,,,,,2025-08-31T22:07:36.299181,2025-09-04T03:06:36.299185
ef94fa89-3be4-4ef1-8238-eef222b198de,967d93be-013e-4dd4-b13f-71572a60fb8d,83b695e4-3769-40f6-915e-9c38ca401282,"Hello, I'm having some side effects from the new medication - mild nausea and dizziness. Is this normal?",True,,,,424addf6-0dc0-4c9b-8530-71449c749aa5,2025-09-16T07:26:36.299219,2025-08-24T15:29:36.299224
9c23b9a7-1cd5-4ab1-b5e4-06065109ddf9,ecc29589-fcfe-45c6-a912-4b5153fdbab0,aca00108-d3d4-456e-8c38-7b5ee17a9c89,"Hi Alan, your blood pressure is well controlled. Continue current medications and lifestyle changes.",False,,,961c4cfa-88ea-4a3b-a52f-cb10abfa9ebb,,2025-09-10T22:14:36.299309,2025-09-02T08:26:36.299314
24d8479b-6e7a-4154-9ba0-47dd23b4edc3,bdf25844-7b39-40a8-a752-1f9fd3e9fd4b,ce5cb356-bc6a-44ad-9c62-d4b1bc60e35f,"Hi Brian, your blood pressure is well controlled. Continue current medications and lifestyle changes.",True,,,,,2025-09-15T14:47:36.299387,2025-08-23T22:20:36.299394
e3f5a4ae-e313-4501-b1a6-696bfe5aeee0,c21fda9b-9d94-40e7-84f8-36cece589ec8,7efdb972-1d34-47ce-bfa4-1503d285bd16,"Good morning Curtis, the CT scan was normal. I'm glad we could rule out any serious issues.",True,,,,96b5ba39-901d-4392-87f7-e733d3ab5066,2025-09-15T14:24:36.299483,2025-08-19T17:51:36.299488
b564aa82-4799-442a-91f3-416bf2e27a1f,871bd474-bd6b-4eac-8931-6db657bfd40e,5921349a-09d3-4bd7-bea3-87cfb3ed840e,"Good afternoon Kristi, the specialist confirmed our diagnosis. We'll start the new treatment next week.",False,,,8f129f46-bb13-4a03-86b3-71fcf7a5d37b,,2025-09-02T05:49:36.299514,2025-09-12T04:33:36.299519
d0c8641a-1069-4362-830f-bb98d4d25cae,fae917ae-da1a-468e-a3b4-0cc516eb4d24,b149a41b-8f07-4eb4-a083-793644d348f2,"Hi, I need to reschedule my appointment next week due to a work conflict. What availability do you have?",False,,,,,2025-08-20T09:23:36.299542,2025-08-30T04:20:36.299546
78551d0e-6da4-40ea-8f8a-c5e3dbb584a6,bbcb3dc0-8380-4c08-9a82-60e1cb61cf30,4c8c9abb-984f-4d41-940a-67755a2cffe8,"Good morning Dr. Dr. Willis, I've been experiencing increased fatigue lately. Should I be concerned?",False,,,,d8eee172-69fb-4ebe-8ecf-5982defe23ad,2025-08-19T19:59:36.299585,2025-08-29T17:56:36.299589
e872ad2f-de18-40aa-9de6-14e17140c84e,720cd0ee-016b-4433-ba3a-56f43a71f384,a398b5ed-c3c6-4128-b82c-930f7d23e347,"Good morning Chris, I'm sending over a new prescription for your blood pressure medication.",False,,,,,2025-09-17T12:31:36.299655,2025-08-30T04:01:36.299660
060b334e-2b33-436d-9fff-5db1bd9d9526,eb25e84d-a07a-4116-905a-3efa8bd78623,73baab7d-9399-43dc-95ea-7ae488a78950,"Hi, I wanted to let you know that the physical therapy is really helping with my back pain.",False,,,,,2025-09-08T16:17:36.299683,2025-08-24T01:12:36.299688
054e3455-5568-437f-aeca-03279705a4d5,933bec3d-047a-407c-b55a-e5cd80eb85ab,9e776344-bd3a-4889-86e9-56a66483cd39,"Hello Eric, your lab results look good overall. Your A1C has improved to 6.8%. Keep up the great work!",False,,,fb4fddf7-3e7b-4c6d-9ee3-cbab1be01f69,,2025-08-28T12:15:36.299756,2025-09-09T05:44:36.299760
0f1d9a21-e614-4fbc-805e-becf703451ae,00cc319b-64e5-4aad-9212-1588171eb326,e0656080-332d-4f03-bdd1-6353b5da6cf8,"Hello Nathan, your mammogram results are normal. Schedule your next screening in one year.",True,,,,,2025-09-06T01:02:36.299776,2025-08-22T07:52:36.299780
de934b90-0272-4b56-9ae9-b555dec5fe56,19490ff5-bb8f-4638-87f0-13046db26401,6c892584-1193-4dff-90c3-a83b92a4f51d,"Hello James, I've cleared you for surgery. The surgical coordinator will contact you about scheduling.",True,,,,,2025-08-21T02:30:36.299808,2025-09-08T02:20:36.299813
22321609-f21f-4cf8-9e51-1c9ac96bf756,94cc471a-9a82-4b24-9ecb-000a89e8ff8a,10b6cd72-f085-493c-875d-db126808eadc,"Hi, I've been following the diet plan we discussed and lost 8 pounds so far!",True,,,f4706540-146d-4b3d-a819-c4aeeb753661,8444279d-f555-4b16-9a2c-23456bb87f39,2025-08-29T13:40:36.299892,2025-09-05T12:22:36.299896
07794412-0342-4336-8c29-8231b92c9e12,4c9b24e9-1245-4f67-a78c-a6e02184737c,1f3facab-34c4-48da-a775-07607b890078,"Good morning Andrew, I'm sending over a new prescription for your blood pressure medication.",False,,,,,2025-09-09T01:18:36.299944,2025-09-11T11:28:36.299948
12c893d8-4dbe-407a-b90c-36b1cc105e79,daccce9b-d976-4f77-a25e-480491667b46,d72aa547-603a-4098-a6ae-ecbab78acd55,"Hi, I've been following the diet plan we discussed and lost 8 pounds so far!",False,,,ab7bad9d-2e78-4dc1-85ec-024f2288054f,4cfe82e8-e49b-47e3-8b60-7fe9da5895c3,2025-09-02T07:55:36.299992,2025-08-23T15:25:36.299996
579637fe-defc-4834-a565-195e0cecf80e,6f65b2f9-d5bb-4018-b926-e2680e063b68,57e30f1b-2a66-46cd-a412-711672ad87e2,"Good morning Dr. Dr. Ortiz, I've been experiencing increased fatigue lately. Should I be concerned?",True,,,812bd248-3c52-4489-a6bc-29975f52242e,,2025-09-07T19:36:36.300033,2025-09-15T09:14:36.300038
2efa5a20-03fb-4db6-914c-16f6195c86fb,cfe475ef-e62e-4c6c-8ee4-6f4205cc1777,cb2a56a0-a3eb-4a66-97ee-d1a2ca538f4e,"Good morning, I'm traveling next month and need refills on my medications before I leave.",True,,,5a2ff023-a77d-47d4-a5e5-cc16dbf1a486,,2025-08-21T22:29:36.300066,2025-09-07T13:31:36.300071
322ea8d7-f137-4b0a-b235-b1a91e07ddd3,e5923e5a-d579-4e15-847d-fc1a723b4083,f6aa5609-14fe-4909-9dfa-2c895deac204,"Hi Michael, your cholesterol panel shows improvement. Continue the current statin dose.",False,,,,3fc98784-50fd-47d7-8ee6-7ae79384f3ed,2025-09-11T12:14:36.300112,2025-09-05T02:04:36.300117
94354c12-d987-4190-b3ab-a30ef651da9f,0bc0c9c7-24e6-458d-838c-399cfd6f689a,b1bfc645-576c-4d06-8065-02b6f802a28f,"Good morning Donald, the CT scan was normal. I'm glad we could rule out any serious issues.",False,,,16bc063e-fbf3-457e-a354-2e6e209d07ff,e8ffdcfe-d4d4-4b43-be9e-63071bf547bf,2025-09-07T18:03:36.300187,2025-09-17T01:25:36.300192
93ac74a1-166a-4e48-a019-88be5bc11817,a6c00a32-2a29-40c6-b509-7e05a653b8df,eb832005-9289-404c-bc11-881e058430f8,"Hi, I uploaded my lab results from Quest. When you have a chance, could you review them?",False,,,,,2025-09-12T13:26:36.300231,2025-09-18T14:31:36.300236
f232d632-519a-4f0b-8b75-c9bef20304f1,2ca2f316-32c0-4863-8517-71964508ec7f,8f1a16fe-3a5e-4aee-9fa6-d16c7c3c402d,"Hello, I'm having some side effects from the new medication - mild nausea and dizziness. Is this normal?",False,,,,,2025-08-29T18:58:36.300304,2025-09-08T17:13:36.300309
4ff2c508-3f0e-4b0a-9701-28830287f87d,78c02980-c326-48fd-a18c-19779d83f537,f0a63acd-4105-4ed4-9fc9-790320058098,"Good morning Jennifer, I'm sending over a new prescription for your blood pressure medication.",True,,,604918d2-ccd8-4433-9d1b-e6ed905ccf06,,2025-08-30T11:59:36.300323,2025-08-19T19:44:36.300327
706aeacc-d4a6-4feb-afa8-487b0b036951,d77aa4ba-48f1-4022-a35c-d68dffa455ac,f9bef094-a9a5-450b-97f5-eb95d6ddfb96,"Good morning Kevin, I'm sending over a new prescription for your blood pressure medication.",True,,,,,2025-09-18T19:10:36.300375,2025-08-23T07:58:36.300379
79d14516-56f8-4614-b009-c8d67b0ebe69,8a9818ae-26ca-477e-97ff-8168cf323047,59200dc5-ded0-45ee-8431-f1416ec12b46,"Hello, my insurance approved the MRI. When would be the best time to schedule it?",True,,,,,2025-08-29T14:34:36.300412,2025-09-03T21:03:36.300417
c4ee2abe-e1fc-4330-ac0b-82b22788fda1,60e02da5-4dad-4af2-9025-cc480a58a409,ac2c6c99-b138-4169-bb81-2e5d050a1fe2,"Good morning, I'm traveling next month and need refills on my medications before I leave.",False,,,,,2025-09-17T22:42:36.300441,2025-09-16T05:54:36.300446
9f5fb250-f6aa-4326-8be8-cd4139dcbe7b,3e61c767-39e6-4411-884c-3a8e4dd17e81,4a879dcf-2f10-4db0-98d7-aef1e4ac99f4,"Good afternoon, I wanted to follow up on our discussion about my sleep issues. The CPAP isn't helping much.",True,,,,,2025-09-01T21:31:36.300490,2025-09-17T11:52:36.300495
95f987db-a4ef-478c-ae75-d50a31f945c8,17f11598-6d83-41f3-bc3c-4b4270139df6,de33098a-c019-4ef4-80f2-42bdc26d8081,"Dr. Dr. Meyer, I'm concerned about a new mole I noticed. Can we schedule a skin check?",True,,,657c41cc-800d-47f7-94b1-9754aac8cab5,,2025-09-07T18:38:36.300531,2025-09-13T05:20:36.300536
274f8aae-4eeb-4a24-9e15-926b890c9458,19f0b0a3-f086-46a8-917f-23c59013d60b,6223f499-7dcd-402e-964f-ee11a50fa54d,"Hi Michael, your cholesterol panel shows improvement. Continue the current statin dose.",False,,,,,2025-09-12T16:58:36.300601,2025-09-10T16:30:36.300605
974e641e-955c-4c09-82dc-abe43af61e7a,fc60b750-be4b-41c7-946a-a08438475467,17fdad73-93b8-4619-aa66-4c82558b06db,"Good afternoon, I'm having trouble sleeping since stopping the ambien. Any suggestions?",True,,,,,2025-09-08T01:53:36.300683,2025-09-16T06:19:36.300687
d3be8fb4-91d2-4db7-bfef-145473d1d1d1,5446a119-ed12-4e35-a360-711c72d69dbe,bb70198d-d0df-4fac-ab80-e0a8da96c402,"Hi, I wanted to let you know that the physical therapy is really helping with my back pain.",False,,,,,2025-09-11T15:48:36.300715,2025-09-13T20:36:36.300720
910c9796-4c3d-4070-8c00-b5fceae9952a,a0e7ef89-e3b9-4b45-84e7-bff2085268ff,10f9c009-286c-4d91-a12e-adb0dfd66471,"Good morning, I'm traveling next month and need refills on my medications before I leave.",False,,,,,2025-08-25T20:47:36.300774,2025-08-28T16:23:36.300779
de27ae54-1930-40d1-9c03-e6df841b1dcb,f03118b0-9d64-4ba4-bc0e-7734387ecdc6,19d7f340-f1ab-4b56-a4f9-5180d31de6a2,"Good morning Benjamin, I'm sending over a new prescription for your blood pressure medication.",True,,,99da8dd3-b83c-4e78-ba5e-509eb3008917,c69cbcd5-a28d-4f83-b39e-30a0872b4265,2025-09-08T01:29:36.300848,2025-08-27T01:05:36.300852
a24acb8e-26b3-4263-9b6e-535ae8058611,c78aa45a-ba6b-4214-932e-053ede4823bc,9cb33457-c84a-4a9e-a41d-f81666920570,"Hi Isaiah, your cholesterol panel shows improvement. Continue the current statin dose.",False,,,,,2025-08-24T15:20:36.300934,2025-09-03T05:22:36.300938
9ef08228-231e-4239-9b53-c0251a3385fe,5bea5e1a-e603-40e9-b2de-e6a8641ef18f,8ad2431f-b2ed-445a-91c1-c1a98a18bc10,"Dr. Dr. Haney, my blood pressure readings at home have been higher than usual. Latest was 145/95.",False,,,,,2025-09-17T17:52:36.301006,2025-09-10T00:00:36.301011
ebcbabbb-e84a-455b-bf1e-5688d40c334d,af0e32f6-112d-4c5a-a0da-d1e5e825f90a,da98c82d-78b0-4c4c-812a-0bf02be2d23f,"Good afternoon Kimberly, the specialist confirmed our diagnosis. We'll start the new treatment next week.",False,,,,,2025-08-25T12:09:36.301088,2025-09-01T22:51:36.301092
83e1dd9e-b0b2-493c-ae73-175cac56af74,bd638e85-0e46-4966-86c7-4d06c935848d,5f4d6e21-2a60-4bd5-afe0-7336c74915e1,"Hi, I uploaded my lab results from Quest. When you have a chance, could you review them?",False,,,e44d7f94-40cd-4b81-bedb-7b77df7a718a,,2025-09-18T13:25:36.301162,2025-09-18T17:44:36.301166
46e26aa8-44a2-48ee-b072-69add1322fee,9ae61abe-6c37-4245-acef-f73c7af6666d,a848431e-ca8b-453a-858b-6b384948c9da,"Hi Michael, I've reviewed your symptoms. Let's schedule a follow-up in 2 weeks to reassess.",False,,,5263fe09-c74a-4de7-ad4d-6ccaaf3acd80,,2025-08-24T09:01:36.301242,2025-08-22T01:46:36.301246
da37b3fc-b8bb-498e-bfad-f9fcf2778667,7d4bc0fc-44e4-4610-8af8-0556201fd3ea,5624a21a-3f74-4b4f-a929-55c64868efa0,"Good afternoon, I'm having trouble sleeping since stopping the ambien. Any suggestions?",False,,,,,2025-08-24T03:21:36.301301,2025-09-02T22:50:36.301306
d72ccb99-46ce-45d6-a4e9-6971805856f1,60e02da5-4dad-4af2-9025-cc480a58a409,a52828c2-036c-4ea7-af56-2ca165b25ecd,"Hi, I uploaded my lab results from Quest. When you have a chance, could you review them?",False,,,,,2025-09-11T14:01:36.301331,2025-08-23T13:06:36.301335
965d8a2d-a4e1-4010-bcc4-da1a967c68cd,374ed3a1-33e2-4ba8-99ef-6e1cd2bc37f7,e0cbf0a3-5079-4679-9f9b-fca61025d696,"Hi Krystal, your blood pressure is well controlled. Continue current medications and lifestyle changes.",True,,,cef68278-af57-460d-8c68-6ba83b0e07d1,,2025-09-05T14:52:36.301409,2025-09-06T20:48:36.301414
3a7830a4-a8d1-4673-a518-7541f41b394d,a3ab30fc-8f44-4c0c-8e15-92ca457e27b9,653f4928-8dde-4148-b93e-ed5a1f8848a8,"Hello, I've been having chest tightness when exercising. Should I come in for an evaluation?",False,,,,e9f86c63-ec2f-458f-9493-5d6de1afa316,2025-09-08T10:04:36.301465,2025-09-04T23:11:36.301469
8278de35-9486-4eeb-8dc9-4fdd39eee909,2dd37dae-218e-4757-9c41-00079c8833e2,fde2bc1a-c545-42c7-87e2-854220bf4941,"Hello, I'm having some side effects from the new medication - mild nausea and dizziness. Is this normal?",False,,,14b68e84-5602-4283-a64d-a8a2be244c06,,2025-09-01T19:52:36.301501,2025-08-24T02:25:36.301506
46038298-7611-4eec-9340-d06ad80c9921,0e1a3b98-50b0-44f8-98e8-525898f2a5ed,b86c8789-9d25-49f1-bb6a-84111d4f074b,"Hi Sarah, your blood pressure is well controlled. Continue current medications and lifestyle changes.",False,,,a213b07f-62d4-48f1-9c29-8da3e7c58de3,9b138f0b-fc48-4670-b1b7-0318305379ce,2025-09-01T05:16:36.301546,2025-08-20T08:06:36.301551
06add0be-53df-4d9f-ab1d-7c37e02a6075,5595c913-b380-4739-899f-8b7fc3abbf19,3e61c767-39e6-4411-884c-3a8e4dd17e81,"Hello Anthony, your mammogram results are normal. Schedule your next screening in one year.",True,,,,2229955e-2d94-4823-a851-1e57cfdeb21e,2025-09-04T19:50:36.301599,2025-08-31T19:16:36.301603
42b1cdb6-6a8e-407e-bb99-d27ded7ac98e,7bba007e-aeb4-410f-9b00-868137195741,abf12ea7-900d-445b-acdf-abac15577f51,"Hello Elizabeth, I've cleared you for surgery. The surgical coordinator will contact you about scheduling.",True,,,,39660e66-04e6-47af-bf2c-c39e46c13660,2025-09-16T11:29:36.301677,2025-09-10T08:12:36.301681
745a9bfd-675f-4c7b-a5dc-d49bed510d0e,50991fff-f0c3-4f69-b19f-e2e9e8039b0e,f1d43901-f4d5-4916-9d54-94ab2d2440df,"Dr. Dr. Watson, I'm concerned about a new mole I noticed. Can we schedule a skin check?",False,,,,,2025-08-31T00:52:36.301755,2025-09-03T14:05:36.301759
5f348039-d8ad-4082-a318-2b04dfb99550,0fff45ca-3569-4555-aaea-e91f91c9bc95,90862217-b2b6-4914-a8dd-66ad181de64b,"Dr. Dr. Rivera, my blood pressure readings at home have been higher than usual. Latest was 145/95.",False,,,,2cd19630-88f1-4a02-b3cb-01e6e7b64af7,2025-08-21T01:05:36.301835,2025-08-25T03:33:36.301839
4a2871f3-91bb-4ec1-8656-4a0467ddd3c6,45677d8b-09d2-4880-9994-aaaba7b14632,024b8cae-0d0a-4a40-bfb0-292ba00da303,"Hi Katie, I've reviewed your symptoms. Let's schedule a follow-up in 2 weeks to reassess.",True,,,,f3b315ce-d418-4e13-8b42-8e97eb8b5d69,2025-09-04T13:33:36.301909,2025-09-05T09:10:36.301914
5b13ce42-f49b-404a-be3c-ebefe6331466,19f0b0a3-f086-46a8-917f-23c59013d60b,425a35b4-947d-4fc8-9759-6a3f3d143fbe,"Hi Kylie, your cholesterol panel shows improvement. Continue the current statin dose.",False,,,1c6bfca1-ea22-42e0-841f-a6e2829c2dbc,,2025-09-01T22:31:36.301937,2025-08-29T15:48:36.301941
90913064-f516-4b52-ab69-842f078515b0,0f75b9d3-c5ca-44db-8eba-0a4075c2a5c0,8ebc0dd8-eb5d-4c7a-a42f-fbe616db06ca,"Hello, I've been tracking my glucose levels as you suggested. They're ranging from 110-140. Is this okay?",False,,,aa65755f-e630-42d5-89c1-51497dbc12bc,,2025-09-04T02:39:36.301959,2025-08-31T04:56:36.301964
e986389a-26e3-4336-ae6d-e424e075ed5d,6dffd5e0-7a75-42e1-8e4f-0b1fdd48f033,3c563886-eb1d-462b-bf12-ea8ce53fdaf7,"Hello Shawn, your blood work shows slightly low vitamin D. I'm prescribing a supplement.",False,,,,,2025-08-30T03:45:36.302042,2025-09-09T13:33:36.302046
01285c72-f945-42bf-a00c-d36cfe928b18,0e029546-18c8-45d4-a250-beb550c62336,96ba8ee6-27c6-43c2-87da-aa9521e126fb,"Hi Stephanie, congratulations on your weight loss progress! Let's discuss adjusting your diabetes medication.",True,,,,f94d4e8d-d95b-4ebb-ad00-22b7fab75a0e,2025-09-04T20:04:36.302131,2025-08-25T02:57:36.302136
b81b0300-48d9-4a7b-aaf7-4fede10e76ef,e3deda11-fbfd-476d-a489-e1a14fa1d054,85549289-85d6-4603-808a-ae7a3c34db2d,"Dr. Dr. Roth, I'm concerned about a new mole I noticed. Can we schedule a skin check?",False,,,,,2025-09-14T16:35:36.302211,2025-09-08T06:37:36.302215
9586805d-b763-44f4-b7f3-9493d0106dcd,6c9d9026-ad9c-43c7-ba05-5800620e0e47,19352c8e-3cdb-4473-914b-4e2506f2a37a,"Hello, I've been tracking my glucose levels as you suggested. They're ranging from 110-140. Is this okay?",False,,,e21834bb-7eb5-4abf-81ad-18e1b920eefe,966ac3d8-1bb5-4d7b-8f10-25023d3c895e,2025-09-09T15:55:36.302247,2025-09-03T12:10:36.302251
6f9fd080-647c-4676-b9b2-d424534daf40,1d3d4f2c-b255-46a5-951a-989d63f033f0,de2d814f-38d1-4707-ab70-a63b66ab4e97,"Good morning Brittany, I'm sending over a new prescription for your blood pressure medication.",True,,,,7cd495ff-a99a-4782-81a9-9b64603c1cbe,2025-09-01T09:33:36.302281,2025-09-03T01:00:36.302285
c63f43b0-2578-4c11-adf1-6ec8a86f864f,5148d8b7-4c3a-4ee0-9a68-bddf11380145,5457b468-4601-4cc4-8fd2-89954a081ac5,"Hi Dr. Dr. Schmitt, my pharmacy says they need a new prescription for my Lisinopril. Can you send it over?",False,,,,,2025-08-23T14:58:36.302360,2025-08-27T01:42:36.302364
14c056c4-2dc8-49fc-bf51-89029b7a42b3,c5b4c2b4-99f1-4b29-a104-67b368e16500,e94817a7-945d-4f8b-bd05-4211cd06101f,"Hi Tracy, I've reviewed your symptoms. Let's schedule a follow-up in 2 weeks to reassess.",True,,,df0a3dc7-ff20-41ce-ae14-7d324175e2f2,,2025-09-18T02:10:36.302418,2025-08-27T04:55:36.302422
f25a70a3-5f95-41b4-a1f4-d3859f4b7844,e21a7c8b-8095-4a67-b695-3782e70e5c6e,d8c9e6b7-80e3-423c-bb84-0c9937cf7d87,"Hi, I uploaded my lab results from Quest. When you have a chance, could you review them?",False,,,,,2025-08-21T19:36:36.302465,2025-08-28T12:30:36.302470
48f8c40b-f54c-483b-8748-7d12bd66b5a5,3e3f7002-4835-447f-b97d-06e004d0fc11,9e2ec154-553a-47dd-90a8-4e83d1f8b126,"Hello, I've been tracking my glucose levels as you suggested. They're ranging from 110-140. Is this okay?",True,,,d0fbe6ac-61a5-41ed-8a44-9075f45b4e68,3b0fdaf1-1696-4d1c-a199-979ef213b1a0,2025-08-23T18:31:36.302555,2025-09-05T18:09:36.302559
8e6f1f8b-e251-4cd3-a695-fec8bd6269be,deb464ea-3385-40f9-8a56-73ab8de952a0,86ab2c1d-fe44-4f2c-b421-f65d8cf4eedb,"Good afternoon, I wanted to follow up on our discussion about my sleep issues. The CPAP isn't helping much.",False,,,,,2025-08-29T19:28:36.302604,2025-09-16T20:45:36.302609
c868e91d-79a1-4da5-b6c4-f6d9aac36783,66e9ff9f-30ff-448c-8357-fc743eaa0ab6,5f57ce8a-d561-4431-a59b-4c3b18497bb9,"Dr. Dr. Barnes, I'm concerned about a new mole I noticed. Can we schedule a skin check?",True,,,,,2025-08-30T18:44:36.302633,2025-09-18T10:57:36.302638
b386456c-655c-47c3-a35d-1e365cc1afb4,a373593f-678c-4127-9e1f-65521f0901cb,7f968505-e645-4143-83b6-d15263b836e6,"Hi Jill, your cholesterol panel shows improvement. Continue the current statin dose.",False,,,,,2025-08-31T10:59:36.302717,2025-08-30T05:51:36.302721
6cca3e81-c220-47be-9556-c7d5da03fdec,ec681dee-9324-49fc-9375-fc588402c19c,973ab6d2-a6dc-4bb4-8b2b-0f34690344a6,"Hi Lauren, the side effects you're experiencing should subside in a few days. Call if they worsen.",True,,,7b53ed78-221c-47ff-8709-df9f1d3e1a04,ae479d21-4ff6-4f79-9097-a27c4d18bcc6,2025-09-15T03:25:36.302762,2025-09-12T21:22:36.302767
89861668-1f06-43e2-b803-d4764c7dc7a1,d7862b7c-a46b-4da5-bb51-568bb283eb0c,49b91f76-3bcb-414b-90d9-891f59d1146d,"Hello, my insurance approved the MRI. When would be the best time to schedule it?",False,,,1647f7d3-a49d-4f0c-b66e-33d730e5e423,ffb027dc-3528-44e0-b267-b26e159faeda,2025-09-08T12:01:36.302838,2025-09-11T10:23:36.302843
19111d39-b978-47a3-80b6-2960d2bfa98c,2ca2f316-32c0-4863-8517-71964508ec7f,36a032a9-d69b-4622-bb24-1f5796fef575,"Good morning Dr. Dr. Thomas, I've been experiencing increased fatigue lately. Should I be concerned?",False,,,28ab302d-23b9-4217-9bdb-3654547e5b23,,2025-08-27T19:20:36.302915,2025-09-11T07:08:36.302919
f56160e9-ea57-4000-b287-6693857f656d,621f11a4-6d69-4a8b-a02a-b8a72851f68d,efbccbdb-2baf-420d-a5a5-95c31f59057b,"Hi, I've been following the diet plan we discussed and lost 8 pounds so far!",True,,,19bd8e82-04fc-4904-940e-acf9a1b10953,fcc81f69-6c21-4226-9bdd-c9d05af4d165,2025-09-05T16:41:36.302983,2025-09-08T06:18:36.302988
ee30721d-1817-4ef9-b8c7-2554063483c3,5a1501f5-2c2b-454a-8d3a-7486521cf096,59d3a884-4d03-4f25-aa0c-b0ecdffc5ab8,"Dr. Dr. Miller, I'm concerned about a new mole I noticed. Can we schedule a skin check?",False,,,,,2025-08-22T19:13:36.303034,2025-08-21T12:18:36.303038
e8a1e600-b39a-4513-8258-9df3f5301c8d,f126e7d9-b0db-4d51-ba04-3681f1e11016,e5923e5a-d579-4e15-847d-fc1a723b4083,"Hi Dr. Dr. Farmer, my pharmacy says they need a new prescription for my Lisinopril. Can you send it over?",False,,,,,2025-08-21T17:54:36.303096,2025-08-22T13:42:36.303101
d29b50b1-6f9e-4de8-bc5f-e9f15e31ca11,f6a0845f-4040-4af5-8f0e-a22c3464de4c,6040ec7f-485f-4d3f-810b-21df3115aede,"Hello, I've been tracking my glucose levels as you suggested. They're ranging from 110-140. Is this okay?",False,,,dd3ed526-49f7-42d2-9f99-106924c7a3a1,,2025-09-18T12:29:36.303173,2025-09-18T22:43:36.303178
832c0531-30ef-46e4-81bd-8951c1e25996,dd9c02c8-2c10-40d2-8e55-cc76a0ca591f,cb1f4177-bea8-4840-a7aa-25c457d104fe,"Good morning Jack, the CT scan was normal. I'm glad we could rule out any serious issues.",True,,,a27305cb-2b1a-4390-83ec-6bc2af159bf6,,2025-09-16T03:47:36.303244,2025-09-09T05:45:36.303248
87d26385-39b0-42b6-ba14-b691457d580f,8a6348ab-a919-4613-9783-27d0a7b00fed,67e6b10c-5f90-48ab-91a0-fe7b96c9da0a,"Hi Jeffrey, your blood pressure is well controlled. Continue current medications and lifestyle changes.",False,,,44f4cba7-053b-4913-909c-1dbfd6c504d3,,2025-08-27T18:54:36.303321,2025-09-03T02:34:36.303326
9d255811-3dd3-4aa0-aeb2-08124379a533,a5791df3-4690-43da-b02d-601829da7ab2,4abb45cd-5c85-459d-98ff-a71a4d327430,"Hello Marc, your mammogram results are normal. Schedule your next screening in one year.",False,,,,5c9952f6-9347-49cf-9a07-c14c02c1d335,2025-08-26T18:36:36.303364,2025-08-24T05:43:36.303368
666bf214-baf2-4e9e-9fc7-2e4bbe520148,3c502e67-b81a-417d-9520-ed28d452601f,8a795b6b-933f-48d6-bf71-d9f1ecbae6b7,"Good afternoon, I'm having trouble sleeping since stopping the ambien. Any suggestions?",True,,,0177112c-816f-4c89-9dbc-97a045899a99,,2025-08-27T16:14:36.303426,2025-08-23T22:05:36.303431
2dbd968f-d4ce-4021-8a65-369f608d7375,0ed7b6dd-664a-406b-b4ac-2e043c9c964d,7de96392-74b0-4576-9dc9-028104c39724,"Hello Jonathan, the X-ray shows no fractures. Continue with rest and ice, and follow up if pain worsens.",False,,,ddf1f200-a5e3-4ed3-9f6e-d272d1643630,e8b0021b-8ad1-4784-ae1c-71180328b52a,2025-09-11T17:23:36.303468,2025-09-16T16:21:36.303472
c955eb08-72e2-49a5-99b2-b3cbd86a7956,09872e8b-24ec-403c-a69c-732deee4aa57,5ce8e2e7-86bc-4f67-a0ae-745b31131aa8,"Hi Dr. Dr. Evans, my pharmacy says they need a new prescription for my Lisinopril. Can you send it over?",False,,,,,2025-09-12T11:21:36.303521,2025-08-25T14:09:36.303526
47a66683-1638-432f-8588-cc870b1cf6b5,c18d7c70-277f-4048-a6fa-67c8ac86015f,425a35b4-947d-4fc8-9759-6a3f3d143fbe,"Good afternoon Kylie, the specialist confirmed our diagnosis. We'll start the new treatment next week.",True,,,8b0a75e1-fbd5-4385-a2c3-9d7082b9b95e,,2025-08-30T12:19:36.303548,2025-09-11T05:13:36.303552
aa4951fb-1c7d-4cf2-a9ef-1ed33470134f,903a56d8-69b8-4bc5-a4d2-a30a1b73b48f,a86254ef-a939-4226-ac0a-117c1ba1fd65,"Dr. Dr. Hill, my blood pressure readings at home have been higher than usual. Latest was 145/95.",False,,,,,2025-09-12T22:59:36.303629,2025-09-13T03:27:36.303633
03cc4e84-6cf6-4a4e-b5ec-2a9582e931a5,b39ea725-158b-41d4-8fa3-57d6143b9093,0cc3b1e0-ae53-41c3-83ae-84acd4835455,"Hi, I've been following the diet plan we discussed and lost 8 pounds so far!",False,,,99b70b58-79df-4e91-98d5-a6fc5380a598,,2025-09-10T17:58:36.303678,2025-08-23T15:55:36.303682
65391de6-d745-431e-81bb-e0a04ac27f75,1a77a9d3-0c80-4912-9621-cf492e83469f,d6cbb843-cd31-4aab-9dd4-d9074c5cd7ec,"Good morning, I'm traveling next month and need refills on my medications before I leave.",False,,,,0f797b9b-bfc4-43f3-a484-9b61a565a03b,2025-09-10T22:52:36.303755,2025-09-10T02:59:36.303760
749bf736-764a-42de-be96-d942f0ff4a47,724a91be-38f1-4253-ae15-f73f553e3aa8,170b51b8-7d90-4b32-a596-c6a5364a706b,"Hi, I uploaded my lab results from Quest. When you have a chance, could you review them?",False,,,c844e254-6198-418e-a9c1-db9199d1d5d6,fabb3b83-38f3-4af6-9739-14b1f6ed5fa9,2025-08-20T21:02:36.303836,2025-08-27T07:20:36.303841
1f603c26-3f29-4a69-b77e-f8b580e813ab,c8ae4231-0482-4c29-95ff-ff0d0d9fffe2,8ef62fed-4105-4e32-9c8f-c2721d354abd,"Hi Jamie, your blood pressure is well controlled. Continue current medications and lifestyle changes.",False,,,cd1782ea-1dc0-408c-bb25-51f61252bf44,,2025-09-12T05:15:36.303865,2025-09-18T05:52:36.303869
eef5aa77-c630-4390-a1ec-a851845a369a,c28b72c2-25a2-48e7-afbc-a8035b5ed3d5,9e6d1605-fedd-462e-93bb-4b136b91094d,"Good afternoon, I wanted to follow up on our discussion about my sleep issues. The CPAP isn't helping much.",False,,,,,2025-08-20T16:00:36.303894,2025-08-24T08:20:36.303898
630065c4-94df-4c15-aa6a-4cd284044d9e,4e067245-993b-4599-956a-fb69948951ef,a13a9d1f-cd37-49ae-a7ec-f6bda35a1110,"Hi, I need to reschedule my appointment next week due to a work conflict. What availability do you have?",True,,,598b30c5-e2e8-4837-a829-912f360199ae,e4aabea3-ba65-473b-8c63-7f979b2cc577,2025-08-24T12:14:36.303940,2025-08-23T18:33:36.303944
7cb1bb44-b913-4f25-9ffa-c81b9c0d7afe,93633730-7ab3-4be1-99d6-6a43b8892206,838b725e-1c02-411f-ae01-55ce87682c49,"Hi April, congratulations on your weight loss progress! Let's discuss adjusting your diabetes medication.",True,,,,,2025-08-30T09:04:36.304021,2025-09-17T20:33:36.304026
d1b0d259-66f5-45fc-8229-c22fcb03ec2b,77d36d61-78e3-4bfc-84ce-54cc123afca8,e03eef80-26ad-4030-9b3a-60328de70ed2,"Hi Penny, congratulations on your weight loss progress! Let's discuss adjusting your diabetes medication.",False,,,,,2025-09-15T07:58:36.304102,2025-09-12T18:37:36.304106
9210c7be-7f1c-4d6e-a992-2c8013d18c55,f38e7ba9-c756-4636-a1e4-825754bab827,11bcf69e-ab44-48d7-adbd-71cf9f2f66ff,"Good morning, I'm traveling next month and need refills on my medications before I leave.",True,,,,,2025-09-18T11:59:36.304174,2025-08-24T11:51:36.304178
35e5bc1c-812f-423f-97c9-a7b92c6947b6,219d5d8a-341e-43a3-a4a9-48756400f8f4,e6f7c5a4-25a1-4961-89af-03b70e0656f7,"Hello, I'm having some side effects from the new medication - mild nausea and dizziness. Is this normal?",True,,,,e17b8e52-9d9b-4fb9-a923-ec62bdbaad9a,2025-09-02T06:11:36.304258,2025-09-04T13:30:36.304263
69a498a6-d3b8-4613-8021-c2af51f92fd7,e0cbf0a3-5079-4679-9f9b-fca61025d696,8053f4cc-3ecb-4ac8-9f83-94a94c8353a2,"Hello, I'm having some side effects from the new medication - mild nausea and dizziness. Is this normal?",True,,,,,2025-09-03T09:36:36.304340,2025-09-05T19:29:36.304345
d928b955-70f2-4806-9803-ac7a959f9131,dbe9e615-1e77-48bc-bbad-9ae614fb29e0,c1adbeab-2678-46a9-b651-382d85551d99,"Hello Sherry, the X-ray shows no fractures. Continue with rest and ice, and follow up if pain worsens.",False,,,,,2025-09-09T17:53:36.304386,2025-09-01T21:35:36.304390
210c856e-f237-4144-bfde-3cdf77d32c79,a85cfd31-0b55-400f-93b7-75120138d5ba,5c4aef43-c6b0-4e88-8fc2-f95a2ed82412,"Hi, I need to reschedule my appointment next week due to a work conflict. What availability do you have?",True,,,,0e9522ac-a798-41d6-be96-fea14d920293,2025-08-27T07:04:36.304423,2025-09-12T11:02:36.304427
9dede39f-aade-4f94-9514-47de84a215d9,2669fd0f-ac0b-45d7-90f6-79c8976f5b21,3c30ef61-aa9f-46da-8bf4-fe84f635a82f,"Good afternoon Carl, I've referred you to cardiology for the stress test we discussed.",True,,,,,2025-08-23T13:38:36.304474,2025-09-13T08:53:36.304478
beb2d3db-8b97-45b9-904b-3ec6e5345423,914515c1-d42b-436b-8527-8b34cf629b0e,424e11d6-9080-4502-8d50-fa1f6a5bccbe,"Good afternoon Jennifer, I've referred you to cardiology for the stress test we discussed.",False,,,,7f7af6bb-45be-467d-8fe0-30cb76c6a7d1,2025-08-21T05:15:36.304557,2025-08-20T16:53:36.304562
7fa69470-5abc-4fa9-b720-2daff1835fd3,e449b26b-9f02-48fd-b32d-091e9c730a68,961bcea4-71c8-4bdf-b00f-fdd72072d696,"Hello Ashley, your blood work shows slightly low vitamin D. I'm prescribing a supplement.",False,,,,,2025-09-07T08:50:36.304619,2025-08-25T22:56:36.304623
69a6441f-67d2-4de4-929f-365d05472eec,7344e72f-b191-4f3d-886c-0c283f4b90f0,e9a64b10-5c0c-41ff-97b5-3e7dc2f76809,"Hello, I've been tracking my glucose levels as you suggested. They're ranging from 110-140. Is this okay?",True,,,,,2025-09-15T00:03:36.304649,2025-08-23T18:16:36.304653
406f1b57-d8a8-40d0-a815-025b03ed7052,d23ecbee-393a-4b73-8d15-77f2ac08fb4f,227cc742-c310-4a5a-89ec-b4e7b8eaabed,"Good morning Cynthia, I've updated your treatment plan based on today's visit. Check the portal for details.",False,,,19ae14c4-5899-45e1-89e9-aa0c103692c2,8dde2e4a-ad4d-4210-817f-0e6f787bb422,2025-08-26T11:21:36.304671,2025-09-12T23:34:36.304677
6e46a8af-4b78-4e63-a979-35b03f9402bd,44a6c889-cd16-4b13-81b0-22a658c3067e,7965730a-7760-441e-9dfe-6e3e9d95d125,"Dr. Dr. Anderson, I'm concerned about a new mole I noticed. Can we schedule a skin check?",False,,,,,2025-08-20T23:47:36.304714,2025-09-13T04:38:36.304718
5ff93750-1430-42c7-9ebb-05d39236dc06,51592cc0-e396-45ec-8e78-a0da6a060af6,3b9b51ff-fd79-4be2-87fc-e302dd09f76f,"Good afternoon Linda, I've referred you to cardiology for the stress test we discussed.",True,,,,6a947507-447d-49f2-a87c-475d1528405f,2025-09-04T11:54:36.304802,2025-09-12T20:28:36.304806
9b1e3e92-4000-44a8-b7d9-ab7da14dcff7,086fe6c9-644f-4e2e-9f2d-60ed0a8cd196,d8148cae-83d3-45b1-92cf-c5dbfb3a7988,"Good morning Dr. Dr. Manning, I've been experiencing increased fatigue lately. Should I be concerned?",True,,,,,2025-09-17T01:50:36.304843,2025-09-18T13:16:36.304848
79731bcb-bea0-4b30-ae2c-915c53ebc822,0e4d27cc-3d14-47b8-8f46-fe3a43449f6c,01dac726-ede1-4d70-a241-3aaf3706ed81,"Hi, I uploaded my lab results from Quest. When you have a chance, could you review them?",True,,,,74936d22-b75d-4cc3-b2e1-b92456e6a9a5,2025-08-21T07:00:36.304911,2025-08-30T04:31:36.304916
ef93e73f-1a81-45bc-a3f6-8d79b8fedcaf,60f4b162-54ef-427e-adb9-e04837a8dfab,440a7068-a0f7-4874-aa8b-e9506db2dcd9,"Hi Keith, the side effects you're experiencing should subside in a few days. Call if they worsen.",True,,,,,2025-09-10T08:01:36.304962,2025-09-18T16:30:36.304966
4acdc3b6-e883-4041-b1d8-34d4f888c31a,46067250-a484-4290-a31a-ce03dff9079a,2f608c48-a0a7-43ce-9890-193fb940d711,"Hello Danny, I've cleared you for surgery. The surgical coordinator will contact you about scheduling.",True,,,,6a711e7a-0e32-4b8b-b968-256a91dca3e9,2025-08-19T14:34:36.305051,2025-08-19T20:56:36.305056
77c79ef1-6362-4671-9a70-0a2ca5a049f8,5d2cf914-c61b-46a0-bdc3-18abf0e00056,9d05d416-35fa-46ed-a2e6-aff074a18897,"Good afternoon Sean, the specialist confirmed our diagnosis. We'll start the new treatment next week.",True,,,26123e39-f732-41e1-afe7-39e9bd8743f2,,2025-09-09T02:34:36.305116,2025-09-04T07:35:36.305121
dcce53a7-c077-4953-893b-d2b47f6ec882,15d00cc1-98dd-4654-a99b-47419e8a747e,9816c48a-7da9-4e1b-b086-ef55efb919e3,"Hello Christopher, your lab results look good overall. Your A1C has improved to 6.8%. Keep up the great work!",False,,,,772b8867-8a96-426e-ba7e-bd8f63c4622f,2025-09-09T23:19:36.305166,2025-09-02T15:57:36.305170
e51dd9f0-81ca-4510-ba88-c9e9ee7e5326,8f1a16fe-3a5e-4aee-9fa6-d16c7c3c402d,737998f3-1c3f-4aa6-bf66-596ebbe93f28,"Good morning Anthony, I've updated your treatment plan based on today's visit. Check the portal for details.",False,,,,,2025-09-12T13:58:36.305195,2025-08-22T16:32:36.305199
edecf0e1-396a-402e-8dad-090758b7f2ab,11bcf69e-ab44-48d7-adbd-71cf9f2f66ff,b51ddf46-8156-4f32-8481-d92e0cb8afbd,"Hello Charles, your lab results look good overall. Your A1C has improved to 6.8%. Keep up the great work!",True,,,,,2025-08-28T16:13:36.305261,2025-09-05T00:28:36.305266
3eea604a-7761-4990-8212-b777fb739f57,88baca89-3301-4c60-a700-125821bf0b2e,778293fb-ef0b-49b2-b6c4-72879b3fc2f7,"Hi Jason, the side effects you're experiencing should subside in a few days. Call if they worsen.",False,,,,da89eaef-339a-48ef-b442-a1fd394b6f3b,2025-09-17T14:35:36.305302,2025-09-16T02:48:36.305306
d076d383-5198-4229-a88f-93cda9e942a2,f0e21481-f4a9-4ada-a212-08dd8850e526,528f0b8c-20cc-47a7-8528-a0cc2b78d721,"Good afternoon, I'm having trouble sleeping since stopping the ambien. Any suggestions?",False,,,,,2025-09-15T23:53:36.305357,2025-09-10T22:14:36.305362
3cca3c9e-fefc-4cbb-9158-a820a7bac9af,9848c0c0-cd4b-4274-8655-99ac44b27401,6395ad97-528d-479b-b3d5-0df89a157154,"Hi Dr. Dr. Avila, my pharmacy says they need a new prescription for my Lisinopril. Can you send it over?",True,,,2b1aefdc-4183-4040-9ced-0cdb4194c5f2,fc8c76aa-b4e2-40fe-88db-8625c06c85f6,2025-08-24T00:44:36.305450,2025-08-25T17:17:36.305455
55281821-c404-4f96-8701-3d38b6d2b5bd,50ec6cf6-151f-4f9b-9cd6-b42b007a4c0d,7828044b-c4eb-4e80-8a6c-99ceb7b821eb,"Good afternoon Michele, the specialist confirmed our diagnosis. We'll start the new treatment next week.",False,,,,dd548c52-5847-4410-b15e-80e01850ffd6,2025-08-21T23:59:36.305492,2025-09-14T07:26:36.305496
81702e06-1ddd-413b-b679-4217d56ced55,961bcea4-71c8-4bdf-b00f-fdd72072d696,fc7eb8a0-a7f9-4b5b-8fbc-20d01588b0ff,"Hi, I wanted to let you know that the physical therapy is really helping with my back pain.",False,,,ee0beb1a-2134-4292-bb82-6597c7d44aba,,2025-09-16T18:31:36.305555,2025-09-05T01:27:36.305559
6d1ee399-e5e7-49cf-944f-a8e286dc711e,63c6180e-4477-4bec-a9cc-b20410425af9,3197f42e-803e-4885-ae81-0af3b77535ab,"Hello, I've been having chest tightness when exercising. Should I come in for an evaluation?",True,,,4648c6f1-401b-4efb-ade0-049dfc60011b,,2025-09-13T11:49:36.305580,2025-09-05T09:38:36.305585
6e133d12-9517-4cfa-9584-1d4c6f9c1f25,05d95186-20ba-44b3-a275-8dd40a63910d,72b69dca-a271-46a4-b10f-e9ec5afa962e,"Hello Bryce, your lab results look good overall. Your A1C has improved to 6.8%. Keep up the great work!",False,,,,,2025-08-31T15:51:36.305612,2025-08-21T20:48:36.305616
c22a13bd-8d5d-4290-9963-ec24c74942ed,847a93d6-3fa2-4fb0-b46c-67b082afa18e,5bea5e1a-e603-40e9-b2de-e6a8641ef18f,"Hi Tamara, your cholesterol panel shows improvement. Continue the current statin dose.",True,,,,,2025-08-24T06:16:36.305683,2025-08-21T22:30:36.305687
6c571c5b-3bb5-4400-91df-10032fce8633,0ff9edb7-ec52-4736-ba12-182b387a365a,b97d46da-3502-4084-9578-9b121e415ea9,"Good afternoon Yvonne, I've referred you to cardiology for the stress test we discussed.",False,,,,35e83d69-53ce-4c27-868a-295b7cca90bd,2025-08-28T22:46:36.305783,2025-09-19T07:38:36.305788
a3589b76-28e5-4af3-a2ec-29dc6ef1634a,cb373b00-5f9a-47d3-b35d-bd7dd10a8289,526a5125-7cee-401d-b877-834a2794eac9,"Good afternoon Sherry, the specialist confirmed our diagnosis. We'll start the new treatment next week.",False,,,c18f5dac-72e9-49d0-ae36-87e5a6ba2f85,,2025-09-12T04:58:36.305836,2025-09-18T16:19:36.305841
6cce4dbe-d00b-4ec1-b398-e2cc42ea6996,00905f96-b745-425b-b041-3a6ab217bc0c,ea7e9e46-a313-4307-8c93-69e50551bea7,"Hello, I've been having chest tightness when exercising. Should I come in for an evaluation?",True,,,,db9d93a1-9aa8-448b-9832-8a09e95c9d63,2025-09-13T06:29:36.305906,2025-08-21T07:28:36.305912
de5252f7-97d8-478d-b9d9-704ab666fe75,5796e156-e9fc-4e8b-bb69-804526cd0127,0679bd13-7c97-45e7-995a-39324bf34f1e,"Hi Lori, your blood pressure is well controlled. Continue current medications and lifestyle changes.",False,,,,,2025-09-09T11:11:36.305979,2025-08-31T14:41:36.305986
6815db3d-2415-4071-aff3-b455acce76ae,82c0de10-13fd-403c-aa61-bfad9433adac,4b9a5de4-7bdd-420b-88ab-8f85b4862ca0,"Dr. Dr. Kennedy, I'm concerned about a new mole I noticed. Can we schedule a skin check?",True,,,,,2025-08-22T18:35:36.306110,2025-09-07T10:58:36.306119
196e0c1a-146f-4c66-9288-3b36f5f9eea6,914515c1-d42b-436b-8527-8b34cf629b0e,0c72e95b-1a68-4317-bd9c-cb3829f9a371,"Hi Lori, the side effects you're experiencing should subside in a few days. Call if they worsen.",False,,,,,2025-08-21T13:38:36.306161,2025-09-07T21:12:36.306169
3c236930-c1cf-41d0-93f9-b386524df4ec,ecda392d-beb6-47e5-8428-7fcffe759e10,d74ecced-4800-4359-bf1a-cde28686a86c,"Dr. Dr. Simpson, my blood pressure readings at home have been higher than usual. Latest was 145/95.",False,,,c5c5dc08-719b-4815-ba1d-93983a0e2749,,2025-09-07T13:49:36.306208,2025-09-01T05:57:36.306216
5a346b6a-33c9-4926-b93a-25dbd062dafd,ed600c1c-0297-4aea-9ac5-5bc66b45e75e,bfb4f04e-9096-470e-995b-15021e613cf5,"Hello Rhonda, your lab results look good overall. Your A1C has improved to 6.8%. Keep up the great work!",False,,,,,2025-09-09T22:42:36.306322,2025-09-04T03:14:36.306330
1b8d3b8f-9080-4180-81f1-4f0da2034a79,b149a41b-8f07-4eb4-a083-793644d348f2,489039ef-adac-4803-ab98-e696a49d92df,"Good morning Craig, the CT scan was normal. I'm glad we could rule out any serious issues.",True,,,98710a40-673a-422c-b60f-9499ee25c17b,7483dce6-1805-4203-a705-4933d273a085,2025-09-04T08:53:36.306391,2025-09-15T02:04:36.306399
fd16c16f-514b-4bf5-ac07-df37c7346116,4b9a5de4-7bdd-420b-88ab-8f85b4862ca0,0c72e95b-1a68-4317-bd9c-cb3829f9a371,"Good afternoon Lori, I've referred you to cardiology for the stress test we discussed.",True,,,,,2025-09-11T04:57:36.306433,2025-09-07T01:19:36.306440
fb2efe34-bb0b-4999-ad70-8ee4c88a0482,0439584f-e330-4e12-867e-d0e085dcea13,2071d862-bcca-4b24-ab28-2ac9397fee03,"Hi Dr. Dr. Howell, my pharmacy says they need a new prescription for my Lisinopril. Can you send it over?",True,,,,c71d0468-725d-4eba-83b7-3fee6684bd35,2025-09-10T01:15:36.306538,2025-08-27T17:39:36.306547
f6968ed8-aa26-452e-9f50-abbb78610ae6,6b388214-096e-4512-834f-183bd91259d3,68a9e6a5-86ce-4aba-afc6-12b483b2c90e,"Hi Jessica, congratulations on your weight loss progress! Let's discuss adjusting your diabetes medication.",True,,,,,2025-09-13T14:52:36.306660,2025-09-04T10:13:36.306670
03991ed4-fa47-4067-b6aa-9086e4cd26ad,76038686-fea6-4929-8d83-7e0f3fe9423d,f95ced1e-ad95-4d86-950b-8d144b3acd32,"Hi Dr. Dr. Berry, my pharmacy says they need a new prescription for my Lisinopril. Can you send it over?",True,,,6c905764-8e12-4cab-80c6-450927c2dbd6,,2025-09-09T22:37:36.306763,2025-09-17T20:40:36.306769
b117b5aa-6a5c-4fb6-8161-34188dc79789,9bb5d51e-eac1-4e7a-812a-8fb5069b397f,1b4b6aa2-b189-4ec7-92b4-80d8f678faaf,"Hi Thomas, congratulations on your weight loss progress! Let's discuss adjusting your diabetes medication.",True,,,,,2025-09-08T17:27:36.306843,2025-09-01T07:36:36.306851
4a42a84c-b76a-47d8-82fe-5808714f9a8b,cf9c6b91-5dea-4796-93ec-d65e3335d43e,0a1186e3-c1ef-4f60-8c75-973fd7a07ddc,"Good afternoon Daniel, I've referred you to cardiology for the stress test we discussed.",True,,,badfa9f2-0264-4eaa-b20f-24e451a87268,,2025-08-27T20:58:36.306890,2025-09-13T04:06:36.306899
64326b47-c702-4449-8191-cf1f114141ba,83b695e4-3769-40f6-915e-9c38ca401282,6c9d9026-ad9c-43c7-ba05-5800620e0e47,"Hi Renee, your cholesterol panel shows improvement. Continue the current statin dose.",True,,,64de9a8e-6c65-4a64-ba8e-dfd338addc5c,,2025-09-02T15:20:36.306940,2025-09-17T00:26:36.306948
5eec7080-a5cb-42a0-b114-c3cd11c21a34,faa4ad9f-cfec-43b7-a38a-7498689bbe9a,b8204416-e5f7-45fa-8a04-c1aa20c125f5,"Hello Jennifer, your blood work shows slightly low vitamin D. I'm prescribing a supplement.",True,,,6d20fc8b-9eee-43eb-9804-6c8965613b34,,2025-08-23T06:17:36.307011,2025-09-03T05:24:36.307032
262bd3f7-7cb5-41e3-985e-ff1e7ffa1bdd,489039ef-adac-4803-ab98-e696a49d92df,c1e363f4-834a-4491-abe2-d2cd1475a1de,"Good morning, I'm traveling next month and need refills on my medications before I leave.",False,,,,,2025-08-29T20:06:36.307091,2025-09-06T19:55:36.307101
91daffa3-6f08-45a7-97d4-59e573c230f5,e4365813-510f-4a6b-951b-a4f83d082ac5,71a629f7-3bad-4af4-9f54-cd2b318f25b0,"Good afternoon Mark, the specialist confirmed our diagnosis. We'll start the new treatment next week.",True,,,fea7325a-0bab-4224-bebe-858979fe0eaa,c79ccf34-e654-48f6-bd26-64f56f851ad3,2025-08-23T02:57:36.307186,2025-09-01T00:58:36.307192
7ea99189-ff3b-4db4-9304-5a773707f3c9,9f4ba15b-036f-4869-a930-2c8be8479510,5ce8e2e7-86bc-4f67-a0ae-745b31131aa8,"Good afternoon, I wanted to follow up on our discussion about my sleep issues. The CPAP isn't helping much.",True,,,,,2025-09-06T21:18:36.307279,2025-09-01T22:30:36.307283
0e3aaa37-a5e8-48b1-8c47-170c5f048caa,3f35297d-45a0-4694-95ab-5a1eec0f3b86,67ce36d6-bfe1-4e74-9f12-812e838330a4,"Hi Dr. Dr. White, my pharmacy says they need a new prescription for my Lisinopril. Can you send it over?",False,,,,eb81487b-0b9a-4228-a279-1e9ce5a93afe,2025-08-31T13:01:36.307312,2025-08-31T00:47:36.307317
4f30e44b-295d-400a-9089-f956caa39d17,55bc32ab-8edd-446b-9384-640579a277a1,cf9c6b91-5dea-4796-93ec-d65e3335d43e,"Dr. Dr. Jones, I'm concerned about a new mole I noticed. Can we schedule a skin check?",False,,,371b145d-681a-4ad2-8aef-cbc704ca4c78,99e87e5a-12b9-4025-9dc9-888010967933,2025-09-17T16:49:36.307373,2025-09-01T04:43:36.307377
fdc73206-a580-4f21-a408-a4e165e255e8,58f1c235-01b6-49e4-9677-b56a06a0d5f3,13df5bb2-35e8-4869-90cf-3e414c705be7,"Good morning Charles, I've updated your treatment plan based on today's visit. Check the portal for details.",False,,,,,2025-08-23T12:56:36.307524,2025-09-03T18:46:36.307530
02364b46-b5e3-4b74-acfa-49371ade6f7c,f3fb5e56-93f4-4bbe-8cd5-3a2cdcb1a0df,bf7414c3-46e2-42e7-be77-403fd01cbb83,"Good morning Cassandra, the CT scan was normal. I'm glad we could rule out any serious issues.",False,,,,,2025-09-02T22:45:36.307611,2025-09-08T07:45:36.307617
017b7ca8-3747-44b5-a791-96ccc1378a2f,96a0d75a-f0c4-466c-9c45-8c14300e470d,cc473acb-bd7b-4eb1-afc6-ab177aa0ef6e,"Hi, I uploaded my lab results from Quest. When you have a chance, could you review them?",True,,,,,2025-09-02T00:21:36.307726,2025-09-17T21:03:36.307731
19e437e3-4508-4486-b71c-1bc36f4b620f,de33098a-c019-4ef4-80f2-42bdc26d8081,142d1f6d-067a-4b2c-ad66-0c515f71920a,"Good afternoon Ruth, I've referred you to cardiology for the stress test we discussed.",True,,,51b113aa-b5c3-4dd7-91b2-c3535b3f20f0,,2025-09-03T21:03:36.307775,2025-09-17T09:17:36.307779
de0322d3-3764-46ea-afbf-f06627c957db,f0848943-2d3a-4569-8339-1ecc557ebee7,c915351b-5604-44d8-bc1e-350b09643245,"Good afternoon, I'm having trouble sleeping since stopping the ambien. Any suggestions?",True,,,,,2025-08-22T11:55:36.307824,2025-08-28T11:59:36.307829
78b18868-449a-4e84-9b12-0e2fe44ed1de,086fe6c9-644f-4e2e-9f2d-60ed0a8cd196,f7c1e7fc-5589-471f-a143-073d30e16a7b,"Hello, I'm having some side effects from the new medication - mild nausea and dizziness. Is this normal?",True,,,459ef218-1552-4e6b-a74b-6c592ac74fd5,,2025-08-23T15:52:36.307878,2025-08-27T04:58:36.307882
a642b4c7-3ddd-4666-90fb-abc416cbbdef,a308e5ec-2fb2-448e-bd3a-57fc0b76b78c,faa4ad9f-cfec-43b7-a38a-7498689bbe9a,"Hi, I've been following the diet plan we discussed and lost 8 pounds so far!",False,,,,,2025-08-27T23:24:36.307948,2025-08-31T01:47:36.307953
b7fba2e4-2d26-4af1-b418-1fa33cace2d9,78e12262-669f-4a3f-8ac1-4be5b2898fa9,bc94e23e-c4dc-44fd-beb4-6c65019beaab,"Hi Justin, your blood pressure is well controlled. Continue current medications and lifestyle changes.",True,,,,,2025-08-29T03:42:36.307984,2025-09-12T14:35:36.307988
84833c70-d531-40d0-ad5e-375e7d25383c,998f35ed-ba67-422d-829a-1e641b5ca3bc,ddfab7ce-e345-44f0-ab79-e1bcac1ad546,"Hi Heather, congratulations on your weight loss progress! Let's discuss adjusting your diabetes medication.",True,,,,,2025-09-18T07:46:36.308057,2025-09-14T04:17:36.308061
d18473f4-ebda-4748-8384-063cbc44620c,02c8cb02-3f75-4773-8768-71873b78a783,76aa820f-75f7-42a3-8a61-b64c1956e80e,"Good afternoon, I'm having trouble sleeping since stopping the ambien. Any suggestions?",False,,,,,2025-09-06T14:24:36.308141,2025-09-16T08:11:36.308146
64404338-b683-4459-a81e-5c5176221b8c,c68bb21a-e886-4c43-ad2a-d50a467bcba8,810a8d92-f925-422e-ac50-4e2736c516f3,"Hi, I wanted to let you know that the physical therapy is really helping with my back pain.",False,,,,,2025-09-11T00:17:36.308230,2025-09-07T07:57:36.308235
c2360a4a-cfe0-4380-beb4-210567524f89,2078dc28-7938-40f9-8902-cedff86ed4df,03870111-26b7-4a54-a031-25da9363c7e1,"Hi Dr. Dr. Scott, my pharmacy says they need a new prescription for my Lisinopril. Can you send it over?",True,,,,,2025-08-23T22:59:36.308306,2025-09-09T13:35:36.308311
f2fa2ff0-8f6c-47a2-9c3b-0c2a9648ddeb,20c732aa-aee5-4548-ab67-d95711031187,eb25e84d-a07a-4116-905a-3efa8bd78623,"Hello Caitlin, the X-ray shows no fractures. Continue with rest and ice, and follow up if pain worsens.",False,,,,18fb9ee2-7909-48ba-8baa-0fe0e9d62d8e,2025-09-11T06:58:36.308360,2025-08-20T14:50:36.308373
9cc4a048-14cc-4e0d-9bec-bd162aa09634,bd0a9752-9c65-4e21-bcd4-ac81a1f4c030,7efdb972-1d34-47ce-bfa4-1503d285bd16,"Hi Curtis, congratulations on your weight loss progress! Let's discuss adjusting your diabetes medication.",False,,,,,2025-09-03T08:52:36.308467,2025-09-18T01:05:36.308472
59a60ec5-0603-463a-8ecf-886bfb8ab5ce,95f56679-b542-4e0a-99f2-14ec5679b886,b8587622-1d71-4595-a0eb-8d663a45cd54,"Hello Lisa, your mammogram results are normal. Schedule your next screening in one year.",False,,,1d503e13-9b54-4f94-b371-8c6138044838,2ded7855-9ea6-469d-9b74-767c2c676130,2025-09-15T03:38:36.308521,2025-09-06T13:14:36.308525
db48ad7a-34e7-48a8-a368-387fdc12528f,d0db26cb-6bb7-4311-aad6-2c895567f403,1f665271-1d38-40a6-8401-8b1fd517b12e,"Hello James, your mammogram results are normal. Schedule your next screening in one year.",False,,,,18a4111f-aad6-4d36-8285-316da693c8e4,2025-09-05T03:57:36.308570,2025-09-17T17:58:36.308575
e7db7d1c-4c23-4b32-aacc-7daac57f1c92,f11fedc0-4558-4281-8094-af9c017def82,d30470f6-9f06-42fc-865f-64f308db3e9c,"Hi Jonathan, I've reviewed your symptoms. Let's schedule a follow-up in 2 weeks to reassess.",True,,,773b39b9-38e7-46e0-9bb2-05aa41a51e90,,2025-08-22T20:59:36.308617,2025-09-14T20:03:36.308622
02be4d5d-132d-4e18-9009-bd107952a035,fc6cefe2-5fc3-4b2a-b610-077b3fe1b7ce,7efdb972-1d34-47ce-bfa4-1503d285bd16,"Good morning Curtis, I've updated your treatment plan based on today's visit. Check the portal for details.",True,,,,,2025-08-22T16:11:36.308712,2025-08-30T01:44:36.308717
cf0ba204-65e4-4cd5-a12e-b732c3d9ba84,a305304d-2789-43cf-9ce4-0e9df420d73a,bdf25844-7b39-40a8-a752-1f9fd3e9fd4b,"Good afternoon, I wanted to follow up on our discussion about my sleep issues. The CPAP isn't helping much.",True,,,,,2025-09-05T19:38:36.308788,2025-08-19T10:38:36.308792
fb6d2b94-c068-4619-9692-e8a18c99fee7,a0b0bc43-bf8d-466a-b142-2d17e7358ea2,4a146500-0dd7-4495-88fe-b6bf4aef18a1,"Dr. Dr. Robinson, my blood pressure readings at home have been higher than usual. Latest was 145/95.",True,,,,,2025-08-25T15:42:36.308845,2025-08-31T12:22:36.308849
5765f0b3-935f-44eb-a5a5-f853570813b1,c915351b-5604-44d8-bc1e-350b09643245,feaffadc-df28-44df-99f4-a211f2c78ce1,"Good morning William, the CT scan was normal. I'm glad we could rule out any serious issues.",True,,,,,2025-09-05T19:40:36.308911,2025-09-04T08:49:36.308916
c3f24f65-81b3-4365-9b4a-5274c7d0af43,fa77b4e6-6a2c-4731-906d-512afc99a316,1f665271-1d38-40a6-8401-8b1fd517b12e,"Hi James, I've reviewed your symptoms. Let's schedule a follow-up in 2 weeks to reassess.",False,,,,a76b8fe8-4ec1-408a-89ec-99fb0de7e257,2025-09-05T05:10:36.308959,2025-09-08T08:51:36.308973
31abce4d-32d3-4ac2-9eb9-9dac67a0d09f,ed4d29b5-6862-42bb-87a6-347f38298569,30027c42-e0cd-42f4-bc8f-2e6a7fedec09,"Hello Sarah, I've cleared you for surgery. The surgical coordinator will contact you about scheduling.",False,,,dbdfce83-4865-4ceb-9f1b-9ba361b8274e,2103e889-b303-413c-a03c-291942221618,2025-08-19T15:43:36.309471,2025-09-01T15:10:36.309531
83650848-a2fe-4d75-8be0-aed5126c9da8,7f5a27a9-6996-4983-b37d-c25f5a16fb1f,60e02da5-4dad-4af2-9025-cc480a58a409,"Hi Nichole, your cholesterol panel shows improvement. Continue the current statin dose.",False,,,,,2025-08-23T16:36:36.309796,2025-09-19T06:16:36.309833
f236b103-9d64-44e6-b73d-123eec4031e6,219d5d8a-341e-43a3-a4a9-48756400f8f4,77d36d61-78e3-4bfc-84ce-54cc123afca8,"Dr. Dr. French, I'm concerned about a new mole I noticed. Can we schedule a skin check?",True,,,,,2025-08-31T06:29:36.310062,2025-09-04T19:01:36.310074
7f8ccc30-4344-43ab-b3cf-688b3c587013,a373593f-678c-4127-9e1f-65521f0901cb,d0a96ddd-b95d-4a84-aeeb-5b20cd82e42d,"Hello Jeremy, your mammogram results are normal. Schedule your next screening in one year.",False,,,,,2025-09-17T03:07:36.310236,2025-09-13T09:11:36.310245
be2ed0fd-0e61-43d2-b66a-a0fc777779fa,903a56d8-69b8-4bc5-a4d2-a30a1b73b48f,cbb912d6-e9ef-4f15-a41a-3b1011fdb178,"Good afternoon, I'm having trouble sleeping since stopping the ambien. Any suggestions?",False,,,aa142446-b0f3-4037-a735-acd168313a31,,2025-08-26T01:26:36.310434,2025-09-06T15:05:36.310447
0f5e7e26-afcc-4f17-a738-abf45e533f9d,be0c038a-fe10-49e5-9f59-b9772fdde92f,4f484f02-708d-4a5a-900d-82045801d687,"Good morning Nancy, I'm sending over a new prescription for your blood pressure medication.",False,,,8731e5a8-ed7e-45ef-846f-6da369ebec79,,2025-09-02T07:19:36.310583,2025-09-10T01:29:36.310593
8f4ac0f2-7a38-43c2-972c-0ccd342020d0,d2f18468-55aa-45fc-97f5-c87b3829a312,927033ce-3c4c-4231-9187-39031dacf16f,"Good morning, I'm traveling next month and need refills on my medications before I leave.",True,,,,618f76df-10d0-43f0-a4cb-71549914371b,2025-08-29T21:02:36.310711,2025-08-23T09:19:36.310728
da0f4f66-f3c0-4bf9-8c34-629e9d542d17,b51ddf46-8156-4f32-8481-d92e0cb8afbd,0824c584-b439-4c12-a114-a82840bf3bd1,"Good morning Dr. Dr. Kelly, I've been experiencing increased fatigue lately. Should I be concerned?",True,,,,bd96be87-e8e0-4f4a-9922-43be4fc0e374,2025-09-04T17:57:36.310866,2025-09-10T15:30:36.310877
d1340d04-a459-4e4a-9418-10f5414ed913,bd7f67cf-a3c7-420b-88fe-b55934756f27,a5d50aec-d6cd-4640-b50a-33a6a3611559,"Hi Jennifer, your blood pressure is well controlled. Continue current medications and lifestyle changes.",True,,,,,2025-09-02T20:43:36.310984,2025-09-09T23:49:36.310994
9e6e4676-9519-43b7-94b1-67ed961ce545,f3a93ce1-4f84-4f02-9b32-cfb1b7e9083c,322853ea-6bcd-421f-944f-b53fec97ebec,"Hi Devin, the side effects you're experiencing should subside in a few days. Call if they worsen.",False,,,4c0ec821-fd57-4766-a0d7-83f7afaba951,,2025-08-23T16:50:36.311109,2025-09-18T22:54:36.311116
55375355-685a-49ea-8450-3c391c780741,803f2bd6-4d39-4ab7-add0-9c986ff05f1b,e08d169d-a67c-4016-abd7-480c6b1a1b59,"Hi Gary, your cholesterol panel shows improvement. Continue the current statin dose.",True,,,,f5804426-31b8-48de-bdaa-57e5c7f87cb3,2025-08-23T23:35:36.311199,2025-08-30T12:13:36.311205
cd7032a3-fbf0-4e70-b068-48ed47fabae8,3d336998-db48-42fe-b302-d45d3be18224,71a629f7-3bad-4af4-9f54-cd2b318f25b0,"Hi Mark, the side effects you're experiencing should subside in a few days. Call if they worsen.",True,,,,,2025-08-30T03:52:36.311271,2025-09-11T13:47:36.311278
e9ddf0f3-a93f-48ce-aa4e-1dbc9df6ca35,224a49d1-38bb-4f83-90fb-693e4db8bbb8,4e067245-993b-4599-956a-fb69948951ef,"Good morning Kathleen, I'm sending over a new prescription for your blood pressure medication.",True,,,,,2025-09-03T20:29:36.311322,2025-09-08T23:35:36.311329
8e3a0d47-b159-4b39-828a-05a529263a48,06f4da23-b5c6-4be4-8bd6-e47cae86aee5,f1ec0407-1bef-4231-ad10-f9402f87d90a,"Hello, my insurance approved the MRI. When would be the best time to schedule it?",False,,,,215b24ac-68cd-427d-af19-600d7a8ab889,2025-09-12T22:25:36.311366,2025-08-23T15:56:36.311372
d6e1cb81-da65-400e-ab9f-39c2670ef16b,d7862b7c-a46b-4da5-bb51-568bb283eb0c,f24817a7-fe8a-404c-b951-908f584592a1,"Good morning, I'm traveling next month and need refills on my medications before I leave.",False,,,,875e6366-920f-4d27-9c46-0b9693d117db,2025-08-25T10:10:36.311457,2025-09-13T23:38:36.311466
53ed8731-529c-431f-bc74-0648a2d901b7,ffa5bb33-27a8-4c60-b8f0-27e89402860f,4b7dcf7f-75d6-4132-8e58-0400f1e426a9,"Hi Jeremiah, I've reviewed your symptoms. Let's schedule a follow-up in 2 weeks to reassess.",False,,,,c2a22e99-c01d-4c48-bf5c-a669c440f014,2025-09-07T15:08:36.311514,2025-09-11T13:18:36.311520
192c4f4a-ec33-493c-aa52-7f40e93a2a5f,f7c1e7fc-5589-471f-a143-073d30e16a7b,f4f74c5f-dd53-4958-807b-fc6ef371fe09,"Hello Deborah, your mammogram results are normal. Schedule your next screening in one year.",True,,,,,2025-09-17T23:40:36.311589,2025-09-01T19:19:36.311595
79da94d9-9b3c-4249-a429-89a4dcfce2cd,0d19ca7e-d9d7-4bc5-9627-132a18beb004,78f66741-06be-49f0-841f-98c3ea18599c,"Good morning Dr. Dr. Hall, I've been experiencing increased fatigue lately. Should I be concerned?",False,,,,2cb6ddf1-52f9-4500-a476-96d22da3a8e6,2025-08-23T22:07:36.311710,2025-08-28T05:40:36.311719
6dc0b678-78cd-49d3-8889-f25563f57d46,2b0759da-523d-45ef-a676-28dd9b2af70e,e7761796-0e67-40c2-b2aa-09802d6f938b,"Hello Amanda, I've cleared you for surgery. The surgical coordinator will contact you about scheduling.",False,,,,,2025-09-18T17:06:36.311800,2025-08-21T06:19:36.311806
3457e5dc-5c54-4278-87f9-af3b47c17977,5ed271ed-cf3e-412a-996e-67c71423c987,6615d875-4a2d-451a-8a62-640ad4b85480,"Good afternoon, I'm having trouble sleeping since stopping the ambien. Any suggestions?",True,,,16fcbf95-d236-4340-bcc7-ee5a5c7f85a2,e6102d2d-77d2-4331-9315-4e9d90fdb4e5,2025-08-25T16:49:36.311842,2025-09-11T11:20:36.311848
963d1baa-7708-436f-9936-9f1b3e3d8c28,a9acbae8-5164-4bb8-9034-990329eb29b6,57d81564-2f2c-4a41-9ab4-ac9987f09f71,"Hi Jamie, the side effects you're experiencing should subside in a few days. Call if they worsen.",False,,,b4692012-9f36-4ff7-880e-3f2939fcfad5,,2025-09-09T13:44:36.311939,2025-09-04T15:16:36.311945
117c198b-4f72-413a-bf1b-294c9d8e7f01,1ce354d8-f188-4470-8cea-c72bfecc3201,ac9ef811-d15e-418a-ad2d-0037bd18a0c6,"Good afternoon, I'm having trouble sleeping since stopping the ambien. Any suggestions?",True,,,,993e48e9-9c1f-4fd7-b2c2-2b24eb57c766,2025-08-25T08:10:36.312027,2025-08-20T11:55:36.312033
6eec40da-7a96-4d04-ba8c-0475b2b92e7a,9816c48a-7da9-4e1b-b086-ef55efb919e3,15d00cc1-98dd-4654-a99b-47419e8a747e,"Hi, I wanted to let you know that the physical therapy is really helping with my back pain.",True,,,,122b4ea5-571d-478c-be57-919b6998fc86,2025-09-15T04:37:36.312083,2025-08-30T01:01:36.312089
f605afb3-1ef6-472b-8be0-74cb2ec97af8,eaa861bb-7d18-4070-b45a-a3dd85d57c86,c2526f2d-724a-444c-a1ba-7243aa8e46ff,"Hello Charles, your blood work shows slightly low vitamin D. I'm prescribing a supplement.",True,,,,b928be16-8533-40e3-89c8-b4250d01eb45,2025-09-13T12:55:36.312116,2025-09-18T01:12:36.312121
228ce003-6bc6-4943-8351-ab9a726b32f2,13d806ab-0d79-4f2b-9b34-7615c7bebcbc,0060180d-4b2b-49c7-acc9-b7cf49d20c2c,"Hi Joseph, your cholesterol panel shows improvement. Continue the current statin dose.",True,,,8c740529-9af2-4b85-bf1f-f3ab2461d539,,2025-08-22T21:49:36.312190,2025-09-11T12:08:36.312196
82a998cd-1f13-47cd-acfc-8f7e95470465,d49cf730-b80b-43f5-97f8-d30465d5c887,6fbd6cd9-aac5-4ac9-8a58-c084a6d343e9,"Hi, I wanted to let you know that the physical therapy is really helping with my back pain.",False,,,92f9589d-63cd-4edc-855f-acd46746f6c0,,2025-08-30T23:56:36.312214,2025-09-02T01:55:36.312219
fc11e848-1dca-4c82-92bf-8604a1e96a13,4646910e-e409-40bb-b30c-5ed6c9782b78,6c892584-1193-4dff-90c3-a83b92a4f51d,"Good morning James, I'm sending over a new prescription for your blood pressure medication.",False,,,,,2025-09-17T22:12:36.312255,2025-08-27T17:26:36.312260
5ff0fd23-128a-4e76-8904-4b74d19ca869,9fab9611-07dc-4e74-a5bb-0072f94bed7a,9db5f05c-bf2d-4edc-b00c-fee9889d1fa3,"Good morning, I'm traveling next month and need refills on my medications before I leave.",False,,,,,2025-09-09T01:57:36.312337,2025-09-11T07:33:36.312343
2be819b7-8397-45f3-8d71-4c2883e2ac44,a7af4adb-f37f-43be-a99c-7d3576e9fcf0,10025c16-cec0-4541-bd78-26b1abbbbb21,"Hello Mark, your blood work shows slightly low vitamin D. I'm prescribing a supplement.",True,,,,,2025-09-15T02:49:36.312411,2025-08-20T07:10:36.312416
c5076d88-9e51-4d04-a6ca-8cf3edcfd277,6caa4ea4-a0e1-4244-992e-0736406aee4d,5cc08a88-ad9c-4c8c-8eae-c379c8e14786,"Good afternoon, I'm having trouble sleeping since stopping the ambien. Any suggestions?",False,,,8df0c41a-6015-45b2-a428-24625c82a402,,2025-09-14T13:12:36.312449,2025-09-09T17:41:36.312455
686284ed-b0c4-4c46-be4e-87419600e081,21f2fc5f-964e-4fb4-a20b-80e9ad99e7cf,af9699b5-1e7d-429d-a144-dc4deb3c2a83,"Good afternoon, I'm having trouble sleeping since stopping the ambien. Any suggestions?",True,,,,,2025-08-31T17:22:36.312532,2025-09-05T06:10:36.312537
52550230-adef-49ee-96d4-836599fb1323,174dad2e-e6ce-43d9-93cc-78d3c4d12119,de31ada5-4eca-403f-b880-8f8a7337b2dc,"Good afternoon Larry, the specialist confirmed our diagnosis. We'll start the new treatment next week.",True,,,5202bc1b-8b8b-420b-875f-201fe9af28e1,,2025-09-16T02:58:36.312606,2025-09-05T21:43:36.312611
bf72b3ad-3c32-49be-a592-7fd9a6febc7d,b73cfbf1-501c-4012-9d6f-be9c92329b06,8045d7d4-6423-4394-a896-70968dbc34c5,"Hi Michael, I've reviewed your symptoms. Let's schedule a follow-up in 2 weeks to reassess.",True,,,0727488d-e5a8-40e9-b395-61e316c17130,,2025-09-12T19:38:36.312688,2025-09-19T00:08:36.312702
8501c00b-952d-4ecc-9088-cfb94b90d392,95ac92f8-1b9a-4256-addc-cfe72e6be87e,906f1cff-598e-421a-91fa-6da68b7c58d2,"Hello Jerome, your lab results look good overall. Your A1C has improved to 6.8%. Keep up the great work!",True,,,,,2025-08-28T16:54:36.312775,2025-08-24T06:01:36.312780
394d9ffd-af68-48d0-9f16-68b3a2b97032,4a0c5312-b0d9-4a40-af73-c23c01e42d7a,a1ae53b4-becd-41c6-bc4e-afc5e4a69c37,"Hi Billy, your blood pressure is well controlled. Continue current medications and lifestyle changes.",True,,,,,2025-09-15T11:23:36.312830,2025-09-01T13:25:36.312835
e4aa45c9-934b-4575-b60e-9ba9b75a2ad8,b9786bff-ff69-41d7-a4f2-5dd11d9a4db0,51592cc0-e396-45ec-8e78-a0da6a060af6,"Good afternoon, I wanted to follow up on our discussion about my sleep issues. The CPAP isn't helping much.",False,,,f44599fd-0fda-4d75-8343-cc8c3fa059d2,,2025-09-03T18:56:36.312855,2025-08-28T05:49:36.312860
8fec81ab-29fa-4eaa-a161-32aa67799b0b,2a2cdad6-5060-4c03-bc4f-6eaa0b4b648a,2a037eba-7066-4be6-bef3-26209a9efb8b,"Hello James, your lab results look good overall. Your A1C has improved to 6.8%. Keep up the great work!",False,,,,,2025-08-23T05:13:36.312888,2025-09-06T06:07:36.312893
2efbef9a-5ae9-40ef-9fbb-f67d409d3f76,5cc08a88-ad9c-4c8c-8eae-c379c8e14786,bdd919f4-a355-4858-b37e-03be643b274c,"Hi David, the side effects you're experiencing should subside in a few days. Call if they worsen.",True,,,,,2025-08-29T04:23:36.312911,2025-09-14T08:05:36.312916
de38d65c-3554-4749-a896-bccc2faf4c9c,86fbf723-bfe8-412c-a6b5-92acb49aa193,76d288cf-77f8-49ab-bff0-cb8e7b3509ac,"Hello, my insurance approved the MRI. When would be the best time to schedule it?",False,,,,,2025-09-11T17:32:36.313003,2025-09-04T17:55:36.313007
bfb5fe7b-60ab-4298-8ab2-9ebedddae56c,a1395839-7746-448c-aa43-b34305977f43,59200dc5-ded0-45ee-8431-f1416ec12b46,"Hi, I need to reschedule my appointment next week due to a work conflict. What availability do you have?",False,,,,,2025-09-05T01:26:36.313052,2025-08-22T03:57:36.313057
3796564b-e16a-4f9a-8cdb-ea740e675f92,87247b60-f136-49d8-a387-224fb86de720,653f4928-8dde-4148-b93e-ed5a1f8848a8,"Hi, I've been following the diet plan we discussed and lost 8 pounds so far!",False,,,,96719866-6963-4dc9-b083-6b86cf738de5,2025-08-28T21:58:36.313096,2025-08-29T00:36:36.313101
2def7d64-dac0-45be-a07c-4019726151d0,9e4c720e-50dd-4749-b693-3d9d6abce16f,f6aa5609-14fe-4909-9dfa-2c895deac204,"Hello Michael, I've cleared you for surgery. The surgical coordinator will contact you about scheduling.",True,,,,,2025-08-20T16:11:36.313142,2025-08-23T22:15:36.313147
52149d42-c12a-4d29-9551-2f756179104d,11a66273-5cc7-4c77-aa93-9fc496061342,3d7d3f38-141b-4314-95fd-16746bbb37c2,"Hi, I wanted to let you know that the physical therapy is really helping with my back pain.",True,,,b041390c-a786-4649-8bbc-7a262cf202d3,,2025-08-20T11:21:36.313179,2025-08-25T09:00:36.313185
60640ff7-16e2-44f2-ba9e-b79116df8304,dec200b3-98fd-4497-b896-40899c14a686,e02f9118-b876-49b7-8a7d-268727fcae28,"Hi Kelly, your blood pressure is well controlled. Continue current medications and lifestyle changes.",True,,,,d0b151cf-09d3-4fcb-b443-76c930f030d0,2025-09-01T16:23:36.313217,2025-09-07T13:23:36.313222
e349f1fe-1d19-4f32-b46f-4b59724b520c,ea61d5c5-a19b-4709-a652-a2fd6e73efc7,bad8c1fc-a397-4de9-86b2-e88d98596e63,"Hello, I've been having chest tightness when exercising. Should I come in for an evaluation?",True,,,,443dfcfc-4693-40d1-89ae-7772d4346a1a,2025-08-21T08:43:36.313272,2025-08-30T13:06:36.313277
5645b1c5-8abd-4ea3-a0ac-839cb8bdab1e,c0c84f13-14c1-4872-8681-88ebce8ba9fe,5796e156-e9fc-4e8b-bb69-804526cd0127,"Good afternoon, I'm having trouble sleeping since stopping the ambien. Any suggestions?",True,,,,,2025-09-01T17:27:36.313320,2025-08-23T09:01:36.313332
3cb7c1fa-4f37-4915-9ff3-1142bc8146b7,b51ddf46-8156-4f32-8481-d92e0cb8afbd,fe1e40e4-7594-4e73-8664-6899ee881d56,"Hi, I wanted to let you know that the physical therapy is really helping with my back pain.",True,,,,,2025-09-09T02:00:36.313399,2025-09-08T04:01:36.313404
610cafbf-d753-4ba1-8a5d-cdddc86f95fa,a50bd545-aefd-45f6-ad0e-f14279064acd,fa9a5afc-ed19-4ec9-888a-f9bd1537651b,"Hello Christopher, your lab results look good overall. Your A1C has improved to 6.8%. Keep up the great work!",False,,,04ff896c-da14-46eb-8224-99bc81fc6d12,5a38e88e-953b-4fa7-b522-6ba7131b231a,2025-08-21T22:21:36.313466,2025-09-02T11:37:36.313471
b0b892ba-c9d4-45ba-b0b6-b17640f93699,f0e21481-f4a9-4ada-a212-08dd8850e526,60333f44-e0eb-47f1-ae22-e6e9e7e6ebbc,"Hello, I've been tracking my glucose levels as you suggested. They're ranging from 110-140. Is this okay?",True,,,4f9db503-c3bc-4134-8e13-6fb6e2a496db,c9ca2e31-0f7b-477b-8420-559c2037eccd,2025-09-17T00:31:36.313533,2025-08-27T18:45:36.313538
b4d3ffe6-066d-4c93-85ff-ceb59f56bd5d,0174b79b-e9ed-4307-8aad-aa679df1e9cf,77878834-0690-4a2a-b8fd-df59f5144678,"Hello Timothy, your blood work shows slightly low vitamin D. I'm prescribing a supplement.",False,,,,6043068a-5178-4e79-ac7c-9dbfc3e85d4c,2025-09-18T11:26:36.313599,2025-08-31T13:49:36.313604
01bbccfb-248c-43e6-a7d9-8730919af81d,ff153331-b49b-43dd-812d-c323282ffd77,c09e224e-6dd8-4330-a40b-592b8b28c0a4,"Hello, I've been tracking my glucose levels as you suggested. They're ranging from 110-140. Is this okay?",True,,,,,2025-09-18T03:56:36.313678,2025-08-28T06:26:36.313683
17fecf7d-d491-4e82-a121-e617aca3dfba,567bf8b8-f6ea-4007-9329-c8452438a08c,78f66741-06be-49f0-841f-98c3ea18599c,"Hi, I uploaded my lab results from Quest. When you have a chance, could you review them?",False,,,,616a43f1-1ba6-4633-8a25-242b9bf10f8f,2025-09-02T13:34:36.313775,2025-09-15T11:57:36.313780
20fb8ec5-7ce0-4583-b048-b1aa49ba2807,2a880e27-6038-4fdf-a191-acd59d6be979,fda65c6e-f516-4f84-aa30-5119564b8f59,"Hello Dylan, your mammogram results are normal. Schedule your next screening in one year.",False,,,,,2025-08-22T02:12:36.313825,2025-09-06T06:43:36.313830
245cc386-5843-4c94-bfd2-d4fa01a67d2a,8f1a16fe-3a5e-4aee-9fa6-d16c7c3c402d,7c651d5d-63ee-479b-a3e7-205ddb2e3670,"Hello Michael, your blood work shows slightly low vitamin D. I'm prescribing a supplement.",True,,,,b19db9f3-91fa-4447-b3ad-e31d3c7f0e69,2025-09-08T04:36:36.313876,2025-09-10T20:53:36.313881
ab25c754-f349-476c-ba33-84c182409670,b88ce9bf-1fa0-4b87-9708-352d688f2f37,3179ac40-e805-40ae-bf08-fd91134a5338,"Hello Samantha, your mammogram results are normal. Schedule your next screening in one year.",False,,,,,2025-08-22T07:35:36.313967,2025-08-20T06:57:36.313971
da38d28c-f647-4dac-8e37-46db97d38962,810d28e8-cd29-4f21-be96-7b14025b8785,da51202a-6de8-45fd-97cd-9aee34b644e0,"Good morning Kimberly, I'm sending over a new prescription for your blood pressure medication.",True,,,2f552c68-16e8-4f89-a6c5-386d963e90d0,,2025-08-28T08:38:36.314051,2025-09-02T13:20:36.314056
1eff5c65-0898-40e7-bec7-2682e4e45d12,d85c634a-d8c0-4b8a-b474-ffe4bcf33a12,eda8df27-b261-4f07-80a0-4e1493b69512,"Hello Rachel, your blood work shows slightly low vitamin D. I'm prescribing a supplement.",True,,,d084e089-35eb-46e6-bfae-f8c0d244ee77,,2025-09-12T06:42:36.314147,2025-09-06T07:48:36.314152
43f085a0-699a-4a50-ad2f-a4f6f0d118e9,a5791df3-4690-43da-b02d-601829da7ab2,8a86028d-dac0-4088-ade0-c8444e8535fb,"Hello Ashley, your mammogram results are normal. Schedule your next screening in one year.",True,,,,,2025-08-21T23:13:36.314235,2025-09-13T03:07:36.314240
d8404a17-4aa0-428f-a9cc-05fdb3d26556,3cc1c28c-a317-4487-af96-42a56fa746c6,9cf2d5e5-94ce-4f09-a8dc-4e74c322bbbd,"Good morning Dr. Dr. Spence, I've been experiencing increased fatigue lately. Should I be concerned?",True,,,,,2025-09-01T18:21:36.314303,2025-09-12T05:51:36.314308
ced04e7c-1760-4d41-9379-e30f20b4c19f,bd0a9752-9c65-4e21-bcd4-ac81a1f4c030,e4f611eb-1041-4f59-ab07-73c7260b5142,"Good morning Katherine, the CT scan was normal. I'm glad we could rule out any serious issues.",True,,,,,2025-09-04T03:28:36.314380,2025-09-07T15:55:36.314385
6dd8bd62-e098-4f0d-b17c-6ba9831746e0,90862217-b2b6-4914-a8dd-66ad181de64b,064006cb-81ff-4666-b369-4dd2a1b381dd,"Hi Jasmine, your blood pressure is well controlled. Continue current medications and lifestyle changes.",True,,,,,2025-09-06T02:29:36.314417,2025-09-08T18:45:36.314422
a2368d9d-a079-43ac-8732-a9240e950cf4,f6e398e0-a6c1-4721-9a5a-539a8af2ada2,987cdbbc-80ff-44d6-a5c2-e067377ef0e4,"Good morning Lee, I'm sending over a new prescription for your blood pressure medication.",True,,,,,2025-09-08T05:02:36.314473,2025-08-28T06:47:36.314478
ef59285c-40f7-4a12-8a37-3050e174cd8e,ee5145da-be0e-48e8-ba6b-c55afeccc1d4,2078dc28-7938-40f9-8902-cedff86ed4df,"Hi Kristina, congratulations on your weight loss progress! Let's discuss adjusting your diabetes medication.",False,,,,,2025-08-26T03:48:36.314546,2025-08-23T11:44:36.314551
3da8e607-7ba6-4789-86a0-8bca65d6f9f5,6caa4ea4-a0e1-4244-992e-0736406aee4d,2e808acb-6f34-434f-a53e-dae6cca0662e,"Hello, my insurance approved the MRI. When would be the best time to schedule it?",False,,,72480eec-2bdd-4b9d-9439-a9629b03a92b,,2025-09-11T07:13:36.314581,2025-09-07T12:59:36.314586
91351e4d-f485-43c4-a1d9-f202c9603a51,c68bb21a-e886-4c43-ad2a-d50a467bcba8,b90fbd10-419d-44f3-8384-53b2c21e884f,"Good morning, I'm traveling next month and need refills on my medications before I leave.",False,,,,5c63a54e-9369-4121-bde8-3e947a135189,2025-08-22T11:23:36.314669,2025-09-13T12:50:36.314674
1cbec2ad-6c77-41be-b959-648a81a9765d,8ad2431f-b2ed-445a-91c1-c1a98a18bc10,d02f96ad-8ad0-46ef-b43e-8747fda338d5,"Good afternoon Erin, I've referred you to cardiology for the stress test we discussed.",False,,,,,2025-09-06T06:22:36.314758,2025-09-09T23:39:36.314763
bd9a926f-f4fd-453d-8362-da4b01f8ad9d,5d2d807d-5c23-4796-9a83-8981ceaa99b9,07881a52-260e-48c1-9fbb-1769ac60fdf0,"Hello Kelly, your mammogram results are normal. Schedule your next screening in one year.",False,,,5be513a1-c04e-40da-bf6b-1ff502a83d95,,2025-09-07T13:06:36.314821,2025-09-10T19:18:36.314826
f48edbb5-662e-40d6-aabc-3d9c262acf8f,0c9f9cac-c4bf-42c3-8c9f-d2d359b28642,c3e6ed1e-84ff-428a-906a-faf366b6e727,"Hi, I need to reschedule my appointment next week due to a work conflict. What availability do you have?",False,,,7367f7f2-10e7-4607-99f0-d7b32a5e39ac,,2025-08-27T12:34:36.314848,2025-09-16T14:57:36.314853
7a1f29cc-74a3-4e92-a938-8707e1d6a95b,ed600c1c-0297-4aea-9ac5-5bc66b45e75e,31129d7d-4233-4714-98ba-d25831be4316,"Hello Angela, the X-ray shows no fractures. Continue with rest and ice, and follow up if pain worsens.",True,,,,e7e85d83-1713-4113-a880-40f2ae867b8e,2025-09-18T06:29:36.314892,2025-09-14T02:49:36.314897
b12b0c53-5153-4143-863a-0d9bee0051c6,179f50e8-c1d7-41c9-b239-c702d0e11891,45d7c642-48ac-495f-aae1-022c0a198a35,"Hi Dr. Dr. Bowen, my pharmacy says they need a new prescription for my Lisinopril. Can you send it over?",False,,,,,2025-08-30T14:32:36.314987,2025-09-15T16:26:36.314992
8ee8fc25-c1b6-407d-b16f-50e7bb511de2,286db46a-00e4-4259-92c1-5920ad84ff47,2ca2f316-32c0-4863-8517-71964508ec7f,"Hello Willie, I've cleared you for surgery. The surgical coordinator will contact you about scheduling.",True,,,d0fbe6ac-61a5-41ed-8a44-9075f45b4e68,,2025-09-08T07:46:36.315083,2025-08-22T18:52:36.315089
9d4743e6-f4e7-46e0-9f62-b4e7c2bb6ab9,cb3df92d-e5a4-4698-b9d5-07d70dbb9b44,6e36dadf-0b32-4b42-bc04-9da93fbec9cc,"Hello Shelby, your mammogram results are normal. Schedule your next screening in one year.",False,,,cf79786f-6e84-4cfe-903c-4a1f45b3a024,,2025-08-30T02:56:36.315146,2025-09-01T07:18:36.315151
be964901-3244-4dfe-9cc4-faf03794fa70,1b4b6aa2-b189-4ec7-92b4-80d8f678faaf,c21fda9b-9d94-40e7-84f8-36cece589ec8,"Hello, my insurance approved the MRI. When would be the best time to schedule it?",False,,,,,2025-09-15T02:20:36.315226,2025-09-11T23:01:36.315231
7eddf935-46c3-4dbf-acbc-aa21d7cb0cc3,393915b4-0142-4522-b601-bb25e41517c7,f0848943-2d3a-4569-8339-1ecc557ebee7,"Hi Deborah, your blood pressure is well controlled. Continue current medications and lifestyle changes.",False,,,,,2025-09-11T17:28:36.315270,2025-09-09T19:22:36.315275
91079181-1444-4632-8fef-bee6d13163c9,1c2ad57c-78ef-478e-b4a0-7f60d4f31a4b,31129d7d-4233-4714-98ba-d25831be4316,"Hi Angela, the side effects you're experiencing should subside in a few days. Call if they worsen.",False,,,e65740b6-3da2-4bc6-a6bd-e20223769312,,2025-09-05T18:19:36.315321,2025-09-15T18:57:36.315325
70cd815b-1449-43aa-a76e-5e9f3d353e88,9ae61abe-6c37-4245-acef-f73c7af6666d,7be9f328-5a2f-4624-80c3-644ad00556a6,"Hello Krystal, the X-ray shows no fractures. Continue with rest and ice, and follow up if pain worsens.",False,,,bd9f6009-b4b2-4f53-9f88-20fb59e653cd,,2025-08-26T17:46:36.315359,2025-08-19T16:56:36.315363
08cf75f6-26e7-4bf1-84d5-13bf5b6384e4,ab3abfc4-35be-425e-adb2-a3759b3a9f19,0ad7d30b-8791-4aa6-b071-978829bfced9,"Hello, I've been tracking my glucose levels as you suggested. They're ranging from 110-140. Is this okay?",True,,,,c7aeee38-a151-4405-ba0a-926dd19bc571,2025-08-22T19:02:36.315385,2025-09-06T04:52:36.315390
3b1e8860-b0ae-4c8f-bafa-8d5567be7e07,9431263f-1fed-4abd-b4cf-fe6cbb514612,961adf9d-945d-485d-bd08-9b04b0869b24,"Good morning, I'm traveling next month and need refills on my medications before I leave.",False,,,,,2025-09-02T10:15:36.315476,2025-09-06T11:53:36.315481
38f00827-7ee0-46e7-abb7-2c35c48a0c28,93a3393d-2968-4da3-8ebc-bd99e2f5fc3c,a7f98cb9-4044-4dab-a0f6-2a0c92662d58,"Good morning Dr. Dr. Wright, I've been experiencing increased fatigue lately. Should I be concerned?",False,,,,538c382f-6427-431a-8afc-02729fbd837a,2025-09-08T19:27:36.315521,2025-08-26T15:55:36.315526
02f64238-5833-4234-b8f1-4d126df67283,a0b0bc43-bf8d-466a-b142-2d17e7358ea2,6fa5266c-f978-446c-8e7d-9754878f4845,"Hi, I uploaded my lab results from Quest. When you have a chance, could you review them?",False,,,,,2025-09-05T15:17:36.315576,2025-09-18T10:25:36.315580
e43112cf-88f6-4fb6-b4bd-6ff40d8d4f6e,a305073f-4839-418c-b828-6461ac056e8e,f0e21481-f4a9-4ada-a212-08dd8850e526,"Hi Shannon, your blood pressure is well controlled. Continue current medications and lifestyle changes.",False,,,b6f0b379-5477-4ba2-adbb-efea05849aad,,2025-09-06T01:11:36.315640,2025-09-10T17:11:36.315645
8a20663c-c035-456a-a19a-7e1504380f8a,3e3f7002-4835-447f-b97d-06e004d0fc11,f3ac813b-2d92-4d41-be61-86c41eba061f,"Good afternoon, I'm having trouble sleeping since stopping the ambien. Any suggestions?",True,,,,,2025-08-23T00:05:36.315742,2025-09-05T07:29:36.315747
2629c8ed-1649-4671-814a-fa0991a521c8,d480fb5c-7740-4444-9505-64b6eb59202b,195c568a-66ee-4f52-a64f-95da82f8edf5,"Good afternoon Gregory, the specialist confirmed our diagnosis. We'll start the new treatment next week.",False,,,363ab53c-499b-4af9-8a25-e9814fc81f70,,2025-09-13T08:47:36.315805,2025-09-02T17:06:36.315810
45ca7bc3-d4f7-47df-a010-0e294d766e79,a308e5ec-2fb2-448e-bd3a-57fc0b76b78c,4d4d68df-7346-4951-9b99-50b875be4b2b,"Good morning Dr. Dr. Walker, I've been experiencing increased fatigue lately. Should I be concerned?",False,,,28ab302d-23b9-4217-9bdb-3654547e5b23,ef68519f-e1dc-4e38-b074-a76ab095ab14,2025-08-29T09:26:36.315868,2025-08-22T22:27:36.315873
33a1f818-448f-45c4-a9dc-80bfe115a72f,b8285cbd-846c-4eb2-b4be-d6f5f75ad51a,a6d4b0b1-f272-4e6f-bd86-4339f4ecf491,"Hi Joseph, your blood pressure is well controlled. Continue current medications and lifestyle changes.",True,,,,,2025-09-13T02:38:36.315959,2025-08-25T10:38:36.315965
abe7e9f2-5bea-478f-8e2b-555707442d79,bd835801-8731-462e-8df1-142f7ac239b5,95e612f3-af8a-43d2-9469-7b5a9f34acb6,"Hello, I'm having some side effects from the new medication - mild nausea and dizziness. Is this normal?",False,,,,,2025-09-18T04:39:36.316050,2025-09-08T06:27:36.316054
7504ce2f-9453-47bc-ac69-ed1fdf8bfc33,781ebbe3-0ba9-4147-9a4d-0b8e0d58d760,f57681d0-85d6-4fdb-846c-c297377acc00,"Hi Jennifer, the side effects you're experiencing should subside in a few days. Call if they worsen.",False,,,,,2025-08-24T20:17:36.316072,2025-09-02T10:38:36.316077
2cb0218c-6886-4fb8-9e39-4f9df0e90302,d6b942a4-2b81-4fc7-89f3-fdb7219675de,221acab7-427b-489a-a3e9-b4fc290127a9,"Good afternoon, I wanted to follow up on our discussion about my sleep issues. The CPAP isn't helping much.",False,,,,,2025-08-20T08:42:36.316103,2025-09-02T23:00:36.316108
a78519fe-d44f-425a-98dc-6b52c5013593,a7a402c8-6e7f-4944-88f1-6b2677405610,dd23461e-6686-4d5d-8d11-6656b67351f4,"Dr. Dr. Smith, I'm concerned about a new mole I noticed. Can we schedule a skin check?",True,,,,,2025-08-29T07:20:36.316140,2025-09-16T21:07:36.316144
5b25c886-ed23-4339-9ccc-82a267659508,84768eaa-6402-4e2b-b093-4e79a1424e0d,e43dda6b-32f7-48c0-8a76-aefddbd6b5e9,"Good morning Jon, I'm sending over a new prescription for your blood pressure medication.",True,,,cd143174-09c0-4a20-acc2-8578e0ca5f00,3e824074-9195-4b7b-bba3-9b8bf3aba9fc,2025-08-23T12:12:36.316222,2025-08-30T08:03:36.316227
703f9e43-13b4-4533-a400-58e6699cfa42,facb1a5a-51c2-4a7c-83c1-3c43af998425,9759d24f-f177-4dc2-a317-c8297821f9c2,"Hi Amanda, your cholesterol panel shows improvement. Continue the current statin dose.",True,,,,c5a95d88-d0fa-4304-80fb-6b2229ebedcc,2025-08-19T16:54:36.316300,2025-08-20T00:15:36.316305
c3151f76-943d-4a5c-981c-e78d71f6874b,d8b85f63-fe7f-4163-bf36-a73998ec1fb9,bd88da31-46a0-4cb5-8347-b3f08d543a19,"Good afternoon, I'm having trouble sleeping since stopping the ambien. Any suggestions?",True,,,a244b63a-2853-4849-b2f8-abe49301c203,e171c7ea-9255-4d87-94f9-abf39a06fb16,2025-08-20T00:52:36.316397,2025-08-20T17:14:36.316402
39889e6d-ccc0-4755-ac9f-d0484a54515b,d13f5ce2-71e0-41b8-9d18-d6128a81b566,149aeae4-5a10-4403-83b1-bd71d8857c26,"Hi, I've been following the diet plan we discussed and lost 8 pounds so far!",False,,,,f16ce8ef-45f5-4317-87da-ce673d363145,2025-09-09T14:22:36.316466,2025-09-07T04:05:36.316471
fbc2ee81-5715-45b8-ab46-774466fa2219,f9ca2e2f-25a8-4c29-8ecd-888cd9e8afc8,be68c058-9b57-4643-ab6e-1031df8dc76e,"Good morning William, I'm sending over a new prescription for your blood pressure medication.",True,,,,c5f6f6d2-691c-4b0c-8c17-5ba9aeb9456d,2025-08-29T16:43:36.316543,2025-09-05T06:49:36.316548
aab90151-5d15-438b-887c-eb3f97eb487f,fb8c0cde-814f-4782-a75b-5373d38e0a23,93f0ec16-6a47-401f-b9b1-9da852b29837,"Good morning Karen, the CT scan was normal. I'm glad we could rule out any serious issues.",False,,,,,2025-08-21T19:23:36.316611,2025-09-07T15:37:36.316616
de02cb98-8a2e-4377-9f19-ba8e3874aeac,381cce53-5a59-4c7d-b1e4-27e448bb175e,0af17d1d-fc12-4b16-b676-4c672eaf24eb,"Hi Dr. Dr. Edwards, my pharmacy says they need a new prescription for my Lisinopril. Can you send it over?",True,,,,,2025-08-27T05:44:36.316702,2025-09-10T18:18:36.316708
38cac54f-7a19-45de-9438-d6209ac29973,d74d9d3f-ac5b-4502-8a27-cbc9fa6e51c7,3e27cdd1-bf53-4733-8894-d2f689a2d948,"Good morning Dr. Dr. Howard, I've been experiencing increased fatigue lately. Should I be concerned?",True,,,39c4d419-4410-461e-8ad7-5c4e0130612e,,2025-08-29T19:58:36.316751,2025-09-12T06:05:36.316756
5e8b78a9-733b-4b0d-a612-3db1e3403b04,c534be4d-43a9-490b-8f20-84a86ec5806b,c6d86fbe-d743-433f-baea-ddac2aa314ae,"Good morning Nina, I'm sending over a new prescription for your blood pressure medication.",False,,,7a3f370c-a2d1-4fab-896d-9f51e6edb65c,,2025-08-24T00:15:36.316838,2025-09-05T17:36:36.316843
63c761a9-8923-4a5f-b838-ac3b9bdcd0c1,5cc08a88-ad9c-4c8c-8eae-c379c8e14786,c4213633-c0bf-4a17-b39a-ea462e509d1e,"Hello Stephanie, the X-ray shows no fractures. Continue with rest and ice, and follow up if pain worsens.",False,,,,,2025-08-22T13:34:36.316888,2025-09-13T17:09:36.316893
7f6789ca-aa05-4904-8e01-f0866e72604e,d6227624-8d71-401e-850e-c2d16e2bbe64,43c4e4fa-2d4f-4ae3-9678-a771d0dc3f53,"Hello, my insurance approved the MRI. When would be the best time to schedule it?",False,,,,,2025-08-23T17:24:36.316919,2025-08-19T19:11:36.316924
1394b823-b6eb-472f-889f-673d9174cfa7,425a35b4-947d-4fc8-9759-6a3f3d143fbe,94a137f8-7c03-47da-bf78-386d4a1cf045,"Dr. Dr. Murray, my blood pressure readings at home have been higher than usual. Latest was 145/95.",True,,,,,2025-09-11T08:26:36.316950,2025-09-06T20:46:36.316955
c43f9842-02da-4c05-8ec2-5f9ea8d48080,9a3d69a0-c471-4de5-af0a-27cefad6d7d5,03ec32f2-4065-4360-b8ac-a399f145df5d,"Hi Judith, I've reviewed your symptoms. Let's schedule a follow-up in 2 weeks to reassess.",False,,,,,2025-08-27T12:12:36.317003,2025-08-31T18:33:36.317008
4695eec3-4dc2-4e1b-aba3-7eb4bd6d0991,676b8333-1692-4a11-9790-e104a0f2a6be,4e26eb9f-4e07-4812-a1ac-764465c91ae3,"Hi Joseph, your cholesterol panel shows improvement. Continue the current statin dose.",False,,,3c757faa-971f-4496-a12d-974e1303ae59,,2025-08-30T22:05:36.317024,2025-08-21T08:49:36.317029
97efdd07-f472-40f1-a816-577b59ba3d3e,96ba8ee6-27c6-43c2-87da-aa9521e126fb,3083ba7b-bc8b-4e91-874f-be30b77c447e,"Dr. Dr. Phillips, I'm concerned about a new mole I noticed. Can we schedule a skin check?",True,,,bd81949d-2c63-4622-a402-0c05d4f07070,1874721c-7fbd-4591-a525-dbe4298bc431,2025-09-12T01:32:36.317126,2025-09-14T22:35:36.317131
79fe7e77-ecc6-4245-9a3c-ea61744a82ca,a9bbe07a-a9a3-4163-bd07-3d9a05fff9d3,5c4aef43-c6b0-4e88-8fc2-f95a2ed82412,"Hello, I've been having chest tightness when exercising. Should I come in for an evaluation?",True,,,,,2025-09-04T23:24:36.317197,2025-08-25T10:49:36.317202
3668e4cd-8a86-4c83-8a86-876999175881,a7af4adb-f37f-43be-a99c-7d3576e9fcf0,065b60f7-7fa9-4904-96a2-788dd3d754c1,"Hi Marc, the side effects you're experiencing should subside in a few days. Call if they worsen.",False,,,4763a7ef-ffe3-4660-a5ca-a873310fe499,32a240d3-b912-489d-aa68-051aab43780e,2025-08-20T20:58:36.317225,2025-08-19T20:36:36.317230
01f9b53b-97fa-46f1-add7-6e703cfa57b2,9e8c9169-d034-41b8-be13-00276f72a0b2,416be0aa-1fac-4f30-8f6a-f9dd9750384f,"Hello, I've been having chest tightness when exercising. Should I come in for an evaluation?",False,,,,,2025-09-03T08:39:36.317311,2025-09-17T01:42:36.317316
94688a5f-2650-47b8-94ea-dcfa45153406,9beee2ad-0331-4f14-98c1-bc57c174f8ae,3994b743-3644-4afa-b8f3-34096ef61acd,"Hello Richard, the X-ray shows no fractures. Continue with rest and ice, and follow up if pain worsens.",True,,,24ad7a0e-fe21-411c-a4e2-0d2157f573ec,9affcf1b-ddf3-467b-a817-99333fa2642e,2025-08-31T14:51:36.317373,2025-09-05T13:33:36.317382
2fbed65a-9126-445f-9990-44f132071975,91d142d7-926e-4b78-aa35-cc2864234c61,fadff8f1-b503-45e2-bfc4-7d7e336dc9ec,"Hi, I wanted to let you know that the physical therapy is really helping with my back pain.",False,,,76254bed-c1ce-4549-b131-fc5a901406f4,,2025-09-13T08:54:36.317463,2025-09-04T15:32:36.317467
18c4444b-062f-472b-8def-fa4d8f6428d9,1a6ee802-a7cf-4220-b8a5-d90aa53937a0,65298604-36dc-4e7d-a555-1784c3638103,"Hello Eric, I've cleared you for surgery. The surgical coordinator will contact you about scheduling.",True,,,,e5833601-9443-4844-89c7-484e9817d962,2025-09-10T20:18:36.317549,2025-08-24T00:36:36.317554
9ca8fa91-d6ef-4ab2-89e3-c172657aa72e,17628315-fd54-4154-99b9-a58737dce121,5d2cf914-c61b-46a0-bdc3-18abf0e00056,"Hello, I've been tracking my glucose levels as you suggested. They're ranging from 110-140. Is this okay?",False,,,dab0b356-3877-4c88-a0a3-03adf4e6d25e,,2025-09-06T14:50:36.317589,2025-08-29T14:23:36.317594
56ba09d3-353b-49c6-bd57-eddd667783e2,17628315-fd54-4154-99b9-a58737dce121,b1e545b2-02da-4854-bfc4-3a48e944925c,"Dr. Dr. Vazquez, my blood pressure readings at home have been higher than usual. Latest was 145/95.",True,,,98817219-50e9-46d6-88f5-b18129fe1df5,,2025-09-14T08:34:36.317624,2025-08-31T12:24:36.317629
699dbcd3-78a1-4c82-a64b-414c2e8f35fe,0ad7362a-6ce0-407f-8a40-a57dbf6fa1de,eace8e24-e14f-43ad-926c-d41852602b52,"Good afternoon Ronald, I've referred you to cardiology for the stress test we discussed.",False,,,,a909f882-b7e3-42ce-8360-f51d9a8802e3,2025-08-31T10:33:36.317653,2025-09-02T14:27:36.317658
5fbbc4c3-770f-4e46-a717-2fe84f60bba8,02b8ac75-a003-4c11-9741-182263f6f211,fadff8f1-b503-45e2-bfc4-7d7e336dc9ec,"Hi, I wanted to let you know that the physical therapy is really helping with my back pain.",False,,,,bfe8bf92-6472-4140-ab3b-95220abff043,2025-09-10T17:53:36.317723,2025-08-26T22:44:36.317728
db8ae485-1d4e-4797-9cdb-d3b973e89056,5bfd3f04-997e-4090-8ff4-163359cf0b8e,21238aec-386f-4047-9ffd-fda9d62a7d82,"Good morning Gregory, I've updated your treatment plan based on today's visit. Check the portal for details.",False,,,,6b5b3e77-ef52-4082-96f1-9f440c71d9c9,2025-08-22T16:13:36.317757,2025-08-28T09:38:36.317762
ca7307c0-ac07-4ed2-b963-7cf5410d7cef,773e63bf-6651-4494-af67-ea0d4769b67b,00276a74-faab-4a73-b744-b8b1d443b8e4,"Good morning Dennis, the CT scan was normal. I'm glad we could rule out any serious issues.",True,,,ac17b9ac-3654-408a-9769-3a98bf43709e,,2025-09-09T18:39:36.317794,2025-08-28T21:04:36.317799
64a32279-6722-4142-bdca-2706596b99ba,c2526f2d-724a-444c-a1ba-7243aa8e46ff,b88ce9bf-1fa0-4b87-9708-352d688f2f37,"Hello, I've been having chest tightness when exercising. Should I come in for an evaluation?",True,,,d96b83de-b383-4674-a6b1-3368f49725d7,,2025-09-01T07:55:36.317822,2025-09-17T20:04:36.317827
ac73fbf8-09b7-4a1b-9350-f9c6c4445b62,5148d8b7-4c3a-4ee0-9a68-bddf11380145,f9dd4ae6-9041-4377-bef3-ae4d8be8cc21,"Good afternoon, I wanted to follow up on our discussion about my sleep issues. The CPAP isn't helping much.",True,,,,,2025-08-29T12:03:36.317906,2025-09-06T00:55:36.317911
d86f881e-5b3f-4c69-8e11-8993b35c1029,0a480ca2-7686-40a1-b1b7-0e3a9f49be04,3d8aaecc-a6a2-42e2-9c01-ab5a74a22365,"Hi, I wanted to let you know that the physical therapy is really helping with my back pain.",False,,,,,2025-09-14T02:50:36.317972,2025-09-08T08:38:36.317977
53524fa0-a6ef-4c64-b649-f48abeab3bc1,19352c8e-3cdb-4473-914b-4e2506f2a37a,44143283-cf88-44c8-8ed4-c8d9e49cfb56,"Hello Jessica, I've cleared you for surgery. The surgical coordinator will contact you about scheduling.",False,,,,,2025-08-23T02:19:36.317996,2025-09-07T17:18:36.318001
a8ca091d-295d-4508-8262-a7bc005061a6,b60ec849-0e80-4a00-98cd-0d51d349c04a,2e638a27-ad3c-4510-a012-29f2d1102590,"Hi Heather, your cholesterol panel shows improvement. Continue the current statin dose.",True,,,39a70d90-50b5-42c5-9f7b-ffb82f3495bd,,2025-08-26T02:39:36.318056,2025-09-18T11:23:36.318061
f530107c-f63d-43b9-a8c5-c26e959c3f4d,dec200b3-98fd-4497-b896-40899c14a686,404628c1-70de-416b-b2d7-47258bdddd6b,"Hello Mary, your blood work shows slightly low vitamin D. I'm prescribing a supplement.",False,,,d6ac713f-bd8e-4006-9775-e849c5fe06d1,228fe12a-5924-4f85-b5ff-764360ed8ab0,2025-09-13T07:11:36.318086,2025-09-08T19:58:36.318091
10a3bf94-a304-46a7-be4e-8653013acd8b,d0472fe4-0eb8-4839-8e36-b8e698a44ec3,ab4d2a2e-665a-4e00-8b67-aa1519539c04,"Good afternoon Karen, I've referred you to cardiology for the stress test we discussed.",False,,,,,2025-08-29T20:29:36.318145,2025-08-20T23:55:36.318150
4afe6a80-797d-490a-b6f7-df94b129757c,03f39c1b-72fe-42eb-8179-47eeca935cd3,a8048d0a-2358-43db-8049-3f1a2add9bb5,"Hello Andrew, the X-ray shows no fractures. Continue with rest and ice, and follow up if pain worsens.",True,,,3d56123c-9733-4ecf-8dfe-a1d33259f7d0,,2025-08-20T13:13:36.318214,2025-08-29T02:02:36.318219
c1b019f3-4031-406f-8645-dd1e31a684d1,dbed472f-b7f8-415d-854a-ee4d92084931,878e297b-7f4f-4076-bcdd-5ff8b237bee5,"Good morning Alexander, I've updated your treatment plan based on today's visit. Check the portal for details.",False,,,98f68919-a3b8-4302-8275-275ebc4bf82e,,2025-08-24T20:37:36.318281,2025-09-04T23:00:36.318286
2bb3e8ba-c024-4387-9cd1-8666607fa09b,1c7d9b92-8690-45ca-a4ab-2cb31b735f33,2d2464d2-9ebb-4479-8256-f440e7b61740,"Hi Dr. Dr. Wolf, my pharmacy says they need a new prescription for my Lisinopril. Can you send it over?",False,,,,,2025-08-26T19:46:36.318311,2025-09-13T01:05:36.318316
