id,message_type,message,status,user_id,provider_id,appointment_id,vital_trigger_id,sent_at,read_at,created_at,updated_at
83c44b5a-669b-444d-9f58-e8d2d7506b65,appointment_reminder,Reminder: You have an appointment tomorrow at 2:00 PM,failed,367dfac0-24bb-4150-9074-70d30db70541,32772c7d-6923-446d-a921-9f06dc796a4d,,,2025-09-17T07:00:16.857567,2025-09-15T02:44:16.857613,2025-09-15T03:31:16.857617,2025-09-17T16:18:16.857620
da5fa960-4b2c-47bc-a96a-924c165d5486,system,System maintenance scheduled for tonight,pending,4759d19b-359c-4ee3-a024-d2d0863ff203,,f57848a2-e7e7-4eff-b312-ec7a2157fb6a,,,,2025-09-15T03:58:16.857665,2025-09-17T11:40:16.857670
f61655ad-7cf8-4a6f-93de-5985b48a7f5a,vital_alert,Your blood pressure reading is outside normal range. Please contact your provider.,sent,ab04b99a-646f-4fa5-8bf5-3a8fb0a27923,e565dc02-3d0b-4601-9f18-79f5a25891bd,,133f6ae2-d55b-4dca-9522-ed89c489d2bb,2025-09-11T10:35:16.857694,2025-09-16T03:15:16.857698,2025-09-14T12:45:16.857702,2025-09-18T04:28:16.857705
f072df46-b21f-4726-8679-e3f6f5d514cb,appointment_reminder,Reminder: You have an appointment tomorrow at 2:00 PM,delivered,dd1e96af-e990-407b-a525-a98f3e33f0a0,09b31e46-24c9-4860-96b3-43b7857ffb77,2e334a7c-30a4-4250-845f-1643324c5145,9484550f-3a76-4263-981c-fc8ebd0bc35b,2025-09-18T08:37:16.857735,2025-09-16T04:57:16.857739,2025-09-11T18:24:16.857742,2025-09-17T11:52:16.857745
a8e7c41c-aa5f-4c74-8c7c-5756e6fdd1ea,vital_alert,Your blood pressure reading is outside normal range. Please contact your provider.,pending,e7bd94f9-0b6a-4205-ba4c-4d94408e0929,4177922f-b1b2-4333-ad63-e6bf2a660f4d,,,,2025-09-16T05:21:16.857761,2025-09-12T08:00:16.857764,2025-09-17T08:10:16.857768
192e07f2-08fc-4a8f-a18b-8f44b4e3cc45,vital_alert,Your blood pressure reading is outside normal range. Please contact your provider.,sent,cd2dd20d-fd1d-4e04-99c8-3e8aa40c6469,,,,,2025-09-16T03:19:16.857780,2025-09-10T19:57:16.857819,2025-09-17T12:42:16.857822
9c47fc38-d447-4f6e-9313-2d40ac9c8555,appointment_reminder,Reminder: You have an appointment tomorrow at 2:00 PM,failed,32853b13-f6b2-487d-8621-1bdfb0cc0bc6,f3e1682a-da11-4595-939c-c5755a48223c,,,,2025-09-15T12:20:16.857848,2025-09-13T20:47:16.857852,2025-09-16T17:30:16.857856
0b2c9e9d-7a2e-4946-8197-5c3ae7b43548,system,System maintenance scheduled for tonight,pending,b3ab0e19-c9f8-42bf-b93e-fa5d5b84c351,eba1583d-6558-4071-96ec-08b8bd70a442,,,2025-09-15T09:58:16.857875,2025-09-15T19:21:16.857878,2025-09-13T07:15:16.857882,2025-09-17T10:53:16.857885
d543c474-b2dd-4636-98c5-df51f7030dc0,system,System maintenance scheduled for tonight,read,b3aacac0-c544-4750-bc48-7b7411691d9b,5ee8c376-2567-43cb-8343-0e2aea5f7de2,,,2025-09-12T06:36:16.857900,2025-09-18T05:52:16.857903,2025-09-17T12:42:16.857907,2025-09-18T11:19:16.857910
49bd2653-8d8d-4a47-9e4a-00d5c3310bf6,general,Your test results are available in your patient portal,failed,7f6807b8-dc88-4c9b-a386-78306ca199e8,3dec2c99-e59d-45d0-9515-d085e5d734f6,8861084b-8795-483d-9168-0eef20f11b0c,,2025-09-17T19:52:16.857932,,2025-09-16T14:49:16.857936,2025-09-18T11:46:16.857940
605a6f31-6c05-4343-91fc-3f7e2f01169f,system,System maintenance scheduled for tonight,delivered,5ded0f33-e37e-401a-80b0-3ecaf7b19f56,0d10b7ab-4c01-4cab-91c2-dc9e4ba8dc61,,a9e2e21c-114a-4f5c-8552-3574d7b0c9fa,,2025-09-18T08:14:16.857956,2025-09-17T19:17:16.857961,2025-09-18T03:06:16.857964
911b93e2-3e99-4360-b850-d0eb310ff943,appointment_reminder,Reminder: You have an appointment tomorrow at 2:00 PM,failed,51cd0317-87c5-4363-838a-c57234c9e119,,078fc480-a2af-444c-ba1b-eaca5f3d7692,a7f62a45-33a7-41e8-800a-c48ba9ffe7a1,2025-09-18T07:06:16.857987,,2025-09-16T23:11:16.857991,2025-09-16T22:05:16.857994
dc8e4504-b1ec-4bbc-b474-43b637be0be2,system,System maintenance scheduled for tonight,read,29ffba19-dc08-4f49-9b9a-82dd3f26ff64,,8572ea41-d486-4853-ad93-662727cd40d0,,,,2025-09-15T11:49:16.858014,2025-09-18T14:17:16.858019
4437b31a-d00e-4e00-b928-826e27ad342b,system,System maintenance scheduled for tonight,failed,16c77fdc-8916-4d79-be99-6502cd3d6bef,348e6358-9b83-45b0-81fa-46433bada863,,c30fa6b8-2541-4799-b119-2f21248fb84e,2025-09-13T23:35:16.858043,2025-09-15T12:42:16.858053,2025-09-12T12:24:16.858061,2025-09-17T17:08:16.858070
6b2dc757-a6da-4c89-871c-ef7c5bd00b77,vital_alert,Your blood pressure reading is outside normal range. Please contact your provider.,pending,042d4909-f239-4a5b-ae20-11ab9944bcdd,,0e2fcf6f-fd86-4408-a3b7-ccc570d0292d,,,,2025-09-14T10:43:16.858096,2025-09-16T15:57:16.858105
9d6b4c6a-1f0b-42cc-b021-4ee2c945dcab,general,Your test results are available in your patient portal,failed,027910a6-edb8-42e3-8542-11b337be2ed6,5bd0429a-ae51-4af3-818f-e64e8a19f840,7e5006fa-6fd6-4956-b5eb-baa4ddb926ea,,2025-09-16T03:36:16.858134,,2025-09-16T02:13:16.858142,2025-09-18T00:04:16.858149
72922e4a-af43-458c-a4ec-76e8f4512ef8,appointment_reminder,Reminder: You have an appointment tomorrow at 2:00 PM,failed,f26832e7-9a20-4d46-a267-851356d3e955,d52be0a5-4124-4bb1-beb5-578a839b054c,7ed3fdb0-6e49-4626-aaf7-3167987c7d4e,,,2025-09-14T20:12:16.858184,2025-09-14T08:36:16.858189,2025-09-16T20:37:16.858192
53a1a1b5-86b0-4f29-9ab9-3b2594f08a73,system,System maintenance scheduled for tonight,delivered,de06b713-f214-4d51-9a2e-48a62f614a71,,,,2025-09-12T22:01:16.858205,,2025-09-16T19:39:16.858209,2025-09-17T00:36:16.858212
ceeada78-a9aa-4465-9f7b-2998f90b6a5f,vital_alert,Your blood pressure reading is outside normal range. Please contact your provider.,read,9560de53-f4bb-450d-9217-597e104acebf,,,,2025-09-11T08:23:16.858230,2025-09-17T16:08:16.858234,2025-09-13T22:45:16.858238,2025-09-16T21:41:16.858241
faafa6f9-50c8-4fa9-97d2-9d117dd9b810,system,System maintenance scheduled for tonight,read,1d1271da-9afa-413a-8f29-f7cd02a08b83,,471f133d-763c-444e-a236-03b67bca6faf,,,2025-09-16T05:41:16.858263,2025-09-13T23:49:16.858268,2025-09-17T17:09:16.858271
71bdb52d-718b-4420-a721-be0a75680d10,system,System maintenance scheduled for tonight,read,cf58632a-f200-4f48-9cc2-08d5a2160518,,,,,2025-09-18T12:18:16.858284,2025-09-14T20:46:16.858288,2025-09-16T17:06:16.858291
9b898858-b2a5-4a4c-ae3a-2ba6a35aecb3,medication_reminder,Time to take your medication,pending,2b440f73-d95f-4019-b17c-29cc9d5f195f,,be9ee77e-405e-4063-9d61-88abbe7c5abe,bc334206-d8cf-4ee7-b985-b1dad76e38a3,2025-09-16T14:48:16.858308,,2025-09-14T13:19:16.858312,2025-09-16T18:36:16.858315
9ba79406-cb9a-441a-a0ac-5700cc900107,medication_reminder,Time to take your medication,delivered,3fc3082f-8399-4518-a663-ed43ee7ee524,0b01996d-dcfb-4186-8269-fe3ff250a459,,,,,2025-09-14T15:24:16.858331,2025-09-18T00:16:16.858334
39c5831e-0c6d-4715-b022-04517b4e3176,general,Your test results are available in your patient portal,read,f02f1bf3-dae7-44cd-8a7a-0731370bbff5,8a4a3da7-c724-425f-8cb5-6178eb22fb4e,,,,,2025-09-13T01:29:16.858349,2025-09-17T00:32:16.858353
cc4638fc-574a-4b7b-9c9c-2199736b263c,medication_reminder,Time to take your medication,failed,e1c7c9ae-07da-4680-8918-1182477039f7,e3b92dbd-3065-485b-876f-4eb737af2696,,,2025-09-14T06:31:16.858367,2025-09-14T23:44:16.858371,2025-09-17T17:18:16.858374,2025-09-18T13:45:16.858378
57817d22-7863-4353-8e79-a9ca863e01af,medication_reminder,Time to take your medication,sent,51d90e78-2475-46cd-84da-06d787975a76,4deb4d99-7b90-478e-ac82-d543eeaa8ad2,,,,,2025-09-15T17:06:16.858399,2025-09-18T03:18:16.858403
eab18e4f-1520-4f93-820a-eea886e0375b,vital_alert,Your blood pressure reading is outside normal range. Please contact your provider.,delivered,20cef89c-0efe-4480-9d63-b06cec0dfce5,07efab36-b680-4f5b-bc60-de46a3022c29,9b00299e-3174-4ce2-9cd4-fd221a71d4f1,,,2025-09-16T04:43:16.858425,2025-09-11T01:01:16.858430,2025-09-17T03:43:16.858433
adeeba8b-dc6f-405f-8536-5e1c3884f088,medication_reminder,Time to take your medication,pending,41fc04ed-4a03-44d5-b228-22a586ea67e0,,,66224b66-0b35-4851-a991-cf9d555010f2,2025-09-14T01:59:16.858446,,2025-09-18T08:11:16.858450,2025-09-17T08:16:16.858454
746e9443-8ae1-4e9d-8352-9ce1fcb78281,vital_alert,Your blood pressure reading is outside normal range. Please contact your provider.,sent,19cd96a6-7290-4038-ae91-4a5705eebf5f,,,,,,2025-09-13T14:59:16.858463,2025-09-18T11:07:16.858467
9ca82b82-7eaa-4bef-8652-ea1ca409d17c,system,System maintenance scheduled for tonight,pending,e0c70012-724f-436d-b900-a21096e79730,,,,,,2025-09-17T01:59:16.858477,2025-09-17T10:08:16.858480
560c5583-8d2a-4cad-9be6-b4c11cb9d6c2,system,System maintenance scheduled for tonight,read,e2717903-39b0-4786-ac85-df38ea65c87c,,,,2025-09-17T22:36:16.858496,2025-09-17T19:59:16.858500,2025-09-15T09:50:16.858503,2025-09-17T22:17:16.858507
907cc5e9-7f38-41d0-9d81-028f3e87ba92,medication_reminder,Time to take your medication,delivered,a374bbda-0ce4-4108-a7eb-5a0ab735ab27,,,,2025-09-14T15:52:16.858519,,2025-09-13T19:28:16.858523,2025-09-17T02:21:16.858526
310664fe-a9af-4021-ad54-3f6734feca37,appointment_reminder,Reminder: You have an appointment tomorrow at 2:00 PM,sent,0a7e3a7b-293a-4392-9680-1ec83d3ef02f,,,,2025-09-15T01:48:16.858536,2025-09-15T02:12:16.858540,2025-09-11T08:24:16.858544,2025-09-16T22:11:16.858547
93c204ae-191b-4053-935e-f2d069c1b315,system,System maintenance scheduled for tonight,failed,d83502d8-39f6-4506-ac4d-0c00ca95b391,,,,,,2025-09-17T20:45:16.858558,2025-09-18T02:51:16.858561
e537facd-9e78-446e-8c9d-f7ac0bb864e1,medication_reminder,Time to take your medication,delivered,775d9c0a-6641-4a45-b642-f27cab3a0cb6,,674c7640-203d-42fd-b885-7a8a618fb021,,,2025-09-18T10:43:16.858575,2025-09-11T19:07:16.858579,2025-09-17T23:12:16.858582
604e92d9-98cc-4fc2-bc88-a05cd6b79c9c,general,Your test results are available in your patient portal,sent,8e60074c-fddf-4777-a318-3ef5a61eb0ed,86703cf9-1ba8-44da-a099-b6e757b89312,,,,2025-09-14T19:49:16.858593,2025-09-13T07:51:16.858597,2025-09-18T12:23:16.858600
0666aeea-053d-4178-adda-05cc3d4713fa,system,System maintenance scheduled for tonight,delivered,de06b713-f214-4d51-9a2e-48a62f614a71,0b972515-cc53-488f-98cd-3982ce705e9f,,,2025-09-17T14:35:16.858615,2025-09-16T04:05:16.858618,2025-09-16T15:33:16.858622,2025-09-17T16:58:16.858625
b50f4d05-422e-409c-bd6e-6a8b04e6e176,general,Your test results are available in your patient portal,read,b5fff702-fbe8-43a6-89db-26a0b5ff0fc4,de3d3150-c867-47c2-95fa-a4e870f535fa,1eed7565-2d38-4791-8464-1091edd99a97,,2025-09-18T06:21:16.858639,,2025-09-11T05:00:16.858643,2025-09-17T05:08:16.858646
f7c954a5-df63-45ff-be8e-0d1d3acd3469,appointment_reminder,Reminder: You have an appointment tomorrow at 2:00 PM,read,d3793208-1135-4eab-b4c4-3dcdc3cd9d35,368b8eb0-3c3e-4635-9bd8-047365daedb4,28587080-1807-4e1c-aa56-7e48d1b75561,,,2025-09-16T12:27:16.858659,2025-09-12T09:21:16.858663,2025-09-17T15:10:16.858666
95973923-dfbb-47eb-b98e-86ddf147c71c,system,System maintenance scheduled for tonight,read,16bdf39d-3500-4561-996f-32373c949caf,af672d14-4564-4eba-b7d2-33d0d642ffdf,7e9c972f-2a36-4728-ad02-42a2d916ce43,,,,2025-09-13T06:38:16.858678,2025-09-18T10:43:16.858682
b49f0a35-1e44-4a62-b0bc-f9e914ad75da,appointment_reminder,Reminder: You have an appointment tomorrow at 2:00 PM,delivered,952135d8-e887-4b05-9ec4-280de160b2b7,ddc7237b-9227-4f08-bc50-21f1c5711ce0,,,2025-09-11T02:29:16.858694,,2025-09-16T00:11:16.858698,2025-09-18T12:22:16.858702
ad448085-8c77-4aea-9cc9-c4161a60dab1,medication_reminder,Time to take your medication,failed,19bc9abe-f39b-43b6-a4bf-d030079d6712,,7e297122-a210-4687-a184-53c12be731e1,,,2025-09-16T09:55:16.858714,2025-09-15T03:14:16.858718,2025-09-18T09:52:16.858721
aa7ac112-8c2c-4db5-8d78-f9223172e322,appointment_reminder,Reminder: You have an appointment tomorrow at 2:00 PM,failed,18566592-a2a4-4150-8771-b5b70717a8c4,6f025952-9486-482d-8e22-9d8fb1fa21d1,,,,,2025-09-18T13:10:16.858733,2025-09-18T14:14:16.858737
e461fd9c-cc78-4c8b-8ca7-f5a6e8150774,appointment_reminder,Reminder: You have an appointment tomorrow at 2:00 PM,delivered,0cd20b00-1be2-4907-92db-5822c292fa77,,,bf7fee3b-3432-4899-bcb0-01108162051d,,,2025-09-17T01:53:16.858749,2025-09-17T20:07:16.858753
8a8bebca-720c-43bc-9018-1b180c423c65,appointment_reminder,Reminder: You have an appointment tomorrow at 2:00 PM,pending,74e6be11-644f-407c-b6e5-d2c57f790dc5,,,,2025-09-11T20:04:16.858762,2025-09-16T18:15:16.858769,2025-09-16T08:04:16.858773,2025-09-16T21:21:16.858776
38e7857c-78fb-4fef-a6f8-46c73a92a623,system,System maintenance scheduled for tonight,pending,270a4eee-e2c5-41b0-b828-47f7892a65d2,41164de2-2697-47be-be9b-6d6c57382bd6,b1d188fa-2719-496f-b414-a16baab4467f,,2025-09-13T12:03:16.858794,2025-09-16T17:43:16.858798,2025-09-18T08:13:16.858802,2025-09-17T06:29:16.858805
267ffaef-4727-4fca-8387-b905f82643e4,appointment_reminder,Reminder: You have an appointment tomorrow at 2:00 PM,read,242a4d8f-d8de-4e7a-99ce-48a4e7dedf2d,,,,2025-09-11T22:27:16.858819,2025-09-17T10:33:16.858823,2025-09-14T00:27:16.858827,2025-09-16T23:31:16.858830
0283ada8-bf0c-4944-904b-83110120e203,vital_alert,Your blood pressure reading is outside normal range. Please contact your provider.,sent,605459f1-3804-4f40-9e11-129041ccace3,0fda52e7-bf24-4104-a4bc-a124ac2e188b,,,2025-09-13T20:49:16.858844,2025-09-17T17:44:16.858848,2025-09-11T05:18:16.858852,2025-09-17T02:32:16.858855
57cbd902-4b61-4c2f-8f30-3d34adf5e0da,general,Your test results are available in your patient portal,pending,51c20d8f-2ec6-4a02-821f-2b689b2891e7,ab11e2ff-3c72-47c6-8c0f-7d02298b0fe4,,,,2025-09-17T15:22:16.858868,2025-09-15T14:47:16.858872,2025-09-18T13:27:16.858875
4e59df63-41df-4793-974b-6002868fec95,general,Your test results are available in your patient portal,read,ec3a012d-98e5-4864-adfc-8023d9c44c60,,,60029f8a-3f77-4017-beee-9a07c3cfa56f,2025-09-15T19:33:16.858890,2025-09-16T01:07:16.858893,2025-09-14T21:14:16.858897,2025-09-17T17:55:16.858901
d09000fc-a308-4629-a11b-3d9920fbf5d6,system,System maintenance scheduled for tonight,pending,303ae659-e195-445d-98fb-ce3c42b1b68b,,,,2025-09-15T01:36:16.858912,,2025-09-13T08:08:16.858916,2025-09-18T12:00:16.858919
d54babf5-e9b8-478c-a17a-d3fe838b27de,system,System maintenance scheduled for tonight,pending,36768ebb-73dd-450c-8997-1ec65049840f,4679723b-46ae-4a20-9f14-cd884165a798,,,2025-09-15T08:49:16.858932,2025-09-18T03:11:16.858936,2025-09-17T23:30:16.858940,2025-09-18T04:00:16.858944
7c6464dc-919c-416a-a06c-d21068db1a4f,general,Your test results are available in your patient portal,pending,7d4fe16d-4643-47c6-b0ea-8d877129776a,,,ab49f591-d4d4-499b-867d-43d811dd5103,2025-09-16T00:04:16.858959,,2025-09-18T07:28:16.858963,2025-09-18T13:07:16.858966
b4349aff-0e58-450b-a460-2ebfec00f5ce,system,System maintenance scheduled for tonight,sent,1a5f00b5-de58-4d9a-98b7-855d154bf67e,b9f78827-8346-4e85-bdd1-c1bb3291ced3,05cc2f57-7d10-42f2-9ce3-31ea6796e250,,2025-09-11T03:39:16.858985,2025-09-17T02:42:16.858990,2025-09-17T00:30:16.858993,2025-09-18T07:01:16.858996
81f19369-342d-48bd-97f0-15eb2e5bde91,vital_alert,Your blood pressure reading is outside normal range. Please contact your provider.,pending,496c96f7-741e-4aab-8103-8b266b68fb7d,,,,2025-09-11T22:16:16.859007,2025-09-18T06:30:16.859010,2025-09-17T05:42:16.859015,2025-09-17T09:02:16.859018
0b08f7ed-f73e-47fc-bb5c-1e369d042ecb,medication_reminder,Time to take your medication,sent,d7c125b6-f549-43a2-abbc-c65f539d59e2,0b559002-b586-4910-a60d-34535033fd26,,,2025-09-18T04:09:16.859039,,2025-09-16T11:16:16.859045,2025-09-18T09:29:16.859051
f3f1886c-804d-45c6-9938-0f0bbfeca5b9,general,Your test results are available in your patient portal,read,a5f36f0e-ca60-40f8-8758-cd1e8ee9270d,,,,2025-09-18T01:12:16.859077,,2025-09-10T23:45:16.859147,2025-09-16T23:41:16.859151
c6eec653-067f-4b06-9d8e-94643e14cee6,medication_reminder,Time to take your medication,sent,b0aeafc5-05e0-4498-8654-151319f50c1d,,6687974f-bc70-47ed-9051-4ee677eb6ca9,c3b229b1-727b-4c1a-a3cc-7d97a46fc956,2025-09-16T19:01:16.859173,,2025-09-12T17:43:16.859177,2025-09-17T12:56:16.859181
7a28c253-4156-4a52-97c0-f77c41cd4238,appointment_reminder,Reminder: You have an appointment tomorrow at 2:00 PM,sent,fb8e2b3f-f1fb-453d-ab9b-0376a96fd87d,e2d1a675-93a2-4faf-ab41-4867cf2b1652,,,2025-09-15T11:39:16.859194,2025-09-18T05:58:16.859197,2025-09-14T06:35:16.859200,2025-09-16T18:04:16.859204
660877c5-8a5f-4593-871c-2d793d3c6e9f,system,System maintenance scheduled for tonight,pending,cd130cff-cba2-4f9d-a1f7-58654fe85e91,b0018eba-c5f8-4eb7-af99-ade111fd4293,c2b4a167-82f5-48cc-bcfc-8f8afff62d54,,2025-09-17T18:03:16.859222,2025-09-15T01:26:16.859225,2025-09-16T06:00:16.859229,2025-09-18T00:05:16.859232
7a503923-cab1-4f52-a6ae-e6d7e54d2adf,appointment_reminder,Reminder: You have an appointment tomorrow at 2:00 PM,sent,b1a64fd5-e991-4f3e-802e-d0c4410ac828,,f45fcb02-ac80-4396-8102-268f090f52ed,,2025-09-14T15:12:16.859250,,2025-09-11T18:51:16.859254,2025-09-17T17:22:16.859257
b2f3c5f5-c1a1-4025-baa6-80f78b059db5,medication_reminder,Time to take your medication,read,e51e581a-8f3d-4464-8ea2-8e2bf415156f,71b1d3b0-97dc-491a-ac89-0ee2eeb48d19,15eae481-f481-447b-9645-d1cc8a5618ba,,2025-09-14T05:39:16.859274,2025-09-17T00:15:16.859278,2025-09-17T03:10:16.859281,2025-09-16T21:56:16.859285
93629e08-c8f9-4aa5-b60b-90f418b93e55,vital_alert,Your blood pressure reading is outside normal range. Please contact your provider.,delivered,f3c8e6ab-2b36-4fca-923c-409b78756661,8b4c1ebd-9312-4d43-8924-2ec9e9668b80,,,2025-09-12T12:08:16.859297,2025-09-17T20:48:16.859301,2025-09-15T11:42:16.859304,2025-09-16T17:44:16.859308
05c267f5-5023-4d7f-a4a6-69f062ad5424,general,Your test results are available in your patient portal,sent,f9ab2d82-d0cf-45d7-938e-e74275edfe96,,,,2025-09-11T07:47:16.859317,,2025-09-13T16:39:16.859321,2025-09-17T12:21:16.859324
8a1746eb-be3d-48f4-90fb-84ef530c13fd,system,System maintenance scheduled for tonight,read,9535ca49-5274-43bb-8475-68b7de470125,,,,2025-09-11T15:44:16.859345,,2025-09-12T01:46:16.859349,2025-09-18T03:26:16.859352
7899e4fd-f73a-49b6-833a-245416717446,medication_reminder,Time to take your medication,pending,31e59233-618f-4d53-8d8a-850dc3137dbc,,,,2025-09-13T12:38:16.859381,,2025-09-15T01:57:16.859384,2025-09-18T14:39:16.859388
a5034afb-5a89-4e01-b495-fb3d844bf639,system,System maintenance scheduled for tonight,delivered,6ae77454-7a3b-499f-9ead-b819f12469c1,,,,,,2025-09-18T04:53:16.859405,2025-09-17T03:19:16.859409
9ad76c64-7de8-4eef-bb9d-f07a9d351b45,medication_reminder,Time to take your medication,delivered,04047355-c184-420e-ae77-d02e6336361c,,,,2025-09-16T08:57:16.859420,2025-09-16T19:58:16.859429,2025-09-11T22:58:16.859432,2025-09-18T01:16:16.859436
2737b380-fcc1-41ef-b42d-9e6d5b55d7ac,vital_alert,Your blood pressure reading is outside normal range. Please contact your provider.,failed,01931ad9-a41d-44eb-a7fc-f538df15080f,,226a124e-b1eb-4ff6-b235-705625fb477a,4002f49f-be7e-47c2-a352-b1284704723b,,2025-09-15T03:59:16.859449,2025-09-18T02:31:16.859453,2025-09-16T17:51:16.859456
156196a5-435d-42af-b251-41283ecfc420,appointment_reminder,Reminder: You have an appointment tomorrow at 2:00 PM,sent,bc62f6a2-3517-4990-a407-a374db53be5f,8a41f044-ebc6-40c1-814b-5d63cec2e66b,,,,,2025-09-18T06:47:16.859467,2025-09-18T02:15:16.859471
51b5d40d-37da-4a81-9427-3e18ca97795c,vital_alert,Your blood pressure reading is outside normal range. Please contact your provider.,delivered,232d5f3f-31b7-4226-9c02-964ae90da3aa,,4edb3053-e9f3-4b4c-9264-90b2125b5587,,2025-09-15T10:00:16.859483,,2025-09-17T03:44:16.859486,2025-09-18T03:03:16.859490
359ed690-b91e-4591-b078-09f222519084,vital_alert,Your blood pressure reading is outside normal range. Please contact your provider.,read,fdcf90a0-0fa0-4f66-89b0-227f8f436393,,,,,,2025-09-15T10:33:16.859499,2025-09-18T06:16:16.859503
028df7f3-6320-4ef0-b423-5b31bb207ad8,vital_alert,Your blood pressure reading is outside normal range. Please contact your provider.,pending,0d3d3ffb-4db2-421e-9f77-46f08dd7b046,,,,2025-09-17T21:17:16.859515,2025-09-17T20:30:16.859519,2025-09-16T17:59:16.859522,2025-09-18T02:16:16.859526
9e76f8ed-ddf7-4fd4-a285-6e3f65a15788,appointment_reminder,Reminder: You have an appointment tomorrow at 2:00 PM,delivered,859a147e-9f11-4ff9-90b2-ea9f0ae3e5d0,5bf27571-1692-4d66-8b71-5485631ab9c2,,,,2025-09-17T19:04:16.859539,2025-09-16T13:54:16.859543,2025-09-17T21:11:16.859546
1174fd83-090d-4ff5-9b31-d7a5d8e1956b,vital_alert,Your blood pressure reading is outside normal range. Please contact your provider.,failed,c02dac29-5b3b-45b8-91e6-1ffee0309a31,,,,2025-09-17T17:46:16.859561,2025-09-16T03:00:16.859564,2025-09-17T12:34:16.859568,2025-09-17T12:49:16.859571
b6fd0179-eed0-49fa-810b-0aab14266ddf,vital_alert,Your blood pressure reading is outside normal range. Please contact your provider.,pending,a583c9c7-4cf1-466a-86db-07e55f465c42,92d9fcd6-7804-4467-a9dd-6fd9b4ff8c00,,,,,2025-09-14T04:31:16.859585,2025-09-16T21:58:16.859589
0e770db4-1f88-40ac-b6ca-033027a170a2,appointment_reminder,Reminder: You have an appointment tomorrow at 2:00 PM,sent,605459f1-3804-4f40-9e11-129041ccace3,fcdb6a84-be33-4569-881d-a4739e490bd9,,,2025-09-18T02:23:16.859604,2025-09-15T15:22:16.859610,2025-09-12T18:16:16.859615,2025-09-17T20:47:16.859621
9c8ecda9-f919-4d92-9f44-80a69e582afd,general,Your test results are available in your patient portal,failed,4dcf27ec-ac73-4a53-a8f8-e71d57b4c9ab,,75ad7fe8-e293-4995-86f8-965a3154cbc2,,2025-09-18T06:28:16.859686,2025-09-15T20:39:16.859710,2025-09-18T04:59:16.859716,2025-09-17T05:00:16.859721
32f966b2-96c2-46b1-908e-19a62076db5a,general,Your test results are available in your patient portal,pending,7758e305-131e-4338-9a3c-e19643a7dede,6b0cc91e-ad18-4efd-a439-c6413cd4e828,1066fba5-9efe-49be-91c1-fd8a21fca330,,2025-09-17T07:39:16.859736,2025-09-16T00:54:16.859740,2025-09-16T22:00:16.859743,2025-09-16T18:34:16.859746
9e32fbb3-534c-42cf-ac2d-051ddbeb69a0,system,System maintenance scheduled for tonight,failed,031289b8-bb1f-41b9-8608-f717c44463c9,,ec000e27-f24e-47bf-b40e-3dd6c0a1b469,,2025-09-16T07:32:16.859772,2025-09-14T15:18:16.859777,2025-09-14T02:47:16.859780,2025-09-17T21:31:16.859783
1cac1f3e-498f-43a9-bc3d-6456997007b1,medication_reminder,Time to take your medication,failed,627c0c20-f468-4b17-a13d-6dc62025ca42,38f6d20c-537e-40e1-8a1a-80580cf55689,8f4318fa-7fc4-427c-9595-de0fed54749a,,2025-09-16T00:21:16.859801,,2025-09-18T10:06:16.859805,2025-09-18T05:09:16.859808
5bf22f7d-d3e0-408c-9cc6-8abafd0e83e7,appointment_reminder,Reminder: You have an appointment tomorrow at 2:00 PM,delivered,869fa4dc-a0da-44f7-91f3-03fdd296015a,bd592e09-b79b-43c9-8008-386b9134b836,,,2025-09-14T09:13:16.859820,,2025-09-17T21:14:16.859824,2025-09-18T08:58:16.859827
ec60d5b1-6dda-4374-94f1-522fa903472b,general,Your test results are available in your patient portal,failed,4fc58c9c-53e4-4af4-97e1-c896696690f3,,,,2025-09-15T02:36:16.859837,,2025-09-17T02:00:16.859840,2025-09-17T17:19:16.859843
480fdd52-7b63-4be2-b5d1-0e48aad58575,vital_alert,Your blood pressure reading is outside normal range. Please contact your provider.,delivered,e7ede390-8689-4e1d-bcbe-c08309be74fa,8c888f97-15d0-421a-a0e3-985a7d739d42,75cac2f9-71bf-44d5-aa0d-f33fc3429e52,d3970032-e278-41de-80a0-805ca758d9c2,2025-09-15T16:01:16.859866,2025-09-15T15:19:16.859869,2025-09-15T07:28:16.859872,2025-09-18T14:57:16.859875
7892acac-a639-4931-8822-fa28c71a1ad9,system,System maintenance scheduled for tonight,sent,12c8352d-11b6-49b2-a95d-cc5e8bb86a20,,,f1b8adeb-f6c7-45e1-9d1e-ab4d9405776d,2025-09-18T02:47:16.859889,,2025-09-14T17:09:16.859892,2025-09-16T22:02:16.859895
c287fc51-4256-4fb8-8a89-5f361672ef0c,general,Your test results are available in your patient portal,failed,7607392b-ceeb-48c4-ae09-08bf0b9f7116,a9835848-e064-4f1e-b420-c0bb15cc7506,,,,2025-09-16T03:46:16.859910,2025-09-15T22:32:16.859914,2025-09-17T05:37:16.859917
4f5a54e1-9085-4ad9-9b00-773e68f3266d,appointment_reminder,Reminder: You have an appointment tomorrow at 2:00 PM,failed,300da2e2-184d-4dfe-b526-a1c9340abe12,,,,,2025-09-16T03:53:16.859931,2025-09-16T22:53:16.859934,2025-09-18T04:41:16.859937
752393a0-9422-4ff7-b7fa-d7d9658477a1,medication_reminder,Time to take your medication,pending,da88e426-63e9-44cb-941f-5f668b42f64c,,b7f29b9c-918f-449e-8b87-169a94884dac,,2025-09-10T17:30:16.859951,,2025-09-11T14:29:16.859955,2025-09-18T00:14:16.859958
76565162-b7de-466e-9308-20285b39b8ff,vital_alert,Your blood pressure reading is outside normal range. Please contact your provider.,pending,7a35338b-f3cf-43c8-b468-cd1f2071d233,,94501eed-7a8a-4df6-9bff-886d9064b534,e67f4b56-d186-4572-91de-c3f61414a02b,,,2025-09-10T19:39:16.859973,2025-09-16T21:52:16.859977
235dd84b-edc1-475e-a4be-af19ccdea29d,vital_alert,Your blood pressure reading is outside normal range. Please contact your provider.,delivered,98360a08-7866-4428-a810-7bc5e3ab6d6d,ca2c570c-ad18-454c-b807-9614c7c86710,,a93937d7-aecf-4154-b346-333681345e32,,,2025-09-11T05:13:16.859992,2025-09-18T01:25:16.859995
f55e2945-c027-4da3-a246-543c67f15509,medication_reminder,Time to take your medication,delivered,0385ef90-cecc-42ce-aa6c-ffe05c91fdeb,,,,,,2025-09-17T18:19:16.860007,2025-09-16T22:02:16.860010
81c776de-9128-48a8-859c-0e3970ec7f66,system,System maintenance scheduled for tonight,read,9215a749-251c-4db7-8183-c67ace078c8f,a2b55fed-d03e-4a21-86b4-2bb44ad85f1b,,4a6a3887-7f66-4c29-b407-9deecab7851b,,2025-09-14T15:23:16.860027,2025-09-15T11:47:16.860030,2025-09-18T12:59:16.860033
62b31bfc-a2fe-42a5-945c-74200a1bbf90,general,Your test results are available in your patient portal,delivered,673ae832-788b-4a74-908e-f549dfd9858f,,,,2025-09-17T09:40:16.860046,,2025-09-12T03:24:16.860049,2025-09-16T21:57:16.860053
4f741fe8-6823-4240-9884-5e6324632b22,appointment_reminder,Reminder: You have an appointment tomorrow at 2:00 PM,sent,4ac58ebd-c88a-4c31-9a97-0cbb46ed1ebd,e0b759a2-2b64-421c-ad46-e64dcf1c40da,,,2025-09-17T00:50:16.860072,,2025-09-14T12:41:16.860076,2025-09-18T12:04:16.860079
d03f42e1-a2e7-46ba-b6ac-15f1efba555f,appointment_reminder,Reminder: You have an appointment tomorrow at 2:00 PM,read,aa64a40a-52db-494c-beaf-0dad2e63021e,,,,2025-09-16T16:37:16.860094,,2025-09-12T14:59:16.860097,2025-09-18T10:15:16.860100
524b6c89-d916-4253-9996-aafa16565a1a,appointment_reminder,Reminder: You have an appointment tomorrow at 2:00 PM,failed,02e15e60-777f-4df1-8034-f44172695649,,,,2025-09-17T06:50:16.860111,,2025-09-10T16:31:16.860115,2025-09-16T16:46:16.860118
0c519817-e090-46e3-9f3f-8b8178cf0795,medication_reminder,Time to take your medication,delivered,4db9b47b-8b10-4349-a97e-ef79de5d5cf8,,,,,2025-09-14T20:20:16.860132,2025-09-18T13:32:16.860136,2025-09-17T07:47:16.860139
56fd260e-42d9-4f9f-9609-17ab5eb7654e,vital_alert,Your blood pressure reading is outside normal range. Please contact your provider.,sent,e51e581a-8f3d-4464-8ea2-8e2bf415156f,d25fe888-5d73-40c8-8b8e-444192905c2e,,,2025-09-15T01:45:16.860150,2025-09-15T20:30:16.860153,2025-09-17T09:14:16.860156,2025-09-17T00:41:16.860159
ab5c5e40-0158-4506-892b-a1428cfb0919,general,Your test results are available in your patient portal,sent,478a5b78-7aa3-4120-adbe-e8c7ba6b61b3,,,,2025-09-16T20:34:16.860169,,2025-09-12T07:11:16.860172,2025-09-18T09:00:16.860175
d6f30e48-a77c-4b4d-862c-570e09f4cc94,general,Your test results are available in your patient portal,pending,919beddf-8297-4272-a421-787a0098aed5,,,,2025-09-11T20:01:16.860186,,2025-09-14T00:49:16.860189,2025-09-16T16:22:16.860192
2f1bbdda-c96a-431c-94c6-572189f3d931,general,Your test results are available in your patient portal,sent,a379e6e2-813a-4fb0-89ab-7b9d6b1b8fc6,0b972515-cc53-488f-98cd-3982ce705e9f,,,2025-09-11T21:24:16.860203,,2025-09-15T16:41:16.860206,2025-09-17T07:10:16.860210
246f9b0e-ef66-42d3-b768-914a377e5fd1,medication_reminder,Time to take your medication,delivered,ea903a0e-7a7e-4c92-a415-4c2c9cd78f75,,,6bd927c7-a9f7-43a1-9b4d-86d4eb2b79da,,2025-09-15T23:50:16.860234,2025-09-11T18:22:16.860241,2025-09-18T01:23:16.860248
4ed8b744-ef65-4ee6-9a5f-65cd19bcc0ab,system,System maintenance scheduled for tonight,delivered,967b39af-c02e-4461-afd9-7f6539d7a556,456d9313-b466-418c-92a9-34ba012b0870,,2ebfe96b-9f95-448d-8baf-f36754cd4813,,,2025-09-14T03:26:16.860272,2025-09-17T17:58:16.860279
00718e96-4d88-42a6-8fa7-61d7ca2b0760,vital_alert,Your blood pressure reading is outside normal range. Please contact your provider.,sent,e586c156-eef0-44a1-8062-51760788ced8,b2bef15c-dc18-4f2a-8535-3b964ecae9f7,0e6a81cf-d78e-4479-85d8-fca7d35818dd,,,2025-09-18T12:11:16.860293,2025-09-16T10:34:16.860296,2025-09-18T04:59:16.860299
a4b06e8f-ecee-40fe-8ae1-0aa8a6d87724,medication_reminder,Time to take your medication,sent,fc11444b-9355-4ed3-b4a7-f8cab9200b04,,,f9969148-802a-4a4d-a39e-c6711f8517ae,2025-09-16T04:06:16.860312,2025-09-15T06:00:16.860315,2025-09-16T23:43:16.860318,2025-09-18T06:03:16.860325
c699c11d-cf42-42a5-8265-56f0ba62ccf3,medication_reminder,Time to take your medication,read,c6ded353-cb63-494b-b4c8-bc8b12b26098,,,,,,2025-09-13T22:18:16.860336,2025-09-18T01:58:16.860339
cc43c8bc-838c-400a-9c44-37c0c0bc744e,vital_alert,Your blood pressure reading is outside normal range. Please contact your provider.,delivered,9c000b10-efd9-47fc-bc39-68915e71da98,a8b47aab-d40a-4db0-9bbd-5910f980aa1f,,,,,2025-09-13T05:21:16.860354,2025-09-17T23:30:16.860358
eae39440-68ff-4400-af66-f7f85732ab16,medication_reminder,Time to take your medication,sent,3815ce89-2393-410a-8586-6d5ed882058d,,,,2025-09-15T14:56:16.860369,2025-09-15T07:26:16.860373,2025-09-10T18:20:16.860377,2025-09-16T15:31:16.860380
fd29b1d7-5a4c-4f4a-a43a-04ee7c7f943f,medication_reminder,Time to take your medication,failed,30b8365d-d95c-494a-83ac-e250fa2cca4b,,,,,,2025-09-17T11:57:16.860390,2025-09-17T19:39:16.860394
6614cfd8-0415-4f34-9ef0-69e9ace16796,appointment_reminder,Reminder: You have an appointment tomorrow at 2:00 PM,read,12a254b4-3d2f-4512-bc5f-693d70d2b844,d02074bc-4848-4e43-a74d-83924d18e2d8,7e5006fa-6fd6-4956-b5eb-baa4ddb926ea,,2025-09-14T08:29:16.860415,,2025-09-13T14:20:16.860418,2025-09-17T09:59:16.860422
f397c022-408f-4e3b-ae3f-8c8c1cec5baf,appointment_reminder,Reminder: You have an appointment tomorrow at 2:00 PM,delivered,47f24619-3dd0-4d6e-8ea9-a3adb3621f03,,,,,2025-09-18T04:44:16.860434,2025-09-18T06:20:16.860438,2025-09-17T18:12:16.860441
06eccdaf-b35e-4883-91fb-6721c802268c,medication_reminder,Time to take your medication,read,f2e12ac7-b663-4c49-b4a8-9a1542572f2d,26fa092b-5855-4e6d-a93e-f88b6617e9e8,23c65737-f2fa-4235-914c-681dab3fc1df,,,,2025-09-10T16:50:16.860458,2025-09-18T03:54:16.860462
b80526a0-a53b-474b-b02a-c8dea5a6444d,system,System maintenance scheduled for tonight,failed,a583c9c7-4cf1-466a-86db-07e55f465c42,e69b94bc-0e07-4bea-8771-2e59341e582e,,,2025-09-11T10:27:16.860476,,2025-09-13T00:32:16.860480,2025-09-17T03:40:16.860483
96f62ded-9009-45f6-865f-b1c6565ee3e6,vital_alert,Your blood pressure reading is outside normal range. Please contact your provider.,sent,46098b5d-a09a-4920-8ca1-f2fb93a85e41,8564ccd3-dc82-434e-9aab-7e2181c956cf,0748dfb2-fc27-4397-8edf-e446101a94b3,7eb31678-a9b7-4d7b-910e-8bc8b4962ccd,2025-09-11T17:48:16.860505,2025-09-15T01:06:16.860509,2025-09-18T12:39:16.860512,2025-09-18T01:07:16.860516
8f6fa532-a9c8-43f6-9fc0-9992d8b10045,medication_reminder,Time to take your medication,pending,3eaa8dd8-ee05-4696-a3e6-81e9d43584c9,,,,2025-09-16T18:36:16.860527,,2025-09-16T13:35:16.860531,2025-09-17T11:53:16.860534
0ea6bb75-8b59-4cec-a9b1-c2832736daf0,appointment_reminder,Reminder: You have an appointment tomorrow at 2:00 PM,read,de0d31f7-5a37-4e91-a8b9-3d45c21e1f2e,,,,,2025-09-17T05:48:16.860547,2025-09-13T06:14:16.860551,2025-09-16T19:00:16.860554
bb13a282-1fd7-4c55-b0bf-c2651a5b6e95,medication_reminder,Time to take your medication,read,8674b686-8dba-452d-a400-ed504fed388a,,b80ad4fb-1010-4181-874a-601eca81995f,,2025-09-12T16:31:16.860571,,2025-09-11T09:46:16.860575,2025-09-18T09:06:16.860578
4b38f0d1-0ae8-44cd-9218-da30c78c6f2b,appointment_reminder,Reminder: You have an appointment tomorrow at 2:00 PM,failed,d237614a-14a7-4105-9d01-052a76be783f,,72b6f0f8-2d08-42f1-a209-98748ed7765a,,2025-09-12T02:57:16.860594,2025-09-17T02:13:16.860598,2025-09-18T09:01:16.860601,2025-09-16T22:06:16.860605
92de45fe-e6eb-4fd2-bc4a-142ca55531ae,medication_reminder,Time to take your medication,failed,31153716-9fc3-4884-a520-06d0e2016382,,67c743d9-3de6-4b52-b808-84ba25d8bc1e,,2025-09-17T08:01:16.860621,2025-09-17T07:47:16.860624,2025-09-17T19:09:16.860628,2025-09-17T23:14:16.860631
bd87a50f-ab09-4b47-8199-033c6d1f9556,medication_reminder,Time to take your medication,failed,2b440f73-d95f-4019-b17c-29cc9d5f195f,b7edf995-a5b6-4f73-aa27-7b5c7a08684f,08cae9f7-bb80-4cae-aa20-ac249e0ddceb,,2025-09-12T02:20:16.860646,2025-09-16T10:27:16.860650,2025-09-18T06:57:16.860653,2025-09-17T10:13:16.860657
dced35e3-db11-46d5-8989-21a57cbd9114,appointment_reminder,Reminder: You have an appointment tomorrow at 2:00 PM,failed,e330024e-9c07-4ab9-bc6a-e7f1890de73a,7a3bf9d5-a49d-4b5d-953d-a0ece61a81aa,,,2025-09-13T23:41:16.860672,,2025-09-13T01:12:16.860676,2025-09-18T06:12:16.860679
fdbca54d-f72b-4bea-9b2e-0a38ef15235b,appointment_reminder,Reminder: You have an appointment tomorrow at 2:00 PM,pending,be3dbcfd-830d-499b-9f74-190dd64013cb,,,,,,2025-09-17T15:58:16.860689,2025-09-17T22:36:16.860692
28a38872-83d5-47bd-bb8f-e3c99eba2158,general,Your test results are available in your patient portal,read,adc38990-f1bd-4c57-bf00-b7e9ab0c8228,,,,,,2025-09-11T02:48:16.860702,2025-09-18T00:21:16.860706
6dfce650-bf6a-4251-8750-cb5afd08847f,general,Your test results are available in your patient portal,sent,8caaec8f-bc01-462c-82b2-19946644e540,,,a4f4a98b-9c76-4cbb-a253-88ef504c78e0,,,2025-09-15T17:49:16.860720,2025-09-18T12:28:16.860723
a6e179fe-2925-4596-98cd-78c215bd2b65,general,Your test results are available in your patient portal,delivered,b10e196b-cbad-4766-8f1d-aa92ba13fe3f,,79c49549-2a41-445c-aebc-b070f63172d7,,,2025-09-16T01:47:16.860737,2025-09-12T21:44:16.860740,2025-09-18T13:54:16.860743
df0d1ec4-0cd3-466b-b027-6c5363283548,appointment_reminder,Reminder: You have an appointment tomorrow at 2:00 PM,sent,20ae8b0f-8d44-4542-8abb-a1b14332e3b6,,,6cad94d5-2ef6-4ad0-945b-7d44bc05c530,2025-09-15T12:13:16.860755,2025-09-15T13:06:16.860759,2025-09-15T06:41:16.860762,2025-09-17T07:33:16.860765
f99af026-4b82-4d46-bb16-cf92a11f66eb,appointment_reminder,Reminder: You have an appointment tomorrow at 2:00 PM,delivered,6939a717-3dbf-4e0e-98d5-05617067cde7,2473fd66-e8b7-4064-af4a-63c340da5f59,8d738a80-b37a-48d0-acbe-5422c6f61c7d,,2025-09-15T21:24:16.860784,,2025-09-12T10:52:16.860787,2025-09-18T07:04:16.860790
450010a9-d229-4d86-be93-2f3e138b31af,appointment_reminder,Reminder: You have an appointment tomorrow at 2:00 PM,delivered,a6994583-0b27-4ea6-8889-3ea95d32bddd,2a41b288-1ae1-4d69-8607-a9f81817ce37,,,2025-09-14T19:17:16.860803,2025-09-15T14:41:16.860806,2025-09-14T22:18:16.860809,2025-09-16T20:05:16.860812
9ec83c6a-c2d3-4a44-a48c-cd8b7c81cd13,system,System maintenance scheduled for tonight,sent,d258f77b-c87b-41e1-b16f-e1e7fc69070c,,,,2025-09-13T19:57:16.860822,,2025-09-16T04:15:16.860826,2025-09-17T19:16:16.860829
b20997f1-3015-439b-8ba8-d45c77e9e442,general,Your test results are available in your patient portal,failed,46fe2987-69e5-4802-8845-d9c16626d8c2,,a01e9828-7af9-46b3-889c-4998b9acdb51,,2025-09-13T05:05:16.860848,,2025-09-16T17:06:16.860851,2025-09-18T13:07:16.860854
a42b29b7-4a20-4e58-b43d-0828fb607043,vital_alert,Your blood pressure reading is outside normal range. Please contact your provider.,delivered,a9a994f7-67b5-4f7a-bdc5-00d2acb8902b,,9ae08c1a-6216-457c-8470-c2f01923eaa3,,2025-09-13T06:40:16.860870,2025-09-14T21:50:16.860873,2025-09-14T23:10:16.860876,2025-09-17T12:54:16.860879
c761aafc-2e6d-4ef8-9f25-7384007d934e,general,Your test results are available in your patient portal,sent,741a44a9-bea4-4c0f-95c5-35831d922c4d,ec259247-7af4-4478-a8a6-e6c07bce38fb,,cc89c2e0-0a53-4822-acbd-6233105276a5,2025-09-15T04:11:16.860896,,2025-09-13T06:17:16.860899,2025-09-16T17:33:16.860902
f4ef4696-f227-4f03-bd5d-2ee9fba18ea1,appointment_reminder,Reminder: You have an appointment tomorrow at 2:00 PM,pending,f1b5f56c-b1db-4aaa-b590-994c3605f836,,,78ad15f4-ed9c-4e8d-a470-9e26ce8b3f24,,,2025-09-13T08:12:16.860911,2025-09-16T20:49:16.860915
a5fee70a-176d-4ee4-8c6b-39fbedbfcd25,appointment_reminder,Reminder: You have an appointment tomorrow at 2:00 PM,delivered,59041852-5146-4a02-85b2-0ca29dde9061,74a5b1a8-b297-4aae-987c-458384b8ce92,d14f4b0c-bc8f-4e0b-b64e-a870e3c2d758,,2025-09-16T09:54:16.860931,2025-09-17T00:55:16.860934,2025-09-17T14:25:16.860939,2025-09-18T03:10:16.860942
8fe2aaae-3ea7-4922-8879-061d2dc77b45,vital_alert,Your blood pressure reading is outside normal range. Please contact your provider.,delivered,f24b18ed-1673-487c-8d4c-83bf4c565239,b9763dbe-db38-42aa-a5ab-38f0d93d03f0,,,2025-09-18T05:11:16.860954,2025-09-15T11:56:16.860958,2025-09-15T06:51:16.860961,2025-09-17T21:37:16.860964
65f942f7-d126-4c5d-b4d9-44daa470897e,appointment_reminder,Reminder: You have an appointment tomorrow at 2:00 PM,sent,4efa3b63-ac53-4c68-bdc8-0c493ac5c45e,a927d2fa-9093-4112-bc00-ca260182ef3d,d4307ed3-2fdf-478f-be7a-e833386b316a,,2025-09-13T11:44:16.860988,,2025-09-14T09:21:16.860993,2025-09-16T17:33:16.860996
0d1104b1-1318-4fb0-b024-b627920fc67e,vital_alert,Your blood pressure reading is outside normal range. Please contact your provider.,failed,622fa6c2-d17f-43c7-a6f1-cf293b50c5cf,5ec65c5d-6b69-43f5-a121-04dd5191ede5,,,2025-09-14T09:34:16.861010,,2025-09-12T10:36:16.861014,2025-09-17T23:17:16.861017
a6cebed6-cff5-4dd2-bfdb-c752af216cb3,system,System maintenance scheduled for tonight,failed,832a0ed2-c9c5-41f7-a1fd-c1ccc5814304,,f25263c1-d5de-4917-b656-500e9e145e9c,7b13d379-8b9c-43ca-bb9a-a198ebd2beb8,,,2025-09-11T20:34:16.861035,2025-09-18T05:48:16.861039
e211a5c6-7a39-4f1f-a814-4f92f5948790,system,System maintenance scheduled for tonight,read,b8844e8b-837d-4d6a-b66a-0cd72fbbb391,4b2554db-df3a-45c2-9a23-e7d775d60049,,,2025-09-11T05:28:16.861055,,2025-09-16T00:08:16.861058,2025-09-17T05:09:16.861062
27b8fd91-3d8d-4cf6-9ed6-e0c22d824284,vital_alert,Your blood pressure reading is outside normal range. Please contact your provider.,failed,9d7482cc-d3cb-405e-bb1d-a4ecad7fd4f4,45eb8e0a-980c-4fa2-9ddc-d890eea0ac2b,,,,2025-09-17T14:12:16.861075,2025-09-18T10:06:16.861079,2025-09-17T07:51:16.861082
4af12fb1-e843-495d-b8cf-1e6382838ea9,vital_alert,Your blood pressure reading is outside normal range. Please contact your provider.,pending,5c2f53c2-903c-4cb3-abca-b3fe3b5f447b,2473fd66-e8b7-4064-af4a-63c340da5f59,,,2025-09-17T14:33:16.861096,2025-09-18T09:26:16.861099,2025-09-16T04:01:16.861103,2025-09-18T05:56:16.861106
99efa189-3c16-4bfd-b00f-a39fa4347922,system,System maintenance scheduled for tonight,pending,19cd96a6-7290-4038-ae91-4a5705eebf5f,83933a5e-34ae-4fd2-8057-5925e34ab4a4,5bd14ff7-dd08-4ca4-b0ab-0db2a1557879,c476fe86-073a-4146-ba1c-9cbbd9349824,2025-09-12T16:00:16.861150,,2025-09-13T07:05:16.861154,2025-09-16T23:57:16.861158
eb9a5e07-1f1e-4944-b665-8053f47e8953,vital_alert,Your blood pressure reading is outside normal range. Please contact your provider.,pending,8c91da4e-f570-460d-9768-488412554f1a,,,9fce8578-cf19-436a-a8e4-ca9ef75bd6eb,,2025-09-14T20:54:16.861173,2025-09-14T20:39:16.861179,2025-09-17T13:13:16.861182
f2e08995-8e4a-4518-a77d-c1e2987f296d,system,System maintenance scheduled for tonight,read,7df2dc18-6456-4e5f-ac6f-c55ea61f79a4,,,,,2025-09-17T05:31:16.861195,2025-09-17T00:43:16.861198,2025-09-16T19:58:16.861202
c761df0e-2814-4bb0-b136-b55bb449b565,medication_reminder,Time to take your medication,delivered,b3931b44-0b2a-4b8f-8a04-fe221bbfd18a,ebe4cc3f-b11d-4bde-8958-c33c35e00922,,,,2025-09-16T20:21:16.861216,2025-09-11T08:10:16.861219,2025-09-16T20:50:16.861225
d18b1e8c-faca-4ac8-9b1d-49ddecc58b48,system,System maintenance scheduled for tonight,sent,c5485ecd-1e8c-4539-85ea-ad68f52a0839,e176b2f3-cdc4-4a8b-9bfb-4baa36a0b60d,,,2025-09-10T22:51:16.861242,,2025-09-15T18:48:16.861246,2025-09-17T21:38:16.861249
ef6a1ef9-fd4d-4778-b11a-c8446f90df16,vital_alert,Your blood pressure reading is outside normal range. Please contact your provider.,delivered,e7ede390-8689-4e1d-bcbe-c08309be74fa,,ef725ac8-a444-4e61-97ed-751b2994d400,c68cc3d5-857d-46a4-8514-d7d03e6894fe,2025-09-13T08:36:16.861264,2025-09-17T13:20:16.861267,2025-09-11T03:54:16.861270,2025-09-17T06:02:16.861274
693b7ed2-6402-4068-8034-0050772697ac,appointment_reminder,Reminder: You have an appointment tomorrow at 2:00 PM,delivered,24352642-e83f-4699-aed5-69400738b917,69738bc6-c560-41bd-b7e0-80ec0f10897b,,,2025-09-15T00:59:16.861285,,2025-09-12T10:16:16.861288,2025-09-17T11:48:16.861292
ca3b9cbc-04dd-4bef-946e-5c69e6f83916,general,Your test results are available in your patient portal,failed,8b82314d-7875-4bd8-8bbd-53e74479826f,,,,2025-09-11T06:53:16.861301,2025-09-18T04:16:16.861305,2025-09-16T21:26:16.861308,2025-09-17T00:36:16.861311
0c39674e-7a74-45e7-b483-64aea18c4cbc,vital_alert,Your blood pressure reading is outside normal range. Please contact your provider.,read,33dbd549-1a70-4486-a48e-aa9d715aa5dd,,,,2025-09-11T04:19:16.861329,2025-09-15T23:31:16.861332,2025-09-16T17:48:16.861335,2025-09-17T21:27:16.861338
00cfa728-9a35-45ca-932f-ea2d610a14f9,vital_alert,Your blood pressure reading is outside normal range. Please contact your provider.,read,fb0a2cd7-a769-4a44-9d45-8b066eb84584,,2e1006a5-422d-4244-bffc-3554869eaf1c,,2025-09-12T14:29:16.861352,2025-09-16T07:25:16.861355,2025-09-11T02:24:16.861358,2025-09-18T14:00:16.861361
1b9aae98-9502-4723-b090-a431d8d0f35e,general,Your test results are available in your patient portal,delivered,789b628f-3d1a-496e-82b9-29bf71063b1d,,,,2025-09-16T20:16:16.861372,2025-09-16T16:00:16.861375,2025-09-15T19:29:16.861378,2025-09-17T14:05:16.861381
173c70c0-6d64-4b81-958b-50276c8b489c,general,Your test results are available in your patient portal,failed,e0f9cdf4-48f2-4725-b8ca-00758a194474,a83abd90-5a11-4afd-867e-a313a75a010e,,,,,2025-09-17T10:25:16.861393,2025-09-18T03:20:16.861396
797805a8-146a-4da2-a63a-5370ad088bb6,system,System maintenance scheduled for tonight,failed,31eea915-c62e-4ddf-b18a-2eed4b70bbdf,b48018a6-0ef8-4694-9f02-5ede5a9ec377,55592631-3275-43c4-916c-28bdec0a7c4e,,2025-09-14T03:34:16.861410,2025-09-17T08:52:16.861413,2025-09-16T11:24:16.861416,2025-09-18T05:17:16.861419
61d58fe0-afe0-4518-bcac-3f8af16d2a1c,system,System maintenance scheduled for tonight,delivered,52ef260c-d3d7-4fc9-a254-1fbeba389bc6,,,,,,2025-09-14T15:49:16.861431,2025-09-18T10:58:16.861434
e0bfdf60-4674-4067-bb36-02f80f9388ee,general,Your test results are available in your patient portal,failed,8674b686-8dba-452d-a400-ed504fed388a,,,009fc03c-8818-445b-ab7a-2e2347ac54af,2025-09-17T07:47:16.861445,2025-09-15T21:14:16.861448,2025-09-17T05:07:16.861452,2025-09-17T08:41:16.861455
e2ed2fb5-9f94-410f-9f14-6d9998faa095,appointment_reminder,Reminder: You have an appointment tomorrow at 2:00 PM,pending,417d476e-015d-488b-bc19-29b432d7daa9,,d165a07d-6693-49a8-b62e-d63bc72372ea,,2025-09-13T07:01:16.861471,,2025-09-16T17:31:16.861474,2025-09-17T12:06:16.861477
dc5ac921-80e5-4a3f-a008-4a6dbff01093,medication_reminder,Time to take your medication,delivered,6363c48b-bc0d-45d8-bb37-6b2f5e86e112,2fc3aa22-7d97-4bd7-8f0f-39a63d028e4e,,,2025-09-10T22:52:16.861492,2025-09-16T18:08:16.861497,2025-09-16T00:03:16.861500,2025-09-17T17:19:16.861503
af3bef6c-6400-48ff-a555-7247b8f30b35,system,System maintenance scheduled for tonight,pending,b9c23ee6-be10-433a-9505-bd4e57d0e8c7,db693b86-e396-4394-9bfa-a6443d7c1407,,,2025-09-13T19:04:16.861516,,2025-09-13T11:31:16.861519,2025-09-16T21:17:16.861522
cedb9b3b-d66e-4f01-a51e-8f5ec372dee3,general,Your test results are available in your patient portal,pending,a5418a19-4059-4ab6-9a39-b75afbe0efa5,0fa4d7ad-28bd-4729-82f2-d06c2d9122f9,f48546e0-ec13-48ec-93aa-35ea469c7b8b,,,,2025-09-12T18:07:16.861536,2025-09-17T22:09:16.861539
8a1109eb-e25a-4af4-9588-0833e8a2af4a,general,Your test results are available in your patient portal,delivered,6ce49983-7a46-4ff2-8ccc-9644b4796520,57fcc990-d93c-4475-b152-5693ecf8b639,,,,,2025-09-17T02:43:16.861550,2025-09-17T09:17:16.861553
0361c0ef-2f1d-4ac8-9c54-cf519d421aeb,system,System maintenance scheduled for tonight,pending,ae8c04c3-937e-458f-9e8e-49324c5aa207,,,,2025-09-11T01:00:16.861564,,2025-09-16T15:40:16.861567,2025-09-16T18:55:16.861570
9eb51774-dd64-4b6b-8c6a-6c44c635b595,vital_alert,Your blood pressure reading is outside normal range. Please contact your provider.,delivered,010fcb20-da8e-4869-84af-eead53bcbb11,e3166c94-ae56-4f97-9a4b-52309588e468,3f7bfebe-1e3a-4144-8932-33523f4822d4,,2025-09-15T05:45:16.861585,,2025-09-10T22:05:16.861589,2025-09-17T23:19:16.861592
ca92d9df-a6c4-46e4-95b8-e4fe3bd97c5e,medication_reminder,Time to take your medication,failed,277b951a-47a2-4937-bae4-61fb48a45e14,992e0961-4ca1-4aa1-b8a9-0b5e099e218b,,,2025-09-15T07:55:16.861604,,2025-09-17T07:26:16.861607,2025-09-18T08:02:16.861610
be423193-606e-4dce-8c41-08d48aacb087,vital_alert,Your blood pressure reading is outside normal range. Please contact your provider.,failed,1f11aa57-b4c9-4c92-a72e-81352a9e9fa0,,,,2025-09-13T22:35:16.861620,2025-09-17T19:50:16.861623,2025-09-15T09:24:16.861626,2025-09-17T22:03:16.861629
a9bfd0ec-080c-49b1-b0f6-ae95314392ee,general,Your test results are available in your patient portal,read,083351e5-3d44-4cb2-89df-569b6506e607,,,,2025-09-11T21:23:16.861639,2025-09-18T06:53:16.861642,2025-09-18T11:38:16.861645,2025-09-18T02:45:16.861649
1c73955b-1f64-4e94-a7c9-f760e285b458,general,Your test results are available in your patient portal,read,01d107f5-4599-448b-97c7-ca579db24e02,,ad846517-e638-483d-8ac6-080b62ea4d11,,2025-09-13T03:29:16.861667,2025-09-15T06:07:16.861670,2025-09-13T17:15:16.861676,2025-09-17T14:53:16.861679
93c5cd56-d60b-403c-8ee3-a088ef101cbe,general,Your test results are available in your patient portal,pending,1d87b2c1-f702-44cd-8ddf-6ebf3df237c6,,,,,2025-09-15T05:16:16.861689,2025-09-10T22:19:16.861692,2025-09-17T04:29:16.861695
48fa75f2-2cae-4a50-92f1-350755d1c495,appointment_reminder,Reminder: You have an appointment tomorrow at 2:00 PM,failed,834ae92e-8bb7-4ef6-9cc9-d22c8e94cc30,,,,2025-09-13T01:42:16.861705,,2025-09-14T19:25:16.861708,2025-09-17T01:41:16.861711
f8bfa424-2b0d-4691-9f3f-d64a12428019,medication_reminder,Time to take your medication,failed,eb4a5a5e-a59d-4e71-bbd4-e27dec08b8f5,b2635dfb-4b37-4857-ac44-845640817933,,,,,2025-09-14T10:39:16.861726,2025-09-17T19:45:16.861730
7c6ca79e-5e70-4220-b691-9a22b186aaab,general,Your test results are available in your patient portal,pending,2abc4612-c080-485e-aa65-62d3a7d75db9,,988ce795-fcfe-476a-bd4d-ddc13b3fe9aa,85b11e34-3857-4a50-af64-546b6a88c361,2025-09-15T16:37:16.861746,2025-09-15T18:21:16.861750,2025-09-12T21:39:16.861753,2025-09-18T10:36:16.861756
87b7283e-3156-491f-9b81-7e911dc88762,vital_alert,Your blood pressure reading is outside normal range. Please contact your provider.,sent,764aa1a4-8e08-4a4e-82c0-55bd1d70a006,fdc9bc2b-df8e-4283-99ba-845e3eebcb55,95a6cbc9-f4b2-450b-aacd-b65e440b9c24,,,,2025-09-12T13:08:16.861769,2025-09-18T05:20:16.861773
ef725f1b-02c6-4058-83fa-412b28930466,vital_alert,Your blood pressure reading is outside normal range. Please contact your provider.,read,88f2596a-3e7e-4130-b0b0-923e6e284873,,,,2025-09-16T22:28:16.861783,2025-09-18T07:15:16.861786,2025-09-12T06:15:16.861789,2025-09-18T12:21:16.861792
d14ba392-a401-480b-a9f8-ef0c31a3c4b3,system,System maintenance scheduled for tonight,pending,9b225130-f517-4c35-9d76-44b6f11ae680,f69505ce-5388-4d29-860e-c6688303a016,,,2025-09-13T10:27:16.861809,,2025-09-16T05:30:16.861813,2025-09-16T16:46:16.861816
05d5f003-6123-4845-93a6-3a04c219bc9f,medication_reminder,Time to take your medication,sent,c60c73b3-4242-4ccc-b5ea-6ce88750d002,,,,2025-09-17T19:53:16.861827,,2025-09-12T18:21:16.861830,2025-09-16T23:07:16.861833
9d44c7f5-38e1-494c-8737-be2c0a95db7b,general,Your test results are available in your patient portal,delivered,295b7795-9e13-4efa-9511-f20abd773bd0,,6b3c3325-0e67-4118-964f-74be05d9e26e,,2025-09-12T18:46:16.861845,2025-09-14T16:59:16.861849,2025-09-18T13:10:16.861852,2025-09-18T06:26:16.861855
3b990225-bc7a-4829-91f9-a42e922f657e,general,Your test results are available in your patient portal,delivered,59041852-5146-4a02-85b2-0ca29dde9061,6900213c-e45b-477e-8a68-86726dc7d483,acafa960-de23-41fe-aa0f-c596c05d90f2,,2025-09-14T14:32:16.861871,,2025-09-15T01:58:16.861874,2025-09-17T02:30:16.861877
b4788193-2644-479c-9f1d-393ef99cad52,system,System maintenance scheduled for tonight,pending,e1c7c9ae-07da-4680-8918-1182477039f7,,,,2025-09-10T21:22:16.861886,2025-09-18T11:00:16.861890,2025-09-13T03:09:16.861893,2025-09-17T06:50:16.861896
ddf87735-b7cd-42d5-bd6d-67994ff257d1,system,System maintenance scheduled for tonight,pending,eee30b9f-f375-4ef1-874c-90bcc402c569,,75e66ee3-8ade-4cb2-a7c9-67f72af799bf,,2025-09-13T20:54:16.861909,2025-09-16T17:24:16.861915,2025-09-16T21:58:16.861918,2025-09-18T13:18:16.861922
c0ef8f0c-9496-4ddd-8063-96faaedc2385,system,System maintenance scheduled for tonight,pending,a6278fc4-b2c8-497d-8b61-141d6abaa353,,,,2025-09-14T21:09:16.861931,2025-09-17T13:58:16.861935,2025-09-15T14:46:16.861938,2025-09-17T04:46:16.861941
f5088f95-caf5-4c0c-9401-3cb96b6e544f,general,Your test results are available in your patient portal,delivered,7ed85287-c7fd-4d0e-b07d-3ff149405fc5,3acceaa1-2392-4d26-91da-9b20dc64160e,,,2025-09-15T11:49:16.861953,,2025-09-16T18:03:16.861957,2025-09-16T21:26:16.861960
0bfa1cd5-3aa2-45b0-bc57-0da91af0b44f,system,System maintenance scheduled for tonight,read,496c96f7-741e-4aab-8103-8b266b68fb7d,368b8eb0-3c3e-4635-9bd8-047365daedb4,,,,2025-09-18T07:07:16.861970,2025-09-12T05:45:16.861973,2025-09-16T19:04:16.861976
36e96f0e-a6c5-4374-a390-21197b9fdd2c,medication_reminder,Time to take your medication,read,26a40e0a-bf7a-4787-a57a-a78d0337f2cf,b319e26e-c947-4006-bb8d-0c28eeac87e4,,,2025-09-13T04:30:16.861989,2025-09-16T12:23:16.861992,2025-09-11T11:44:16.861996,2025-09-17T13:07:16.862000
1bee5d02-944b-4c57-9388-c324a44c1c52,general,Your test results are available in your patient portal,read,e0c70012-724f-436d-b900-a21096e79730,bfd8fc09-fe6d-4ef8-97ab-82157c4ced40,,,2025-09-18T09:14:16.862012,,2025-09-17T18:38:16.862015,2025-09-18T08:13:16.862018
b7ef8e65-114f-468f-b5f3-299e01c78975,general,Your test results are available in your patient portal,sent,bc7363a3-19e3-4a23-9842-f92a393ac606,,,,2025-09-12T01:02:16.862028,2025-09-15T04:20:16.862032,2025-09-17T16:24:16.862035,2025-09-17T06:16:16.862038
6346ff38-88b9-433f-866d-fcff7fbd7496,medication_reminder,Time to take your medication,delivered,ddb4b385-8e33-4b8b-9f5c-3888c85eed7a,,,9fd1407c-283f-499d-8e6e-49086c1c75ab,2025-09-10T22:57:16.862051,2025-09-16T18:54:16.862054,2025-09-17T02:10:16.862057,2025-09-18T02:32:16.862060
5d4c61f7-9f3d-45f3-849c-a7a72d18540c,medication_reminder,Time to take your medication,read,7090c562-da18-4f4d-b737-224375704f36,49ddf081-00a3-4bac-9111-80356a401a2a,,,2025-09-14T08:07:16.862074,2025-09-17T00:43:16.862077,2025-09-15T09:14:16.862081,2025-09-17T16:56:16.862085
a02d46f3-90b8-44b0-899e-35141cd5c849,general,Your test results are available in your patient portal,delivered,a5418a19-4059-4ab6-9a39-b75afbe0efa5,69fbd054-275c-4bbf-aaf7-0931fae8d815,,,2025-09-16T18:46:16.862096,2025-09-15T21:48:16.862099,2025-09-17T23:03:16.862102,2025-09-17T18:16:16.862105
47d4ed55-753b-4c93-8850-c8411148f73f,appointment_reminder,Reminder: You have an appointment tomorrow at 2:00 PM,read,1341b081-4afb-4d1d-ad34-8624cbcbee01,,17108f95-867b-498c-98ff-2de26828fa15,,2025-09-11T01:34:16.862121,2025-09-16T11:23:16.862124,2025-09-14T06:24:16.862127,2025-09-16T17:36:16.862130
ed7e6705-f915-432f-bfaa-f00be204267f,appointment_reminder,Reminder: You have an appointment tomorrow at 2:00 PM,pending,1341b081-4afb-4d1d-ad34-8624cbcbee01,df139cfe-3d57-4867-a77d-9f1332088d5e,,,,,2025-09-16T02:31:16.862142,2025-09-17T23:25:16.862145
99de7234-23ad-44cd-9d7e-c7440804917f,vital_alert,Your blood pressure reading is outside normal range. Please contact your provider.,delivered,e6e2aed1-8a1f-4c7a-9f24-97f13e35398f,,8136d581-1335-4ac7-ad18-01e0420a0db2,,2025-09-17T03:28:16.862155,,2025-09-10T21:17:16.862158,2025-09-17T06:51:16.862161
0a3b7460-57c1-4086-851c-c772b91628a4,general,Your test results are available in your patient portal,pending,b4912363-1680-456b-be44-6cc495b57ade,d0142e91-9454-45c5-9f33-3a7747821a24,f57848a2-e7e7-4eff-b312-ec7a2157fb6a,513e3b62-2983-482c-8c6c-a322e1b72b3c,,2025-09-17T01:10:16.862175,2025-09-15T04:07:16.862178,2025-09-17T18:47:16.862181
cbd407ee-61a9-49fa-a240-f11fbd8cf081,vital_alert,Your blood pressure reading is outside normal range. Please contact your provider.,sent,dda1d580-a98e-4898-a357-07924cb77195,,d1cd0b0a-d7eb-4930-add8-e22420f6db1c,,2025-09-11T09:59:16.862191,,2025-09-12T05:35:16.862195,2025-09-17T07:37:16.862198
8bd1e795-863e-4f8e-b7a9-bf271009bf9d,vital_alert,Your blood pressure reading is outside normal range. Please contact your provider.,pending,6efd4aea-d7ca-4f5e-abcc-ccbd1ad45eef,5bf27571-1692-4d66-8b71-5485631ab9c2,d576ca78-f5a4-4883-914b-d06c651c8a46,,2025-09-15T01:45:16.862210,,2025-09-17T01:29:16.862213,2025-09-17T00:27:16.862216
56c3348b-be30-432b-9a5a-5c7558b19b3e,general,Your test results are available in your patient portal,failed,4acbf2ae-83f1-433c-8fb1-82efe4d8b788,f593aa72-ce35-4797-a1f5-38e7945a3ad8,,,2025-09-12T03:51:16.862229,2025-09-17T09:47:16.862234,2025-09-17T03:29:16.862239,2025-09-16T21:50:16.862244
cf38c5d5-afad-4854-b2eb-d637ae07de50,system,System maintenance scheduled for tonight,sent,2cc63291-e347-491a-b82d-75032ab46ee0,,,,2025-09-15T21:18:16.862263,,2025-09-11T10:22:16.862269,2025-09-18T08:41:16.862276
01ffdac7-1876-4195-96a8-8a41b793414a,general,Your test results are available in your patient portal,pending,e0c70012-724f-436d-b900-a21096e79730,bfc86d33-c6aa-454d-b3f7-fa6244020eb8,,f19ed8a4-760c-4198-bf99-0e2b1571245a,,,2025-09-14T07:32:16.862299,2025-09-17T06:48:16.862305
4a0e5471-89e7-410d-9bb9-1c47d9a2db60,general,Your test results are available in your patient portal,failed,bb46acc7-c0d4-456f-8e6f-7dffa22031a8,a0ab2a57-fcb3-4328-a445-eff699553a6e,2e00517a-d2d3-4309-97f0-28226fa80b45,cffee7c1-ec77-4325-9342-1543d124b679,2025-09-13T00:18:16.862326,2025-09-18T12:56:16.862332,2025-09-12T15:20:16.862335,2025-09-17T09:35:16.862339
e3f8dfd4-1a51-4d99-a035-213b05fba1f8,medication_reminder,Time to take your medication,failed,cb150346-157c-4f27-9584-958b4522ccb8,a57eaf9f-7814-4254-a742-0b22b7813c6c,22d11142-b7c7-4d2f-b6d8-68a852fe507a,,,2025-09-18T03:39:16.862355,2025-09-14T12:55:16.862359,2025-09-16T20:56:16.862362
38d69b65-773b-497f-9486-54ebb5d387c4,general,Your test results are available in your patient portal,failed,741a44a9-bea4-4c0f-95c5-35831d922c4d,,,,,,2025-09-12T21:03:16.862371,2025-09-16T16:34:16.862374
78637b8c-3dc1-4370-9783-8afe4f9b6e25,medication_reminder,Time to take your medication,sent,5ee12ec2-ee1f-46fe-a9ae-b7d647c6e07f,,3de09e5d-007f-4525-9a2e-da0633e1b043,,2025-09-17T05:49:16.862387,,2025-09-14T12:17:16.862390,2025-09-17T18:07:16.862394
4cfffd84-cea1-41f2-8cd5-a94c1195098d,general,Your test results are available in your patient portal,pending,cacb89dc-2c7c-4b4d-b1e0-1b7f0649b29c,,d4a4742a-0335-4d55-b168-d9ed727aa308,,,,2025-09-13T05:17:16.862414,2025-09-16T15:13:16.862418
42851d46-5ee4-47fe-b4a2-942b9c4405d5,vital_alert,Your blood pressure reading is outside normal range. Please contact your provider.,pending,9b89e20d-b5f7-404f-8dd1-57d461b513e9,,d14f4b0c-bc8f-4e0b-b64e-a870e3c2d758,,2025-09-16T00:51:16.862431,,2025-09-11T17:37:16.862440,2025-09-17T04:24:16.862443
53867809-6f42-4fea-87c2-aadc2ce1f26f,vital_alert,Your blood pressure reading is outside normal range. Please contact your provider.,read,ab74c005-8ed8-4dd9-9531-22326df462bd,f5304202-deb9-47d1-a658-8d90e80d7fcd,1576a1eb-cda7-4382-a693-799e006792da,b896e0e4-229c-409c-8831-db04aaff65ec,,2025-09-16T09:01:16.862462,2025-09-12T07:14:16.862466,2025-09-18T12:29:16.862469
53c7c668-228d-4463-870e-dbebe51598ff,general,Your test results are available in your patient portal,failed,9a504737-442d-467b-862b-7c7080ae58ad,,,,,,2025-09-11T13:08:16.862479,2025-09-18T02:58:16.862483
71e471b1-9bb0-4ee7-bb28-d7b28dbc31ce,general,Your test results are available in your patient portal,failed,47bee31c-be16-4a49-a283-3a95184c811c,,,,2025-09-18T14:37:16.862494,2025-09-16T17:51:16.862498,2025-09-15T06:39:16.862501,2025-09-17T06:51:16.862505
aa26c298-38c0-4052-aab0-5676bb6cb77e,system,System maintenance scheduled for tonight,pending,82388688-5bd1-4e65-9cc6-814a3360c2ca,,1904c54b-181e-4a9f-b50d-b7e4831b01f2,,2025-09-12T13:03:16.862522,,2025-09-14T16:03:16.862526,2025-09-16T23:55:16.862529
189782a3-d278-422f-9c11-db0ec22b673e,medication_reminder,Time to take your medication,sent,f9ab2d82-d0cf-45d7-938e-e74275edfe96,,,,,,2025-09-13T07:39:16.862540,2025-09-17T03:25:16.862544
cce7bd65-8e2c-4c38-96c5-dffd6b944bea,system,System maintenance scheduled for tonight,pending,5ce72346-0234-4d1e-b31a-597f69cf8e7b,a778c847-37ed-4e7c-a672-972b7cebc15e,,,2025-09-18T05:51:16.862557,2025-09-15T21:43:16.862561,2025-09-16T14:11:16.862564,2025-09-17T11:30:16.862568
4d999ed6-284a-497c-8c42-af4c2d8e417e,appointment_reminder,Reminder: You have an appointment tomorrow at 2:00 PM,sent,29c35dd3-5a4c-4bfd-9257-3228e20fecc7,,ef725ac8-a444-4e61-97ed-751b2994d400,,2025-09-16T09:13:16.862578,2025-09-18T10:40:16.862582,2025-09-12T16:47:16.862598,2025-09-17T04:41:16.862602
e955ee6e-b514-4fb2-b8f8-e48a83ee33da,general,Your test results are available in your patient portal,failed,31c3d8d5-66fe-4d83-82cf-0951777ad010,206388ca-0a42-480d-918f-12968b3e0a61,,9dca94f7-864c-4fc1-b911-9999e5dc88f0,2025-09-11T16:49:16.862622,,2025-09-12T04:52:16.862626,2025-09-17T01:27:16.862629
4fd88aaa-da01-493d-8b2b-241fc2605b4d,medication_reminder,Time to take your medication,failed,5c4be9a0-46f6-44f4-ac3a-70bb16e199fe,,,,2025-09-12T00:20:16.862642,2025-09-18T06:23:16.862645,2025-09-12T06:59:16.862649,2025-09-17T01:13:16.862652
05cfdd5c-6bc6-4ab9-9c69-4f7b87b4c299,appointment_reminder,Reminder: You have an appointment tomorrow at 2:00 PM,sent,5931dc83-70a8-42fe-84f5-87e0316c011b,3acceaa1-2392-4d26-91da-9b20dc64160e,15b7f58e-508c-418b-a1ba-5fa6f68973c8,,2025-09-16T13:33:16.862665,2025-09-15T05:22:16.862669,2025-09-13T00:25:16.862672,2025-09-18T14:48:16.862675
44ed8ca6-0d8c-4ef9-90b0-83dd8be4e407,appointment_reminder,Reminder: You have an appointment tomorrow at 2:00 PM,failed,65d9ab32-e0db-4023-9789-cb200e329fb7,fba20c70-4bfe-491c-a248-624d08bc7764,71ff24af-7119-44f3-985b-60bfa985318c,,2025-09-17T08:08:16.862688,,2025-09-17T22:48:16.862692,2025-09-17T14:37:16.862695
323d26e6-5c16-4764-a2e5-2141005b13bd,appointment_reminder,Reminder: You have an appointment tomorrow at 2:00 PM,failed,31c3d8d5-66fe-4d83-82cf-0951777ad010,9b3b16aa-d0b6-4a40-9781-77b9a3b5a1db,,,2025-09-11T09:11:16.862707,,2025-09-13T21:47:16.862710,2025-09-16T23:07:16.862716
f43f4fbe-3140-4c9f-a927-bcf3d531699f,medication_reminder,Time to take your medication,read,dd08a89a-b914-4208-9f99-9f671c27f9fe,cb4e9d94-b7fa-4e27-8e10-532cdcfda928,9cce06e0-4a37-4d27-8bf4-48fe4bd1f558,ebaa7f4e-17b8-423a-bd7b-06f642dfc3c2,2025-09-12T16:19:16.862731,,2025-09-17T05:33:16.862735,2025-09-17T22:42:16.862738
ce945423-2316-41ff-ab39-14a4cb6c9d22,system,System maintenance scheduled for tonight,failed,4ad4881b-a9e8-44fb-ae12-f732d70c37ce,4be51c53-c08e-48a2-bb90-5e4a17c131cf,,e8242737-caaa-4f49-afaf-37f9b1078361,2025-09-10T16:25:16.862754,,2025-09-15T12:28:16.862758,2025-09-16T22:44:16.862762
85a69584-82da-4df7-9c05-5669756c9f48,appointment_reminder,Reminder: You have an appointment tomorrow at 2:00 PM,read,e3a87818-11cb-4519-a82a-352b7cb8aaca,18a7d61c-dce1-4575-9e7d-ca66f655d2f9,,,2025-09-16T16:44:16.862783,2025-09-14T17:39:16.862786,2025-09-17T11:12:16.862789,2025-09-17T03:33:16.862792
9fded4dd-709c-43b1-83ee-84adfc1e7595,vital_alert,Your blood pressure reading is outside normal range. Please contact your provider.,pending,94e183d0-eb44-4930-bde3-0908bdf4ef54,c8c6f9de-e696-479b-971d-64ccc8135f78,3a52e675-54ee-4c59-a300-937e7e9ae131,,,2025-09-17T11:47:16.862806,2025-09-12T00:31:16.862809,2025-09-18T09:21:16.862813
f69fee6d-61f2-4d5a-b227-f9833d85fab4,vital_alert,Your blood pressure reading is outside normal range. Please contact your provider.,sent,18d82cd9-153d-4394-a6bd-9b7c70c2fc49,,,,2025-09-15T03:08:16.862824,,2025-09-13T16:01:16.862828,2025-09-18T10:12:16.862831
9a6eb51a-6941-4cfd-9d9e-633a443d03a0,system,System maintenance scheduled for tonight,failed,9ee9f79f-47d1-4938-bea6-c9a314ed3b31,66a6ddb1-5151-4f78-a6c9-0e8e5ac6ac89,,,2025-09-18T13:04:16.862843,,2025-09-13T11:49:16.862846,2025-09-18T09:08:16.862850
39e5dfe2-6a2b-441f-bc36-ce47955b4297,vital_alert,Your blood pressure reading is outside normal range. Please contact your provider.,read,e77d90ca-c0b6-4963-8e45-ae000514b557,,,,2025-09-17T08:03:16.862862,2025-09-15T02:00:16.862867,2025-09-12T18:49:16.862870,2025-09-17T21:44:16.862873
c0d1c4ae-14e0-44f7-9d3a-c36a440dc927,system,System maintenance scheduled for tonight,sent,13a674d7-a16e-4d08-a029-50543506103a,cd1b43e7-63c9-4238-a32a-024ad21ce366,,4a2ee252-381c-437b-99ff-f5873ff8d0b1,2025-09-11T14:50:16.862886,2025-09-15T11:53:16.862889,2025-09-11T21:05:16.862892,2025-09-17T10:20:16.862895
1ad85a48-fcd1-4b9d-80e6-9e6647fb4d09,appointment_reminder,Reminder: You have an appointment tomorrow at 2:00 PM,sent,9b5611ad-1069-49c6-b127-9d196b70ffc4,dfb1bb57-b076-45dc-bf37-f8ad65eb4d4f,,,2025-09-11T05:32:16.862905,,2025-09-16T16:28:16.862908,2025-09-18T00:06:16.862911
2b3261a5-dd66-4d65-aef3-c41fdc9a60e7,system,System maintenance scheduled for tonight,pending,2338994e-f8f6-48da-baca-dc0649976611,27be9057-6e46-467b-b291-ab4328e98c07,,,,2025-09-17T15:15:16.862920,2025-09-11T02:28:16.862924,2025-09-18T11:31:16.862927
7bed329a-cf26-48f9-9aea-c79b10b3e8e9,system,System maintenance scheduled for tonight,delivered,c3da87dc-d8bf-4e06-88d8-ca30f3cb22cc,,,3747aceb-ad78-434e-971f-e40b12f95661,2025-09-15T21:02:16.862936,,2025-09-14T11:02:16.862940,2025-09-17T16:47:16.862945
6ee41b5e-f767-4130-9475-bdc5e71150a1,general,Your test results are available in your patient portal,read,af98e1a7-7131-466b-ab14-cf78cb66b511,,cd621150-3c93-405f-8e5d-4a82ae4420c9,,2025-09-15T06:33:16.862968,2025-09-16T04:40:16.862972,2025-09-14T16:41:16.862976,2025-09-18T03:51:16.862979
9fa56193-19b2-4b37-b12e-044c9edc6839,system,System maintenance scheduled for tonight,sent,ec52d917-e497-45bb-af0f-9c6d6c4387cc,e34a00ea-6bdb-4e96-b0f3-2bc911be1816,90d3ff1f-8760-4937-adc5-0f37ffdc3c82,,2025-09-12T05:34:16.862998,,2025-09-16T05:24:16.863001,2025-09-17T13:46:16.863004
c446c60b-483a-4224-8c33-6d64b8394c62,appointment_reminder,Reminder: You have an appointment tomorrow at 2:00 PM,read,1e56378d-a64e-4e25-ae6e-763e41154da5,4c66e484-a0cb-4947-af62-19c99e24c79c,,,2025-09-16T12:27:16.863013,,2025-09-14T19:34:16.863016,2025-09-17T19:24:16.863020
3b2e75e2-534c-4dcc-9df8-b2cbb47cbb23,medication_reminder,Time to take your medication,read,ddb4b385-8e33-4b8b-9f5c-3888c85eed7a,1af7ffa2-7396-48b9-b7d7-6c6332294b00,,,2025-09-18T13:55:16.863028,,2025-09-14T18:37:16.863032,2025-09-18T04:35:16.863035
bacc2430-862e-4020-82a4-36389e488e3c,medication_reminder,Time to take your medication,failed,20e3475c-5acc-4d11-973c-2230a0085abd,86628de8-1704-49b0-8511-ca362e22c1db,5c8568b9-a661-4bc6-89ea-77ee77a5fda6,,2025-09-18T10:19:16.863049,2025-09-17T20:38:16.863052,2025-09-16T13:06:16.863055,2025-09-18T13:32:16.863058
15f0b315-8391-4c0f-b5e3-8084324b2ca3,medication_reminder,Time to take your medication,failed,b30a554c-0c6f-4e59-ae4f-aa6047ad83d7,,,,,2025-09-17T04:07:16.863067,2025-09-12T10:02:16.863071,2025-09-17T13:38:16.863074
d6927afa-96a5-4b1c-b509-7ae6ae0176c2,vital_alert,Your blood pressure reading is outside normal range. Please contact your provider.,failed,f4becaf7-14f7-4de6-a37f-fd93bfa5e12a,,,,,2025-09-16T17:22:16.863083,2025-09-17T02:13:16.863086,2025-09-17T06:22:16.863089
715c5749-1d33-4687-9499-cad27186ac67,system,System maintenance scheduled for tonight,pending,f380a8dd-5cba-4806-9dac-c3e4bec790e3,c9730023-2664-4cb7-a4fd-d8f796a419b4,,,2025-09-12T23:15:16.863103,,2025-09-14T05:57:16.863106,2025-09-17T12:20:16.863109
c7fd520d-5cee-48a0-99ee-e2e4965967df,general,Your test results are available in your patient portal,delivered,4da8b7f6-9022-4ac1-8b81-0eee13be5283,,,4002f49f-be7e-47c2-a352-b1284704723b,2025-09-10T17:07:16.863118,,2025-09-18T02:41:16.863121,2025-09-17T06:03:16.863124
c5f314bd-0d33-4e1f-856b-0c56c938dd5c,medication_reminder,Time to take your medication,failed,dafe56d0-fd92-4ab6-abab-8eb86a77233b,f12c5e8f-6236-455e-89a7-880a15d239af,3de41583-2160-4802-be8b-d8ec97c18138,,2025-09-13T10:26:16.863136,,2025-09-18T05:45:16.863139,2025-09-16T16:35:16.863142
ef84880e-2d2a-42cc-b996-17b27f17b374,medication_reminder,Time to take your medication,delivered,7d4fe16d-4643-47c6-b0ea-8d877129776a,d09a4056-93d1-4cd7-acde-318adb5ee09c,67c461e6-506a-4cc3-839a-00b77764761e,,2025-09-17T04:54:16.863186,2025-09-14T18:31:16.863190,2025-09-18T09:03:16.863193,2025-09-17T10:41:16.863196
81064832-fe46-4e7d-a37c-0b32642a41c4,medication_reminder,Time to take your medication,failed,55c8019e-ce4c-442b-8638-c4a20bea43d4,422d747c-d9ee-472d-9375-5bc283ff6a8f,,,2025-09-16T12:35:16.863209,2025-09-15T13:05:16.863212,2025-09-12T03:02:16.863216,2025-09-17T04:03:16.863219
213f6f60-5658-453f-8c0b-1e2caf5ddce0,general,Your test results are available in your patient portal,delivered,3724db1f-8c7f-4913-a53a-c0a44e62ee7c,,,,2025-09-12T20:18:16.863236,2025-09-15T04:41:16.863241,2025-09-12T08:26:16.863244,2025-09-17T00:26:16.863247
aee98672-3431-490d-9f7a-4065465fde05,vital_alert,Your blood pressure reading is outside normal range. Please contact your provider.,read,9e119d4d-3822-43c6-8022-23ec0a3d2031,63a1fd40-ca06-4fb0-85db-70626d1acdc9,73b0491b-02d6-41a3-ab42-8755446ad451,,,,2025-09-12T08:38:16.863260,2025-09-18T01:30:16.863264
491c99bd-0aaf-42dd-bff8-eac9674fd533,system,System maintenance scheduled for tonight,delivered,1a654397-34d5-4fa5-bb28-7c7d60f9c74e,,,,2025-09-12T04:23:16.863275,,2025-09-15T13:23:16.863278,2025-09-17T11:44:16.863281
d7800a78-ee7d-459d-b1ae-e495262d1b41,medication_reminder,Time to take your medication,read,21e70901-25bc-4c1f-9c3d-1bb9b002e33c,,a33e6a1a-d700-47ad-a652-4250965944ba,,2025-09-10T18:51:16.863293,,2025-09-15T15:04:16.863296,2025-09-17T17:45:16.863299
ab41d458-7332-43cb-919d-1ab09c077573,general,Your test results are available in your patient portal,pending,c5485ecd-1e8c-4539-85ea-ad68f52a0839,b93cf824-7c32-4a97-b03c-976ca60e2535,,,2025-09-18T09:41:16.863308,2025-09-16T00:47:16.863312,2025-09-12T00:54:16.863315,2025-09-18T14:33:16.863318
ce192828-af20-4623-b342-d9df8d8d1a34,general,Your test results are available in your patient portal,delivered,f2e12ac7-b663-4c49-b4a8-9a1542572f2d,,,,,,2025-09-10T22:41:16.863326,2025-09-17T21:02:16.863330
6c1529f3-aeff-47f2-a0d0-05f4c512b2d2,vital_alert,Your blood pressure reading is outside normal range. Please contact your provider.,sent,b985168d-ffc7-43bf-99d8-a4f29b7d052a,,,,2025-09-12T20:14:16.863339,,2025-09-14T05:21:16.863342,2025-09-17T23:05:16.863345
d8c96432-b206-47e1-8705-48f997e47b3f,general,Your test results are available in your patient portal,sent,720ef0f1-15d0-4913-90d4-578df7c09ec2,,,6067024d-d782-4a71-8fc3-40f4b5c5c68f,2025-09-14T03:49:16.863358,,2025-09-18T10:45:16.863362,2025-09-17T00:24:16.863365
b19ffa10-3ca5-404a-8cee-2fcdfbb94440,medication_reminder,Time to take your medication,read,53dc6795-be29-412e-8aec-dca62d54c503,42c90b4c-d53c-4b82-8416-74833981d6f0,,,,2025-09-16T13:37:16.863380,2025-09-11T10:11:16.863383,2025-09-17T21:24:16.863386
83d3404f-159c-4742-a6ce-3c37254b874b,general,Your test results are available in your patient portal,sent,bc7a7991-f84a-42cc-a285-f72bbfa757fc,,,,2025-09-13T21:07:16.863394,2025-09-16T04:43:16.863397,2025-09-13T20:00:16.863400,2025-09-16T19:52:16.863403
0d782529-dd77-46f7-9ce4-f2ca23d190c5,system,System maintenance scheduled for tonight,pending,c02dac29-5b3b-45b8-91e6-1ffee0309a31,,c0976b40-3f0a-4c6e-8fd2-6a8047510d0b,,2025-09-13T01:12:16.863416,2025-09-17T00:45:16.863419,2025-09-17T11:07:16.863422,2025-09-18T14:52:16.863426
e369f950-e829-4f86-8273-75149dd1ee33,medication_reminder,Time to take your medication,failed,04491bf1-48dc-4801-b4d6-d65180596f5a,,,,,2025-09-17T19:26:16.863436,2025-09-17T17:12:16.863439,2025-09-18T01:38:16.863442
811f6898-cee1-4e85-9131-2944606a2bdb,system,System maintenance scheduled for tonight,pending,2b440f73-d95f-4019-b17c-29cc9d5f195f,,916a2b6b-d09c-43e6-a55f-2d9608437ddc,62d2f6d8-367d-48a5-8e81-e27bd5210650,2025-09-10T17:42:16.863454,2025-09-16T19:32:16.863459,2025-09-10T15:25:16.863462,2025-09-18T13:58:16.863466
d57a4636-d903-4d37-9ceb-0d1e372dabab,general,Your test results are available in your patient portal,failed,fec0631c-a8f4-4c72-bf38-3c3df6fc2d74,a327b46f-652b-44a0-8c00-ab2cd9e642cf,,,2025-09-12T17:19:16.863479,2025-09-17T15:35:16.863482,2025-09-13T06:01:16.863485,2025-09-17T03:31:16.863488
393a9bf7-c67c-45b2-84af-a5e2acb40251,system,System maintenance scheduled for tonight,delivered,b9c23ee6-be10-433a-9505-bd4e57d0e8c7,70bbbedb-cd2c-420c-93ac-545d3cf0b465,,fd11afd3-3360-41ab-9a09-b6ddf879fb20,2025-09-11T04:43:16.863501,2025-09-16T09:05:16.863505,2025-09-14T23:18:16.863508,2025-09-16T23:01:16.863511
bb99b8cd-0fa8-4b1d-a429-24e987db9065,medication_reminder,Time to take your medication,read,f9795769-c737-4246-b1e0-2c27d9158005,,c822c53c-72cf-4cb5-9c82-174d23bd50a4,,2025-09-14T20:03:16.863523,2025-09-16T09:37:16.863526,2025-09-16T12:26:16.863529,2025-09-17T17:59:16.863532
bed5c099-fe08-4d59-95a8-c984e62a8898,general,Your test results are available in your patient portal,pending,f5b76c8f-575e-4a13-9336-6576175c032f,,,,,2025-09-16T13:39:16.863543,2025-09-12T12:29:16.863546,2025-09-18T02:46:16.863549
9907bc8b-8e85-468d-896b-e6a63e46ac47,general,Your test results are available in your patient portal,delivered,b3e55e36-4c71-432f-ac72-0dff7c15463f,,,,2025-09-14T14:45:16.863558,,2025-09-18T01:00:16.863561,2025-09-17T23:17:16.863564
34e3726d-424a-4d66-87fb-8d122a35ea52,vital_alert,Your blood pressure reading is outside normal range. Please contact your provider.,failed,e4898bf9-bdaa-4b5d-b967-d12951b0b6cb,7fac5f09-b051-4569-96bd-f501b29885a4,12418033-a33d-48ce-93ae-b4d0264668d4,,2025-09-10T15:34:16.863578,,2025-09-17T09:41:16.863581,2025-09-17T19:13:16.863584
fa217445-1b7f-4331-a300-5898b18401e1,appointment_reminder,Reminder: You have an appointment tomorrow at 2:00 PM,pending,741a44a9-bea4-4c0f-95c5-35831d922c4d,c7478f18-c0c0-4209-94d4-b16fa3cb9143,,,2025-09-11T12:41:16.863593,2025-09-16T22:07:16.863596,2025-09-17T00:50:16.863599,2025-09-18T09:57:16.863602
5aa53115-ca02-4226-8885-73ed55c9e081,appointment_reminder,Reminder: You have an appointment tomorrow at 2:00 PM,pending,ec52d917-e497-45bb-af0f-9c6d6c4387cc,49f2b024-54f3-4ea9-b471-7064567bc46e,,,,2025-09-15T08:04:16.863612,2025-09-13T04:29:16.863615,2025-09-17T18:14:16.863618
f741c10e-289d-447a-be9e-7a70be74a452,vital_alert,Your blood pressure reading is outside normal range. Please contact your provider.,pending,16c77fdc-8916-4d79-be99-6502cd3d6bef,,80b5e939-a354-4dac-bd5d-79fbcc1e144c,,2025-09-12T06:17:16.863629,2025-09-18T05:15:16.863633,2025-09-11T04:31:16.863636,2025-09-18T12:58:16.863639
04dcfd9e-64f1-4d4c-853b-caa97989d069,appointment_reminder,Reminder: You have an appointment tomorrow at 2:00 PM,failed,2c066d93-cd93-43cf-9421-db32f00ee56f,,,,2025-09-15T06:30:16.863651,,2025-09-17T12:40:16.863654,2025-09-17T12:16:16.863657
8ba5cb96-b166-4e2b-86ea-810fd4d9b63a,general,Your test results are available in your patient portal,sent,9215a749-251c-4db7-8183-c67ace078c8f,ef1a3990-c089-45dd-9d4c-097dc1665d8a,,,,,2025-09-15T02:22:16.863667,2025-09-18T00:41:16.863671
e81feb6e-a898-4eec-ac65-d6594e6a8778,general,Your test results are available in your patient portal,sent,b4acc33f-11ae-474a-9a1c-714245ad8d15,5dcddfa9-1454-47b4-b298-ae8edf1d10d6,,c28c135c-d1b6-4c91-85ba-05062aca0fc7,2025-09-12T08:04:16.863687,,2025-09-14T02:44:16.863691,2025-09-17T11:15:16.863694
84fddd26-d5e2-45b6-bc91-437864edf344,general,Your test results are available in your patient portal,failed,3cf72523-8396-4381-bfef-825ddf4d1dad,,,,2025-09-15T08:55:16.863703,,2025-09-15T23:54:16.863706,2025-09-17T14:28:16.863709
f8085e7f-fef1-471f-a0ce-9bd7ffd8f8b1,vital_alert,Your blood pressure reading is outside normal range. Please contact your provider.,read,b7ef2476-1e1e-4337-aede-f1ff7dae571d,,,,2025-09-13T20:39:16.863717,2025-09-16T12:31:16.863721,2025-09-11T04:45:16.863724,2025-09-17T17:16:16.863727
b19f8c1a-203b-43b7-a0c4-51675f58dc07,system,System maintenance scheduled for tonight,delivered,05810385-b020-402a-8e6b-4236531a93d9,89694b0e-ca13-4e3e-8c1c-d19ee59b3504,,,,2025-09-15T02:59:16.863737,2025-09-14T21:45:16.863740,2025-09-17T15:23:16.863743
591be850-6331-4ed6-9cb7-a3c5dcd1cb7b,general,Your test results are available in your patient portal,delivered,71c9276e-e457-4a9f-a7bc-6a193031e9ab,,,,2025-09-11T02:21:16.863755,,2025-09-17T17:37:16.863758,2025-09-16T21:53:16.863761
214be0a3-f6c0-4f7c-bf8b-4fe39b40f310,system,System maintenance scheduled for tonight,sent,4e0012a8-42c3-4204-bc76-030e31d5d352,55bf0ebf-bde4-46ea-82e5-a932c4e953aa,,,2025-09-11T19:55:16.863773,2025-09-18T05:23:16.863776,2025-09-14T03:24:16.863779,2025-09-18T08:06:16.863782
f299a99a-67e4-4859-8f2a-10f3ae8dcdaa,appointment_reminder,Reminder: You have an appointment tomorrow at 2:00 PM,failed,e37f1680-2aff-4429-b3ef-7ec95b8aa457,ec21b5f7-6161-4a2a-a0a6-17adad3a4936,,e7bd24cc-bdb1-4d37-a587-55c1f7bac4da,,2025-09-15T13:18:16.863797,2025-09-14T20:21:16.863800,2025-09-17T06:17:16.863803
981c92ac-67e5-4f2f-adb9-7cd166d30ef8,vital_alert,Your blood pressure reading is outside normal range. Please contact your provider.,read,7ed85287-c7fd-4d0e-b07d-3ff149405fc5,,,,2025-09-15T06:30:16.863817,,2025-09-15T18:03:16.863821,2025-09-17T10:56:16.863824
7d225160-611a-4550-b1e3-98630c91eca5,vital_alert,Your blood pressure reading is outside normal range. Please contact your provider.,pending,ea0531a9-25f3-407c-add7-f6c8f84bc40c,,,,,2025-09-16T20:37:16.863833,2025-09-12T09:25:16.863836,2025-09-16T18:28:16.863839
58a99728-4d23-4b5e-a2bf-7c8ebc21c105,system,System maintenance scheduled for tonight,failed,1cd2ceb8-eb1b-4209-9f2f-2bff401bba56,768d91be-0df9-4d70-96ee-8a4510abc33e,6145a714-46e3-4c6c-90d4-26b04373918a,,2025-09-11T08:05:16.863855,2025-09-16T08:45:16.863858,2025-09-17T07:01:16.863861,2025-09-16T23:47:16.863865
985d0e13-9d3b-48c4-999d-9b90cede3593,appointment_reminder,Reminder: You have an appointment tomorrow at 2:00 PM,delivered,61040bd3-b176-48cf-93f0-56ee311e56e0,,,,2025-09-18T00:45:16.863874,,2025-09-12T21:59:16.863877,2025-09-17T21:04:16.863880
00f45612-846d-40ae-9548-9453e1555c6a,medication_reminder,Time to take your medication,pending,a5709a7e-c5c7-42de-acda-8d8e6621eb87,d7ec8b6f-8389-4f79-a259-28308602e7e1,,,2025-09-16T06:38:16.863891,2025-09-15T21:06:16.863895,2025-09-18T01:24:16.863898,2025-09-17T17:36:16.863903
83c741af-b4b9-4cb2-bc37-7a547bad29db,general,Your test results are available in your patient portal,sent,04047355-c184-420e-ae77-d02e6336361c,,,,2025-09-15T03:19:16.863913,,2025-09-17T22:06:16.863916,2025-09-16T17:46:16.863919
db50c812-b636-4d03-a936-535fc3b92706,general,Your test results are available in your patient portal,delivered,e525ca80-65a3-4880-a8d6-6d95fac64c65,,67c461e6-506a-4cc3-839a-00b77764761e,,2025-09-14T07:14:16.863932,,2025-09-11T11:45:16.863935,2025-09-17T00:03:16.863938
30fa7ef9-f9e0-403d-b09b-4a23762e65b0,medication_reminder,Time to take your medication,delivered,764aa1a4-8e08-4a4e-82c0-55bd1d70a006,,,026bd190-bc40-4225-9ed3-acb611b2079c,2025-09-12T06:07:16.863951,2025-09-14T16:35:16.863955,2025-09-11T22:59:16.863958,2025-09-16T20:45:16.863961
78164fbc-8261-41b1-9867-b2e58d40e617,general,Your test results are available in your patient portal,pending,f0b0834c-0fe1-4d77-81af-72cda5c6c6ca,3ad9d6da-b6d8-4c24-a67d-cee7d72ef8ef,,f6807dec-7ce5-42c7-8b92-ce6b24eb2eaa,2025-09-14T17:30:16.863976,2025-09-16T09:29:16.863979,2025-09-12T09:19:16.863983,2025-09-17T18:17:16.863986
c751ae7e-d784-4aca-bcb8-b3c991fd357e,system,System maintenance scheduled for tonight,read,4ac908cf-91e7-48f4-a1b7-289c57decda7,,,,2025-09-10T15:29:16.863994,,2025-09-14T08:33:16.863998,2025-09-17T20:40:16.864001
6c5a7922-e45a-4871-b23c-dfc69150d3c3,general,Your test results are available in your patient portal,read,fc11444b-9355-4ed3-b4a7-f8cab9200b04,,,,2025-09-17T17:58:16.864009,2025-09-15T14:56:16.864012,2025-09-13T07:07:16.864016,2025-09-16T19:00:16.864020
eae84207-2669-495d-acb8-3911e5d5bcb6,system,System maintenance scheduled for tonight,delivered,f1b5f56c-b1db-4aaa-b590-994c3605f836,476624d8-4b3c-49d0-bae8-8ae6d55d4cb9,,,2025-09-16T07:53:16.864030,2025-09-14T18:31:16.864034,2025-09-15T23:05:16.864037,2025-09-18T01:57:16.864040
8a860631-7db4-4e6b-9ee8-ea9dbf9e661f,appointment_reminder,Reminder: You have an appointment tomorrow at 2:00 PM,read,bba5c421-3b99-44bd-9dfe-cbe09d2a000e,f1715d18-4693-4812-8db6-268183689922,,,,,2025-09-16T17:17:16.864049,2025-09-17T07:12:16.864053
43df1406-dc9f-4f5b-9712-78c0ba6512ac,medication_reminder,Time to take your medication,pending,a0a1a24c-c94d-4bc3-9232-699bb9f5439e,,,0c4fee61-34f2-4aec-bfe3-d82427a8b2ef,2025-09-18T03:58:16.864064,,2025-09-12T21:29:16.864067,2025-09-17T06:25:16.864070
ce308d04-11ee-4124-a8e1-f954d62caaf5,general,Your test results are available in your patient portal,sent,8f92e75a-f29c-4932-b949-f3f5424f6fae,1faceec7-5e51-47dd-99d5-4e272addcdd5,,f9c70cbf-376b-4c35-96cf-a91690a9853c,2025-09-18T09:24:16.864088,2025-09-17T08:56:16.864092,2025-09-14T16:11:16.864095,2025-09-17T16:10:16.864098
c471da7f-d702-4567-b72b-c641f9f7ac14,vital_alert,Your blood pressure reading is outside normal range. Please contact your provider.,sent,fb0a2cd7-a769-4a44-9d45-8b066eb84584,,76911bbd-2156-4e45-9363-b9fd56f5b3fd,1b43f685-6d19-4fad-bcf1-ad5a4bb3004d,2025-09-11T05:22:16.864109,2025-09-18T02:08:16.864113,2025-09-13T04:21:16.864116,2025-09-18T11:49:16.864119
93eb75b1-f507-4088-a25e-6b7ba4e12f4a,medication_reminder,Time to take your medication,read,1e56378d-a64e-4e25-ae6e-763e41154da5,,,,2025-09-16T12:12:16.864131,2025-09-14T22:42:16.864134,2025-09-14T21:00:16.864137,2025-09-17T23:10:16.864140
facee547-5801-4b77-940b-7f6c8956b0aa,vital_alert,Your blood pressure reading is outside normal range. Please contact your provider.,delivered,9c45c8a6-27f4-4aa5-8178-b2ea6dc66ffb,,,,,,2025-09-11T11:20:16.864150,2025-09-17T08:38:16.864154
d30b36bc-bbdb-4b6e-99aa-013abd444981,medication_reminder,Time to take your medication,sent,cf9ba9af-05e4-46a5-9a96-728672c576e4,dd505f1e-7eff-4caf-a40e-11c8389d5468,,,2025-09-14T15:11:16.864165,,2025-09-12T16:42:16.864169,2025-09-16T19:23:16.864172
4c03b2eb-3a92-4f7f-812c-2f0c69ad2074,medication_reminder,Time to take your medication,read,05d79b78-c2e2-4fe6-b0a8-d18cc4fcb476,11b24632-73b2-427e-9571-d0c019ee9bf9,,,,,2025-09-10T14:59:16.864183,2025-09-16T23:17:16.864187
5976e5c4-8e7e-4c39-8d83-6ac6c9ca1ca4,medication_reminder,Time to take your medication,sent,51c20d8f-2ec6-4a02-821f-2b689b2891e7,,,,,2025-09-18T11:42:16.864197,2025-09-11T00:46:16.864201,2025-09-17T00:00:16.864204
d4cfc9a2-614c-4c9b-85bd-07409d05b4f8,medication_reminder,Time to take your medication,delivered,c5485ecd-1e8c-4539-85ea-ad68f52a0839,3acceaa1-2392-4d26-91da-9b20dc64160e,,c279bc04-8a1b-4a9c-ae8b-2473e48844fd,2025-09-17T02:00:16.864215,,2025-09-11T11:41:16.864218,2025-09-16T19:37:16.864223
f14cb0f7-c1d4-4145-8694-919e5c16262b,vital_alert,Your blood pressure reading is outside normal range. Please contact your provider.,failed,ba6d434b-9671-4167-8275-1be227c97612,,,,2025-09-12T23:36:16.864238,2025-09-17T21:15:16.864243,2025-09-17T16:31:16.864248,2025-09-17T08:26:16.864251
76abb364-90b5-4637-a80d-828bd30a4e05,general,Your test results are available in your patient portal,sent,3977e204-acb9-412e-a69e-0b8d96042a55,f0ac3475-964f-4e3c-bd58-d3a1a36b746f,,,2025-09-11T03:14:16.864261,,2025-09-15T22:47:16.864264,2025-09-17T10:18:16.864267
cc19e067-6b84-46f3-9d43-08ad138b5ea1,vital_alert,Your blood pressure reading is outside normal range. Please contact your provider.,delivered,f8348850-e8f4-48bc-bbea-c66fe261ed56,,,,,2025-09-16T21:32:16.864277,2025-09-14T16:55:16.864280,2025-09-17T17:28:16.864283
bd3077b4-953a-4f54-8d8f-6a7258330826,vital_alert,Your blood pressure reading is outside normal range. Please contact your provider.,delivered,39c5f116-5d86-45e8-b22a-a979f0eb0180,7a036658-3793-4f52-9755-8ce90e4b9277,,,,,2025-09-12T21:58:16.864293,2025-09-17T01:35:16.864296
1d2923e1-4772-4ff0-ae55-8831feaf9c43,appointment_reminder,Reminder: You have an appointment tomorrow at 2:00 PM,pending,036ca611-6a59-49fd-a939-5014b064f7da,,,,2025-09-13T17:57:16.864305,2025-09-15T15:00:16.864308,2025-09-18T06:53:16.864311,2025-09-17T08:38:16.864314
e1acddf1-8b73-4939-b2b9-11c831eceecb,medication_reminder,Time to take your medication,read,9b3e8489-f463-49db-91fd-3a126ecfcfbf,,9bb251bf-932c-4f18-a2a7-f9dce1212d0b,,2025-09-16T03:06:16.864328,2025-09-16T05:14:16.864332,2025-09-12T21:58:16.864334,2025-09-17T18:22:16.864338
d60e660c-0908-49c9-a767-29f358728cfc,vital_alert,Your blood pressure reading is outside normal range. Please contact your provider.,failed,9560de53-f4bb-450d-9217-597e104acebf,bbad97fa-5779-41cc-8fec-1e6d5ef513f4,b675cbba-6581-48fe-9449-1df4e87c93c2,,2025-09-15T04:04:16.864351,2025-09-16T11:09:16.864354,2025-09-17T15:17:16.864359,2025-09-17T18:02:16.864362
839445ae-2b5f-4c01-a05f-bc38c4c12fae,appointment_reminder,Reminder: You have an appointment tomorrow at 2:00 PM,failed,8c524cf1-548b-4d74-b11d-c473892d7148,09b31e46-24c9-4860-96b3-43b7857ffb77,,,2025-09-11T08:47:16.864372,,2025-09-15T06:47:16.864375,2025-09-16T21:17:16.864378
b4c2d637-4e6d-4401-9767-006179b5ae3b,vital_alert,Your blood pressure reading is outside normal range. Please contact your provider.,delivered,00d875ec-a1bc-4331-a3f6-ac6dbfb5ce6a,,,,2025-09-17T09:45:16.864388,,2025-09-14T16:53:16.864392,2025-09-17T17:55:16.864395
4e193289-3072-42ce-9228-d1171d210579,appointment_reminder,Reminder: You have an appointment tomorrow at 2:00 PM,pending,e9796f71-5666-4d5d-bfd1-d11d9dc0c34f,93520696-8200-4a55-88bd-58b5b2f28bc6,,,2025-09-13T03:17:16.864406,2025-09-18T11:04:16.864409,2025-09-17T16:39:16.864412,2025-09-18T04:15:16.864415
86740152-1433-41b7-afe0-9aaf8844dea7,medication_reminder,Time to take your medication,read,789b628f-3d1a-496e-82b9-29bf71063b1d,a9a9ef40-b5c9-4455-8444-6477d5ca786e,,,,,2025-09-18T12:21:16.864425,2025-09-17T10:35:16.864429
33d207d7-6550-485f-b28e-a4de34dbe90d,appointment_reminder,Reminder: You have an appointment tomorrow at 2:00 PM,delivered,8f779b47-0b27-4b73-9389-1de5b9b3755c,,,,2025-09-15T08:34:16.864437,,2025-09-15T16:06:16.864440,2025-09-17T22:28:16.864443
6acf3c5f-f8b8-445d-b3ae-1b0ceef67707,appointment_reminder,Reminder: You have an appointment tomorrow at 2:00 PM,delivered,f9795769-c737-4246-b1e0-2c27d9158005,,,,2025-09-14T14:04:16.864451,2025-09-16T21:45:16.864454,2025-09-13T10:49:16.864457,2025-09-18T14:58:16.864460
eee087aa-11a5-45a1-8a84-5bc51c6152ce,system,System maintenance scheduled for tonight,read,5d562c10-1f85-4ccf-9ba1-48abe50cc454,,2cd8b684-4d8a-4773-bc97-25bf99bd4330,,2025-09-16T18:45:16.864469,2025-09-16T01:59:16.864473,2025-09-12T16:01:16.864476,2025-09-17T01:20:16.864479
9c14434a-973e-4b3f-9682-23b6952d3d9d,appointment_reminder,Reminder: You have an appointment tomorrow at 2:00 PM,read,a53c2c9d-b80d-4f10-9d1a-7b4dce87690f,d508ff3d-6ee3-4239-b4d7-c06ef5612288,,,,,2025-09-16T14:09:16.864490,2025-09-17T15:10:16.864494
032c78ff-c265-41e5-b42d-01bfdffdca76,medication_reminder,Time to take your medication,delivered,be964783-44fc-4aaf-ba57-82db230d4e26,,,,2025-09-15T04:42:16.864505,2025-09-16T21:19:16.864508,2025-09-12T15:57:16.864511,2025-09-17T01:31:16.864514
115a56a2-bc0e-48a8-b3cf-fddda4b3d6b4,vital_alert,Your blood pressure reading is outside normal range. Please contact your provider.,delivered,110bd63d-e2ae-4949-8b27-4d37f2c700c0,,f46792fd-821d-46a3-9bef-476fe4a39c83,,,,2025-09-16T20:20:16.864525,2025-09-18T06:51:16.864529
1863866b-9878-4012-a8ea-fd4988412822,vital_alert,Your blood pressure reading is outside normal range. Please contact your provider.,read,24b95737-0e9d-4ff5-b512-ca8a970d291e,59e57139-70bd-4bad-ad86-5eaafa512f81,dc199234-5cee-4b5b-b028-7ec5f15b5eec,,2025-09-17T06:42:16.864542,2025-09-18T12:27:16.864545,2025-09-11T01:50:16.864548,2025-09-16T20:29:16.864551
fea69ec8-7d7b-44e9-b053-7e2a8dd8b6f1,system,System maintenance scheduled for tonight,sent,911a4ba6-7e70-476a-bacc-f54b059dc7a5,ee87a91b-6a30-4ca2-a3fa-39f12d5a3e72,,6f6227f7-cb0d-41ce-b9de-8177b22499fc,2025-09-17T09:04:16.864569,,2025-09-11T13:41:16.864572,2025-09-17T19:30:16.864575
bae6d277-75d2-4978-b2a1-77f0e66e9688,appointment_reminder,Reminder: You have an appointment tomorrow at 2:00 PM,read,7439a159-4410-42ad-8a35-2d41c7f83d58,bfc86d33-c6aa-454d-b3f7-fa6244020eb8,4cd3dd9a-a98f-4e31-8fc9-ecfeeea9bcc3,,2025-09-17T01:52:16.864589,,2025-09-15T01:41:16.864593,2025-09-17T17:12:16.864596
313daebf-f128-4195-95e9-93e2820fadc7,system,System maintenance scheduled for tonight,read,95736b36-e67f-450c-a1c5-c563a282866a,,,,2025-09-11T09:40:16.864605,,2025-09-17T17:11:16.864608,2025-09-18T11:06:16.864611
f4b7a6ff-4014-42ce-8e2b-42257bc0d95e,vital_alert,Your blood pressure reading is outside normal range. Please contact your provider.,delivered,fa69b321-5acf-4071-910a-4bec26e4218e,b3ba4331-3dd8-4de1-98ff-36ab003e4902,bdcb965e-0d59-4d66-9237-7a5c571137a5,,,2025-09-16T17:16:16.864621,2025-09-18T07:23:16.864625,2025-09-18T13:43:16.864628
9f55cb94-676f-4cfa-ac65-071b1f55c8af,general,Your test results are available in your patient portal,sent,e03dd9c9-0a69-4169-9546-50a06442c229,b9047d0b-7b1e-4bb1-93ae-4c4c38240b1b,4782fe65-1e6e-4e61-abe4-39b1d6a77b8c,,,,2025-09-13T18:07:16.864640,2025-09-18T11:32:16.864644
6fb62eeb-99be-4a5a-b3fb-0fb6cfd05007,appointment_reminder,Reminder: You have an appointment tomorrow at 2:00 PM,failed,3536cf88-5f5e-45cc-a300-12758a68c0cf,49f2b024-54f3-4ea9-b471-7064567bc46e,0070b5ba-8c86-4aff-9559-b47cd92b348d,,2025-09-13T05:52:16.864654,,2025-09-17T07:10:16.864658,2025-09-16T17:37:16.864661
251f1d09-5a21-4830-b832-5db3ff6d31da,vital_alert,Your blood pressure reading is outside normal range. Please contact your provider.,pending,319362c9-dfab-4d5e-b09b-8c41cd2adede,,,,2025-09-14T23:04:16.864670,2025-09-16T15:29:16.864673,2025-09-13T03:44:16.864677,2025-09-17T08:39:16.864680
0be5f271-9445-43cc-947d-50844f23d3cb,vital_alert,Your blood pressure reading is outside normal range. Please contact your provider.,delivered,b9f9c11f-06d0-47ca-9d5e-fe8e17d10c27,,,,,2025-09-17T10:14:16.864691,2025-09-16T11:44:16.864694,2025-09-18T01:58:16.864697
f3c621a9-e982-4c66-be1a-04f3af9da7f9,vital_alert,Your blood pressure reading is outside normal range. Please contact your provider.,pending,bbac6e7f-3b7c-4c03-ae7d-a6235e138e02,4bef7395-3821-4070-b55b-52c54f462e78,,,2025-09-16T19:16:16.864709,2025-09-18T13:57:16.864712,2025-09-17T05:54:16.864715,2025-09-18T03:14:16.864719
3cb4406a-85fd-4692-a6b7-7f5011faccd9,general,Your test results are available in your patient portal,pending,cf575e26-cdde-411a-a33b-b7eee306800c,,8c4b7e23-6e30-42da-bdfd-39e3488bd538,,2025-09-16T14:17:16.864730,,2025-09-15T08:57:16.864733,2025-09-18T03:47:16.864736
a2aa5108-905b-4f96-9ac8-a3d677d7e23d,system,System maintenance scheduled for tonight,delivered,999dae52-bca4-4e79-895f-c47e3695d1c4,c023502b-f2a5-4757-a4c9-ecc2b4bdf358,4dd3cfe9-dac7-40a4-954f-705223aa90cd,,,,2025-09-14T02:13:16.864749,2025-09-18T09:45:16.864752
7f2a867d-e4d9-44ed-b3ef-8cbad5be91ec,general,Your test results are available in your patient portal,delivered,fa1b4450-9828-467f-ae00-c7919f5ae422,,,,,,2025-09-11T17:01:16.864761,2025-09-17T05:59:16.864764
360d73b1-db06-4ab5-88e9-a41216e185bb,medication_reminder,Time to take your medication,read,1cd6419f-0fb0-4fc8-a28d-5375ad8420d2,613cf31c-5410-490a-9142-e644bb860e04,,,2025-09-11T06:32:16.864775,,2025-09-13T00:14:16.864779,2025-09-17T00:59:16.864782
5be03678-7a0a-4473-999d-da604ce92ed9,medication_reminder,Time to take your medication,read,890c087f-fd06-46d6-a30c-ced70f6ae181,7a6b8fda-fc54-4188-bbde-056328cfd056,be9ee77e-405e-4063-9d61-88abbe7c5abe,,2025-09-14T17:58:16.864794,,2025-09-10T21:43:16.864798,2025-09-17T19:53:16.864803
fc2caf5d-f7eb-4105-995f-1e9072018164,appointment_reminder,Reminder: You have an appointment tomorrow at 2:00 PM,failed,8681ca03-cb1a-426b-9ac6-ca85ed6f1325,41164de2-2697-47be-be9b-6d6c57382bd6,,,2025-09-11T09:19:16.864815,,2025-09-12T07:13:16.864819,2025-09-17T16:01:16.864822
3aa57eba-9b90-4f1f-a6d6-e8754e1d0df8,vital_alert,Your blood pressure reading is outside normal range. Please contact your provider.,read,bda00e41-1cd9-4fde-b804-c6baf1aff7ad,,,,2025-09-18T00:11:16.864830,2025-09-17T04:15:16.864833,2025-09-15T22:29:16.864836,2025-09-17T14:23:16.864840
fb1b9656-48f3-4a42-89ea-f2872b60720d,system,System maintenance scheduled for tonight,sent,9ee9f79f-47d1-4938-bea6-c9a314ed3b31,df139cfe-3d57-4867-a77d-9f1332088d5e,,,2025-09-14T22:15:16.864848,,2025-09-13T07:31:16.864851,2025-09-17T16:48:16.864854
071d0db9-829c-4add-ba2d-187a59241ad3,general,Your test results are available in your patient portal,delivered,e37f1680-2aff-4429-b3ef-7ec95b8aa457,,,,2025-09-14T23:32:16.864863,2025-09-15T12:06:16.864866,2025-09-14T08:14:16.864869,2025-09-18T10:32:16.864873
52c52d42-315d-464a-88c2-f6eab5657698,medication_reminder,Time to take your medication,pending,e0c2c170-d52d-4be3-8258-d3551871f65e,,,,2025-09-14T12:04:16.864882,,2025-09-17T02:37:16.864886,2025-09-18T03:16:16.864889
bacbcf0f-dd79-446e-9fab-7af9fefd424d,system,System maintenance scheduled for tonight,pending,8674b686-8dba-452d-a400-ed504fed388a,df5b8263-ca41-4369-8b68-319bfe225bc5,,,,2025-09-17T19:11:16.864898,2025-09-12T14:35:16.864901,2025-09-16T18:32:16.864904
bef1a31f-5832-4162-a95a-bef79085b18b,medication_reminder,Time to take your medication,sent,f4becaf7-14f7-4de6-a37f-fd93bfa5e12a,d18e9fc4-b9e4-4f1d-b1df-f58e91d4e0e8,deb885da-a162-4296-8e75-5cbddb00f59e,,,2025-09-16T16:16:16.864913,2025-09-15T02:21:16.864917,2025-09-18T07:24:16.864920
066311e6-ca09-4722-b507-c6580a55ab4c,appointment_reminder,Reminder: You have an appointment tomorrow at 2:00 PM,failed,25871394-8b41-49f3-967e-e99d986eca87,31e7e4d3-9201-4dba-9e9f-afc94b690129,,,2025-09-13T08:15:16.864929,,2025-09-16T19:57:16.864932,2025-09-17T01:38:16.864935
b05b2451-0ee6-4840-b349-95fee5fcb824,system,System maintenance scheduled for tonight,read,6fbd03c8-4df6-4668-bb16-cc647e8b2a00,,,,,,2025-09-13T03:58:16.864944,2025-09-17T00:40:16.864947
e7ebcc5e-9e2e-4e1c-8298-6270c72094df,system,System maintenance scheduled for tonight,sent,b10e196b-cbad-4766-8f1d-aa92ba13fe3f,a318b5b5-9e31-49c8-a7d3-f25d19194caa,6a75830a-231b-42f3-a4fd-9d95ec946300,,2025-09-16T14:54:16.864958,2025-09-18T07:03:16.864962,2025-09-17T02:41:16.864965,2025-09-17T10:24:16.864968
3b9e0ecd-c7f9-424c-868a-0939531e50bc,general,Your test results are available in your patient portal,read,d6c6f67a-4db1-4872-85b6-5df312e444bf,54705067-9223-4f5a-b893-3c0d28eafcd1,,,2025-09-15T01:03:16.864977,2025-09-16T16:08:16.864980,2025-09-17T20:47:16.864983,2025-09-16T17:54:16.864986
3a942d58-5ce8-4682-b75b-2e8c1b1fc08e,medication_reminder,Time to take your medication,read,82388688-5bd1-4e65-9cc6-814a3360c2ca,,2e00517a-d2d3-4309-97f0-28226fa80b45,,2025-09-18T04:41:16.864994,,2025-09-17T11:46:16.864998,2025-09-18T13:13:16.865002
72df6e85-aa7f-4b41-ab8c-eb265d423ba7,general,Your test results are available in your patient portal,read,5a5abdc8-cef5-4fd5-b896-1cd8edaa8877,791f6691-4f73-42e2-9c86-f09d52dc05da,,,2025-09-16T16:29:16.865011,,2025-09-15T04:32:16.865015,2025-09-17T07:51:16.865018
88a83f33-75a1-4555-8b4f-b9aec27cc261,general,Your test results are available in your patient portal,failed,486a77ff-c5f2-41cc-8852-80e50b283607,6c9be129-2e14-4520-8b22-14332fae10a7,,88fa90c2-6eda-4187-94df-4447a2087def,,,2025-09-14T16:10:16.865031,2025-09-17T03:01:16.865035
d6dabd02-b05b-4484-91ec-aaa77e7fcb2b,appointment_reminder,Reminder: You have an appointment tomorrow at 2:00 PM,delivered,5773dbf5-ad80-4ace-a7f9-9aa9ff2baf6b,,bf9644ef-71c8-4abf-8476-bcc2f61aa1ab,,2025-09-17T08:47:16.865044,,2025-09-12T09:24:16.865048,2025-09-16T21:12:16.865051
1911012d-48b7-429a-ab3f-4e004bdb1f43,vital_alert,Your blood pressure reading is outside normal range. Please contact your provider.,delivered,9c5a2450-b1f3-4948-a954-3a182cfb19fb,,,,2025-09-15T14:26:16.865059,2025-09-17T03:00:16.865063,2025-09-18T14:13:16.865066,2025-09-17T03:25:16.865069
5440a7c2-ea14-4a65-a08b-dea0838420e7,system,System maintenance scheduled for tonight,pending,60fd7fb0-9d7e-4280-881b-3c9b4e1e132c,,449d8a07-ab00-4b33-b917-7fb8a2679949,b551b9f3-b20b-42fc-9194-2e63e27caba9,,,2025-09-17T12:29:16.865081,2025-09-18T00:07:16.865084
b4caec38-31fb-4127-be0c-e573fc7e61bd,system,System maintenance scheduled for tonight,read,a9a994f7-67b5-4f7a-bdc5-00d2acb8902b,,b9f10a54-ee06-42e2-830c-2e0001496b8b,,2025-09-12T18:11:16.865094,,2025-09-18T06:25:16.865097,2025-09-17T18:47:16.865100
fecd97e1-c1dc-43ba-b4e3-66d0c3b4e78d,system,System maintenance scheduled for tonight,failed,4be81a89-0c57-4d76-beac-3ac9a0dbab18,,,,2025-09-18T06:40:16.865110,2025-09-14T18:56:16.865113,2025-09-16T19:45:16.865116,2025-09-18T09:00:16.865120
40cf1d1b-bb41-4f02-9faf-147a33b68710,medication_reminder,Time to take your medication,sent,5b767ff4-dd53-4d36-adf5-64c3bc23bd92,613cf31c-5410-490a-9142-e644bb860e04,,,,,2025-09-17T09:02:16.865128,2025-09-17T20:57:16.865131
5ecc7b82-fe7d-4e5c-9ac0-f473f00aab6e,appointment_reminder,Reminder: You have an appointment tomorrow at 2:00 PM,delivered,598fcb1d-dfb3-45c9-a485-af55ca68d1f0,,92e87d50-817d-43c2-99ba-1e63e734d9d0,,,2025-09-18T06:33:16.865141,2025-09-14T12:48:16.865144,2025-09-18T12:55:16.865148
5ba5e112-74fa-4e37-b67b-edfff03a60ea,appointment_reminder,Reminder: You have an appointment tomorrow at 2:00 PM,failed,42dcd299-e25c-4dd9-8819-126ec0c43529,,,,2025-09-16T04:19:16.865156,2025-09-17T11:28:16.865159,2025-09-17T22:40:16.865192,2025-09-17T11:49:16.865196
46bf63a2-2907-4117-b322-022658c333bc,vital_alert,Your blood pressure reading is outside normal range. Please contact your provider.,delivered,12a254b4-3d2f-4512-bc5f-693d70d2b844,,8b94a443-3af2-4348-9f10-00288f930e1f,,,2025-09-14T19:46:16.865208,2025-09-13T08:00:16.865211,2025-09-17T13:59:16.865214
b8714993-8fd1-4d29-8a48-be45f0851fef,general,Your test results are available in your patient portal,sent,a583c9c7-4cf1-466a-86db-07e55f465c42,,f20e484b-8a1f-4572-8dd3-9fca122c987e,,,2025-09-18T14:51:16.865227,2025-09-13T10:52:16.865232,2025-09-17T15:47:16.865239
bfd387d6-e6ef-44a8-88df-e5175ae5d1f5,system,System maintenance scheduled for tonight,failed,cee1f536-7197-473a-b611-79ce0b98f3cc,,443a6e11-d0ed-4610-9133-f5bfc17bc2da,93f5b8f5-b682-4da6-9903-0bd5187cda0c,2025-09-17T06:02:16.865254,,2025-09-13T22:41:16.865261,2025-09-18T03:13:16.865265
430d18d4-b8ee-4c16-8c19-c3ddbe3c6902,general,Your test results are available in your patient portal,failed,4acbf2ae-83f1-433c-8fb1-82efe4d8b788,edcbcc73-2508-485e-93ca-2a6868881b7d,2efc436c-44bb-49aa-b1f5-ad8997834ba4,,2025-09-15T19:41:16.865279,2025-09-15T20:35:16.865283,2025-09-18T02:08:16.865286,2025-09-16T22:07:16.865289
a33842ce-ce69-4eda-9474-76adfe5f8fcc,appointment_reminder,Reminder: You have an appointment tomorrow at 2:00 PM,delivered,8e430b78-40d8-455e-8512-f7492382e45b,e043f37b-2492-46dc-8484-2de502091a71,,,,2025-09-14T17:25:16.865301,2025-09-18T09:44:16.865305,2025-09-18T13:06:16.865308
e8d58c1e-3bc0-4d97-8625-652b0940419e,medication_reminder,Time to take your medication,pending,60fd7fb0-9d7e-4280-881b-3c9b4e1e132c,a9a9ef40-b5c9-4455-8444-6477d5ca786e,edaddff3-7288-41f8-a461-814e6d02e07c,,2025-09-11T15:24:16.865317,2025-09-16T11:57:16.865321,2025-09-11T22:18:16.865324,2025-09-17T10:45:16.865327
58c397bd-683e-49d5-9e82-3311bea1ad0d,system,System maintenance scheduled for tonight,failed,8a196406-1f76-451b-a888-a3758ddf37c4,d7f87205-8255-43fc-ab9b-21549ed1e107,,,,2025-09-16T15:33:16.865336,2025-09-10T16:43:16.865340,2025-09-17T11:44:16.865343
2bc3151c-a681-4bc0-8452-340607a825e0,general,Your test results are available in your patient portal,failed,4ac908cf-91e7-48f4-a1b7-289c57decda7,2f252a31-2636-409a-8fda-0b443539a84f,,ed3149a7-bba7-4a91-9fbb-d0637c51f63b,,2025-09-15T15:24:16.865352,2025-09-16T12:46:16.865355,2025-09-17T06:07:16.865358
05ceb1f5-350a-4120-b2f5-7a685a6be117,medication_reminder,Time to take your medication,delivered,7d2f8695-4349-4afc-b5af-f416def1d2ba,,,,2025-09-11T09:24:16.865370,2025-09-15T11:51:16.865374,2025-09-14T11:51:16.865377,2025-09-17T13:50:16.865380
04e00d75-2234-4876-8136-95ba3e5387ca,medication_reminder,Time to take your medication,pending,7758e305-131e-4338-9a3c-e19643a7dede,,,,2025-09-17T05:07:16.865389,2025-09-18T14:54:16.865392,2025-09-13T08:22:16.865395,2025-09-18T12:29:16.865398
423ec851-30e7-4c80-93c4-475af0e198b3,system,System maintenance scheduled for tonight,read,8b82314d-7875-4bd8-8bbd-53e74479826f,,,,,,2025-09-12T08:24:16.865406,2025-09-18T12:18:16.865409
d70a332d-5b8a-444a-8425-8bf7c141fce6,general,Your test results are available in your patient portal,sent,e19f449c-7696-4f58-8c29-a20e424e3919,81f35f40-291c-44ba-857e-406ff51d5e37,,,2025-09-14T23:07:16.865421,,2025-09-12T16:49:16.865424,2025-09-18T06:47:16.865428
33c4acec-f5fa-4872-9959-4786f749423c,vital_alert,Your blood pressure reading is outside normal range. Please contact your provider.,failed,6dc70cd7-a1ad-493c-b4a6-78a4abc9aa17,,44a3912f-d3c9-44f4-8677-3319366b7dd8,,2025-09-12T04:47:16.865437,,2025-09-10T23:37:16.865441,2025-09-18T10:55:16.865444
5ffa0235-6347-40c4-9056-39471334260b,vital_alert,Your blood pressure reading is outside normal range. Please contact your provider.,delivered,f8348850-e8f4-48bc-bbea-c66fe261ed56,07ddcd09-2b4d-45ab-9203-05064a92fc52,,,2025-09-16T19:19:16.865452,2025-09-15T11:24:16.865456,2025-09-18T04:26:16.865459,2025-09-18T00:34:16.865462
f7080f4e-7a93-424e-bce6-3e51b278adc5,medication_reminder,Time to take your medication,read,ff8835fd-4289-4640-98d9-81d7d99aa096,864d58f1-ccaf-4409-a89d-3fa7a954d226,,,2025-09-13T18:49:16.865472,,2025-09-14T09:56:16.865477,2025-09-18T02:15:16.865480
5c5e1a6a-5cfd-407a-b7a1-4583d8a71ff6,appointment_reminder,Reminder: You have an appointment tomorrow at 2:00 PM,pending,321657c3-6c19-42e7-856c-39fd2a536069,,,,2025-09-12T02:58:16.865488,2025-09-16T04:25:16.865492,2025-09-18T10:59:16.865495,2025-09-17T21:22:16.865498
4de7cd41-c45c-43f8-a883-fadb0a6fc96c,medication_reminder,Time to take your medication,read,7a35338b-f3cf-43c8-b468-cd1f2071d233,806104c8-3f49-4264-8d2f-332924f716d4,2b640c81-3bc5-41b6-b51a-75a67829ff54,,,2025-09-16T04:19:16.865507,2025-09-16T04:42:16.865511,2025-09-16T21:12:16.865514
ed935e9e-f4a5-4f7f-9880-cb661516faf4,system,System maintenance scheduled for tonight,failed,77c4dd8d-be24-4f40-8737-922337dd691b,,4feff74a-741b-45ae-ac7f-ff48ff259cff,,,2025-09-15T01:37:16.865526,2025-09-16T11:57:16.865529,2025-09-18T14:38:16.865532
3769191b-12f1-4333-8847-25e6db64e5f5,vital_alert,Your blood pressure reading is outside normal range. Please contact your provider.,pending,8b38b86d-7fc4-40d9-9f96-8e02fd99b6a3,fc16079b-edd1-47dc-9309-d90a6c409a03,,d9950d8d-4f69-4874-8ae9-1ad314309dcd,2025-09-11T08:47:16.865543,2025-09-18T07:23:16.865546,2025-09-11T03:32:16.865549,2025-09-17T08:18:16.865553
fbee7060-825c-4ae7-a15d-d670c4eb5f01,system,System maintenance scheduled for tonight,failed,e78e7161-4643-4d6c-a9e8-60a963688205,,,,,2025-09-14T22:11:16.865561,2025-09-15T13:51:16.865564,2025-09-17T19:27:16.865568
f83ffb77-2ec9-4e18-9e64-4bcf2e8700f6,medication_reminder,Time to take your medication,read,0a5761b6-8634-4e77-8669-520c6a43fdbd,b9fa53ce-a2fe-4e48-a9b0-cdf9753fbc0c,81a2d169-7640-474e-a61d-17699a588bd0,,2025-09-15T19:43:16.865580,2025-09-16T14:32:16.865583,2025-09-16T15:48:16.865586,2025-09-17T18:26:16.865589
b7bb988c-4f54-40d4-9b86-b6dc0084f101,appointment_reminder,Reminder: You have an appointment tomorrow at 2:00 PM,read,b9f9c11f-06d0-47ca-9d5e-fe8e17d10c27,,d753e8d4-95f7-4f2c-b794-e9e4c95ff1d2,,2025-09-12T20:34:16.865600,,2025-09-12T00:24:16.865604,2025-09-16T17:22:16.865607
9ea33dbe-cadd-42fa-a0f6-83cf38cd2865,system,System maintenance scheduled for tonight,delivered,58e190fc-6bc8-405e-b384-f9e896d9be4b,cb6a497c-0432-4061-97c6-e27ff1f47cb5,,,2025-09-17T09:24:16.865615,2025-09-16T08:08:16.865619,2025-09-10T22:58:16.865622,2025-09-16T20:48:16.865625
e1faab4a-90af-46b5-a961-3a12bdcc7013,appointment_reminder,Reminder: You have an appointment tomorrow at 2:00 PM,pending,9b89e20d-b5f7-404f-8dd1-57d461b513e9,,,,,,2025-09-16T06:01:16.865633,2025-09-16T21:50:16.865636
7992a348-0985-4929-938d-4db4dd1f2179,general,Your test results are available in your patient portal,failed,9e119d4d-3822-43c6-8022-23ec0a3d2031,,3fd55d4c-e9b6-40ec-8338-72ac5a7b1324,,2025-09-13T04:35:16.865644,2025-09-16T14:31:16.865648,2025-09-13T13:55:16.865651,2025-09-18T08:32:16.865654
56511296-7f7e-4fd1-a5c0-2e9c88a960f6,general,Your test results are available in your patient portal,delivered,12a254b4-3d2f-4512-bc5f-693d70d2b844,,9190e959-33d5-4eda-9908-59ea64ad6705,779e7c3a-aeee-4c11-baf6-ea0e7dfc0333,2025-09-15T11:01:16.865664,2025-09-17T23:59:16.865668,2025-09-16T16:37:16.865671,2025-09-17T16:59:16.865675
afbdba97-7c64-481f-96f7-8cc92cce1c05,medication_reminder,Time to take your medication,pending,3b9a25b2-5b04-48f1-86f5-b794070f2a0c,,,,,,2025-09-16T01:03:16.865683,2025-09-17T12:08:16.865686
b4392ee3-f39e-464f-b9fb-3cb17e5e6324,appointment_reminder,Reminder: You have an appointment tomorrow at 2:00 PM,pending,36105925-3126-4b22-805d-ed6428d4786c,e6c95ee5-97b6-4240-ba76-595a83d785e9,,6a424ef7-80a7-4023-9be6-eaf40817cf62,,,2025-09-18T12:53:16.865696,2025-09-17T16:54:16.865699
38d40a69-593e-4291-9bfe-cf14e8b6a943,medication_reminder,Time to take your medication,sent,04491bf1-48dc-4801-b4d6-d65180596f5a,,,,,2025-09-16T01:59:16.865707,2025-09-15T06:50:16.865710,2025-09-17T17:23:16.865713
d8596ae6-631a-41ce-aae0-03e18a49da5b,medication_reminder,Time to take your medication,delivered,2cf2b3c8-7c47-41e0-8f3f-bdc816dac7c8,3acceaa1-2392-4d26-91da-9b20dc64160e,,,2025-09-13T08:16:16.865721,,2025-09-12T03:46:16.865725,2025-09-18T05:40:16.865728
a5b5b6a8-951e-4c5e-97a9-12fb902edad3,medication_reminder,Time to take your medication,sent,627ec40b-4a83-4640-8ac9-53dc19f19201,288518da-dc1e-425c-ab4a-0983c72fe768,,b124f1fe-ae4c-4dd1-aed4-cb6923bae107,,2025-09-18T03:27:16.865737,2025-09-11T11:13:16.865741,2025-09-18T04:59:16.865744
e224bd41-85b5-41f4-85c2-aaae5047c610,vital_alert,Your blood pressure reading is outside normal range. Please contact your provider.,sent,a410938d-2973-4d0d-a03d-ae30d3699824,,15eff448-4dec-46c1-bd1d-6edb965eda72,,2025-09-16T03:03:16.865754,,2025-09-12T04:45:16.865757,2025-09-16T16:39:16.865761
cafbc264-dfe1-4a10-b78d-90d512bfa8fd,general,Your test results are available in your patient portal,pending,d1069cca-77be-4f99-a530-300f1f1a9a5e,,,,2025-09-12T10:26:16.865769,2025-09-16T10:56:16.865772,2025-09-11T00:54:16.865775,2025-09-17T19:32:16.865778
62f5c9d7-48d9-43f8-83a9-d07731afce82,medication_reminder,Time to take your medication,read,8bea085c-a544-47e7-bf22-2e593c759829,30b35f0a-5671-44b0-81e9-75695b759aed,,,,,2025-09-14T08:50:16.865787,2025-09-17T15:02:16.865790
7ca18ad0-f63f-4ad8-bc84-a552aba98964,vital_alert,Your blood pressure reading is outside normal range. Please contact your provider.,sent,4acbf2ae-83f1-433c-8fb1-82efe4d8b788,9b3b16aa-d0b6-4a40-9781-77b9a3b5a1db,,,2025-09-14T17:24:16.865799,,2025-09-16T16:42:16.865802,2025-09-18T12:50:16.865805
7db56070-1c1e-4ddd-8686-18c3cf4fa45e,system,System maintenance scheduled for tonight,read,12c8352d-11b6-49b2-a95d-cc5e8bb86a20,a55cf3f1-e8a1-4c1c-a171-5530666ad2ae,faf7646b-8c13-4bc9-bf3f-d1c53803a95f,,,2025-09-15T19:44:16.865814,2025-09-12T23:10:16.865817,2025-09-17T01:55:16.865820
97a9dce9-51f2-4d39-8d2d-4604db907e3c,vital_alert,Your blood pressure reading is outside normal range. Please contact your provider.,read,377a553b-fd5a-4a0a-81c5-3571ffe9e140,dcba8c47-9b70-43da-9d2a-dd31f7370c51,03430e6d-70ef-4e22-83a3-42ad6044d7c3,,2025-09-16T17:50:16.865830,,2025-09-16T08:30:16.865833,2025-09-17T13:02:16.865836
2e0065c3-f03a-4533-a02a-8fa9496c585e,vital_alert,Your blood pressure reading is outside normal range. Please contact your provider.,sent,54c21256-dace-4590-89b9-49f4802e669d,2f4f9f84-9df3-4898-8a4c-f68e382c20da,,,2025-09-16T00:31:16.865846,,2025-09-18T00:10:16.865849,2025-09-18T05:53:16.865852
94bd62e3-5888-462d-b74e-4c566d1df3f9,medication_reminder,Time to take your medication,read,711c9350-7b45-4155-847a-d0e3bef45986,,,a3ba0d57-1bfc-4c30-b7cd-2fb77fd8e6b9,2025-09-12T01:00:16.865861,2025-09-16T01:20:16.865864,2025-09-13T21:58:16.865867,2025-09-17T10:42:16.865871
87e5e932-1c8e-41aa-a5a6-055182ea66d2,vital_alert,Your blood pressure reading is outside normal range. Please contact your provider.,sent,b58fccf3-f8c2-4e88-9823-14dd5b9e66c2,,,,2025-09-10T21:59:16.865879,2025-09-15T18:59:16.865883,2025-09-18T11:37:16.865886,2025-09-18T00:26:16.865889
6d5baa7c-9128-49c1-863d-dc0e1b97e366,general,Your test results are available in your patient portal,delivered,a50d7328-24f4-4e7f-acf3-0400f7d1b798,db923805-1097-4981-b161-ccd661db646f,,,2025-09-15T15:00:16.865897,,2025-09-11T17:56:16.865901,2025-09-17T10:36:16.865904
220da57a-024f-4a83-8fbe-a2b26a03bada,medication_reminder,Time to take your medication,pending,e019964c-0468-45dd-851e-6fb87bef3415,,,,2025-09-13T13:25:16.865912,,2025-09-12T14:44:16.865916,2025-09-17T21:01:16.865919
84b9a8f7-2390-4b1a-ab53-01635b2ec7d0,vital_alert,Your blood pressure reading is outside normal range. Please contact your provider.,pending,0a5761b6-8634-4e77-8669-520c6a43fdbd,839885e4-b07e-4c7e-b66d-6729d8893f0f,,,2025-09-15T14:47:16.865927,2025-09-16T13:49:16.865930,2025-09-15T21:11:16.865934,2025-09-16T16:23:16.865937
f6d691bf-025b-4eec-9e67-8a69a06dc8f3,appointment_reminder,Reminder: You have an appointment tomorrow at 2:00 PM,delivered,cf9ba9af-05e4-46a5-9a96-728672c576e4,f44397c2-6f52-4155-b4dd-3a3b0f25a7ff,,,2025-09-17T23:00:16.865945,2025-09-16T19:56:16.865948,2025-09-17T21:15:16.865951,2025-09-16T20:24:16.865954
b7ee9831-9675-426c-8732-4165ad21c0df,medication_reminder,Time to take your medication,pending,4ad4881b-a9e8-44fb-ae12-f732d70c37ce,,0913eb32-bfdf-4c90-a160-a80befa38f73,,2025-09-13T14:42:16.865962,2025-09-15T19:51:16.865966,2025-09-15T13:22:16.865969,2025-09-17T10:05:16.865972
b68e5dd7-6a0c-468a-88f8-bbe1f5789f5f,general,Your test results are available in your patient portal,delivered,cf096e01-430c-43fb-aab9-743b69813c53,da75b5ae-07e9-4799-ab5d-db4f781d7a0a,,9d99e62c-6fbb-4818-aa6c-8975481f3e03,2025-09-15T03:27:16.865981,,2025-09-13T20:33:16.865984,2025-09-17T17:34:16.865987
dcba7d7e-1801-4c76-8cb6-0c9e536294b5,medication_reminder,Time to take your medication,failed,f380a1a8-35db-4785-9ecf-a001bc957f09,45b3488f-acbb-403c-9c50-7ccbdfec60b8,,,2025-09-16T00:13:16.865996,,2025-09-14T09:59:16.865999,2025-09-16T18:32:16.866002
6b734d20-ec59-4f63-aa00-2940a0e33cdb,general,Your test results are available in your patient portal,sent,d3e14731-12bc-4779-8158-8814b7cae9fe,8f1bac79-0056-4738-b646-7c0894e5a8cb,,3ffbc023-6eee-4d6c-8d8e-58c339312671,2025-09-17T20:27:16.866011,2025-09-14T20:00:16.866015,2025-09-12T08:23:16.866018,2025-09-17T19:11:16.866021
ed534f7e-4e13-41bd-abc5-2607c753b0da,vital_alert,Your blood pressure reading is outside normal range. Please contact your provider.,sent,b0efcceb-c07f-4495-93a5-98cfa4c1e367,94535673-b192-499c-868f-851c731a6bb9,0b29e05e-fc87-4861-ab8b-312266b8a2be,fdc685fd-7322-471a-b372-912582914542,,2025-09-16T04:04:16.866031,2025-09-13T10:58:16.866034,2025-09-17T22:37:16.866037
31d27b1f-ed21-411c-bbc1-b444729480d2,system,System maintenance scheduled for tonight,delivered,f4bb3e79-8a04-4b76-842b-812fb0c69bf6,,4ab134d1-cae0-4bfe-94b0-b4d19209b23d,,,2025-09-16T16:11:16.866046,2025-09-10T18:16:16.866050,2025-09-17T03:57:16.866053
fd1d2333-ca8e-4cb1-9345-d46982a0f343,general,Your test results are available in your patient portal,sent,295b7795-9e13-4efa-9511-f20abd773bd0,29000422-b971-4e88-9c4d-9be78339c7bd,,,2025-09-17T08:47:16.866062,2025-09-18T12:43:16.866065,2025-09-12T20:56:16.866068,2025-09-16T17:01:16.866072
0ab3e3ed-9313-4361-b711-9d2cb27c3d62,appointment_reminder,Reminder: You have an appointment tomorrow at 2:00 PM,pending,986b27cf-eacf-4f3f-99d6-5849ae88283b,f97770ec-ee5a-45d0-b15b-168818f46acf,5d3772f8-ca70-48a5-9e20-395042427e69,,2025-09-14T21:31:16.866082,2025-09-18T09:41:16.866085,2025-09-14T16:49:16.866088,2025-09-17T10:11:16.866091
b779d316-fd83-4236-875a-417848c48eae,vital_alert,Your blood pressure reading is outside normal range. Please contact your provider.,delivered,41052a02-ffea-4051-afd5-f9adc3f1a96c,4903b6a7-306a-4098-a037-0dea1da0094c,,,2025-09-13T01:30:16.866100,,2025-09-13T21:50:16.866103,2025-09-18T06:34:16.866106
3dd586a4-5720-486f-91c0-391b30c9bca2,system,System maintenance scheduled for tonight,failed,661b4592-af60-4faf-9867-35e16bb8da05,6d447861-ecc9-42a4-aaf9-86c8218fab42,,,,2025-09-16T22:26:16.866115,2025-09-17T04:23:16.866118,2025-09-18T05:31:16.866121
7e3c5278-a673-4cd7-83c6-241b2ac55bd6,system,System maintenance scheduled for tonight,delivered,b010f5c1-cf23-4879-b0d1-2938bf9cda8a,bb3de98c-8c54-45a1-b77c-5b28fdf7e627,,796c2a85-7ff8-4e16-948f-9fd3e564114e,2025-09-10T18:28:16.866131,,2025-09-17T03:58:16.866134,2025-09-16T15:25:16.866137
f82ffb45-d4a5-4f17-8068-b7a1cfecee07,appointment_reminder,Reminder: You have an appointment tomorrow at 2:00 PM,failed,87818ce9-045c-4e37-9ccf-b5d198ec32b7,,,,,,2025-09-14T13:22:16.866145,2025-09-16T20:08:16.866148
e4ed41df-b74c-492b-a48b-44d4cc42b2b7,general,Your test results are available in your patient portal,sent,6133bc4e-2287-40f6-b4bd-391d461f292c,a2b55fed-d03e-4a21-86b4-2bb44ad85f1b,d2185893-ba84-438b-8b55-54b0b473fa3e,,2025-09-15T05:03:16.866158,,2025-09-13T01:30:16.866162,2025-09-17T20:09:16.866165
463a9c7b-9c28-4d87-8c9c-86575a47c6cc,general,Your test results are available in your patient portal,pending,9c5a2450-b1f3-4948-a954-3a182cfb19fb,861f6a87-a14c-4f43-ada4-7d3123009a62,,,2025-09-18T01:47:16.866173,2025-09-14T19:38:16.866177,2025-09-12T16:57:16.866180,2025-09-16T23:05:16.866183
8c03f836-69bd-493b-a0a5-43a12614e211,system,System maintenance scheduled for tonight,read,10a447e7-2bd3-4211-befa-168e878ce7d5,,,,,2025-09-14T23:30:16.866191,2025-09-12T19:27:16.866194,2025-09-17T09:36:16.866197
953f1ebd-8dfb-4d91-a2eb-52d6d679de22,medication_reminder,Time to take your medication,read,b5fff702-fbe8-43a6-89db-26a0b5ff0fc4,7871f41f-bff3-47f0-afb5-aec492eccb3d,,,2025-09-18T06:06:16.866205,2025-09-18T01:26:16.866209,2025-09-10T22:57:16.866212,2025-09-16T21:43:16.866215
1e3f9f07-47d2-4d23-9326-b814a005e143,system,System maintenance scheduled for tonight,pending,fa97065b-82ca-4764-bbd2-eea445b11f9e,,,,2025-09-11T15:13:16.866224,,2025-09-13T04:51:16.866230,2025-09-18T05:35:16.866235
4ac5b03e-2203-44e3-9758-a52313f05a27,general,Your test results are available in your patient portal,sent,952135d8-e887-4b05-9ec4-280de160b2b7,6152864b-5ddf-442a-929e-da0fbe032cbf,87664ffb-74c4-463f-9ca1-e15c4c393646,,2025-09-16T03:52:16.866248,2025-09-15T13:51:16.866252,2025-09-15T09:02:16.866255,2025-09-17T01:28:16.866258
a0738f1b-6922-44c5-9f4b-d89ea430b874,general,Your test results are available in your patient portal,read,b09c3238-7e09-410c-b848-e94c452cb0e4,791f6691-4f73-42e2-9c86-f09d52dc05da,,,2025-09-12T22:39:16.866268,,2025-09-14T13:48:16.866272,2025-09-18T08:30:16.866275
5bb52f5f-b5f4-4b7a-bebc-b3485faeaa52,vital_alert,Your blood pressure reading is outside normal range. Please contact your provider.,failed,8e8ae997-770d-4522-9027-c3217d3c68d4,534d04a4-0add-4bb7-a24f-d0c42a47157a,,,,,2025-09-12T00:51:16.866284,2025-09-17T22:54:16.866287
db0a2146-6ee5-4df6-b71d-7ebb6c21246e,vital_alert,Your blood pressure reading is outside normal range. Please contact your provider.,read,1b8c98bc-259b-4e9e-b6fe-dea7fd4fb94d,,c05baa72-95b1-4356-933f-906e4d31960d,,2025-09-16T17:43:16.866296,,2025-09-17T04:53:16.866299,2025-09-17T02:39:16.866303
add4a9c7-29e3-4a6d-8d4c-4e14318579c1,general,Your test results are available in your patient portal,read,ec45c970-5038-48a5-b50a-984c13dcea83,afd50cdc-60f1-44e5-9655-6cdf4c43ad98,,,2025-09-16T09:22:16.866312,2025-09-18T01:08:16.866315,2025-09-16T10:57:16.866318,2025-09-18T05:23:16.866321
22355656-f853-49f6-b253-5821209e2cf1,appointment_reminder,Reminder: You have an appointment tomorrow at 2:00 PM,read,b0efcceb-c07f-4495-93a5-98cfa4c1e367,7a1bc6af-37e0-44b1-9b51-2e244297d9e9,92357303-5114-42c5-9638-9d48be09efbc,,2025-09-10T17:12:16.866330,,2025-09-16T15:59:16.866333,2025-09-16T23:14:16.866337
b3aeb31b-f006-4133-8471-88360b1b3f3b,vital_alert,Your blood pressure reading is outside normal range. Please contact your provider.,sent,990c6d6e-e3c4-42fe-b5e7-10ed0963156d,,,,2025-09-12T00:48:16.866345,2025-09-17T02:28:16.866348,2025-09-18T06:56:16.866352,2025-09-16T23:07:16.866355
35d129fd-1293-4577-a73b-d24ec299db7d,appointment_reminder,Reminder: You have an appointment tomorrow at 2:00 PM,sent,a1f514cd-2d76-4174-b8a1-b276cadd2ab3,,181f59fc-f12e-466d-879f-99fa7a4e0abc,88fa90c2-6eda-4187-94df-4447a2087def,2025-09-15T04:47:16.866364,2025-09-15T20:16:16.866367,2025-09-17T14:56:16.866371,2025-09-17T00:22:16.866374
54568f37-0cba-45e8-83a9-0493f2dee747,vital_alert,Your blood pressure reading is outside normal range. Please contact your provider.,sent,0a5761b6-8634-4e77-8669-520c6a43fdbd,a2b55fed-d03e-4a21-86b4-2bb44ad85f1b,80b5e939-a354-4dac-bd5d-79fbcc1e144c,,2025-09-12T01:25:16.866382,,2025-09-13T15:05:16.866385,2025-09-18T04:47:16.866388
a20d9b3d-34b9-4fc9-9c72-2db9b6edfd50,general,Your test results are available in your patient portal,pending,f0b0834c-0fe1-4d77-81af-72cda5c6c6ca,1e3e2231-9cba-4cd3-ad6e-184849111d7e,e6f69da3-5909-4ddd-92e4-bf109e9f3bc8,,2025-09-12T19:05:16.866397,,2025-09-15T16:23:16.866400,2025-09-16T22:03:16.866403
3ccd3203-13c6-48e1-902f-9fdcc5b01ae8,vital_alert,Your blood pressure reading is outside normal range. Please contact your provider.,read,9936c361-d55b-42b3-b373-571e8b09de60,,,,2025-09-12T08:16:16.866412,,2025-09-12T00:17:16.866416,2025-09-16T20:23:16.866419
5bf3c2a4-b928-4bba-a37c-6b95df0772a7,system,System maintenance scheduled for tonight,pending,4bf3c9e6-cde8-415d-96a6-6d2c74512b58,,fd00cfde-e37d-4fa9-81bf-f23db4d84a22,,2025-09-12T06:06:16.866427,2025-09-16T13:22:16.866431,2025-09-14T22:44:16.866434,2025-09-17T23:34:16.866437
806fbf76-3c63-4bef-9a32-880573f1ab93,general,Your test results are available in your patient portal,read,3b03d05c-a23e-4cc1-bebf-2cad20f6bee2,,,,2025-09-16T12:13:16.866444,,2025-09-13T23:21:16.866448,2025-09-16T16:12:16.866451
3dc7dfac-8512-407c-9f67-801ea2b532ad,vital_alert,Your blood pressure reading is outside normal range. Please contact your provider.,delivered,e47713fe-e1d7-4519-bb9b-29398c7889eb,,3f90944f-5ba0-4b2c-9444-db9e67621158,,2025-09-14T21:04:16.866460,,2025-09-14T11:53:16.866464,2025-09-17T00:20:16.866467
8c51e3c1-8780-47af-8535-8896334fa9c2,general,Your test results are available in your patient portal,failed,0ab8c124-325f-41a5-be2d-9393b4cf27dd,,,,2025-09-14T05:26:16.866475,,2025-09-14T14:42:16.866479,2025-09-17T13:52:16.866482
04577f92-2e0c-40f2-b16e-9e1530ca465f,system,System maintenance scheduled for tonight,failed,f8348850-e8f4-48bc-bbea-c66fe261ed56,,94db39e2-46bb-46c9-a6c1-f1aa1ea2a506,,2025-09-18T05:16:16.866490,2025-09-16T04:30:16.866494,2025-09-17T02:31:16.866497,2025-09-17T14:09:16.866500
56b981dd-abd6-4bdb-bc91-7a1c3692e6a8,appointment_reminder,Reminder: You have an appointment tomorrow at 2:00 PM,delivered,5be1b819-177e-4086-ae24-265536d4a875,,,,2025-09-14T07:56:16.866507,2025-09-17T01:02:16.866511,2025-09-14T11:17:16.866514,2025-09-16T19:49:16.866517
050ac5ed-ba0d-4def-a3dc-bff022d45d7c,general,Your test results are available in your patient portal,sent,c82c6797-ee6e-4825-91cb-1b6283bd27f3,4c7bcec4-8812-4752-934d-d5c5e29d0a43,,,2025-09-17T23:51:16.866526,2025-09-15T08:48:16.866529,2025-09-12T14:17:16.866532,2025-09-17T17:02:16.866535
6c97002f-fe52-4565-9bb2-c5c454415936,appointment_reminder,Reminder: You have an appointment tomorrow at 2:00 PM,pending,0d2fec35-a391-496a-8fda-2b2df219934a,79298900-da8a-4f19-ab31-40ec95ed40df,1ce588e1-b402-4042-bcde-0966bd87ab70,,,2025-09-17T20:58:16.866545,2025-09-12T07:28:16.866548,2025-09-16T16:33:16.866551
33bb6cd8-2e3a-41f5-9bf5-e6bb8ae2f4e3,medication_reminder,Time to take your medication,pending,616cdbdc-5ffd-4cae-bf2f-62ca43d647b5,,ed571651-736d-4c80-a625-017057f30e0f,,,2025-09-16T17:15:16.866561,2025-09-17T11:30:16.866564,2025-09-17T06:21:16.866567
6aee8db0-0a14-444f-a2fd-611e22a9cb89,appointment_reminder,Reminder: You have an appointment tomorrow at 2:00 PM,read,a4691498-16f6-4fa6-bdf7-0c2de19e85b2,8e9b3a3e-21e6-452a-87d9-93e6c9a1c1c4,,6e21b1ea-15e8-4d26-9b40-6692e2fa8f23,2025-09-11T09:08:16.866579,2025-09-17T13:25:16.866583,2025-09-16T04:44:16.866586,2025-09-18T13:50:16.866589
183971ed-0a89-4588-867e-0c34eaacf936,vital_alert,Your blood pressure reading is outside normal range. Please contact your provider.,sent,1a5f00b5-de58-4d9a-98b7-855d154bf67e,368b8eb0-3c3e-4635-9bd8-047365daedb4,,a9df2d2c-4ead-42ca-a6c0-e92d8cb1e468,,2025-09-18T04:22:16.866600,2025-09-14T07:55:16.866603,2025-09-17T19:42:16.866607
96bf00ba-bb10-4e0c-bc79-2b26d100451b,appointment_reminder,Reminder: You have an appointment tomorrow at 2:00 PM,delivered,e22c4253-4740-4150-a939-9b98d20c49a9,e5542f46-645f-4a18-8ce4-fecae5b3cd66,183f8033-f946-4d5b-9cfa-a61ecf3a68db,,2025-09-17T09:08:16.866618,2025-09-17T03:24:16.866622,2025-09-13T09:22:16.866625,2025-09-18T12:09:16.866628
adb603c2-3af0-456c-8407-e2446e21c3d8,appointment_reminder,Reminder: You have an appointment tomorrow at 2:00 PM,pending,5e0cf2dc-7e7a-4e12-a293-e60f9eabe811,,,c0caa0e8-488e-4f90-a390-69913f1054e1,2025-09-18T06:20:16.866641,,2025-09-18T06:51:16.866645,2025-09-17T17:21:16.866647
6005ba1d-fd4c-4f63-b7aa-72ec18544cc5,appointment_reminder,Reminder: You have an appointment tomorrow at 2:00 PM,sent,8fbc1862-6639-49fc-98f4-0cb1aa678a60,,,eace4a58-f7cc-40e4-80e8-4faa3c3b5840,2025-09-15T01:59:16.866661,2025-09-15T22:54:16.866666,2025-09-11T11:50:16.866669,2025-09-17T18:04:16.866672
2300e9f8-b278-4454-a0a1-f35dc85392b4,general,Your test results are available in your patient portal,read,f380a1a8-35db-4785-9ecf-a001bc957f09,,,,2025-09-12T18:14:16.866680,,2025-09-15T15:34:16.866683,2025-09-18T02:32:16.866686
f2f606c1-1bb3-4984-9506-362bd6141f91,system,System maintenance scheduled for tonight,failed,feadc8c4-2bb5-4bcc-9cd8-51686bd62a64,ce74c835-7b69-4eb9-97b0-525353b987f4,,,2025-09-13T19:49:16.866698,,2025-09-12T05:27:16.866702,2025-09-17T18:37:16.866705
b5462b6e-63f6-413d-80d9-385ad3bfb27d,appointment_reminder,Reminder: You have an appointment tomorrow at 2:00 PM,failed,907971a7-efb6-439a-88de-af7f8ec4c8b0,84cf5c56-d6c0-4081-b385-e7d9bfe0d3a7,,0f6b01c7-42ad-4ce0-81bd-80d79609c84f,2025-09-12T05:47:16.866721,,2025-09-16T06:32:16.866724,2025-09-18T05:54:16.866727
ab8d83fe-d33c-4f0c-8312-36b9279e7ab5,medication_reminder,Time to take your medication,failed,641910b2-4afc-45e6-83fb-e7bbb7ca0c7d,,,,,,2025-09-17T15:51:16.866740,2025-09-17T09:49:16.866743
46322f47-f5cf-430c-8878-01782024e572,system,System maintenance scheduled for tonight,failed,7aab62b2-f4e9-484a-b1b1-b7b6b5e44320,480b0cd4-58b7-4025-af86-ad6b2ac0bbc4,,cd852d7d-4f8b-4d53-a282-d6b966edd64c,,2025-09-15T21:00:16.866757,2025-09-18T09:47:16.866760,2025-09-18T11:09:16.866763
c3921a33-9330-4a6e-9c71-0a0e89419284,system,System maintenance scheduled for tonight,pending,62ce64ea-cdd2-4aec-afe8-3ccb46a17c66,,d66921b6-e4ff-4646-9f7a-69b86a4b1226,a8e97d6b-ba8b-49d2-9887-1d3617e632db,,,2025-09-16T14:15:16.866782,2025-09-18T08:52:16.866785
2db4801d-1333-4aed-960f-c7ad5090f8ec,appointment_reminder,Reminder: You have an appointment tomorrow at 2:00 PM,read,a925b8fd-efa7-4a07-bbfb-ff3ad8f47dc5,ac77aaa4-6c2f-42da-a536-47eeebd0b76f,898d10b1-61db-4938-b458-4fd2a55ea643,,,2025-09-16T20:23:16.866801,2025-09-14T17:41:16.866805,2025-09-18T13:07:16.866808
b9e410b1-49dd-46a8-a567-cb324c760880,system,System maintenance scheduled for tonight,read,478a5b78-7aa3-4120-adbe-e8c7ba6b61b3,53c3a2fb-7530-47e1-8ef5-d5bbc7a634c2,25086133-7d80-459b-ba1b-0ac5432c36ce,,2025-09-17T04:41:16.866820,2025-09-15T13:14:16.866823,2025-09-13T14:52:16.866827,2025-09-17T19:05:16.866830
5cb88a53-c27e-440d-a745-8abd5d6b1868,appointment_reminder,Reminder: You have an appointment tomorrow at 2:00 PM,failed,2879c2ce-b7b4-4a74-a782-306fe67852ce,0176dc47-728a-4b3e-9b5e-91d8e98cdd77,,4688f63f-5553-4ea3-bf72-c21e10b8ca5c,2025-09-12T11:09:16.866847,,2025-09-16T20:45:16.866850,2025-09-17T09:30:16.866853
14d51011-77ea-4f5a-90e0-7227cd411c0f,system,System maintenance scheduled for tonight,pending,12621bfa-27f5-4ff7-bd2a-01ca68e28a46,,,,2025-09-18T08:48:16.866863,2025-09-17T18:36:16.866867,2025-09-10T23:49:16.866870,2025-09-18T04:28:16.866873
54f85556-b9bc-4a50-a193-86cd26ba3aa8,vital_alert,Your blood pressure reading is outside normal range. Please contact your provider.,sent,59a4f9e4-947f-4436-b134-06a5d70bb62f,3cc56c90-264a-47e9-bbfa-8b7694e1b91c,,,,,2025-09-15T09:38:16.866888,2025-09-18T05:35:16.866891
d6fbb632-4fcc-4a34-96e5-337cbcded97f,system,System maintenance scheduled for tonight,pending,51d90e78-2475-46cd-84da-06d787975a76,8564ccd3-dc82-434e-9aab-7e2181c956cf,,996b52a5-e1a3-413e-8f10-41077383680a,2025-09-13T11:53:16.866906,2025-09-14T16:14:16.866909,2025-09-15T08:08:16.866913,2025-09-17T16:54:16.866916
fe97d750-5546-4bb8-9ce6-72f52753babb,appointment_reminder,Reminder: You have an appointment tomorrow at 2:00 PM,read,627ec40b-4a83-4640-8ac9-53dc19f19201,7f73a054-5291-418d-94f0-fd212224cb06,,,2025-09-13T20:42:16.866929,,2025-09-11T16:45:16.866932,2025-09-16T20:39:16.866935
96db4e4f-76fa-4f87-b3b7-e369173e3f69,system,System maintenance scheduled for tonight,sent,44ca519c-5af9-4bcb-a471-81ca4bee0d7b,930260e7-4794-4d23-906d-4f8eef974d56,,,2025-09-14T08:25:16.866946,,2025-09-14T14:21:16.866949,2025-09-17T13:52:16.866952
d766ce9a-74da-43d2-b4dc-533d7c6e3512,system,System maintenance scheduled for tonight,sent,20f36470-1d48-4d8f-b99a-ccb320248afd,b32ab941-3d47-4645-969e-0141fa054cf8,,,2025-09-11T06:11:16.866966,,2025-09-16T11:11:16.866969,2025-09-17T21:17:16.866972
ac17e8cb-5c60-4831-bb8f-882113d8f489,vital_alert,Your blood pressure reading is outside normal range. Please contact your provider.,read,d0079329-a6aa-4528-98e7-76036aec7800,,c96ef824-9dce-435d-aaf2-37b266db552c,6e21b1ea-15e8-4d26-9b40-6692e2fa8f23,,,2025-09-13T01:52:16.866990,2025-09-18T06:45:16.866993
5c3703fa-2058-4c10-9fbc-5980691f2572,appointment_reminder,Reminder: You have an appointment tomorrow at 2:00 PM,sent,ea130675-e385-4c62-a746-eaa111ebfe25,,,,,,2025-09-18T01:37:16.867004,2025-09-18T09:55:16.867007
27d4e7d9-be1c-41de-8f06-4667a38c95aa,system,System maintenance scheduled for tonight,sent,952135d8-e887-4b05-9ec4-280de160b2b7,,9bb251bf-932c-4f18-a2a7-f9dce1212d0b,cf053157-9852-4bf4-8566-74b3b390295a,2025-09-17T12:53:16.867016,,2025-09-11T01:04:16.867020,2025-09-16T22:44:16.867023
d28438ad-92c4-4d71-b4a9-1f1319e29240,appointment_reminder,Reminder: You have an appointment tomorrow at 2:00 PM,delivered,ce0695b5-23b6-48a3-a37c-5fee987f8c1d,,,,2025-09-11T10:28:16.867034,2025-09-15T09:44:16.867037,2025-09-16T11:21:16.867040,2025-09-17T07:10:16.867043
833b1f5e-ff17-4ba4-98aa-8e3dbf294502,appointment_reminder,Reminder: You have an appointment tomorrow at 2:00 PM,pending,fb8e2b3f-f1fb-453d-ab9b-0376a96fd87d,1a9cc79e-ac35-4605-8f17-696feabffa1e,945f1691-9b28-46ec-b50d-ef804d62fb5e,,,,2025-09-16T05:27:16.867057,2025-09-16T20:24:16.867061
faad00ee-54be-4668-9b93-80560650ac53,system,System maintenance scheduled for tonight,failed,fde68870-54bc-40da-ad5e-a5c695948862,,,,2025-09-14T19:07:16.867071,,2025-09-16T23:57:16.867075,2025-09-18T08:02:16.867078
08e55117-316a-4648-8f8e-221ea1dd593d,medication_reminder,Time to take your medication,pending,8bdfd21f-f22c-4e72-a544-882410298bdb,,aee54fd6-a9aa-4c53-b209-e5e56dc3ab7f,,,2025-09-18T09:01:16.867091,2025-09-13T11:53:16.867094,2025-09-17T05:55:16.867098
7ac4c494-eb4a-409f-8b49-46833da67622,system,System maintenance scheduled for tonight,sent,3354ddbc-5814-4605-868d-8dfd161c131e,f1715d18-4693-4812-8db6-268183689922,,,,2025-09-17T21:40:16.867109,2025-09-13T07:35:16.867113,2025-09-18T07:34:16.867116
916b60ac-e9a8-4281-8215-34f0423e39c3,appointment_reminder,Reminder: You have an appointment tomorrow at 2:00 PM,failed,43e20cd4-3637-4364-8e7c-b7f1f924a391,4bef7395-3821-4070-b55b-52c54f462e78,41901383-25a3-4992-a177-4513db61f9e0,,,2025-09-17T20:14:16.867133,2025-09-17T14:39:16.867136,2025-09-17T02:18:16.867139
8d9dbe70-c368-46c4-bb2f-d84d84571753,general,Your test results are available in your patient portal,pending,535db4ff-e833-44a9-b6b5-aa465b1b115c,76239f16-fb89-4b64-b6b4-2fbefeb3d92d,86d69c1b-d1a7-4f95-afe3-fe5e09fe9095,,2025-09-10T17:28:16.867156,2025-09-16T10:12:16.867160,2025-09-14T02:27:16.867163,2025-09-16T16:08:16.867166
d23f9459-59a3-4938-ac4e-5bd61050c519,medication_reminder,Time to take your medication,read,ac7bc2a5-3f13-4259-b33f-60386c1feae6,,,,2025-09-12T18:26:16.867181,2025-09-15T23:02:16.867203,2025-09-12T22:07:16.867206,2025-09-18T13:17:16.867209
c4e30342-5202-4b5e-9a36-bb9be7409a9b,medication_reminder,Time to take your medication,read,362dfe67-d2d3-4a1c-ba1b-09743c51e07f,,eae6a798-373f-48a5-927b-aec9b6b46131,ff2f7596-acd4-43b3-bb78-99e8b03c8c9b,2025-09-13T20:55:16.867236,,2025-09-17T18:00:16.867241,2025-09-17T03:25:16.867244
d748313c-842e-4c7d-8f8c-e1a97df49290,general,Your test results are available in your patient portal,sent,034da96e-16ab-489d-a0ad-61ce778230d8,bf08b140-225b-4126-9ac8-b5b26c8e9a7b,6c212720-5ac2-4ff1-aead-59fc466b9c63,95da8a21-8038-433c-bb3d-ebc738d4cd63,2025-09-13T10:33:16.867262,2025-09-16T23:04:16.867265,2025-09-17T18:37:16.867269,2025-09-16T17:33:16.867272
99bc53db-d3cf-4928-a87f-d9730a56187d,vital_alert,Your blood pressure reading is outside normal range. Please contact your provider.,pending,a583c9c7-4cf1-466a-86db-07e55f465c42,,,,2025-09-15T22:38:16.867279,,2025-09-17T18:33:16.867283,2025-09-16T18:05:16.867286
99c20ad0-fd3f-41d1-8928-8a7c906af0a0,general,Your test results are available in your patient portal,failed,a82b57db-b584-4915-9d3f-41cb525ad9fd,b97bb650-a54d-42bf-80fa-c15435e660a8,,,,2025-09-14T21:38:16.867299,2025-09-17T18:39:16.867302,2025-09-17T15:41:16.867305
4ba264aa-5982-4ba2-8cb5-e6f97a9af873,medication_reminder,Time to take your medication,failed,bc62f6a2-3517-4990-a407-a374db53be5f,,,,,,2025-09-13T10:20:16.867314,2025-09-17T13:38:16.867317
fb272529-4ade-4c84-9907-812824a0e09d,system,System maintenance scheduled for tonight,read,5d7a6ee2-49eb-45e8-8dac-76a15c7d76d7,,,fffef9f4-78ba-4437-9c06-2cc7ecc5026f,,,2025-09-16T07:02:16.867331,2025-09-16T18:38:16.867334
50553bcd-567f-4070-a128-65d48562c3b0,appointment_reminder,Reminder: You have an appointment tomorrow at 2:00 PM,pending,26576c82-148a-489b-8fd0-2c039ce19715,ac77aaa4-6c2f-42da-a536-47eeebd0b76f,,,2025-09-14T08:41:16.867345,,2025-09-17T12:52:16.867349,2025-09-16T21:46:16.867352
83e612b7-3742-4f4a-857d-6969e143ba4e,appointment_reminder,Reminder: You have an appointment tomorrow at 2:00 PM,delivered,12f2792f-61e9-4fc3-9b0b-ebee96aeb70b,18a7d61c-dce1-4575-9e7d-ca66f655d2f9,,,,,2025-09-11T17:33:16.867363,2025-09-17T08:35:16.867366
a5ef9939-4d6f-4ddc-b743-f1e3cd86995c,system,System maintenance scheduled for tonight,read,9b89e20d-b5f7-404f-8dd1-57d461b513e9,19274fbc-3b93-40c9-8a11-a85c6411206b,,2a93bec3-bba9-4558-a981-fd673fe96af1,,2025-09-15T11:43:16.867380,2025-09-13T05:41:16.867383,2025-09-17T22:54:16.867386
58094ead-fd0d-48f0-bd37-e848b183aab9,medication_reminder,Time to take your medication,sent,54c1dd85-a237-44e2-b98a-071efef0e811,31ec3667-9d59-4ef5-b1ce-edaf800f8997,,1b44f331-64d6-4110-baf0-43107a996ac3,,,2025-09-14T00:45:16.867406,2025-09-18T07:26:16.867409
9a0d857d-973c-4cb6-bb2c-496f40d64e9e,system,System maintenance scheduled for tonight,read,57bd99da-7753-49a0-94d9-c845b1b5e972,,a6d1a454-0743-4c4d-970c-cff761d3e7ac,,2025-09-16T22:47:16.867422,,2025-09-10T23:36:16.867426,2025-09-17T08:19:16.867429
3e80ca61-dd26-415a-998f-f5ebab5a5654,system,System maintenance scheduled for tonight,delivered,f1b8edc0-3e86-4afc-94d7-d83aae2a4087,6ef2b98b-deaa-43dc-a865-2e3325fa3787,,,2025-09-16T10:39:16.867442,,2025-09-14T08:55:16.867446,2025-09-18T10:38:16.867449
3910156f-32ef-4a7f-9e9a-83658eb295ec,vital_alert,Your blood pressure reading is outside normal range. Please contact your provider.,failed,e04456f0-1f37-48ae-b32a-79e5c3e7396a,,,,,2025-09-18T12:05:16.867462,2025-09-11T21:34:16.867465,2025-09-16T20:03:16.867468
9461b3f5-1704-40d2-9dd0-53755fcd213c,medication_reminder,Time to take your medication,read,9738151d-f65d-43b5-8ef8-d208a881ea20,,8f071778-3194-48c5-83cc-c614357960b9,,2025-09-16T21:56:16.867484,2025-09-17T06:17:16.867487,2025-09-11T21:50:16.867490,2025-09-17T08:04:16.867493
19f7e101-c023-4caf-8ce4-0703c191ef2d,system,System maintenance scheduled for tonight,read,e15f6429-8d95-4f41-9bb3-d38e3c515f34,b9f5c68e-0044-4f4a-ae9e-e735a04d078b,,,2025-09-15T14:51:16.867506,,2025-09-12T00:23:16.867510,2025-09-17T03:48:16.867513
df53a607-e2f0-4191-9083-81174be5a201,vital_alert,Your blood pressure reading is outside normal range. Please contact your provider.,failed,b3e55e36-4c71-432f-ac72-0dff7c15463f,a95bcb18-fb23-4cc9-95cc-a4b224de70c1,,dae530ef-ca60-43c3-85b1-57992ac84f1c,2025-09-12T22:04:16.867528,2025-09-17T01:51:16.867532,2025-09-16T03:18:16.867535,2025-09-16T15:19:16.867538
ea0ae29e-20aa-4d55-ab8a-2df451c43a83,general,Your test results are available in your patient portal,sent,e0c2c170-d52d-4be3-8258-d3551871f65e,484125a7-8d1b-4ff9-ad0a-c113964a657f,4d2bf2bd-1f1c-45c6-8ab8-81baedaa84de,,2025-09-13T20:43:16.867550,,2025-09-14T01:15:16.867554,2025-09-17T13:52:16.867557
97623a70-8480-46f5-8b4b-74bbe8249263,medication_reminder,Time to take your medication,pending,93a79e74-b3f1-4e9e-b7bd-b782890a9024,,,,2025-09-12T02:23:16.867567,,2025-09-16T15:15:16.867571,2025-09-17T22:58:16.867574
3f148f18-2f93-4240-bb99-a55e334cac5e,system,System maintenance scheduled for tonight,delivered,d74b4f87-21cc-4f50-acc1-693de4b1454d,260a58ca-8afc-44a7-b0cb-ffc6e770507f,5ac1be19-9dd1-4e81-a747-ba96a8de326e,,2025-09-15T21:05:16.867590,,2025-09-15T22:39:16.867594,2025-09-17T07:41:16.867597
a64fa5e4-2333-4435-b5a8-f5f3e888c0ff,vital_alert,Your blood pressure reading is outside normal range. Please contact your provider.,delivered,54dd6e5e-ebf5-48de-83b9-d7af16ec6adc,ca10896e-8947-4474-9db2-da677675ff1e,,,2025-09-11T04:58:16.867614,2025-09-14T20:20:16.867618,2025-09-16T10:30:16.867621,2025-09-17T03:22:16.867624
8716edab-7f1b-4988-95a2-c523a58a7c7d,vital_alert,Your blood pressure reading is outside normal range. Please contact your provider.,failed,8a196406-1f76-451b-a888-a3758ddf37c4,0951f3bd-534c-4a8e-948e-f0da80b79f64,261e5e8f-d87e-46c4-aa87-c2c7fda4c0da,,,2025-09-15T17:59:16.867638,2025-09-16T17:20:16.867641,2025-09-16T20:23:16.867644
6b345dff-e1c4-4d52-9894-b68dfbc1623f,system,System maintenance scheduled for tonight,read,f9795769-c737-4246-b1e0-2c27d9158005,2fbbc5f2-4123-4522-b506-09b5aa866ff4,,,2025-09-13T10:22:16.867655,2025-09-16T14:35:16.867658,2025-09-13T09:26:16.867661,2025-09-16T20:57:16.867664
6718d34a-56e7-4855-825e-c29a65945086,general,Your test results are available in your patient portal,failed,fe4fffd3-eb03-43bd-b74a-12d075de89b2,,,,2025-09-12T21:02:16.867674,,2025-09-14T16:24:16.867677,2025-09-17T01:15:16.867680
c33b34f9-aee0-41e2-beff-d5a437509668,vital_alert,Your blood pressure reading is outside normal range. Please contact your provider.,pending,23f5f0a6-b0f4-4fc3-99dd-736d7e491279,,308ad996-5cc8-48c9-94f5-9cc024efbd42,,2025-09-11T02:52:16.867693,,2025-09-11T07:57:16.867697,2025-09-16T17:16:16.867700
3cb6d528-6f8d-470d-a92c-7ec1e3e9fa87,vital_alert,Your blood pressure reading is outside normal range. Please contact your provider.,read,cdd7c73e-8bad-4ae0-94df-423f0e8741cc,,,7abf2fff-37ca-479b-8157-d981ff114bdc,,2025-09-15T13:01:16.867718,2025-09-16T17:52:16.867721,2025-09-17T14:39:16.867724
66b615b6-6e7b-48ec-8a92-82671bbfa0e0,medication_reminder,Time to take your medication,read,7aab62b2-f4e9-484a-b1b1-b7b6b5e44320,,,,2025-09-16T13:43:16.867732,2025-09-15T13:52:16.867736,2025-09-15T00:14:16.867739,2025-09-17T18:52:16.867742
bebed122-75d0-4cb7-b70f-c64dcff23b88,general,Your test results are available in your patient portal,failed,6330685c-ba2d-45c7-acac-1719653a57a7,,e3a72faa-b1fe-4684-a9bd-b00be9a94074,7222dff5-e6ba-4708-8131-00aa46bbcd33,,2025-09-14T19:47:16.867760,2025-09-15T14:46:16.867763,2025-09-17T05:08:16.867767
0ce9ede1-2f17-43b4-9356-d311eb09507f,system,System maintenance scheduled for tonight,read,e8b90b32-5b03-41eb-942c-e56d3f26e9d9,e2e4c826-5816-4823-a3cd-e6034b501751,f2981e20-00a8-40d5-83b9-1c2667228496,,,2025-09-15T14:12:16.867782,2025-09-17T06:14:16.867785,2025-09-16T23:44:16.867789
23453c0d-d0f7-4690-8669-8731b0c485bc,general,Your test results are available in your patient portal,read,af98e1a7-7131-466b-ab14-cf78cb66b511,,,,2025-09-10T20:57:16.867796,,2025-09-18T00:55:16.867800,2025-09-17T03:17:16.867803
4e75d303-57a2-47e7-b2e9-001be8e666cb,vital_alert,Your blood pressure reading is outside normal range. Please contact your provider.,delivered,1d87b2c1-f702-44cd-8ddf-6ebf3df237c6,,2b1c0dca-1e66-4f5c-8fcf-7da367598e1e,,2025-09-15T09:58:16.867818,,2025-09-18T08:02:16.867821,2025-09-16T17:07:16.867824
b254324e-eb3b-48f5-a9a3-740f0913661c,system,System maintenance scheduled for tonight,sent,18049fd5-34b0-495f-9bd2-62d2d1fb1706,,79c49549-2a41-445c-aebc-b070f63172d7,,2025-09-15T22:06:16.867836,2025-09-17T10:00:16.867840,2025-09-14T00:16:16.867843,2025-09-17T12:56:16.867846
ced6aefd-8e4e-47ea-b04f-13da3530d318,vital_alert,Your blood pressure reading is outside normal range. Please contact your provider.,sent,617ac7e3-f023-4795-b3c5-03c056f64041,,,,2025-09-17T04:38:16.867855,2025-09-16T11:53:16.867859,2025-09-14T01:36:16.867862,2025-09-16T22:38:16.867865
e7955592-9cf1-4a37-8a62-903162e97811,vital_alert,Your blood pressure reading is outside normal range. Please contact your provider.,read,58dc80cc-0f21-44a5-b8e2-d49454e084c5,,,,2025-09-12T19:52:16.867875,2025-09-16T13:35:16.867878,2025-09-17T18:30:16.867881,2025-09-18T12:51:16.867884
1a087960-11fb-49db-8e8f-942a8ba4a580,medication_reminder,Time to take your medication,delivered,50b9ae8a-7dd3-4675-8f40-e1415d7a12b7,3a4c9f18-1124-4774-9626-d341317872a8,a857ca7e-b471-4537-a466-5b03c09b76b5,,2025-09-17T18:21:16.867899,2025-09-15T07:11:16.867903,2025-09-15T05:56:16.867906,2025-09-17T20:41:16.867909
41c823ac-44a0-411e-b687-c2d8d75685d0,vital_alert,Your blood pressure reading is outside normal range. Please contact your provider.,read,bf5b329e-c556-42c1-a5c9-74addaa37e28,,239e58f4-2de7-4349-abf7-6a6958728e69,,2025-09-13T01:29:16.867921,2025-09-15T17:02:16.867924,2025-09-18T00:33:16.867927,2025-09-17T02:31:16.867930
6d033f44-1f97-48ab-a8de-b476f0c11415,appointment_reminder,Reminder: You have an appointment tomorrow at 2:00 PM,delivered,720c1dfe-8955-47d9-b1f2-bfa7f060c4a6,,,,2025-09-17T11:55:16.867939,2025-09-15T21:34:16.867943,2025-09-17T04:57:16.867946,2025-09-18T04:44:16.867949
b101f93a-dd26-4b28-8637-30d181a36579,vital_alert,Your blood pressure reading is outside normal range. Please contact your provider.,pending,85e32dc7-38fc-40be-b826-8483b95d1a7c,,,1f862819-9a3e-49e3-8d04-ac4506bfed21,2025-09-17T11:14:16.867961,,2025-09-11T22:58:16.867964,2025-09-17T13:04:16.867968
4b86687b-4f07-417f-8890-be2116681ad3,vital_alert,Your blood pressure reading is outside normal range. Please contact your provider.,delivered,dcb1d4f6-55f0-4beb-9687-11a62b23dfe4,480b0cd4-58b7-4025-af86-ad6b2ac0bbc4,d906b21d-88df-4bb6-9726-9bdd7e3762e3,,2025-09-13T16:50:16.867982,,2025-09-17T07:49:16.867986,2025-09-18T11:12:16.867989
13024958-a962-48b8-8200-277ff0dcf082,appointment_reminder,Reminder: You have an appointment tomorrow at 2:00 PM,delivered,034da96e-16ab-489d-a0ad-61ce778230d8,,,,,2025-09-14T23:16:16.867997,2025-09-15T06:31:16.868000,2025-09-16T20:45:16.868003
3d94bb59-e468-4a69-80a1-0fd2f92daaa6,system,System maintenance scheduled for tonight,failed,bf7e8559-55bd-4bf6-b674-28b06abcac78,,81e63734-efcc-49fc-a912-72b96f879f22,,2025-09-11T11:53:16.868020,,2025-09-17T16:52:16.868024,2025-09-16T17:50:16.868027
e6a5fbdd-eca5-47cd-9a04-d24b5ab46e4d,general,Your test results are available in your patient portal,failed,0d3d3ffb-4db2-421e-9f77-46f08dd7b046,47694d9d-5460-4262-a5c7-bf184ea5e398,c96ef824-9dce-435d-aaf2-37b266db552c,a62c63bc-705a-440d-90ea-9cca3cbfebfe,2025-09-12T00:26:16.868043,,2025-09-15T09:29:16.868046,2025-09-17T16:43:16.868049
637b65bc-1b41-4bec-bec1-f2ceda501d21,system,System maintenance scheduled for tonight,sent,3dfb5f3d-73df-4511-bffd-4a938b6a9610,1b541201-1e79-4580-8aed-c8d0bcda195b,be9ee77e-405e-4063-9d61-88abbe7c5abe,eb8f3927-df10-47de-91e5-080ad3c9a829,,,2025-09-15T14:27:16.868065,2025-09-18T02:25:16.868069
c192c07b-86aa-4b1e-97da-c8f153231d84,system,System maintenance scheduled for tonight,pending,88804412-7b6b-4449-bc99-ac5093ee16d8,7ba98dd4-77f7-43c4-9497-1a086d5d8f90,7ead9be4-3afe-4f68-ad8a-71bf6cd10a09,,2025-09-16T04:23:16.868084,,2025-09-18T12:08:16.868087,2025-09-16T22:46:16.868091
2fece787-2928-4538-8c94-45796d2042ca,appointment_reminder,Reminder: You have an appointment tomorrow at 2:00 PM,delivered,3b57dcac-c423-44c7-a1f7-21176d1ce533,,,,2025-09-11T02:46:16.868100,2025-09-17T04:18:16.868104,2025-09-14T11:35:16.868107,2025-09-17T10:57:16.868110
7bb1488b-b1ba-44ff-9f70-6dcae8ff87d1,medication_reminder,Time to take your medication,sent,6dc50cf1-7324-40fb-a2a7-598c423037d1,,,,2025-09-11T14:03:16.868120,2025-09-15T06:29:16.868123,2025-09-16T07:23:16.868126,2025-09-18T03:06:16.868129
16fe741d-b4a8-4b3a-8a9f-77db2d14f15f,appointment_reminder,Reminder: You have an appointment tomorrow at 2:00 PM,failed,9c45c8a6-27f4-4aa5-8178-b2ea6dc66ffb,,,,2025-09-14T00:07:16.868137,2025-09-15T15:45:16.868141,2025-09-14T20:24:16.868144,2025-09-17T23:02:16.868147
90483847-f980-4f11-a2b5-17cf5de1cfd5,system,System maintenance scheduled for tonight,failed,36397f47-8e8f-4bef-b1ec-a17d54585fc9,,,,2025-09-11T08:34:16.868156,,2025-09-14T03:26:16.868159,2025-09-17T21:39:16.868162
5be27480-6ba1-4354-8b3c-8d29782b11dd,general,Your test results are available in your patient portal,sent,32853b13-f6b2-487d-8621-1bdfb0cc0bc6,,cedf6cb0-b8f4-4f98-8820-382ad3eff05b,,2025-09-14T23:19:16.868178,2025-09-14T22:06:16.868184,2025-09-17T06:50:16.868188,2025-09-18T04:07:16.868191
40d0baeb-31d3-48fc-86cc-ec9f61d2cd79,system,System maintenance scheduled for tonight,sent,d241d71b-84fb-492d-ad5b-6094b6413232,ee787c1b-e908-4316-8c9d-b6c048db00cc,,,2025-09-13T05:50:16.868203,2025-09-17T12:59:16.868207,2025-09-17T23:18:16.868210,2025-09-18T11:28:16.868214
3a2c04e1-bdbd-494f-933c-97316fec32ad,general,Your test results are available in your patient portal,sent,b0128fe3-d526-4fba-9c2a-883cda84673a,ac0864cb-5360-49cc-bca5-fb082ac98964,,,2025-09-17T16:17:16.868231,2025-09-16T18:55:16.868237,2025-09-16T05:42:16.868240,2025-09-18T03:54:16.868244
040709a5-b43f-44e3-aed8-8554ef84531b,system,System maintenance scheduled for tonight,pending,402b5244-4aa0-48ef-801a-5da5c32dc816,c66b6ac3-e40c-4b4a-855a-080229ea1c62,,,2025-09-14T18:36:16.868256,2025-09-18T03:35:16.868259,2025-09-13T07:02:16.868262,2025-09-17T06:41:16.868265
65b35d71-d5e4-4287-9b6e-a672db546e3d,system,System maintenance scheduled for tonight,pending,767330cf-c2ae-478b-8267-6394525f4286,,,,2025-09-13T18:45:16.868275,,2025-09-17T15:02:16.868279,2025-09-17T20:47:16.868282
d687a7f8-dde3-40c2-b2ab-1d2b9ed31f50,system,System maintenance scheduled for tonight,read,b3130bf1-c47b-42cb-a837-73950010ed92,e4b87e9e-995a-4981-b1e4-3d02de687c20,,,2025-09-12T11:27:16.868294,2025-09-18T01:15:16.868297,2025-09-16T17:02:16.868300,2025-09-17T01:39:16.868303
26f1ab6b-6549-4b78-93f2-1e8284108068,system,System maintenance scheduled for tonight,delivered,71c9276e-e457-4a9f-a7bc-6a193031e9ab,368b8eb0-3c3e-4635-9bd8-047365daedb4,,87beb4cd-2a35-4acd-9e4d-c9554b3bd401,,2025-09-15T01:27:16.868317,2025-09-11T19:06:16.868320,2025-09-16T20:29:16.868324
e9a24109-11af-46ae-8de1-bc698ce18c82,medication_reminder,Time to take your medication,failed,d7787df1-77e1-4eb4-b9b0-774655186102,,25086133-7d80-459b-ba1b-0ac5432c36ce,,2025-09-18T11:33:16.868334,2025-09-14T16:13:16.868337,2025-09-12T20:25:16.868340,2025-09-17T12:19:16.868343
b824d4d2-abf1-4bbc-8adb-22b52e7f46fe,appointment_reminder,Reminder: You have an appointment tomorrow at 2:00 PM,read,999dae52-bca4-4e79-895f-c47e3695d1c4,9a95ae93-3442-4541-a671-47bcb16a51d1,,,2025-09-14T14:31:16.868354,2025-09-16T06:13:16.868357,2025-09-10T21:15:16.868360,2025-09-17T18:07:16.868363
79cb7470-591c-4ffe-ab84-5b5b9f63cc93,system,System maintenance scheduled for tonight,pending,fc11444b-9355-4ed3-b4a7-f8cab9200b04,,,,2025-09-14T18:56:16.868371,,2025-09-16T07:16:16.868374,2025-09-17T18:21:16.868377
a0afa966-02f6-45ab-ab9a-03f2c98531d3,system,System maintenance scheduled for tonight,delivered,6939a717-3dbf-4e0e-98d5-05617067cde7,804d5ef6-714b-4084-af84-2c2c31bf0420,,092aee45-b58a-41d0-99fb-75ab7bb6a81e,2025-09-18T08:56:16.868391,2025-09-17T00:13:16.868395,2025-09-16T23:39:16.868398,2025-09-17T04:51:16.868401
31e21a53-4998-407a-9a84-3e72c9531bd2,medication_reminder,Time to take your medication,failed,924faf31-d18c-434e-b78f-92f4334947c0,36eadc96-ffc6-4dcd-9e4c-70a9bfac22c1,,,2025-09-17T08:20:16.868415,,2025-09-16T11:12:16.868418,2025-09-18T08:05:16.868421
7f2adc35-873f-4287-9562-ff3162e54450,general,Your test results are available in your patient portal,read,71c9276e-e457-4a9f-a7bc-6a193031e9ab,694197e5-357c-43b3-af8b-b1b004e7b053,acafa960-de23-41fe-aa0f-c596c05d90f2,,,2025-09-17T20:21:16.868435,2025-09-12T17:25:16.868438,2025-09-17T09:34:16.868441
0796ab77-38f8-44a5-b3f0-a92ce679703e,vital_alert,Your blood pressure reading is outside normal range. Please contact your provider.,sent,598fcb1d-dfb3-45c9-a485-af55ca68d1f0,3820bcc9-bda7-4f50-a1e8-7597a383202f,,c30fa6b8-2541-4799-b119-2f21248fb84e,2025-09-13T06:40:16.868455,,2025-09-17T09:16:16.868458,2025-09-18T07:48:16.868461
7691051c-b1ae-4be4-aa8c-1a5a4446759c,system,System maintenance scheduled for tonight,delivered,417d476e-015d-488b-bc19-29b432d7daa9,,,,2025-09-10T22:43:16.868471,,2025-09-11T20:23:16.868474,2025-09-17T12:38:16.868477
f5cf73e6-ae8e-4ff6-8911-cb94dcacaab1,appointment_reminder,Reminder: You have an appointment tomorrow at 2:00 PM,failed,c1918190-8d49-48ee-9bc1-a0f81c918aa3,f63af7a9-8cc2-49fd-8c40-c277f8e07538,,,2025-09-14T01:49:16.868487,,2025-09-14T14:57:16.868490,2025-09-18T03:42:16.868493
6069a221-73d0-44f9-8d4f-5d9b63c413fd,appointment_reminder,Reminder: You have an appointment tomorrow at 2:00 PM,sent,a70d029a-9f74-4759-8791-84eda176ea5b,8c1c9a7b-7129-456f-b1ff-06c9d9fd271f,1024dc44-4283-40bb-9035-4a48f9835b8e,,2025-09-13T18:45:16.868509,,2025-09-18T08:44:16.868513,2025-09-17T06:44:16.868516
243aebe2-c1ab-4f87-9739-147387a82e2b,general,Your test results are available in your patient portal,read,a0a1a24c-c94d-4bc3-9232-699bb9f5439e,,,d0ce4430-06e7-469b-aa85-e86a9d8b8421,2025-09-13T14:01:16.868542,2025-09-15T00:39:16.868545,2025-09-13T05:09:16.868548,2025-09-17T12:06:16.868551
150bff94-298b-4723-b6d0-f334d2302665,medication_reminder,Time to take your medication,sent,a48ffb7c-b41b-42b7-b528-ef2d5ea8847d,,4741e966-b68f-4c26-945b-80718a2a4898,,,,2025-09-17T18:47:16.868564,2025-09-18T09:26:16.868567
12d1211f-40fc-44e2-965e-337ef5b6fe84,appointment_reminder,Reminder: You have an appointment tomorrow at 2:00 PM,read,d5ffb96f-446a-4a37-a39f-5b681cdff809,d0efff39-ae1c-4c96-b483-cfcba7f80021,5ff67c8b-96f2-4b64-aee0-dd9a705ca1dd,,2025-09-17T20:32:16.868583,,2025-09-15T15:58:16.868587,2025-09-16T16:56:16.868590
9ddfd5a1-38e8-4b6f-8e6b-fd5f1fadfa27,system,System maintenance scheduled for tonight,read,e586c156-eef0-44a1-8062-51760788ced8,,,,2025-09-15T21:09:16.868598,,2025-09-18T12:19:16.868602,2025-09-16T23:43:16.868605
7746b788-f430-448a-a953-2c7469f78eda,appointment_reminder,Reminder: You have an appointment tomorrow at 2:00 PM,pending,458b557a-f692-4b72-b267-e69110152024,72f4164e-4dac-4d01-851a-e79e72374327,292ad9d7-b45c-47bb-9ffe-d23c30cc7b88,,2025-09-12T16:08:16.868622,,2025-09-13T01:40:16.868626,2025-09-17T05:10:16.868629
c555d0e9-01a1-41bb-a2da-15fe6e1a662f,medication_reminder,Time to take your medication,pending,f3c8e6ab-2b36-4fca-923c-409b78756661,93698985-970d-45fe-8666-009d46d3f1c9,8df3cb4c-2bd2-4294-a731-d11bba3072e9,,2025-09-15T14:34:16.868649,,2025-09-12T22:25:16.868652,2025-09-17T13:39:16.868655
d4bbe060-a438-48a0-b206-4848f2235e20,general,Your test results are available in your patient portal,pending,03e7926b-0150-4a3d-9385-95e72f318619,,,99b31f8c-2de1-402a-b839-3a19b9889f79,2025-09-16T07:49:16.868666,2025-09-17T00:47:16.868670,2025-09-11T07:18:16.868675,2025-09-17T22:23:16.868678
5eb295af-6d98-4b76-b071-b67f0aaa3fec,medication_reminder,Time to take your medication,pending,711c9350-7b45-4155-847a-d0e3bef45986,1e3e2231-9cba-4cd3-ad6e-184849111d7e,,eb309996-4f60-4748-8572-658829d4438c,,,2025-09-14T20:18:16.868693,2025-09-17T05:21:16.868696
11a64e7d-0246-48a8-a2ec-051612758630,system,System maintenance scheduled for tonight,sent,0074a656-e5a2-4c23-bb45-410aa10a102a,,0068c471-42f6-46fe-b7dc-32b5953a30d3,,2025-09-13T01:22:16.868710,,2025-09-13T13:53:16.868713,2025-09-16T15:15:16.868716
34277bd6-0524-4216-96dd-0f3dee596f0c,vital_alert,Your blood pressure reading is outside normal range. Please contact your provider.,pending,cce18b8c-c8f1-4dd0-94b4-4a8080c1f050,f5304202-deb9-47d1-a658-8d90e80d7fcd,,,2025-09-10T20:10:16.868727,,2025-09-14T00:28:16.868731,2025-09-16T23:38:16.868734
b6c4e533-ff8c-46fb-a45c-db768256481f,vital_alert,Your blood pressure reading is outside normal range. Please contact your provider.,delivered,2b6752a8-bf61-40e7-8f4a-97213f5aef3d,7009b873-aad5-42ba-9e6a-8dec86d4b9f4,,33edce81-b5bd-422e-a705-938e776c5c30,,,2025-09-11T15:51:16.868753,2025-09-17T07:18:16.868756
2d3cf5d4-a367-40ff-a8f3-255df75b4a13,vital_alert,Your blood pressure reading is outside normal range. Please contact your provider.,pending,ef44ebef-4d49-4f23-aee5-0d3f6cfd9296,,,,2025-09-16T14:00:16.868767,,2025-09-18T08:01:16.868770,2025-09-18T11:33:16.868773
864f1c5d-17c1-48bf-9e83-404ef9c31b9c,appointment_reminder,Reminder: You have an appointment tomorrow at 2:00 PM,failed,f0393d1d-ff45-4737-b77e-3efb2d8eee48,,0ce18da6-4ad5-4572-9f4a-ed88f5a6c9d6,718cdf88-39a9-4cbb-99cc-0dd8f34b19ee,2025-09-12T22:57:16.868790,2025-09-14T17:53:16.868793,2025-09-17T05:56:16.868796,2025-09-17T12:58:16.868799
7d8a727c-27fa-41ee-8f84-871d3931d983,vital_alert,Your blood pressure reading is outside normal range. Please contact your provider.,sent,dba6a7cd-4f1c-4036-8ec3-414e26b8e013,b2b43f4a-8519-45e1-b79a-ce2643ce34cd,3e676b18-fb2d-4517-8a22-102fb5cd822f,,2025-09-15T23:56:16.868812,,2025-09-12T00:11:16.868815,2025-09-17T21:43:16.868818
e12c94f7-888b-49b1-a817-8c577b600c5e,vital_alert,Your blood pressure reading is outside normal range. Please contact your provider.,pending,b4912363-1680-456b-be44-6cc495b57ade,,,,,,2025-09-11T23:14:16.868829,2025-09-18T11:44:16.868832
a53297dd-0f81-4338-a59d-488d7ffe305a,appointment_reminder,Reminder: You have an appointment tomorrow at 2:00 PM,delivered,12c8352d-11b6-49b2-a95d-cc5e8bb86a20,5d768e74-e7d3-49b4-83b3-3bb51148744e,,eace4a58-f7cc-40e4-80e8-4faa3c3b5840,2025-09-12T01:19:16.868848,2025-09-14T21:08:16.868852,2025-09-16T12:44:16.868855,2025-09-17T07:00:16.868858
49157bab-c214-4b70-a9c2-6fed37cb2773,system,System maintenance scheduled for tonight,pending,077079a1-27b7-412a-b68b-3d2189febc0b,,,,2025-09-16T10:00:16.868869,2025-09-15T19:42:16.868872,2025-09-17T10:28:16.868875,2025-09-17T05:38:16.868878
717e552f-70ab-4303-bb7b-5b61340bd5c6,general,Your test results are available in your patient portal,delivered,321657c3-6c19-42e7-856c-39fd2a536069,,7ca385a7-8e0e-44a2-8b68-525609e465b6,,2025-09-14T14:28:16.868889,2025-09-14T17:09:16.868893,2025-09-13T17:54:16.868896,2025-09-18T11:46:16.868899
5f763737-0460-451a-b46a-80050561b0b7,vital_alert,Your blood pressure reading is outside normal range. Please contact your provider.,delivered,4858de24-e966-43ff-8b0f-251f4f43a063,,,,2025-09-11T20:56:16.868909,2025-09-18T04:48:16.868912,2025-09-14T18:43:16.868915,2025-09-17T22:00:16.868920
5090f456-13d5-4051-893a-49ee6630f0fe,medication_reminder,Time to take your medication,delivered,bc88cfdf-5cae-45b4-8eab-7650fe91c6f8,d1fe5bec-9677-4369-a7f9-80c325ce833e,836c40df-284b-46cf-893e-45fc575860e2,b393e07a-cf56-46c0-bb56-f413b1ec1b59,2025-09-11T15:36:16.868946,2025-09-17T10:32:16.868950,2025-09-14T12:17:16.868953,2025-09-16T19:00:16.868956
5bb13862-e164-4e3a-9b41-422356f60c6e,system,System maintenance scheduled for tonight,failed,3ca82ed6-9c7e-4add-b812-3e4e1538f578,,89c97def-5370-4e2d-9af2-c2cdb00bacdf,1891dd00-f0c7-4b60-8f92-cb48d6c41ca1,2025-09-11T12:46:16.868972,2025-09-15T18:53:16.868976,2025-09-11T15:15:16.868979,2025-09-17T16:46:16.868982
579f7533-c9c3-4eff-9bf7-66c046756972,appointment_reminder,Reminder: You have an appointment tomorrow at 2:00 PM,failed,fffa92c3-17af-4c4f-ae77-94aebd896765,e8e9daef-4fbf-4a3e-bdb4-0b1c1773892e,,,2025-09-11T11:58:16.868993,2025-09-18T13:02:16.868997,2025-09-11T13:48:16.869000,2025-09-18T09:59:16.869003
c2d53e91-1306-4fa2-9890-ec6d37de62ad,general,Your test results are available in your patient portal,sent,8f92e75a-f29c-4932-b949-f3f5424f6fae,,f79104fa-caf5-440b-9246-8f302fa5eba4,,,,2025-09-18T08:20:16.869014,2025-09-18T01:37:16.869018
15ab35d2-f44e-4e8e-8cb2-7fb8cdee1bc1,vital_alert,Your blood pressure reading is outside normal range. Please contact your provider.,failed,1d7705e7-5f8c-4f34-b098-be1b61336a38,9731f737-d01f-407a-add2-c57012158e1f,,,2025-09-12T04:14:16.869029,2025-09-17T04:42:16.869033,2025-09-16T08:40:16.869036,2025-09-18T08:27:16.869039
8b15ff81-3f98-4832-8bd9-a51bc4a70b0b,appointment_reminder,Reminder: You have an appointment tomorrow at 2:00 PM,delivered,3ca82ed6-9c7e-4add-b812-3e4e1538f578,,,,2025-09-12T03:33:16.869046,,2025-09-16T19:08:16.869050,2025-09-16T21:45:16.869053
ecb53bd8-34f3-430b-a05e-fd033cdd7250,vital_alert,Your blood pressure reading is outside normal range. Please contact your provider.,read,3b4314eb-e2ff-4c53-8fca-a0bed2a6863b,,,,,,2025-09-17T00:10:16.869066,2025-09-17T10:02:16.869069
20520d18-748a-4fd4-ac62-c5270928d354,general,Your test results are available in your patient portal,sent,72f51ae3-f8a5-488a-85d5-889f1d2e89f2,,,,2025-09-15T08:04:16.869079,2025-09-15T07:19:16.869082,2025-09-16T14:45:16.869085,2025-09-16T23:27:16.869088
8bb8aeef-618d-4e20-91b6-e7519eff5331,medication_reminder,Time to take your medication,delivered,dd1e96af-e990-407b-a525-a98f3e33f0a0,5c5586a5-a32a-422c-96ae-738d96d43835,,,2025-09-16T15:13:16.869101,,2025-09-11T06:14:16.869105,2025-09-17T23:27:16.869108
46aff806-dbbc-47e0-85be-25c6ab769829,medication_reminder,Time to take your medication,sent,d2399684-6c81-4814-8a1c-f3be2464778d,,,ba0550ea-c6cb-478f-a78f-eb5587186400,2025-09-13T10:28:16.869122,2025-09-17T21:41:16.869125,2025-09-16T01:53:16.869128,2025-09-17T07:43:16.869132
4efa1119-6710-4778-82df-8ea1ad72f183,medication_reminder,Time to take your medication,delivered,506f0187-0c41-4a64-976a-fac263875e32,83933a5e-34ae-4fd2-8057-5925e34ab4a4,faf7646b-8c13-4bc9-bf3f-d1c53803a95f,9e59b202-704b-45d6-ac99-fb3a7a1d10d2,2025-09-16T17:12:16.869142,2025-09-14T23:24:16.869146,2025-09-12T09:38:16.869149,2025-09-17T07:15:16.869152
7c16ac44-6eca-451b-91a2-36edee2a2986,general,Your test results are available in your patient portal,pending,e7bd94f9-0b6a-4205-ba4c-4d94408e0929,6ef2b98b-deaa-43dc-a865-2e3325fa3787,,98bbeb4c-1140-4ab7-9b7f-c5999f7ad3f2,2025-09-17T09:20:16.869166,2025-09-14T22:37:16.869173,2025-09-11T04:17:16.869177,2025-09-16T18:29:16.869180
3ebd1455-62d8-4a4b-b9ba-92b09417ed36,vital_alert,Your blood pressure reading is outside normal range. Please contact your provider.,sent,ebeec04e-b240-4815-a7fa-ccb21326fefa,528de314-e980-4894-b603-e7dcda27181d,,,2025-09-11T08:54:16.869206,2025-09-17T22:57:16.869209,2025-09-13T16:27:16.869212,2025-09-16T17:14:16.869216
e2522027-bd79-4e1f-916a-932dd8248ee1,appointment_reminder,Reminder: You have an appointment tomorrow at 2:00 PM,delivered,f34a3e7a-4e72-4cd5-92a9-fa168ca22357,992e0961-4ca1-4aa1-b8a9-0b5e099e218b,40800e43-084a-4ff2-8e53-e77ae65be3c0,e99e5a86-5d9c-4940-8c56-37b4592b9a81,,,2025-09-13T18:10:16.869241,2025-09-18T11:47:16.869249
c41b1091-9045-40c9-a084-c5a21462424e,medication_reminder,Time to take your medication,sent,e03dd9c9-0a69-4169-9546-50a06442c229,3f08aea8-3d5b-4ca8-a3fa-a958114c1f80,fd00cfde-e37d-4fa9-81bf-f23db4d84a22,d2e99749-120c-4d5d-b4de-086609691767,2025-09-11T22:45:16.869268,2025-09-14T23:48:16.869271,2025-09-13T01:15:16.869275,2025-09-17T09:10:16.869278
fe358074-4332-4cce-8809-46670436077c,appointment_reminder,Reminder: You have an appointment tomorrow at 2:00 PM,read,263b3879-5d08-4a72-a043-5bce6236428b,,,,2025-09-12T15:17:16.869289,,2025-09-16T17:16:16.869292,2025-09-17T13:27:16.869296
74a050fd-01db-419f-a757-8c1a57014a0b,general,Your test results are available in your patient portal,failed,30b8365d-d95c-494a-83ac-e250fa2cca4b,c48eb730-0193-485e-9b2d-50954fad17ff,,,2025-09-12T02:09:16.869308,,2025-09-12T15:01:16.869312,2025-09-17T16:51:16.869315
0b66383e-033e-4872-bd53-c51418a74e55,general,Your test results are available in your patient portal,delivered,9936c361-d55b-42b3-b373-571e8b09de60,,,,2025-09-17T16:40:16.869324,2025-09-17T09:23:16.869328,2025-09-16T01:48:16.869331,2025-09-17T01:58:16.869334
498a51f8-62e8-4763-ab38-97c266a85825,vital_alert,Your blood pressure reading is outside normal range. Please contact your provider.,read,746dd8e1-166e-415a-8acc-c855eeee0d09,801e1ffd-51c5-4138-8717-d79f21bec2d1,e04c6e70-7966-4bf3-b19d-0e05cf4160d9,890ecc8b-66e6-4b09-affc-9ffbc1efbd55,2025-09-13T13:00:16.869352,2025-09-17T02:09:16.869355,2025-09-12T09:06:16.869359,2025-09-17T22:53:16.869362
529d20a1-229a-4b6c-b68a-bc78b60c06ad,system,System maintenance scheduled for tonight,sent,c245af07-801e-4a72-9570-141b5255adf3,771606b3-5769-455e-8abd-dc5002899c46,,,2025-09-13T20:22:16.869375,2025-09-18T14:46:16.869379,2025-09-14T07:00:16.869382,2025-09-18T02:58:16.869386
16194639-5c97-42d7-9c56-50e1c2df9fe2,system,System maintenance scheduled for tonight,sent,88f0778f-3369-45eb-88af-21ead495f6c0,fdc9bc2b-df8e-4283-99ba-845e3eebcb55,,,,2025-09-16T10:12:16.869398,2025-09-17T12:34:16.869401,2025-09-16T23:03:16.869405
3b59a0e3-9848-46f0-abf4-0233b995ed71,system,System maintenance scheduled for tonight,pending,bcfe4d6a-bd92-47dc-a5b9-41e0c0921858,,,,,,2025-09-15T19:33:16.869415,2025-09-17T18:25:16.869418
be1926ad-5a0c-4702-b859-5a455740e621,vital_alert,Your blood pressure reading is outside normal range. Please contact your provider.,pending,f2ce1305-7aa1-4fcb-b669-b026fbab1e2b,,,78ad15f4-ed9c-4e8d-a470-9e26ce8b3f24,,,2025-09-13T06:39:16.869432,2025-09-18T07:06:16.869435
190b93da-fe76-4b37-9d54-5fb7655eb2e4,general,Your test results are available in your patient portal,failed,1d02208b-2fe2-4009-83fc-9d9cbcbebd49,,,,2025-09-17T23:07:16.869445,2025-09-18T02:27:16.869449,2025-09-18T07:19:16.869452,2025-09-16T15:43:16.869456
25b974bc-cd10-4e65-884c-7e8bd68c7e26,appointment_reminder,Reminder: You have an appointment tomorrow at 2:00 PM,sent,602f6959-f279-410b-b2be-45a684c45bd6,,cd621150-3c93-405f-8e5d-4a82ae4420c9,,,,2025-09-12T14:43:16.869465,2025-09-17T09:16:16.869474
55f00474-c5c8-468e-ac37-dff19d2d92aa,system,System maintenance scheduled for tonight,pending,661b4592-af60-4faf-9867-35e16bb8da05,3f403b98-94b4-483a-bfe7-a34ac592d232,,,2025-09-15T19:00:16.869503,,2025-09-13T05:22:16.869509,2025-09-16T23:45:16.869515
0ae93eb1-4eb8-4e45-b109-9208636e1900,appointment_reminder,Reminder: You have an appointment tomorrow at 2:00 PM,read,4fc5b3f7-2687-43e4-a6f0-40a66344e359,7fc1ab5a-0311-41db-b009-26849475abb6,,,,,2025-09-14T04:46:16.869526,2025-09-17T02:04:16.869530
667eb13b-326e-4fd0-aa38-59d7215df8a7,general,Your test results are available in your patient portal,delivered,cacb89dc-2c7c-4b4d-b1e0-1b7f0649b29c,d4dc6dc8-336a-4d34-883e-7d1e8f9ef7ed,,6855e4a2-487b-43b8-a6e6-6865f3ef3883,,2025-09-17T13:09:16.869540,2025-09-11T04:24:16.869544,2025-09-18T07:13:16.869548
4b807dc5-89ae-4b33-b8a2-d5a24df99f4c,medication_reminder,Time to take your medication,failed,df03243f-105e-4a9c-bddf-6c5c2e6d2734,45d3cafe-60f1-457a-9939-a306633f3dec,6c212720-5ac2-4ff1-aead-59fc466b9c63,,,,2025-09-17T20:38:16.869557,2025-09-17T15:00:16.869561
3057cfb2-4e61-4fbe-96d6-7c2e09ee9b79,vital_alert,Your blood pressure reading is outside normal range. Please contact your provider.,failed,25871394-8b41-49f3-967e-e99d986eca87,,3eab2ae2-8d08-4b01-a82e-1e03384630b3,,2025-09-14T18:56:16.869572,2025-09-16T21:57:16.869576,2025-09-12T23:38:16.869579,2025-09-16T23:56:16.869583
5ce36f41-cb5d-4241-9ea8-6702ae550cfc,appointment_reminder,Reminder: You have an appointment tomorrow at 2:00 PM,read,b6795c0b-7497-4505-8179-dc7455b2cf88,,,,2025-09-12T20:32:16.869596,,2025-09-11T18:41:16.869599,2025-09-17T14:29:16.869603
24e6a9e6-cef6-4ca9-977d-99c6f34f22ae,medication_reminder,Time to take your medication,delivered,a53c2c9d-b80d-4f10-9d1a-7b4dce87690f,6b357cee-21ef-489a-8466-c98549d7f1f9,,,2025-09-12T21:52:16.869612,2025-09-17T22:50:16.869616,2025-09-17T08:49:16.869619,2025-09-18T08:30:16.869623
efc4fb7a-2e5a-4ac2-8b03-f0a03ed73472,system,System maintenance scheduled for tonight,delivered,d3e14731-12bc-4779-8158-8814b7cae9fe,e0aacb9c-8859-4d6f-88bb-0f9cb62a4885,,,,2025-09-15T05:00:16.869632,2025-09-15T05:13:16.869636,2025-09-17T21:07:16.869639
1cbd02c9-5388-434e-9de0-be9c56e06ec3,vital_alert,Your blood pressure reading is outside normal range. Please contact your provider.,pending,a99b1ad2-940f-4451-8c9a-bc161c466820,db66babb-8261-43ff-be1a-ed4f49816e5b,c38ff073-4986-4fad-8ee0-ce7ec1d01c28,56bfbb67-a3ca-418f-84dd-d1752a2cd401,2025-09-18T12:38:16.869650,,2025-09-17T13:33:16.869654,2025-09-18T14:58:16.869657
df538f0a-fdaa-4846-aec7-50f6212086bb,vital_alert,Your blood pressure reading is outside normal range. Please contact your provider.,delivered,00576865-830b-4a2b-9f53-5fb82d60f50e,,,,2025-09-17T08:50:16.869669,2025-09-15T15:17:16.869675,2025-09-13T18:13:16.869681,2025-09-17T05:43:16.869684
62c646a1-2fb1-432d-98b9-c2059797f71e,appointment_reminder,Reminder: You have an appointment tomorrow at 2:00 PM,pending,f37f5627-885d-41ce-b606-fae033a3a844,,35947849-0d7d-4706-978e-986cf3a8b5b4,,,2025-09-17T10:08:16.869703,2025-09-12T17:53:16.869706,2025-09-16T15:57:16.869711
00d09397-e0ac-4be7-bec6-24276739b589,vital_alert,Your blood pressure reading is outside normal range. Please contact your provider.,sent,6efd4aea-d7ca-4f5e-abcc-ccbd1ad45eef,ea7ae422-f564-4465-8b6b-7e66a60d1708,,,2025-09-13T00:40:16.869726,2025-09-17T12:35:16.869730,2025-09-16T13:59:16.869733,2025-09-18T00:37:16.869737
2d973dc7-519a-44c8-bcd3-dbf05c8205b0,appointment_reminder,Reminder: You have an appointment tomorrow at 2:00 PM,delivered,8cdc991d-51b5-4b04-9124-93ce2110fa08,,,,2025-09-17T23:53:16.869746,2025-09-15T04:56:16.869749,2025-09-16T15:58:16.869753,2025-09-16T22:01:16.869756
36d35ddd-17b0-497a-ba7c-54c6e7c199bd,system,System maintenance scheduled for tonight,delivered,81eb58a8-258a-46d7-90f2-361a5beda3d4,,,,,2025-09-16T01:54:16.869765,2025-09-11T13:53:16.869769,2025-09-17T02:35:16.869772
068f5ba0-b11a-4cf1-be1d-b0f70455e2a9,appointment_reminder,Reminder: You have an appointment tomorrow at 2:00 PM,failed,015a458e-37a7-4de7-8a73-8ffd60a4ba98,7fc1937c-2be6-4280-9bbe-9e7c028a26ed,,,2025-09-18T11:42:16.869793,,2025-09-15T03:02:16.869796,2025-09-18T02:40:16.869800
241dd1e8-8988-4b31-9d8d-c2bfe7ec2139,general,Your test results are available in your patient portal,sent,ce8e5659-686e-401e-bc78-87e083bd833f,41164de2-2697-47be-be9b-6d6c57382bd6,e7ce8301-bd3d-4db1-8d10-807db11306c9,,,2025-09-15T10:19:16.869809,2025-09-16T05:48:16.869813,2025-09-18T01:23:16.869816
80a343bc-3363-43a7-a43a-8130f6d7c7dd,appointment_reminder,Reminder: You have an appointment tomorrow at 2:00 PM,sent,789b628f-3d1a-496e-82b9-29bf71063b1d,,e8ba2a55-fe01-4328-a944-6b3905f838d1,28c13272-6f8e-410d-9675-c407efca9677,,,2025-09-18T11:10:16.869826,2025-09-18T14:01:16.869830
4d7e15ec-5e72-4b88-925b-9e07bb1370bf,vital_alert,Your blood pressure reading is outside normal range. Please contact your provider.,read,746dd8e1-166e-415a-8acc-c855eeee0d09,,75b86fdc-96bb-494e-9ac8-483e6d85c189,,,,2025-09-12T20:50:16.869840,2025-09-17T17:05:16.869844
05f2d515-1ce7-4e7e-80f9-3f0ecf8fa3ac,medication_reminder,Time to take your medication,sent,635b17ba-2846-46ae-a114-8d340277cdef,51812013-7e43-4847-8fa5-03b1c643d602,,d38d7772-cf4e-4685-bd8a-de9c1b12c765,,2025-09-17T01:49:16.869854,2025-09-17T15:09:16.869858,2025-09-18T11:36:16.869861
2718f203-8616-4402-a33d-54083d50c072,appointment_reminder,Reminder: You have an appointment tomorrow at 2:00 PM,sent,66b8c32b-75f5-4ab3-bccd-27d843350aac,61a643f2-c25f-4235-bbe5-e8be535546f5,,,2025-09-11T03:34:16.869870,2025-09-18T05:22:16.869874,2025-09-16T09:12:16.869878,2025-09-17T15:54:16.869881
0a287548-b329-4777-a4b4-60ae33139817,vital_alert,Your blood pressure reading is outside normal range. Please contact your provider.,delivered,f34a3e7a-4e72-4cd5-92a9-fa168ca22357,53c3a2fb-7530-47e1-8ef5-d5bbc7a634c2,,,2025-09-15T19:55:16.869889,2025-09-17T16:10:16.869892,2025-09-12T13:29:16.869896,2025-09-17T19:30:16.869899
6eac746e-2474-4c0d-9678-be40481dc772,appointment_reminder,Reminder: You have an appointment tomorrow at 2:00 PM,read,1d7705e7-5f8c-4f34-b098-be1b61336a38,b0190461-7eed-446e-92b4-d93f062b7de6,07fa76d8-402b-4216-b15f-bf1f916e448b,,2025-09-15T18:42:16.869908,2025-09-18T08:55:16.869912,2025-09-11T07:43:16.869915,2025-09-17T07:54:16.869918
3864a49c-48bd-4ba5-bde6-5d69da9a3663,vital_alert,Your blood pressure reading is outside normal range. Please contact your provider.,pending,11fdcd89-d694-4c68-9892-8d18274cd1e4,9b16f33f-f475-41a9-86a3-40813ecf34a2,,,2025-09-17T02:15:16.869927,2025-09-17T23:09:16.869930,2025-09-17T23:50:16.869934,2025-09-17T15:10:16.869937
03c0373e-4145-47d8-8891-1477b3b10d76,vital_alert,Your blood pressure reading is outside normal range. Please contact your provider.,failed,5a718960-6096-4eff-b870-a10da060c084,413bee90-162b-489e-bd32-8c901fa06bbe,,,2025-09-13T21:28:16.869946,,2025-09-11T16:04:16.869949,2025-09-18T05:58:16.869953
e5433416-ad0f-4499-8370-52682e7317f1,medication_reminder,Time to take your medication,read,04992a63-75c1-4e6a-941e-a9c93d32b9d7,,,,,,2025-09-11T04:05:16.869960,2025-09-18T09:46:16.869964
6b6f5651-afac-47e4-a77e-8e29bb2905cc,appointment_reminder,Reminder: You have an appointment tomorrow at 2:00 PM,failed,eee30b9f-f375-4ef1-874c-90bcc402c569,,,,2025-09-18T12:04:16.869971,,2025-09-17T19:27:16.869975,2025-09-18T10:27:16.869978
748ea2a8-ec0f-4d56-b41f-c1e776a8ca0f,vital_alert,Your blood pressure reading is outside normal range. Please contact your provider.,sent,b4912363-1680-456b-be44-6cc495b57ade,,,,2025-09-13T04:24:16.869986,,2025-09-17T05:18:16.869989,2025-09-17T21:08:16.869992
cdf6297c-7878-4cee-acd7-6a75daf72581,general,Your test results are available in your patient portal,pending,9b3e8489-f463-49db-91fd-3a126ecfcfbf,,,,2025-09-14T16:13:16.869999,,2025-09-18T01:10:16.870003,2025-09-18T04:45:16.870006
3dd13401-4cb5-48f9-94a3-e673adbf89f7,medication_reminder,Time to take your medication,sent,616cdbdc-5ffd-4cae-bf2f-62ca43d647b5,,f549dcf1-97bf-4441-8862-607ced4cd543,,,2025-09-17T02:51:16.870016,2025-09-14T09:51:16.870020,2025-09-16T16:18:16.870023
9f8e40e5-1ea2-487f-90be-034e05d1c43a,system,System maintenance scheduled for tonight,pending,dfd44d8c-6768-467b-9dcd-14184a5cc133,,6a24255e-f9e8-4bb0-a710-9fa7689211df,,,2025-09-17T03:45:16.870032,2025-09-18T06:47:16.870035,2025-09-17T17:24:16.870038
5bd4e407-6a7b-4bf3-a3a0-99e015145cee,medication_reminder,Time to take your medication,pending,2e336a04-d6c0-4178-aee5-94571769088b,6377f5c9-0d35-4f4c-ba49-d5d9c77627f9,,4688f63f-5553-4ea3-bf72-c21e10b8ca5c,,2025-09-16T01:49:16.870047,2025-09-14T01:33:16.870050,2025-09-18T14:10:16.870053
ee3b3d73-d1be-4f35-bbab-876e82fc20d6,general,Your test results are available in your patient portal,pending,0824d223-afbc-4494-889c-8fcc22145f08,7e64d632-d499-4b26-bb96-f177b247cd96,,,,2025-09-17T06:53:16.870063,2025-09-14T04:55:16.870066,2025-09-17T07:31:16.870069
0e961c08-1333-42eb-acb8-ec003bbea41b,medication_reminder,Time to take your medication,read,4be81a89-0c57-4d76-beac-3ac9a0dbab18,,,,2025-09-18T14:44:16.870077,,2025-09-11T01:39:16.870080,2025-09-18T12:30:16.870083
26f82fa9-3aa9-45eb-90cc-9e3f5766385a,system,System maintenance scheduled for tonight,sent,7bbf7496-08e6-4bba-9084-17ee1ca961a4,6d447861-ecc9-42a4-aaf9-86c8218fab42,,8d254bcb-91c9-4377-969e-773f107a375d,2025-09-13T13:38:16.870092,2025-09-15T09:34:16.870096,2025-09-17T19:00:16.870099,2025-09-17T11:18:16.870102
8bb309b7-bf89-4a89-a29f-bcbbfd4357e2,general,Your test results are available in your patient portal,failed,b4e1afe6-e253-464d-a28c-f741ca3cc8c0,da4408a2-1b74-4b7d-8af6-29d50ca633ec,,,2025-09-11T16:48:16.870110,,2025-09-17T04:00:16.870114,2025-09-17T17:51:16.870117
e3f98a7a-57cc-4d87-a3eb-6a0598427c84,medication_reminder,Time to take your medication,delivered,d2e6ed0a-0514-498e-afe3-5ddd4625c173,,,,2025-09-13T19:18:16.870125,2025-09-14T22:47:16.870129,2025-09-15T14:52:16.870132,2025-09-18T07:04:16.870135
0ca5f7f3-2ac0-4df1-8653-4d6569731a2a,system,System maintenance scheduled for tonight,sent,c7450753-207c-415c-b0c0-cf7c84dbfc00,,,,,2025-09-16T12:42:16.870143,2025-09-15T17:59:16.870147,2025-09-17T03:08:16.870150
a5a55020-41a8-4192-8708-f31b59882d3f,vital_alert,Your blood pressure reading is outside normal range. Please contact your provider.,pending,1c23f0b0-af48-4fa1-b913-dcf8a5925b0d,8c1c9a7b-7129-456f-b1ff-06c9d9fd271f,,,2025-09-12T06:46:16.870158,,2025-09-11T15:11:16.870162,2025-09-17T10:16:16.870165
eeb33477-2034-4b3e-979d-4f63e1f360ce,vital_alert,Your blood pressure reading is outside normal range. Please contact your provider.,pending,bcfe4d6a-bd92-47dc-a5b9-41e0c0921858,4d2a52ab-154d-475d-b93f-8a20f53a9cad,,bc2dcf04-722d-436c-8391-7a53e2df4361,,2025-09-15T19:07:16.870174,2025-09-16T19:11:16.870177,2025-09-17T01:49:16.870180
14f0400d-521a-49bc-b4e2-b16e15fdd8c9,medication_reminder,Time to take your medication,delivered,a5709a7e-c5c7-42de-acda-8d8e6621eb87,,c4bae25d-92b9-49c5-b793-ff97a35f2ebe,,2025-09-11T16:11:16.870189,2025-09-16T12:17:16.870193,2025-09-11T04:11:16.870196,2025-09-16T20:36:16.870199
405ae810-950a-4fa0-867c-afc9d3830f4e,appointment_reminder,Reminder: You have an appointment tomorrow at 2:00 PM,sent,c025ff98-0005-4166-af42-475d6c1e6aee,45aca3bf-c627-47a8-be54-fe8268c3b4bd,,,,,2025-09-11T02:57:16.870208,2025-09-18T10:19:16.870211
d1fb68fd-b1f8-4a03-b6d6-3f3b970a278d,vital_alert,Your blood pressure reading is outside normal range. Please contact your provider.,failed,9d378b49-26df-49ee-9bbb-6edbb476ec9a,,,,2025-09-16T01:07:16.870220,,2025-09-11T21:36:16.870223,2025-09-16T20:49:16.870226
3d33e361-a78f-4ef0-afb6-196cb629756e,vital_alert,Your blood pressure reading is outside normal range. Please contact your provider.,read,e4898bf9-bdaa-4b5d-b967-d12951b0b6cb,,,,,,2025-09-16T12:31:16.870234,2025-09-18T10:12:16.870238
2c6b3a59-8d27-4968-89ed-de68339883e8,vital_alert,Your blood pressure reading is outside normal range. Please contact your provider.,delivered,20ae8b0f-8d44-4542-8abb-a1b14332e3b6,,,053f98da-e3ed-4b02-b84c-6c5687b59829,2025-09-16T01:25:16.870246,2025-09-16T21:19:16.870249,2025-09-13T13:14:16.870252,2025-09-17T11:06:16.870255
00827cdd-1808-47d5-b222-740a4568f118,system,System maintenance scheduled for tonight,delivered,b4912363-1680-456b-be44-6cc495b57ade,,,,,,2025-09-11T04:09:16.870263,2025-09-16T15:48:16.870266
29014b3d-2fe2-4474-b155-7d4c278c6e85,system,System maintenance scheduled for tonight,read,b9c23ee6-be10-433a-9505-bd4e57d0e8c7,,,,,,2025-09-14T10:40:16.870274,2025-09-18T00:42:16.870277
580549c7-e053-4717-a21e-bbc98e73848b,system,System maintenance scheduled for tonight,sent,c79c9504-9674-4ea6-bcea-43da9d0d27ef,,,,2025-09-12T08:27:16.870286,,2025-09-15T08:07:16.870289,2025-09-17T21:10:16.870292
d53b22a2-06aa-4ba4-b031-8a57e4c22b6d,vital_alert,Your blood pressure reading is outside normal range. Please contact your provider.,failed,720ef0f1-15d0-4913-90d4-578df7c09ec2,7582e9c8-66d1-4aa6-af31-9299968fd256,,,2025-09-13T11:38:16.870300,,2025-09-17T21:30:16.870304,2025-09-16T23:56:16.870307
c80332a2-9d1f-488d-a5ab-a32bfb9cca9c,system,System maintenance scheduled for tonight,failed,a50d7328-24f4-4e7f-acf3-0400f7d1b798,47d69d9a-f64f-4c51-a0c7-6f43fd3b9246,82c7893a-efe2-4088-bd8a-17d0d272e9f5,,,,2025-09-13T17:58:16.870317,2025-09-18T12:50:16.870320
2faa024d-e36e-4433-a639-00f7609e1ec1,system,System maintenance scheduled for tonight,delivered,2cf2b3c8-7c47-41e0-8f3f-bdc816dac7c8,d02074bc-4848-4e43-a74d-83924d18e2d8,,,2025-09-14T09:12:16.870328,2025-09-16T18:00:16.870332,2025-09-15T22:43:16.870335,2025-09-17T01:16:16.870338
52bb5d98-4024-431c-ab3b-f14327e91882,medication_reminder,Time to take your medication,sent,b7ef2476-1e1e-4337-aede-f1ff7dae571d,,,,2025-09-17T16:26:16.870345,,2025-09-14T10:10:16.870349,2025-09-17T00:57:16.870352
84fec574-9b15-4b66-aee7-2248c987c160,medication_reminder,Time to take your medication,pending,e7ede390-8689-4e1d-bcbe-c08309be74fa,df5b8263-ca41-4369-8b68-319bfe225bc5,,,2025-09-18T13:42:16.870361,2025-09-16T09:29:16.870364,2025-09-16T15:56:16.870367,2025-09-17T14:17:16.870370
616ffc42-279d-4043-8020-9d93ec2632a3,medication_reminder,Time to take your medication,read,8f20b8cc-71b3-44dd-98d6-d60aa3988cbf,,,a81941e9-858a-4ec2-8392-bfd9ac218dd0,2025-09-11T23:27:16.870379,2025-09-15T09:00:16.870382,2025-09-11T20:00:16.870385,2025-09-16T22:48:16.870388
4c47bed7-09b0-43f4-b061-3d4f45baa80d,system,System maintenance scheduled for tonight,sent,97442518-191f-431b-850b-192d07da9125,0a1b3208-a247-4044-9afe-ca9b2a00e806,d0f0d253-1d73-4a43-b8b1-fae9801c396a,b93557b7-b10d-45a7-a4e0-080d8682f422,2025-09-13T16:36:16.870400,2025-09-15T17:30:16.870404,2025-09-15T04:26:16.870407,2025-09-17T09:59:16.870410
f37074b0-4e00-413b-9dbf-ee23256eb807,system,System maintenance scheduled for tonight,read,17145cb0-f66a-4b07-9592-9ebb8862c1bd,,,,2025-09-15T05:00:16.870419,,2025-09-17T23:10:16.870423,2025-09-17T05:56:16.870426
34ebd361-b0ce-4feb-b312-4f24616df548,general,Your test results are available in your patient portal,delivered,26a40e0a-bf7a-4787-a57a-a78d0337f2cf,c065e99c-4ed7-44a8-bd44-bf5c457aa02d,e7faf1ed-2e67-4747-9431-5c0e41c2913e,,,2025-09-16T02:39:16.870436,2025-09-14T16:13:16.870440,2025-09-17T15:07:16.870443
6fea1cea-48af-4074-b271-f9c6aceeb56c,vital_alert,Your blood pressure reading is outside normal range. Please contact your provider.,delivered,c1efa820-3265-4b6f-a6f2-9dfe2b439a9d,5377561b-8731-43ef-9216-e7bb3687d629,,,2025-09-18T12:56:16.870452,,2025-09-13T16:44:16.870456,2025-09-18T12:39:16.870459
1d6fe306-1ae2-48ba-aa91-cfca39292913,vital_alert,Your blood pressure reading is outside normal range. Please contact your provider.,pending,df03243f-105e-4a9c-bddf-6c5c2e6d2734,,,803e4ac2-4dee-43df-be12-ee8e0a1f4a2b,2025-09-14T11:11:16.870468,2025-09-16T06:29:16.870474,2025-09-14T02:18:16.870480,2025-09-18T08:48:16.870486
2322d5a1-010e-47df-8f14-cbef5d1bfc02,medication_reminder,Time to take your medication,delivered,3957a4d8-4db4-4176-8d6c-5450d2303c29,1754de35-ddcf-47e2-b79c-ce38bfde60c4,,,,2025-09-16T02:59:16.870500,2025-09-16T18:44:16.870504,2025-09-18T05:47:16.870509
b81cc0d6-2a22-47ef-99f5-dd56e8fbdd31,vital_alert,Your blood pressure reading is outside normal range. Please contact your provider.,pending,5f1a1d0a-e23b-43ba-8512-8fc709185aa8,e1ec4f39-1168-4537-8f33-d7ed74b4de9a,,,2025-09-17T13:06:16.870519,,2025-09-14T21:48:16.870522,2025-09-17T21:54:16.870526
409c399f-67b5-4f41-a509-26eaaf0cc472,appointment_reminder,Reminder: You have an appointment tomorrow at 2:00 PM,delivered,d7787df1-77e1-4eb4-b9b0-774655186102,9731f737-d01f-407a-add2-c57012158e1f,0b0affbf-5e08-434f-8d98-9e1587adc80d,,2025-09-12T11:48:16.870537,2025-09-15T01:24:16.870541,2025-09-17T02:28:16.870544,2025-09-18T06:40:16.870548
f4a9718c-18cf-4b60-b6f3-ade63256a7b5,medication_reminder,Time to take your medication,pending,5e12fd47-6232-4ae8-bf7e-3d5d323ccd18,,,84ef1ffd-0052-443e-8f4a-830a932d7481,2025-09-18T12:40:16.870558,2025-09-15T05:23:16.870562,2025-09-17T02:19:16.870565,2025-09-17T02:55:16.870569
3fe77857-66ad-4aef-8974-eef8b74e77b9,vital_alert,Your blood pressure reading is outside normal range. Please contact your provider.,read,c073bf59-ed27-4f49-a837-8c210ceb82d2,00798d6a-c44b-4e4d-b610-c6334dd3b935,,,,2025-09-14T17:53:16.870578,2025-09-12T01:11:16.870582,2025-09-18T08:40:16.870585
bea505a6-e60e-417f-a3d7-d4a682dbbc83,general,Your test results are available in your patient portal,read,33dbd549-1a70-4486-a48e-aa9d715aa5dd,fd57eee1-c370-4577-8c94-a62bff241c5f,,,2025-09-11T03:34:16.870595,2025-09-14T19:29:16.870600,2025-09-12T06:22:16.870606,2025-09-17T19:10:16.870611
d98e179b-d45a-4c5c-8ac1-1bbc2d746ee7,system,System maintenance scheduled for tonight,sent,dcb30394-3332-4473-8dbb-280a3c3b908d,128229e2-4ed4-4f8d-95ad-69f6dc90ef17,,,,2025-09-16T07:20:16.870627,2025-09-17T14:45:16.870631,2025-09-18T14:02:16.870635
113df71a-ec9f-4863-a9c0-8f25b6e89d34,appointment_reminder,Reminder: You have an appointment tomorrow at 2:00 PM,pending,e7bd94f9-0b6a-4205-ba4c-4d94408e0929,,,,2025-09-14T23:41:16.870643,2025-09-15T06:11:16.870647,2025-09-16T09:18:16.870650,2025-09-18T09:24:16.870654
47e96026-ef92-4263-be47-edd401575cec,system,System maintenance scheduled for tonight,sent,6acb9ec6-d5a3-493a-b85b-c85cd66b1ec7,,fcb4b3b0-668a-4fd5-a942-fd6f8766e7e7,,2025-09-15T18:23:16.870664,2025-09-18T08:43:16.870670,2025-09-14T01:31:16.870676,2025-09-18T07:25:16.870682
346b7226-15dc-4ec5-becc-a14cd54a202d,medication_reminder,Time to take your medication,pending,b7ef2476-1e1e-4337-aede-f1ff7dae571d,,,,,,2025-09-15T15:29:16.870698,2025-09-16T16:33:16.870705
8ab6da6c-e8b8-4276-888f-fe453a9caf51,medication_reminder,Time to take your medication,read,d0bceb34-4ba2-46e8-b9d6-4dd2ed177f4f,e685b49b-ca6e-4cc9-8609-49c932afa092,0913eb32-bfdf-4c90-a160-a80befa38f73,,2025-09-11T19:07:16.870720,,2025-09-18T13:31:16.870726,2025-09-18T03:54:16.870732
9cba1882-64b0-48f3-b8b4-2be9a54047e7,vital_alert,Your blood pressure reading is outside normal range. Please contact your provider.,delivered,4fc5b3f7-2687-43e4-a6f0-40a66344e359,,,,,,2025-09-13T12:14:16.870742,2025-09-17T05:44:16.870745
ae9fe867-50ec-401d-b513-00bf7240ed20,vital_alert,Your blood pressure reading is outside normal range. Please contact your provider.,failed,1f11aa57-b4c9-4c92-a72e-81352a9e9fa0,,,,2025-09-18T05:59:16.870755,2025-09-15T09:43:16.870758,2025-09-17T17:22:16.870762,2025-09-17T08:00:16.870765
6c703650-99a8-4d09-bd79-05299610d05e,general,Your test results are available in your patient portal,read,4ac24933-1bfb-42f3-9106-b561feabe30e,,c83ebca9-0343-412c-8348-a65f65b85114,,2025-09-16T06:00:16.870790,,2025-09-17T12:38:16.870794,2025-09-18T08:18:16.870798
d8982ab9-ba6d-49b8-a394-e5d9fb088b18,system,System maintenance scheduled for tonight,read,04b6bf2f-0619-4168-a469-2fef8a446008,,,,,2025-09-15T10:04:16.870807,2025-09-13T05:56:16.870811,2025-09-18T04:06:16.870814
c0f94588-b398-41d1-be5d-6d2fc92cd0cb,general,Your test results are available in your patient portal,read,bdde4847-473f-478c-a62a-dc2712e064de,705c4ded-1679-43b4-806a-b83e6cd85326,,,,2025-09-14T21:57:16.870824,2025-09-11T04:38:16.870827,2025-09-17T12:32:16.870831
7f55a912-d8db-4cf7-9680-43a208566615,vital_alert,Your blood pressure reading is outside normal range. Please contact your provider.,sent,764aa1a4-8e08-4a4e-82c0-55bd1d70a006,,,,,,2025-09-13T10:04:16.870839,2025-09-16T18:23:16.870843
fed42458-30b5-448a-aba8-cfd107dd4617,general,Your test results are available in your patient portal,failed,287642c6-6f60-4007-822e-20826fcb02c1,,,,2025-09-12T01:57:16.870852,2025-09-15T21:19:16.870855,2025-09-13T03:57:16.870859,2025-09-17T18:31:16.870862
0e28046a-cd97-4447-addb-fddbaf5aad80,appointment_reminder,Reminder: You have an appointment tomorrow at 2:00 PM,pending,2987ecaa-ed06-42e3-bb5b-78d16d7dde56,57cfe621-85e4-46e4-8283-ac86a2aa4334,,,,,2025-09-12T20:35:16.870872,2025-09-17T18:57:16.870875
ecbc162e-71ee-4fe0-905e-110c0ae4f1c7,vital_alert,Your blood pressure reading is outside normal range. Please contact your provider.,sent,b30cf0be-a943-4149-9339-8993e2ee3e83,,,,2025-09-11T17:40:16.870884,,2025-09-16T12:21:16.870887,2025-09-16T15:32:16.870891
f7b9346e-56cd-4de0-91be-358b57a464c5,vital_alert,Your blood pressure reading is outside normal range. Please contact your provider.,sent,156d8d22-d65b-482a-8a5f-13c0fc358232,839885e4-b07e-4c7e-b66d-6729d8893f0f,44a3912f-d3c9-44f4-8677-3319366b7dd8,,2025-09-12T23:27:16.870901,2025-09-15T16:35:16.870904,2025-09-15T12:03:16.870907,2025-09-18T08:09:16.870911
a6a4d910-6ba6-4071-98b4-0fcfac467909,appointment_reminder,Reminder: You have an appointment tomorrow at 2:00 PM,pending,00d875ec-a1bc-4331-a3f6-ac6dbfb5ce6a,7203e28f-c7ba-4673-9eb1-e6555512612c,,,2025-09-12T15:59:16.870920,2025-09-16T09:11:16.870924,2025-09-18T01:39:16.870928,2025-09-17T16:25:16.870931
9d5b88e8-f808-45d0-9f92-0d52c50cd003,system,System maintenance scheduled for tonight,delivered,45f003ca-8f06-4636-b1af-31ccd14d5ba7,,,,2025-09-12T00:45:16.870940,,2025-09-17T13:00:16.870968,2025-09-17T01:52:16.870971
0d4b75f1-8426-413e-aade-ccde15769fb3,appointment_reminder,Reminder: You have an appointment tomorrow at 2:00 PM,read,2879c2ce-b7b4-4a74-a782-306fe67852ce,,,,2025-09-14T08:18:16.870983,2025-09-18T11:26:16.870987,2025-09-12T08:31:16.870990,2025-09-18T09:03:16.870994
50d85127-e334-4664-810b-6146d0bbe395,appointment_reminder,Reminder: You have an appointment tomorrow at 2:00 PM,read,b30a554c-0c6f-4e59-ae4f-aa6047ad83d7,ae6d94b3-8e90-407f-8b1f-243d4fb2b866,,,2025-09-16T11:54:16.871005,2025-09-16T09:28:16.871009,2025-09-11T06:03:16.871012,2025-09-17T06:26:16.871015
d36df11c-8e83-4079-9609-cafa2e34f90f,appointment_reminder,Reminder: You have an appointment tomorrow at 2:00 PM,pending,7439a159-4410-42ad-8a35-2d41c7f83d58,2a41b288-1ae1-4d69-8607-a9f81817ce37,,273c2350-28c6-4804-a90c-1479a5f6f876,2025-09-15T04:57:16.871034,,2025-09-10T17:08:16.871037,2025-09-17T00:44:16.871041
3db7d2a8-9fb5-40b1-adbe-6d9e8f5ed4a6,vital_alert,Your blood pressure reading is outside normal range. Please contact your provider.,sent,cf575e26-cdde-411a-a33b-b7eee306800c,,,9fd1407c-283f-499d-8e6e-49086c1c75ab,2025-09-14T00:24:16.871061,2025-09-14T20:00:16.871064,2025-09-15T11:44:16.871068,2025-09-18T13:43:16.871071
9d7bba38-b337-419f-a1c1-28d5563e3569,general,Your test results are available in your patient portal,read,26811faa-d036-45cd-874a-4d841eeb1fe1,,0748dfb2-fc27-4397-8edf-e446101a94b3,cdb60aca-9c73-446d-af75-9eb6ca6ce609,2025-09-16T12:07:16.871086,,2025-09-14T20:27:16.871090,2025-09-17T20:20:16.871093
ed140028-084f-4b3b-86ed-ba9fafdf08fd,system,System maintenance scheduled for tonight,pending,277b951a-47a2-4937-bae4-61fb48a45e14,,4dabc636-5cec-4a2e-89b3-364da46c485a,2f3285ad-54f0-4cfa-b681-6a9150a19ce9,2025-09-12T21:21:16.871110,,2025-09-17T00:30:16.871114,2025-09-17T13:44:16.871117
b8d1da63-41e3-4c06-868b-8680057d5034,vital_alert,Your blood pressure reading is outside normal range. Please contact your provider.,delivered,0074a656-e5a2-4c23-bb45-410aa10a102a,,,,2025-09-14T18:40:16.871127,2025-09-18T02:08:16.871131,2025-09-11T17:33:16.871134,2025-09-16T17:33:16.871138
70b7e866-f8e0-4627-bc5d-6afbbc3bc033,general,Your test results are available in your patient portal,delivered,207eb183-a6f4-4cca-9477-a56fa843fca5,,,,,,2025-09-16T08:20:16.871148,2025-09-16T15:54:16.871152
224a725e-a2e6-4616-9ac9-51a2dfc55ab4,appointment_reminder,Reminder: You have an appointment tomorrow at 2:00 PM,sent,ab74c005-8ed8-4dd9-9531-22326df462bd,eb74e71f-2745-4d53-8b39-0cd1af16742a,,,2025-09-11T08:55:16.871167,2025-09-17T21:29:16.871171,2025-09-15T18:29:16.871175,2025-09-17T06:10:16.871178
490da1c9-eff0-429e-b23a-b2be7f28062f,vital_alert,Your blood pressure reading is outside normal range. Please contact your provider.,sent,367dfac0-24bb-4150-9074-70d30db70541,,,,2025-09-17T01:55:16.871189,,2025-09-17T15:38:16.871193,2025-09-17T17:08:16.871196
416e4ad5-87e7-4011-bda8-13d2df948caf,appointment_reminder,Reminder: You have an appointment tomorrow at 2:00 PM,failed,50b9ae8a-7dd3-4675-8f40-e1415d7a12b7,,,,,,2025-09-15T14:41:16.871208,2025-09-17T10:48:16.871212
6ddccc2a-05b6-40f2-af84-9ebf4f859a04,appointment_reminder,Reminder: You have an appointment tomorrow at 2:00 PM,pending,d32fe584-cc17-4f52-b37d-929156275136,,7376e64e-241b-4254-8fb3-0e67239f6b89,,2025-09-17T10:28:16.871225,2025-09-15T04:51:16.871229,2025-09-13T07:48:16.871232,2025-09-16T15:40:16.871235
aeaacca3-d350-47bd-b883-1799fca59cde,system,System maintenance scheduled for tonight,pending,7607392b-ceeb-48c4-ae09-08bf0b9f7116,,,f2893a57-5602-4093-b60b-1185fbd716cf,2025-09-15T19:29:16.871247,,2025-09-14T01:29:16.871251,2025-09-17T18:50:16.871254
d77fedf4-b8f3-4143-b304-0ad3afaf075b,general,Your test results are available in your patient portal,sent,d5ffb96f-446a-4a37-a39f-5b681cdff809,64236db4-53a9-4160-b388-041d53fdfb78,,,,2025-09-18T11:59:16.871265,2025-09-18T10:54:16.871268,2025-09-16T18:17:16.871271
58d8171f-5271-4d6e-b5e3-d7a5fa7238aa,general,Your test results are available in your patient portal,pending,a1eb6e80-ba6c-493d-a910-2c0dc0d9562a,9561e639-9312-4a92-8b89-e99b08b3a5b3,,514c29c0-65b7-4901-bb96-7147ba594394,2025-09-18T01:59:16.871286,,2025-09-14T23:53:16.871290,2025-09-16T23:12:16.871293
750f01ff-fe0e-4394-a6f2-6a05415df0bd,medication_reminder,Time to take your medication,pending,af620fa3-af0c-42d0-9a36-65c76760aeb4,,6cba9a8c-f096-440f-a2ec-6584b6abcb23,,2025-09-17T21:04:16.871306,2025-09-15T21:43:16.871309,2025-09-11T11:52:16.871312,2025-09-17T21:39:16.871316
2ed095d8-c7ca-448b-ac68-bb63624f59f6,appointment_reminder,Reminder: You have an appointment tomorrow at 2:00 PM,delivered,b081eca7-0367-40e6-bb40-c1bfc7272304,,,7632eda4-d042-4828-90ab-0ef79e39dcf0,2025-09-10T15:53:16.871327,,2025-09-11T17:36:16.871331,2025-09-18T05:10:16.871334
3ed09450-46cd-42e0-a8a7-205aae30b7b7,general,Your test results are available in your patient portal,read,2d84a482-6bea-49da-accb-c2c6696d0564,,,,2025-09-11T03:43:16.871344,,2025-09-17T09:34:16.871348,2025-09-17T04:32:16.871351
1ece353f-bd8b-45d4-a346-5c06a1e648a7,general,Your test results are available in your patient portal,failed,2dc38974-0db0-4b49-a4e2-5e7ccf40d980,,,,2025-09-13T19:37:16.871360,2025-09-16T09:11:16.871364,2025-09-12T15:29:16.871367,2025-09-18T12:57:16.871370
8e1705fe-40b1-4f48-b2f4-968d40e7f6ad,system,System maintenance scheduled for tonight,pending,4759d19b-359c-4ee3-a024-d2d0863ff203,,0bc128d0-008b-4dac-8027-8c2a6c1baa2f,,2025-09-14T19:18:16.871382,2025-09-15T06:42:16.871385,2025-09-18T11:27:16.871388,2025-09-16T23:26:16.871392
a0c82a72-667e-4d66-b441-6cc96082a7cf,vital_alert,Your blood pressure reading is outside normal range. Please contact your provider.,failed,57683d05-66ee-4f39-8a9a-f80a635e92d4,,,ad776c75-72ca-44dd-8800-3fcd2fe7e877,2025-09-16T13:24:16.871406,2025-09-16T02:17:16.871410,2025-09-12T05:13:16.871413,2025-09-17T07:50:16.871416
d18d8a24-db09-4bb4-9d10-eedc1545eb51,general,Your test results are available in your patient portal,read,999dae52-bca4-4e79-895f-c47e3695d1c4,839885e4-b07e-4c7e-b66d-6729d8893f0f,,,2025-09-13T04:23:16.871427,2025-09-15T11:42:16.871431,2025-09-13T19:50:16.871434,2025-09-17T03:50:16.871437
ed754658-ca06-43eb-b30c-a3717792d43a,vital_alert,Your blood pressure reading is outside normal range. Please contact your provider.,read,298a9c50-63b1-4fd8-81c3-077cbe7e2f40,27be9057-6e46-467b-b291-ab4328e98c07,,7f393458-f68a-416d-9fc6-8a775ef77156,,2025-09-18T11:03:16.871452,2025-09-18T01:55:16.871456,2025-09-17T20:39:16.871459
2605c8c3-1530-41d7-a232-0833ab3f54ac,appointment_reminder,Reminder: You have an appointment tomorrow at 2:00 PM,failed,de0d31f7-5a37-4e91-a8b9-3d45c21e1f2e,0a922bd8-376f-4c07-a03c-ac5749ca95c0,,,2025-09-17T22:27:16.871470,,2025-09-15T16:40:16.871473,2025-09-18T03:33:16.871477
99ceb611-7071-4b6d-88de-7ea94c95b975,general,Your test results are available in your patient portal,delivered,4fc58c9c-53e4-4af4-97e1-c896696690f3,,,,,,2025-09-13T08:20:16.871493,2025-09-16T21:47:16.871496
801f2a40-4713-4d95-b720-6e2a0e6d4b54,medication_reminder,Time to take your medication,delivered,8c5bfe95-cc3e-407a-b6be-7cfb93e2fdd7,dd690034-885e-4f70-8e30-1b3bcd4931a0,,,2025-09-17T09:37:16.871509,,2025-09-16T00:28:16.871513,2025-09-16T21:31:16.871516
bbd63c9a-e528-4255-a4ad-8a51297ce5b0,appointment_reminder,Reminder: You have an appointment tomorrow at 2:00 PM,read,36105925-3126-4b22-805d-ed6428d4786c,6ea85407-d1ea-494d-82b5-e51bf23ffacf,1ed389ba-12f0-4e17-b2aa-a5fba53d26f9,efa7d3e0-283b-4e57-9741-ebd7cbb3d698,2025-09-16T05:56:16.871529,2025-09-15T07:33:16.871532,2025-09-13T20:27:16.871536,2025-09-18T12:23:16.871540
82e2480c-27c5-4221-91ad-1e45e6cee9e7,medication_reminder,Time to take your medication,sent,97442518-191f-431b-850b-192d07da9125,,,,2025-09-13T20:12:16.871554,,2025-09-17T21:52:16.871558,2025-09-18T11:23:16.871561
97ecbb2b-b8f2-491b-b8a2-d5aa169daa9a,vital_alert,Your blood pressure reading is outside normal range. Please contact your provider.,failed,9936c361-d55b-42b3-b373-571e8b09de60,,,,2025-09-15T02:11:16.871570,,2025-09-10T20:13:16.871574,2025-09-16T18:33:16.871577
36f17c9d-2b9e-4172-b03a-32edf5938ce8,system,System maintenance scheduled for tonight,sent,1581df74-7141-4384-a3ef-f8d581d272c2,621a5b99-ea7d-4461-ab0c-f55d87f52fda,,,2025-09-16T15:38:16.871589,,2025-09-14T15:04:16.871592,2025-09-18T02:37:16.871596
36014285-b654-4bbc-ba30-6a0393bbb41c,general,Your test results are available in your patient portal,read,df141af0-e584-4438-be83-6c60b54b06a3,637affd8-dc30-4167-b811-04f2f55e465b,,,,,2025-09-11T15:34:16.871607,2025-09-17T06:55:16.871610
a88b370e-20e0-4780-9187-99f1b244cd42,system,System maintenance scheduled for tonight,sent,80ab0bba-4c2f-4e79-b420-3ca459f14004,,,,,2025-09-18T11:49:16.871620,2025-09-14T07:10:16.871623,2025-09-17T14:09:16.871626
73b187aa-9d95-431e-958c-2025001a9e28,system,System maintenance scheduled for tonight,read,b985168d-ffc7-43bf-99d8-a4f29b7d052a,,,,2025-09-15T06:28:16.871636,2025-09-16T19:39:16.871640,2025-09-12T11:35:16.871643,2025-09-16T16:33:16.871646
72d372d9-46ba-4061-bb1b-39022a7db382,medication_reminder,Time to take your medication,failed,ec45c970-5038-48a5-b50a-984c13dcea83,,,,2025-09-17T22:09:16.871655,2025-09-17T22:33:16.871658,2025-09-13T12:16:16.871661,2025-09-16T23:36:16.871664
ac1c73a5-5879-4eaa-aa8d-12bc5d86cb0d,appointment_reminder,Reminder: You have an appointment tomorrow at 2:00 PM,failed,ed8469fd-8162-4805-9d3f-fc3912991182,95e435db-256e-48d0-be4f-1298d3891732,92357303-5114-42c5-9638-9d48be09efbc,,,2025-09-15T16:50:16.871677,2025-09-10T15:30:16.871680,2025-09-18T09:24:16.871684
2fc02d24-6a7f-4b65-8cbe-946c7a85a731,medication_reminder,Time to take your medication,delivered,de304371-728a-4cda-9e76-10651b1a49b2,,,,2025-09-11T18:51:16.871693,2025-09-18T13:21:16.871696,2025-09-15T18:44:16.871699,2025-09-16T23:07:16.871702
5c0b53ac-5cd4-437d-874f-dc5e80af52b8,appointment_reminder,Reminder: You have an appointment tomorrow at 2:00 PM,pending,a5418a19-4059-4ab6-9a39-b75afbe0efa5,86488f12-1f88-4a29-b2c8-09c527702fe9,,0425885c-9c41-4a99-83c7-f4eb2a908a5a,2025-09-12T06:40:16.871719,2025-09-16T09:18:16.871722,2025-09-13T06:12:16.871725,2025-09-17T04:05:16.871728
119f0eff-4572-4db4-ac3d-52be03b301a1,appointment_reminder,Reminder: You have an appointment tomorrow at 2:00 PM,pending,3b03d05c-a23e-4cc1-bebf-2cad20f6bee2,,7ed3fdb0-6e49-4626-aaf7-3167987c7d4e,,2025-09-14T20:36:16.871741,2025-09-18T11:50:16.871747,2025-09-14T15:05:16.871753,2025-09-17T14:53:16.871757
430340fd-6670-4b25-a740-8707b1e119c7,appointment_reminder,Reminder: You have an appointment tomorrow at 2:00 PM,read,110bd63d-e2ae-4949-8b27-4d37f2c700c0,53c3a2fb-7530-47e1-8ef5-d5bbc7a634c2,adbf58fd-b20d-4ccc-a55a-fe6c4d6f5e5c,1d6760c5-88c7-4e64-aa28-56d03ac0d5a6,2025-09-14T23:33:16.871772,,2025-09-13T19:26:16.871776,2025-09-17T19:01:16.871779
2bc106ee-7f04-4e10-acd7-2bffe3469070,vital_alert,Your blood pressure reading is outside normal range. Please contact your provider.,pending,b4acc33f-11ae-474a-9a1c-714245ad8d15,8c1c9a7b-7129-456f-b1ff-06c9d9fd271f,5fc5186f-a2d7-4824-984c-3c1129aefac4,,2025-09-15T11:10:16.871791,2025-09-16T20:57:16.871794,2025-09-13T11:47:16.871798,2025-09-17T10:26:16.871801
02b72da4-52d2-47db-b386-9bb88e68f632,appointment_reminder,Reminder: You have an appointment tomorrow at 2:00 PM,sent,ba87e6e4-9513-4d91-9a2c-bef5f28afb51,,,,2025-09-11T14:11:16.871813,2025-09-15T11:46:16.871816,2025-09-13T07:10:16.871819,2025-09-18T00:48:16.871823
6761b8fc-e4b0-4b0f-a764-958a543bd007,medication_reminder,Time to take your medication,delivered,57469473-d760-41ab-9ab4-d01ba521d172,8b0d3ff0-5e70-4393-936e-d3839ca3a279,1ed389ba-12f0-4e17-b2aa-a5fba53d26f9,8217c735-bdc8-4159-b69a-a05dbd72ed5d,2025-09-11T09:13:16.871835,,2025-09-15T21:16:16.871839,2025-09-17T14:50:16.871842
93379977-4325-4359-b877-f8bdc1a0eb90,medication_reminder,Time to take your medication,failed,9c2571de-29f2-4848-a365-71dfd4bc4517,e2ff7623-6369-4343-8bda-e542d149de6f,,916eef2a-1b99-42a3-bd5b-571214406662,2025-09-17T06:03:16.871859,,2025-09-15T14:23:16.871862,2025-09-17T16:01:16.871865
89198c9a-f84d-448a-bafb-7758bbf114f3,appointment_reminder,Reminder: You have an appointment tomorrow at 2:00 PM,failed,fde68870-54bc-40da-ad5e-a5c695948862,d4dc6dc8-336a-4d34-883e-7d1e8f9ef7ed,4cba9f93-7742-4590-be8e-db78d0198fdf,c4578d0d-d4dd-477b-9f34-5b9004a5e7cb,2025-09-14T12:55:16.871879,,2025-09-15T11:55:16.871882,2025-09-17T21:36:16.871885
f9aeed4b-cdd5-4622-a18f-5087f5f08d89,general,Your test results are available in your patient portal,read,a99b1ad2-940f-4451-8c9a-bc161c466820,54c04e37-21b7-4820-a3be-3f2992537e83,fedbaed2-497d-458a-b2a2-3493d7b9c1f0,c076ce8a-169e-4be5-bdbc-cd072abacb16,2025-09-16T19:16:16.871899,2025-09-15T19:02:16.871902,2025-09-14T04:13:16.871905,2025-09-17T04:47:16.871908
681e2ef9-c5c5-41f8-83f3-9ac90ea684d2,vital_alert,Your blood pressure reading is outside normal range. Please contact your provider.,pending,e0c2c170-d52d-4be3-8258-d3551871f65e,6d447861-ecc9-42a4-aaf9-86c8218fab42,,,2025-09-15T23:53:16.871918,2025-09-17T14:56:16.871921,2025-09-12T07:25:16.871924,2025-09-17T20:35:16.871927
6ad471f8-be14-4340-81a2-ca5741498863,system,System maintenance scheduled for tonight,read,dfc003dd-1ebc-4060-a4f4-ddf1e77aa282,4679723b-46ae-4a20-9f14-cd884165a798,,5e27b78a-b504-41d7-a4a5-3cfce12217cf,2025-09-11T04:04:16.871939,,2025-09-16T07:51:16.871942,2025-09-17T08:32:16.871945
24df8527-4c69-4249-a7ef-ee57aa916e8e,medication_reminder,Time to take your medication,delivered,16bdf39d-3500-4561-996f-32373c949caf,,,,,,2025-09-11T12:21:16.871955,2025-09-17T22:54:16.871958
28460ab7-699a-40ef-b85a-7172f2266068,medication_reminder,Time to take your medication,sent,4fc65e93-cd2c-4807-9087-3e9b4d0c95d0,69738bc6-c560-41bd-b7e0-80ec0f10897b,,3c2ce388-04f4-4040-9399-57c29d21b6e0,2025-09-11T08:56:16.871972,,2025-09-15T16:03:16.871975,2025-09-17T15:33:16.871978
e817752f-4fe7-4bba-ac91-b288a52ab437,general,Your test results are available in your patient portal,sent,832a0ed2-c9c5-41f7-a1fd-c1ccc5814304,,ce776148-7da5-4773-abea-bacf3fb0f872,,2025-09-11T11:53:16.871990,,2025-09-16T13:46:16.871993,2025-09-17T05:24:16.871997
cd449216-3ea9-4638-8ba1-127dc2f7a80c,general,Your test results are available in your patient portal,failed,d83502d8-39f6-4506-ac4d-0c00ca95b391,,,1891dd00-f0c7-4b60-8f92-cb48d6c41ca1,2025-09-12T09:28:16.872010,,2025-09-12T21:01:16.872016,2025-09-18T02:06:16.872020
cf4165f8-ae34-4598-8b4f-2ce3460e276c,system,System maintenance scheduled for tonight,pending,f0b0834c-0fe1-4d77-81af-72cda5c6c6ca,842bd272-9f92-4f0a-b365-c42cd92837ff,,,2025-09-14T04:41:16.872031,2025-09-16T09:32:16.872034,2025-09-18T09:00:16.872037,2025-09-17T15:55:16.872040
0f0c5d26-c104-437d-9106-1f578ff32f34,vital_alert,Your blood pressure reading is outside normal range. Please contact your provider.,delivered,3d62c054-3089-4fa3-af34-bf21ee71a21d,9ca09d83-4538-4c27-a0f2-f70054ecfe12,11ac0455-714e-465a-aadb-528e45c8921c,,2025-09-14T14:14:16.872055,,2025-09-14T04:14:16.872058,2025-09-18T00:55:16.872061
846f5997-830a-45de-82b6-ae6fc8300f9b,vital_alert,Your blood pressure reading is outside normal range. Please contact your provider.,sent,d1069cca-77be-4f99-a530-300f1f1a9a5e,ee2b76d8-fd6e-4c6d-bdef-21250039435a,,,2025-09-11T05:41:16.872072,2025-09-15T11:33:16.872075,2025-09-12T05:12:16.872078,2025-09-18T02:21:16.872081
2e9bc7d3-1867-4b19-b893-8750d52bbf73,appointment_reminder,Reminder: You have an appointment tomorrow at 2:00 PM,delivered,54c1dd85-a237-44e2-b98a-071efef0e811,,,,2025-09-17T09:10:16.872090,,2025-09-18T12:23:16.872093,2025-09-16T18:04:16.872096
871ee92a-2591-461d-b51c-e41df310bbf9,vital_alert,Your blood pressure reading is outside normal range. Please contact your provider.,sent,d1a043f5-0860-4c5b-b638-ccbb8d80c378,,02983118-7183-4acd-a058-910ea30abb89,0095e868-2c4a-49fe-8989-66d1e3cf67b2,,2025-09-16T14:58:16.872109,2025-09-11T19:46:16.872112,2025-09-18T04:21:16.872115
7a5bab85-1a35-4028-b7ff-62caa7613b92,medication_reminder,Time to take your medication,sent,7ee999ff-c7bd-4bd2-a7fa-7460e992cdbb,,,f9c70cbf-376b-4c35-96cf-a91690a9853c,,2025-09-15T10:25:16.872129,2025-09-17T23:32:16.872132,2025-09-17T09:16:16.872136
d43d8d0b-cec5-401c-b6c3-7ee6b476dbec,system,System maintenance scheduled for tonight,failed,23a31dac-4bd2-46dc-ae80-32dced1f50bb,493b762d-3d94-4f18-91f0-8f293d5bde5a,,,2025-09-14T17:46:16.872148,,2025-09-18T03:08:16.872151,2025-09-16T17:39:16.872154
5cddfbad-3618-45ca-9fc6-7006b8a17384,vital_alert,Your blood pressure reading is outside normal range. Please contact your provider.,failed,c3da87dc-d8bf-4e06-88d8-ca30f3cb22cc,160c34e6-b182-437b-93bf-5250c3eb6d58,,,2025-09-16T15:52:16.872166,,2025-09-15T08:49:16.872170,2025-09-17T16:52:16.872173
41186f78-f3c0-4dc0-a7f5-55013a18d9c1,system,System maintenance scheduled for tonight,failed,44f299c9-417a-498e-ab76-e045cef29233,76ef28e5-9ee1-48fc-be08-eb31271974a3,,86a43c69-c212-4d64-91d1-01ff29794533,2025-09-14T11:42:16.872187,,2025-09-13T00:49:16.872190,2025-09-17T03:28:16.872193
cdd259bf-cf3c-4323-9cd1-a493156fcec4,system,System maintenance scheduled for tonight,sent,fb0a2cd7-a769-4a44-9d45-8b066eb84584,,,,,,2025-09-17T02:03:16.872204,2025-09-18T11:43:16.872207
e889355b-7fa6-4b2d-950e-4c5aa4eb2fd1,system,System maintenance scheduled for tonight,pending,7607392b-ceeb-48c4-ae09-08bf0b9f7116,,655e8115-a684-421c-9de1-1bd60c9e8ee1,,,2025-09-17T03:26:16.872217,2025-09-16T00:53:16.872220,2025-09-18T02:09:16.872223
b928200c-c54a-41ce-ab88-159c54202eef,system,System maintenance scheduled for tonight,read,1b67f2a9-6732-48d7-91ee-23bb3ec604aa,060cdae9-24b7-45ac-a711-f2efddfee099,,,2025-09-16T17:04:16.872234,2025-09-16T23:29:16.872238,2025-09-17T22:37:16.872243,2025-09-18T01:33:16.872246
1a33c5f4-063b-439b-a86d-e59bbdf1922b,system,System maintenance scheduled for tonight,read,b3931b44-0b2a-4b8f-8a04-fe221bbfd18a,21284756-c609-4a54-b2ec-cfa89bc3178c,,,2025-09-15T00:54:16.872264,,2025-09-14T14:36:16.872271,2025-09-18T06:25:16.872274
b9a6bf41-3bed-4bf5-8a54-0e0679e07ee9,vital_alert,Your blood pressure reading is outside normal range. Please contact your provider.,pending,535db4ff-e833-44a9-b6b5-aa465b1b115c,,,,2025-09-12T01:14:16.872284,2025-09-17T19:54:16.872287,2025-09-14T16:47:16.872290,2025-09-17T12:35:16.872293
e3fde16d-21fe-46e5-bf2d-733d2a04ca7b,vital_alert,Your blood pressure reading is outside normal range. Please contact your provider.,sent,095fb325-22b9-4958-a233-ff5c7a6b3517,30b35f0a-5671-44b0-81e9-75695b759aed,,,2025-09-10T17:06:16.872302,2025-09-14T15:13:16.872305,2025-09-16T14:52:16.872308,2025-09-17T14:58:16.872311
7163bcaa-a275-4440-ba0e-a3b706a74cf0,system,System maintenance scheduled for tonight,delivered,616cdbdc-5ffd-4cae-bf2f-62ca43d647b5,56cb87a5-b589-4f4b-a73e-4d5ee529a74d,,,2025-09-11T08:29:16.872320,2025-09-16T15:14:16.872323,2025-09-14T22:30:16.872326,2025-09-18T05:50:16.872330
f46b6bae-ac02-4055-a5d5-374f0fb482c0,vital_alert,Your blood pressure reading is outside normal range. Please contact your provider.,pending,ff8835fd-4289-4640-98d9-81d7d99aa096,af672d14-4564-4eba-b7d2-33d0d642ffdf,,,2025-09-16T07:14:16.872338,,2025-09-10T23:32:16.872342,2025-09-16T16:21:16.872345
4557eae5-2e30-47df-96fd-cb5999afee7d,system,System maintenance scheduled for tonight,sent,dab1b126-a6d3-44c2-892a-cde7d408b894,7fc1937c-2be6-4280-9bbe-9e7c028a26ed,,,2025-09-13T12:03:16.872353,,2025-09-15T01:18:16.872356,2025-09-17T03:18:16.872359
3fafefa6-8b7d-424f-9107-2f2fc8fd0779,system,System maintenance scheduled for tonight,delivered,2e09fb7d-41ae-497a-81b2-732e6b447685,930260e7-4794-4d23-906d-4f8eef974d56,cec95a3c-3c31-4a07-975e-dacca11092ca,,2025-09-12T16:56:16.872368,,2025-09-12T09:55:16.872372,2025-09-18T13:13:16.872375
b65e4592-9ca5-4907-ba00-25fab9018b50,system,System maintenance scheduled for tonight,read,94e183d0-eb44-4930-bde3-0908bdf4ef54,,,,2025-09-16T17:54:16.872384,2025-09-15T04:10:16.872387,2025-09-11T22:21:16.872390,2025-09-18T09:23:16.872393
73da9c3f-0979-47ef-b6fe-34d03de6e5be,system,System maintenance scheduled for tonight,pending,4fed0ea2-44f7-40ae-8dae-b1b9831c7d24,eed57c32-e64c-4387-9f4a-f380ae7ce8bb,4dd3cfe9-dac7-40a4-954f-705223aa90cd,,2025-09-13T14:26:16.872402,2025-09-17T07:12:16.872406,2025-09-18T09:37:16.872409,2025-09-16T16:29:16.872412
d38a2957-091d-40e6-b1db-f2630dfcb9d5,general,Your test results are available in your patient portal,pending,01e670bd-d7e8-4ba1-836a-0791d539562d,,d4307ed3-2fdf-478f-be7a-e833386b316a,,2025-09-17T11:30:16.872420,2025-09-18T04:50:16.872423,2025-09-12T22:26:16.872427,2025-09-18T06:15:16.872430
df4352b2-ada1-4109-ae49-3531e1056e5f,appointment_reminder,Reminder: You have an appointment tomorrow at 2:00 PM,read,adc38990-f1bd-4c57-bf00-b7e9ab0c8228,ef24fb85-81b3-49eb-8a4f-e4d03f1db4dc,,378f8bc4-1151-4905-b851-49b803975ed7,2025-09-17T07:44:16.872439,,2025-09-12T17:52:16.872442,2025-09-17T15:34:16.872446
9180ba81-209e-4dc6-9bcf-98ec0c6150be,general,Your test results are available in your patient portal,pending,4f4a61b0-c62b-4d59-a1ea-0369d04a1202,,3eab2ae2-8d08-4b01-a82e-1e03384630b3,,,2025-09-16T08:01:16.872455,2025-09-16T23:54:16.872458,2025-09-16T16:49:16.872461
dbe7034d-dac8-4c2f-b7c0-f1695e6bfc2b,system,System maintenance scheduled for tonight,pending,31c3d8d5-66fe-4d83-82cf-0951777ad010,ab135d25-845e-430a-99c1-cbb2894bd44c,b678abf1-a7d6-4c43-9ac8-321393e87832,,2025-09-17T22:38:16.872470,,2025-09-15T13:56:16.872474,2025-09-16T15:36:16.872477
095f3a58-6b32-45ee-97df-0eeb8878b8f3,appointment_reminder,Reminder: You have an appointment tomorrow at 2:00 PM,failed,6dc70cd7-a1ad-493c-b4a6-78a4abc9aa17,,,,2025-09-14T09:30:16.872485,2025-09-16T02:31:16.872488,2025-09-12T01:33:16.872491,2025-09-16T23:10:16.872494
e388a831-81d9-4f4c-ab8e-6cc641e66f96,general,Your test results are available in your patient portal,read,17145cb0-f66a-4b07-9592-9ebb8862c1bd,,c83ebca9-0343-412c-8348-a65f65b85114,,2025-09-17T00:26:16.872503,2025-09-18T13:47:16.872506,2025-09-12T04:04:16.872509,2025-09-16T16:41:16.872512
2598a3b5-e007-4925-8de0-27f36efb1764,appointment_reminder,Reminder: You have an appointment tomorrow at 2:00 PM,failed,bb46acc7-c0d4-456f-8e6f-7dffa22031a8,89694b0e-ca13-4e3e-8c1c-d19ee59b3504,d6875be2-350e-44d4-a204-ab2f394e1752,,2025-09-15T04:43:16.872521,2025-09-16T19:43:16.872525,2025-09-16T22:04:16.872528,2025-09-17T07:40:16.872531
0efc82db-73e0-4774-b35a-965f109a03c2,system,System maintenance scheduled for tonight,read,97751ffc-e187-4287-8e0e-65f6935ec048,41164de2-2697-47be-be9b-6d6c57382bd6,07b6b6d0-7eda-46b8-9469-b6d1495f9afa,5359014f-78f4-436d-a001-db48bed8f235,2025-09-17T02:42:16.872541,,2025-09-14T22:49:16.872544,2025-09-17T07:57:16.872547
ed1ba502-1af1-43e4-a774-a91423728b30,vital_alert,Your blood pressure reading is outside normal range. Please contact your provider.,pending,b081eca7-0367-40e6-bb40-c1bfc7272304,,,,2025-09-12T03:56:16.872556,2025-09-15T19:36:16.872559,2025-09-12T19:58:16.872562,2025-09-17T14:50:16.872565
f36887f6-5eeb-4d64-b060-c8c9b90d9c23,medication_reminder,Time to take your medication,delivered,b145bf25-6f6a-4dcc-b28f-51134d2a6b42,9a075674-1d94-4aaf-a877-d2c868910cba,,4fde5a8d-acbd-4226-8d41-dcd40b86fa13,,,2025-09-15T21:00:16.872575,2025-09-17T14:20:16.872578
900a124c-21b8-4adb-8f88-b018d565ceee,vital_alert,Your blood pressure reading is outside normal range. Please contact your provider.,read,61d6ebc2-43f7-4c6d-bfa3-e114c0c3335c,,,,2025-09-10T20:16:16.872586,2025-09-15T00:42:16.872589,2025-09-14T02:46:16.872592,2025-09-17T04:20:16.872596
b4a2a064-a868-4602-83d5-045516e8aab1,medication_reminder,Time to take your medication,pending,5968a2df-5cfb-406e-964f-61ebe9b3247f,2e1cc915-383f-4239-9a52-568e1676da69,,,2025-09-18T08:47:16.872604,2025-09-14T23:10:16.872608,2025-09-14T22:43:16.872611,2025-09-16T15:09:16.872614
7ac6db2b-2bfb-4397-8ac4-ee2467ada252,vital_alert,Your blood pressure reading is outside normal range. Please contact your provider.,failed,7607392b-ceeb-48c4-ae09-08bf0b9f7116,e69b94bc-0e07-4bea-8771-2e59341e582e,,,2025-09-12T23:03:16.872622,,2025-09-11T05:38:16.872626,2025-09-17T15:31:16.872629
15174b05-9162-45f6-a5df-b43c44120b3d,medication_reminder,Time to take your medication,delivered,51361251-3256-4e21-a344-0eede019c9ef,160fd856-ee4c-48d5-b385-3c060bb9aab0,,,2025-09-15T22:08:16.872639,2025-09-15T20:49:16.872642,2025-09-18T03:35:16.872645,2025-09-16T15:56:16.872648
e32abf5b-7b3e-4bdf-ab96-db7dbe601aff,vital_alert,Your blood pressure reading is outside normal range. Please contact your provider.,sent,043bd0c6-16d9-475a-97f7-948a90db92bd,,,15f378df-1368-4464-bd66-e896a019dc19,2025-09-10T19:39:16.872657,,2025-09-15T00:45:16.872660,2025-09-17T15:42:16.872663
263d990b-6bbc-469c-87c6-d4e277aa9451,appointment_reminder,Reminder: You have an appointment tomorrow at 2:00 PM,pending,12c8352d-11b6-49b2-a95d-cc5e8bb86a20,41164de2-2697-47be-be9b-6d6c57382bd6,17108f95-867b-498c-98ff-2de26828fa15,,2025-09-11T15:56:16.872672,2025-09-15T23:05:16.872675,2025-09-16T21:41:16.872678,2025-09-17T01:15:16.872681
7834bcdb-9f25-406c-ad7d-e6efb74c4d6b,system,System maintenance scheduled for tonight,delivered,4ad4881b-a9e8-44fb-ae12-f732d70c37ce,,,,2025-09-14T14:20:16.872689,2025-09-15T20:25:16.872692,2025-09-11T02:55:16.872695,2025-09-17T08:24:16.872699
a99b0cbb-7e1b-44eb-8b7f-1676c15ec222,vital_alert,Your blood pressure reading is outside normal range. Please contact your provider.,failed,66afab6b-bb36-4ddc-8733-0c7f1f6336ff,1ae4c7b2-3f21-436f-a07b-f6835fa7848f,,,2025-09-14T02:37:16.872707,,2025-09-15T01:33:16.872711,2025-09-18T12:13:16.872714
3a804305-802a-414e-96e1-b4a0db7962da,appointment_reminder,Reminder: You have an appointment tomorrow at 2:00 PM,delivered,97442518-191f-431b-850b-192d07da9125,c4e96971-ea51-4ebe-9d3c-19a42d1b4211,,,,,2025-09-13T03:41:16.872723,2025-09-17T00:19:16.872727
83706530-1f08-4a1d-9b38-f22374f013b6,appointment_reminder,Reminder: You have an appointment tomorrow at 2:00 PM,failed,6ce8b3b0-34a1-4b60-9ef0-8027578e7efd,2b61a709-0749-403e-95c0-f17464e06d4e,,,2025-09-14T07:49:16.872735,2025-09-17T00:43:16.872739,2025-09-15T21:29:16.872742,2025-09-18T14:49:16.872745
bee3c4d9-f670-4d0b-8eab-c7b81d906a4a,vital_alert,Your blood pressure reading is outside normal range. Please contact your provider.,delivered,287642c6-6f60-4007-822e-20826fcb02c1,,,,2025-09-15T14:21:16.872752,2025-09-16T19:31:16.872755,2025-09-16T11:16:16.872759,2025-09-18T07:20:16.872762
cda2758a-a7fa-4a71-9eee-5e7cbf2d1a16,system,System maintenance scheduled for tonight,delivered,a374bbda-0ce4-4108-a7eb-5a0ab735ab27,,,,,,2025-09-12T08:24:16.872770,2025-09-17T21:09:16.872773
b9181acf-3e36-4294-8edd-57bc8f55aa68,appointment_reminder,Reminder: You have an appointment tomorrow at 2:00 PM,sent,2879c2ce-b7b4-4a74-a782-306fe67852ce,,62b1a872-6de1-4197-9314-52a1364b3703,,,,2025-09-18T14:20:16.872781,2025-09-18T05:53:16.872785
55a2618a-e153-4935-a375-55c167117db2,general,Your test results are available in your patient portal,read,0bc88ed4-5a17-4a59-ad91-49aff93e2fff,,46692903-79d9-4d6f-967d-5928bbdf7ddb,,2025-09-16T22:12:16.872793,,2025-09-13T02:30:16.872796,2025-09-17T21:14:16.872799
327f3e7f-be71-4430-9a2c-b7053dd7073e,system,System maintenance scheduled for tonight,failed,88f2596a-3e7e-4130-b0b0-923e6e284873,,,,2025-09-16T09:29:16.872807,2025-09-18T02:03:16.872810,2025-09-11T02:50:16.872813,2025-09-16T15:16:16.872817
da599f4e-005b-42eb-8d8d-af6584642765,appointment_reminder,Reminder: You have an appointment tomorrow at 2:00 PM,pending,3dc067b6-916f-4c3e-aa14-ef05640f1374,32772c7d-6923-446d-a921-9f06dc796a4d,,,2025-09-16T01:22:16.872825,2025-09-15T15:35:16.872829,2025-09-13T12:36:16.872832,2025-09-16T22:23:16.872835
5dfcedce-4f1e-4321-8ccb-8f5bfff0dd27,medication_reminder,Time to take your medication,failed,9f98e0cb-970c-4af7-a9b7-e5c329807852,9aa86ded-c50b-48a3-813f-e1bf98c326ff,,,2025-09-11T21:56:16.872844,2025-09-17T00:38:16.872848,2025-09-10T16:37:16.872851,2025-09-18T00:15:16.872854
43796074-0e7f-4924-95b6-ff9f29e46b30,system,System maintenance scheduled for tonight,pending,4ab72b49-5593-4d77-81d4-08fbf35b30e1,,,,2025-09-17T01:20:16.872862,2025-09-18T00:57:16.872865,2025-09-17T08:16:16.872868,2025-09-17T01:56:16.872871
10693c6e-af55-47e2-a86c-c5d00658b520,medication_reminder,Time to take your medication,sent,4bf3c9e6-cde8-415d-96a6-6d2c74512b58,,,,2025-09-17T20:07:16.872880,,2025-09-18T09:46:16.872883,2025-09-18T04:27:16.872886
80d18e51-794e-4b1a-92c9-ba5045bb1575,medication_reminder,Time to take your medication,delivered,e698e519-1391-4747-9775-6ba786c96b1e,2a53116d-560c-4a1a-8f45-ebb7bedb6860,,,2025-09-15T03:05:16.872895,,2025-09-18T04:43:16.872898,2025-09-17T00:35:16.872901
8c214543-d3ef-4799-bd42-eda2ef5eab73,appointment_reminder,Reminder: You have an appointment tomorrow at 2:00 PM,delivered,13f42695-83a4-4558-bb8c-6193315e2c35,,feafedb2-fd40-415c-8547-ece556f529f4,,2025-09-12T06:18:16.872909,,2025-09-15T13:29:16.872913,2025-09-17T09:02:16.872916
12d689fc-77ce-473b-a879-1176cf0d0aab,system,System maintenance scheduled for tonight,delivered,2f643517-be0b-4c33-8ef0-8419656a8bf8,,,,2025-09-11T17:06:16.872924,2025-09-14T23:58:16.872927,2025-09-13T01:38:16.872930,2025-09-17T21:55:16.872933
e382332b-8f2c-426d-acc4-14f630d3db0e,vital_alert,Your blood pressure reading is outside normal range. Please contact your provider.,delivered,66b8c32b-75f5-4ab3-bccd-27d843350aac,402aac06-b115-4033-8021-9794a32999f0,09967673-1e4f-40d2-9eb4-c3febd943a57,,2025-09-11T20:49:16.872942,2025-09-16T10:34:16.872946,2025-09-15T10:49:16.872949,2025-09-18T08:11:16.872952
d270c31b-b628-4b26-8a43-c4449146ed1a,system,System maintenance scheduled for tonight,pending,5ee12ec2-ee1f-46fe-a9ae-b7d647c6e07f,bbf45e34-7fe1-4f7c-8b39-d55f717a33ed,,,2025-09-15T12:12:16.872965,2025-09-16T05:42:16.872968,2025-09-17T02:35:16.872971,2025-09-16T23:54:16.872974
deb05394-19ff-4339-823f-0580d4c7d869,vital_alert,Your blood pressure reading is outside normal range. Please contact your provider.,delivered,bf7e8559-55bd-4bf6-b674-28b06abcac78,,,,2025-09-13T06:09:16.872982,,2025-09-11T10:27:16.872986,2025-09-17T21:57:16.872989
52be74a1-4149-4a3d-bde0-4abde0e25a7a,appointment_reminder,Reminder: You have an appointment tomorrow at 2:00 PM,read,8f1799bc-6803-42e0-9567-a31ed7fba837,,,,,,2025-09-14T23:00:16.872996,2025-09-16T20:49:16.872999
c7a6ffc7-c950-4557-92ea-e2ff178beb3b,system,System maintenance scheduled for tonight,sent,c1918190-8d49-48ee-9bc1-a0f81c918aa3,296db744-c10d-4098-b56a-1d5f17b9a2c0,,599e424a-ea62-46b9-bc2f-bb0bc9c6a9d5,2025-09-15T00:00:16.873009,,2025-09-11T16:00:16.873012,2025-09-18T05:24:16.873016
3b595718-0472-4a02-bbd9-e89b5234bddb,appointment_reminder,Reminder: You have an appointment tomorrow at 2:00 PM,pending,952135d8-e887-4b05-9ec4-280de160b2b7,,,,,,2025-09-15T01:40:16.873024,2025-09-17T18:13:16.873027
7a7800ff-2a64-4dc4-a28c-26b0aa0a24f5,medication_reminder,Time to take your medication,sent,185d2773-c70a-4e0e-bda0-0ffe5cc6d7d9,7a036658-3793-4f52-9755-8ce90e4b9277,f84c67bb-60f7-4699-8f54-850639ec76fd,,,2025-09-17T10:48:16.873037,2025-09-16T11:04:16.873041,2025-09-18T06:53:16.873044
3aeb480b-adff-4fa8-8e8a-aef7af54a7ca,medication_reminder,Time to take your medication,pending,4d968001-075a-46da-9a1f-7aa3a0586574,,,,2025-09-11T00:16:16.873052,,2025-09-12T10:29:16.873055,2025-09-17T00:16:16.873058
4558413c-6579-4d06-b4bc-7008dffcbe87,medication_reminder,Time to take your medication,pending,d1bd7022-4b90-4609-b83f-3c0fb9b84e45,,,,2025-09-15T22:57:16.873066,,2025-09-14T11:37:16.873069,2025-09-18T00:10:16.873072
d8c349dd-fc38-47f3-a852-d00dd66525a3,general,Your test results are available in your patient portal,failed,6363c48b-bc0d-45d8-bb37-6b2f5e86e112,c065e99c-4ed7-44a8-bd44-bf5c457aa02d,,,2025-09-12T16:09:16.873080,2025-09-17T05:44:16.873084,2025-09-13T12:30:16.873087,2025-09-17T05:40:16.873090
46431f0e-7887-4dbc-88b2-768399c75abe,system,System maintenance scheduled for tonight,pending,71c2a793-cd69-4da4-9c71-7ae692d21d3c,,,,,,2025-09-16T14:19:16.873098,2025-09-17T15:11:16.873101
42e08b9b-a852-4308-89de-85abb40675a5,medication_reminder,Time to take your medication,failed,16c77fdc-8916-4d79-be99-6502cd3d6bef,00c51e1e-5a0d-4cee-9956-c3cd0d82c44a,,,2025-09-14T08:46:16.873111,,2025-09-15T12:21:16.873114,2025-09-18T02:26:16.873117
180440b9-b8f1-4e12-b260-e55e89d0e548,medication_reminder,Time to take your medication,failed,b3931b44-0b2a-4b8f-8a04-fe221bbfd18a,5ec65c5d-6b69-43f5-a121-04dd5191ede5,,,,2025-09-16T23:24:16.873125,2025-09-13T01:47:16.873129,2025-09-16T18:44:16.873132
cade128c-c7ec-4046-b4de-de15d3023265,system,System maintenance scheduled for tonight,pending,44f299c9-417a-498e-ab76-e045cef29233,7871f41f-bff3-47f0-afb5-aec492eccb3d,,d58acbce-629e-4ca8-855e-708db2bb4310,,2025-09-16T03:14:16.873141,2025-09-17T07:02:16.873144,2025-09-18T00:36:16.873147
21a75fcf-c2fe-4f10-b895-554f5cc4bed4,general,Your test results are available in your patient portal,read,488f7ab7-c549-4e5d-8b10-1d99cbd43b55,,,,2025-09-16T22:00:16.873156,,2025-09-17T04:42:16.873159,2025-09-16T17:21:16.873162
449fe88e-b6df-4653-8fe6-f388e447736a,appointment_reminder,Reminder: You have an appointment tomorrow at 2:00 PM,failed,e5269cac-c5e9-4b27-90f5-c3c5a705f945,c16e197b-6037-4d91-b6c1-96ce204bf38b,,,2025-09-14T04:17:16.873170,,2025-09-16T00:11:16.873174,2025-09-17T15:31:16.873177
c6b22533-a1fd-499c-82b6-7a53a5252a85,medication_reminder,Time to take your medication,sent,2fa5fe8c-b02d-453d-b3d0-dcfd2b3bfcd4,f4463e3f-699c-4ee7-9f67-8c47b0593046,,,,2025-09-17T20:55:16.873186,2025-09-12T20:07:16.873189,2025-09-17T23:46:16.873193
f4fece14-c29b-4853-af0d-ad8084e4dbeb,system,System maintenance scheduled for tonight,delivered,aeab74f2-ec0c-401c-8cd7-7b7f01a30984,,f66a0cbe-928a-4761-94cc-f20f847c5e44,,2025-09-15T12:20:16.873201,2025-09-18T06:23:16.873204,2025-09-17T00:15:16.873208,2025-09-17T12:21:16.873211
b078949d-7d84-4a38-ba5c-278f97054f72,general,Your test results are available in your patient portal,pending,8e106a8b-7b7d-44e4-98fc-2822bb0cbc77,7b9c302f-aa50-427f-a11e-76e4375ee8f6,,,2025-09-15T18:31:16.873220,2025-09-15T21:55:16.873223,2025-09-13T06:22:16.873226,2025-09-16T22:29:16.873230
c2b63957-8aae-4d2a-8ad5-cc176b6ef641,medication_reminder,Time to take your medication,pending,82388688-5bd1-4e65-9cc6-814a3360c2ca,,,,2025-09-11T02:14:16.873237,,2025-09-12T08:55:16.873241,2025-09-16T22:47:16.873244
e8a72cd9-6420-43ff-bc6d-0c4fe317c958,vital_alert,Your blood pressure reading is outside normal range. Please contact your provider.,delivered,31131021-9f69-4534-8706-dd6df0af18f3,,,,2025-09-12T10:40:16.873252,,2025-09-17T18:08:16.873256,2025-09-17T20:20:16.873262
9ae6af6e-bb42-4a95-a666-ba1de639157e,appointment_reminder,Reminder: You have an appointment tomorrow at 2:00 PM,read,5205ca8a-8f48-406d-92ae-99272f8f1dbc,,,,2025-09-13T02:13:16.873271,2025-09-15T15:03:16.873274,2025-09-18T14:44:16.873277,2025-09-17T08:41:16.873280
4d7880ae-fea6-4fbe-94e8-9e892cce62e3,appointment_reminder,Reminder: You have an appointment tomorrow at 2:00 PM,pending,45f003ca-8f06-4636-b1af-31ccd14d5ba7,07458549-f30a-4cee-835e-6911269b2b92,,,2025-09-13T01:05:16.873289,,2025-09-15T09:50:16.873292,2025-09-16T22:08:16.873295
659a8bdd-0335-4db5-b69b-dc80ad57a351,medication_reminder,Time to take your medication,failed,51cd0317-87c5-4363-838a-c57234c9e119,,7020aa3a-2a3d-4a7a-8b86-85e29fd409e6,fd11afd3-3360-41ab-9a09-b6ddf879fb20,,2025-09-18T03:45:16.873305,2025-09-17T18:02:16.873308,2025-09-16T22:31:16.873311
9edc1976-6b13-4a68-9141-5b013cef88d1,medication_reminder,Time to take your medication,delivered,fffa92c3-17af-4c4f-ae77-94aebd896765,,,,2025-09-12T23:27:16.873319,,2025-09-17T23:04:16.873322,2025-09-16T20:38:16.873325
0b536737-4771-48d5-8b06-351bed134a7c,medication_reminder,Time to take your medication,failed,88804412-7b6b-4449-bc99-ac5093ee16d8,e2ff7623-6369-4343-8bda-e542d149de6f,,,2025-09-17T13:17:16.873333,2025-09-15T00:11:16.873337,2025-09-10T19:08:16.873340,2025-09-18T08:04:16.873343
7cc4a20f-54e5-4947-bb2b-c6a0567f95ed,vital_alert,Your blood pressure reading is outside normal range. Please contact your provider.,failed,35f9c06d-b4d6-4ea3-8f7f-c8eddae8e8d7,,,,2025-09-15T13:35:16.873352,,2025-09-11T17:47:16.873355,2025-09-17T00:45:16.873358
2f55b4e4-802d-4096-ae2a-c8cf3ea089b2,appointment_reminder,Reminder: You have an appointment tomorrow at 2:00 PM,sent,fa97065b-82ca-4764-bbd2-eea445b11f9e,,,7a244ba5-fb9e-4a74-9a65-51eedb314c7d,,2025-09-17T17:53:16.873366,2025-09-12T15:42:16.873370,2025-09-17T00:03:16.873373
515caa55-37f2-45db-bbd5-ba8927c591ca,vital_alert,Your blood pressure reading is outside normal range. Please contact your provider.,sent,5245b522-ced1-4d38-bcb1-680cfbaa684f,,,,2025-09-10T21:48:16.873381,2025-09-15T08:14:16.873384,2025-09-17T21:51:16.873387,2025-09-18T01:34:16.873391
e944e07d-adb8-4f97-8381-959e049d327d,vital_alert,Your blood pressure reading is outside normal range. Please contact your provider.,sent,b9c23ee6-be10-433a-9505-bd4e57d0e8c7,2c988a0d-b694-4df0-84d5-a88aaf0d4c10,a17e6206-4bd8-48e5-af8b-8f21b9fdd096,d04b8bb2-1f8e-49ac-861b-31a20a397099,2025-09-14T18:48:16.873401,,2025-09-16T13:51:16.873405,2025-09-17T13:46:16.873408
411d584e-6911-48d3-8f46-7539a7e3cf66,system,System maintenance scheduled for tonight,pending,f5b76c8f-575e-4a13-9336-6576175c032f,3142a882-6549-4804-a1d4-44d4c242d710,0c00352f-c0dd-4939-9fa9-fcff0c65a8b3,4a6a3887-7f66-4c29-b407-9deecab7851b,,,2025-09-12T21:06:16.873418,2025-09-17T19:02:16.873421
8e1d87dc-bc1a-41d9-9c8c-56922300d49d,appointment_reminder,Reminder: You have an appointment tomorrow at 2:00 PM,failed,bdde4847-473f-478c-a62a-dc2712e064de,,,,,,2025-09-11T02:43:16.873429,2025-09-17T09:49:16.873432
71ed917e-2838-4109-a787-2e13ab2b10db,vital_alert,Your blood pressure reading is outside normal range. Please contact your provider.,read,66b8c32b-75f5-4ab3-bccd-27d843350aac,,,,,,2025-09-17T14:19:16.873439,2025-09-17T16:30:16.873443
d332a0de-f51d-47c2-b9b7-80512781e7f5,appointment_reminder,Reminder: You have an appointment tomorrow at 2:00 PM,delivered,fb4cf678-56a5-4d02-a721-f8c908b47818,,,,2025-09-10T15:23:16.873450,,2025-09-14T07:47:16.873454,2025-09-18T00:20:16.873457
60267682-b964-431e-94bd-a0ab2b91c6a7,vital_alert,Your blood pressure reading is outside normal range. Please contact your provider.,read,f5de7939-75c0-4eda-a5ad-147029008655,91f3163a-3b53-43f9-94d1-ccd513e1ff2a,,,,2025-09-15T19:14:16.873465,2025-09-17T00:26:16.873468,2025-09-18T09:54:16.873471
d46b0e5d-efdb-443c-abb3-c06e73141e8e,vital_alert,Your blood pressure reading is outside normal range. Please contact your provider.,pending,af98e1a7-7131-466b-ab14-cf78cb66b511,,,,,2025-09-16T00:16:16.873479,2025-09-12T12:33:16.873482,2025-09-18T03:52:16.873486
e0f1c170-5133-4b58-9a89-488402652cb2,medication_reminder,Time to take your medication,delivered,eb4a5a5e-a59d-4e71-bbd4-e27dec08b8f5,534d04a4-0add-4bb7-a24f-d0c42a47157a,badecff0-b970-442e-abc7-9ebacc2c0605,,,2025-09-14T15:06:16.873496,2025-09-17T12:49:16.873499,2025-09-18T05:15:16.873502
e9cce0fd-39ec-43ef-b823-4796eb2cc44a,vital_alert,Your blood pressure reading is outside normal range. Please contact your provider.,failed,44085ef3-dde4-4898-ae1f-eda73386fdb1,98dc5a98-dcc3-4fc7-8293-84f637067690,,2956e3d0-3f1f-4497-abc5-bb580581a9ae,2025-09-17T20:28:16.873512,2025-09-15T07:08:16.873515,2025-09-16T08:49:16.873518,2025-09-17T01:30:16.873521
4cf7e323-f91a-4653-b724-320c5ed69216,system,System maintenance scheduled for tonight,delivered,b9c23ee6-be10-433a-9505-bd4e57d0e8c7,eceb36f6-b502-451f-a715-35736002ea46,61a88392-b43f-40f1-833f-20140220bdad,,,2025-09-17T07:46:16.873530,2025-09-17T00:22:16.873533,2025-09-17T03:46:16.873536
7bffd8d7-d7d8-44b4-9722-37916243afcc,medication_reminder,Time to take your medication,sent,66afab6b-bb36-4ddc-8733-0c7f1f6336ff,745639ad-5c54-4ece-b8ae-d9b0dbc9799f,3059d934-18e6-4120-bb05-6e1ee99b16c0,,,2025-09-17T22:05:16.873545,2025-09-11T00:17:16.873548,2025-09-17T22:52:16.873552
d73feddd-cc04-49f9-ac8e-c0e2e710c919,vital_alert,Your blood pressure reading is outside normal range. Please contact your provider.,delivered,42c34d6d-02cd-4844-a318-bde7b584e184,e0b759a2-2b64-421c-ad46-e64dcf1c40da,,,2025-09-15T19:31:16.873559,,2025-09-15T16:26:16.873563,2025-09-17T00:53:16.873566
a59f1a47-3877-4e04-8c63-caff03d44caa,general,Your test results are available in your patient portal,sent,1c4422c7-5640-4691-bc9a-cf33d03db463,,,,2025-09-13T13:07:16.873574,,2025-09-15T14:14:16.873577,2025-09-16T23:07:16.873581
9323d016-78f5-430b-b64f-a84dbb69c481,medication_reminder,Time to take your medication,delivered,1a5f00b5-de58-4d9a-98b7-855d154bf67e,92f25d81-8029-4620-a305-11d0fbf011ff,32dfbb48-41d7-4c43-848c-ca519905301a,,2025-09-16T07:53:16.873590,2025-09-16T02:16:16.873593,2025-09-14T20:16:16.873598,2025-09-16T18:57:16.873601
dea879d1-c975-4671-9bbf-80ce3d6c7853,appointment_reminder,Reminder: You have an appointment tomorrow at 2:00 PM,pending,3fc3082f-8399-4518-a663-ed43ee7ee524,f5304202-deb9-47d1-a658-8d90e80d7fcd,76876a76-7ac7-47db-8c19-8e334b14bd57,7210cb01-1699-43c5-a67a-71e38d75444d,2025-09-11T19:21:16.873610,2025-09-17T00:07:16.873614,2025-09-15T20:26:16.873617,2025-09-17T19:40:16.873620
3d39b714-288b-405d-b2bd-7fb9a7135702,system,System maintenance scheduled for tonight,read,4ac58ebd-c88a-4c31-9a97-0cbb46ed1ebd,ed6fa381-2c59-4b18-8730-23f70580ff87,6665b713-a8c4-4ca9-812b-9ce71b0b04d1,76c577a9-f3e1-42d8-9a6b-a4c862fab45c,2025-09-13T14:40:16.873629,,2025-09-13T07:59:16.873632,2025-09-18T14:02:16.873636
4674418c-20b8-41d7-9198-196fb792533f,vital_alert,Your blood pressure reading is outside normal range. Please contact your provider.,failed,2b6752a8-bf61-40e7-8f4a-97213f5aef3d,,d09eda85-12d9-4641-9ad3-a7e52c9c27ec,,,2025-09-14T20:12:16.873646,2025-09-16T10:34:16.873649,2025-09-17T17:50:16.873652
a01b373b-4135-47f4-837e-756e85b1e621,appointment_reminder,Reminder: You have an appointment tomorrow at 2:00 PM,sent,c64b2d65-54ca-4bee-850b-bf7fa6f2e079,,,,2025-09-11T14:35:16.873660,2025-09-15T23:51:16.873664,2025-09-14T08:04:16.873667,2025-09-18T03:06:16.873670
5c34858c-5b29-4270-8a6a-6de5ab661ee0,appointment_reminder,Reminder: You have an appointment tomorrow at 2:00 PM,sent,4d968001-075a-46da-9a1f-7aa3a0586574,c4d95faf-f603-423c-8dd5-0895f848b063,,,2025-09-14T00:25:16.873678,2025-09-17T18:27:16.873682,2025-09-13T22:17:16.873685,2025-09-17T14:01:16.873688
820006ff-ff3a-4b33-8aaa-e92cfd65d776,system,System maintenance scheduled for tonight,read,bdf1fb0a-0c1d-485d-b3e7-383e4845bfbb,,,,,,2025-09-14T17:07:16.873696,2025-09-17T16:39:16.873699
69ca5dd8-d16a-4844-b234-7315971d48c1,medication_reminder,Time to take your medication,delivered,31c3d8d5-66fe-4d83-82cf-0951777ad010,dc0141d3-7efe-40e5-ba5f-369c24812244,b1fe6632-55c5-4554-b6a8-aeb915d4001c,,2025-09-14T21:11:16.873708,,2025-09-12T09:19:16.873712,2025-09-18T02:42:16.873715
87bb79c8-15e9-4fb0-a580-e644a96b3d48,system,System maintenance scheduled for tonight,sent,5ec97425-9781-4011-b4cc-29d18128bc4f,0b42ce5f-5e1d-41ff-8f64-d20a022bc849,1a05e334-40fb-4ed3-924f-7c55fd1364d7,,2025-09-13T09:58:16.873724,,2025-09-15T11:23:16.873727,2025-09-18T10:04:16.873730
dad34abb-12f5-4bc1-a75c-3eaafbfbc12b,medication_reminder,Time to take your medication,delivered,b9f9c11f-06d0-47ca-9d5e-fe8e17d10c27,,00034b18-0099-4a70-a65f-c10698a30308,237034ae-f414-44b8-90a4-ec11f4cea8c0,2025-09-11T20:53:16.873739,2025-09-16T10:08:16.873743,2025-09-16T14:37:16.873746,2025-09-17T01:54:16.873749
edd7de7b-0818-4bff-b05b-8118c3963a0b,vital_alert,Your blood pressure reading is outside normal range. Please contact your provider.,sent,d3793208-1135-4eab-b4c4-3dcdc3cd9d35,,,,2025-09-15T12:29:16.873757,2025-09-17T01:49:16.873761,2025-09-14T22:49:16.873764,2025-09-17T15:01:16.873767
9217c6dd-d4ac-40b8-bc36-6df73690324c,medication_reminder,Time to take your medication,failed,47f24619-3dd0-4d6e-8ea9-a3adb3621f03,353b0351-58d9-4012-993b-a549aabdb69c,,,2025-09-12T08:39:16.873776,,2025-09-10T16:49:16.873779,2025-09-18T07:27:16.873783
71de5909-379b-4d17-9002-88c92903e505,medication_reminder,Time to take your medication,delivered,59b20fa5-3548-4e8f-962e-67663296dd4d,edcbcc73-2508-485e-93ca-2a6868881b7d,,,2025-09-14T21:29:16.873792,2025-09-14T22:53:16.873795,2025-09-13T00:36:16.873798,2025-09-18T07:13:16.873801
01cf12e9-9efa-4161-b5c5-1fa0ca625128,system,System maintenance scheduled for tonight,failed,3977e204-acb9-412e-a69e-0b8d96042a55,02278cf1-271f-4267-aee9-9b1b2497db00,,,2025-09-14T06:49:16.873810,2025-09-16T16:48:16.873814,2025-09-17T18:48:16.873817,2025-09-16T23:40:16.873820
28d04d12-26e6-48a9-9e89-e525dcf054b4,system,System maintenance scheduled for tonight,delivered,1eccb974-2ce4-4d58-9520-89fd5d88c445,,,,,2025-09-18T00:41:16.873829,2025-09-18T00:40:16.873832,2025-09-17T07:10:16.873835
91f9e4a0-6289-49a1-af75-fa7d6f95ae2f,general,Your test results are available in your patient portal,sent,0ab8c124-325f-41a5-be2d-9393b4cf27dd,,3063e88f-a39f-445e-8e77-b696d592bec4,,,,2025-09-11T08:19:16.873844,2025-09-16T22:00:16.873848
48aeac6b-bfbd-483e-b833-751879cb6dc2,system,System maintenance scheduled for tonight,delivered,2987ecaa-ed06-42e3-bb5b-78d16d7dde56,5f8cdc28-65d5-4133-a5ad-154ef391e52d,2196df2b-4d17-4705-ae4b-43c67b002b39,,2025-09-15T04:17:16.873856,,2025-09-16T21:19:16.873860,2025-09-18T12:19:16.873863
ddc3c0e8-d6d5-4b91-9298-2a0c10d3a662,system,System maintenance scheduled for tonight,delivered,b5c2fb59-7e87-4de7-b5e3-27563cba8839,,e98174db-e676-4157-8ce0-b912da0e2401,,2025-09-17T10:32:16.873871,,2025-09-15T04:27:16.873874,2025-09-17T22:01:16.873877
18b8dbcf-edf4-4ca8-b679-ecbf3c2ad616,vital_alert,Your blood pressure reading is outside normal range. Please contact your provider.,read,ac9c98d8-fe93-43c0-bb07-523622689252,,,,2025-09-11T20:18:16.873885,2025-09-14T23:34:16.873889,2025-09-11T01:02:16.873892,2025-09-17T18:09:16.873895
a9e54685-a5f5-468b-88d4-6cb9df7d00a7,medication_reminder,Time to take your medication,sent,1d7705e7-5f8c-4f34-b098-be1b61336a38,,bb3c878c-4104-43fe-ad64-7ca5162378ec,,2025-09-12T12:03:16.873903,2025-09-16T10:25:16.873906,2025-09-18T00:57:16.873910,2025-09-18T13:10:16.873913
efb666f6-70e0-4cbe-bb7e-362d528a5787,medication_reminder,Time to take your medication,pending,775d9c0a-6641-4a45-b642-f27cab3a0cb6,e3839fe9-4c01-4786-865d-4b464d43e8cd,43b907bf-ea06-48f1-b640-cff40d65b9f8,,2025-09-12T17:20:16.873921,,2025-09-14T00:08:16.873924,2025-09-17T07:37:16.873927
774a652d-e405-4bf7-8146-b9ffa867b51b,vital_alert,Your blood pressure reading is outside normal range. Please contact your provider.,pending,1a654397-34d5-4fa5-bb28-7c7d60f9c74e,,,,,,2025-09-14T21:41:16.873935,2025-09-18T01:31:16.873939
bc3141f3-beac-4c36-9d58-b50858496fd7,medication_reminder,Time to take your medication,pending,263b3879-5d08-4a72-a043-5bce6236428b,e1911bae-c4d9-4fb7-b7c7-e795a119f7e7,f3e23386-b236-4869-a9b1-0f24ecc20e44,,2025-09-15T07:12:16.873948,2025-09-18T00:56:16.873951,2025-09-16T02:58:16.873954,2025-09-16T21:01:16.873957
b5473a42-d232-44d8-8538-c75256ecdd76,appointment_reminder,Reminder: You have an appointment tomorrow at 2:00 PM,sent,f7bdea52-f794-47d1-b681-d5793b1a6c30,,,,2025-09-13T11:12:16.873965,,2025-09-18T14:28:16.873968,2025-09-17T07:45:16.873971
3d12c7e7-ef30-449f-b7aa-3d13e49df2f9,medication_reminder,Time to take your medication,pending,a543f32e-f91d-43a5-9dc6-4b5fc68225a5,,,,2025-09-11T07:19:16.873981,2025-09-17T07:32:16.873984,2025-09-15T01:06:16.873987,2025-09-17T04:38:16.873990
76b20d68-e3cf-484f-84b6-f85f4a361a47,general,Your test results are available in your patient portal,pending,f890d579-4d1f-4822-b990-55c38f9731cc,,,d9cfb559-fb68-4653-b4f8-5a5cf9e35594,,2025-09-15T00:42:16.873999,2025-09-12T11:10:16.874002,2025-09-17T20:30:16.874005
285e765c-67b7-47a4-a64b-a98b618866c0,medication_reminder,Time to take your medication,delivered,6ece0142-0fae-4bec-914e-23c193281f28,,,,2025-09-12T03:18:16.874013,2025-09-14T20:18:16.874016,2025-09-16T06:14:16.874019,2025-09-17T19:24:16.874022
fb7c4f54-85cf-44f5-9de4-04eaf3357518,medication_reminder,Time to take your medication,pending,ba87e6e4-9513-4d91-9a2c-bef5f28afb51,,,,2025-09-18T07:00:16.874030,2025-09-17T13:45:16.874033,2025-09-12T09:14:16.874036,2025-09-18T06:19:16.874039
03859cda-4c95-4189-bcc5-f5faadc36ee5,general,Your test results are available in your patient portal,sent,9c45c8a6-27f4-4aa5-8178-b2ea6dc66ffb,9deb875a-4d43-43b1-8152-cb77dec5277f,f3f4ecba-70d7-461c-a609-7b317de388ba,,2025-09-18T14:56:16.874049,2025-09-17T01:48:16.874052,2025-09-11T14:51:16.874056,2025-09-17T15:42:16.874059
63c0b668-a563-4eec-a3aa-5d7d9abda32e,appointment_reminder,Reminder: You have an appointment tomorrow at 2:00 PM,delivered,f1b8edc0-3e86-4afc-94d7-d83aae2a4087,,e050bb81-54b3-4492-8cfd-96b1eb4b9f6c,,2025-09-14T00:26:16.874067,2025-09-17T14:43:16.874070,2025-09-16T16:08:16.874073,2025-09-17T05:02:16.874076
d276eeb2-0f41-434c-b7e7-eea1f9baedcd,appointment_reminder,Reminder: You have an appointment tomorrow at 2:00 PM,pending,c936ac37-5ac3-4442-8434-56db60166640,,,,,2025-09-18T06:10:16.874084,2025-09-11T09:15:16.874087,2025-09-17T06:32:16.874090
49285bd1-5b71-4217-82eb-790242f33c76,system,System maintenance scheduled for tonight,read,b3ab0e19-c9f8-42bf-b93e-fa5d5b84c351,,,,2025-09-17T19:42:16.874098,,2025-09-10T15:31:16.874102,2025-09-17T15:06:16.874105
8d82dce1-8706-4e94-8c97-486bf1a9ae8a,system,System maintenance scheduled for tonight,failed,a5cdc2c0-b488-4193-a401-3f51a68bf8bf,,,,,,2025-09-14T20:06:16.874113,2025-09-17T13:44:16.874116
a36746f9-7534-4306-8e00-dc65e3a9a7fe,medication_reminder,Time to take your medication,sent,c94bc512-bf2f-4eeb-a074-e391e73dee15,87b73090-dd27-4a19-8cbd-b4cf3f794475,,,,,2025-09-14T19:50:16.874125,2025-09-17T09:52:16.874128
ce5cb345-2ca1-466d-8f89-eeffe7051d93,appointment_reminder,Reminder: You have an appointment tomorrow at 2:00 PM,pending,8e77f1b6-1da6-4cdb-8548-e53a985bea7c,,,,2025-09-11T14:15:16.874137,2025-09-17T09:32:16.874140,2025-09-11T07:00:16.874143,2025-09-17T04:37:16.874146
e0df7739-d6be-4e3c-9f20-a8a6c1252c7b,system,System maintenance scheduled for tonight,delivered,ed8469fd-8162-4805-9d3f-fc3912991182,0e6419cc-f8f8-4db2-9384-bc256905cdc6,,,2025-09-11T02:27:16.874154,2025-09-15T19:00:16.874158,2025-09-10T21:57:16.874162,2025-09-18T00:09:16.874165
af44bc53-6c9d-47be-9155-5741828c4bc1,medication_reminder,Time to take your medication,failed,5d7a6ee2-49eb-45e8-8dac-76a15c7d76d7,,8ea96846-03e7-445a-a993-0241d3a1a66b,e59eb1ed-196d-45f4-a88d-3aa75847d221,,,2025-09-12T08:56:16.874174,2025-09-18T00:46:16.874177
b475804d-8400-40bf-b89e-f43cf505c418,medication_reminder,Time to take your medication,sent,dafe56d0-fd92-4ab6-abab-8eb86a77233b,,,,2025-09-14T17:37:16.874185,,2025-09-11T13:12:16.874188,2025-09-17T12:45:16.874191
58654fe9-9795-4652-9cf0-c208b2f0ba3b,appointment_reminder,Reminder: You have an appointment tomorrow at 2:00 PM,sent,bda00e41-1cd9-4fde-b804-c6baf1aff7ad,,,,2025-09-16T23:22:16.874199,2025-09-17T01:49:16.874202,2025-09-11T09:40:16.874206,2025-09-18T12:09:16.874209
73403b00-09d1-4514-a221-1e9c039d58e5,medication_reminder,Time to take your medication,pending,aeccc88a-93de-460c-ad68-8e59f295589b,288518da-dc1e-425c-ab4a-0983c72fe768,,,2025-09-13T03:41:16.874217,2025-09-16T06:27:16.874220,2025-09-12T08:37:16.874223,2025-09-17T20:05:16.874226
e59a99fa-29de-4e8a-89b4-792e444018ff,vital_alert,Your blood pressure reading is outside normal range. Please contact your provider.,pending,aeab74f2-ec0c-401c-8cd7-7b7f01a30984,,,,,2025-09-17T06:29:16.874234,2025-09-14T02:35:16.874237,2025-09-17T16:59:16.874240
acd4af2b-d026-4181-8b1f-c48ee3857158,system,System maintenance scheduled for tonight,failed,8b569709-e7d2-483d-8dd8-9004e7aaac44,,,,2025-09-12T21:21:16.874248,2025-09-15T17:11:16.874251,2025-09-14T12:48:16.874254,2025-09-17T21:19:16.874260
43510232-79c9-42f5-93a0-89dbdf3a87ba,vital_alert,Your blood pressure reading is outside normal range. Please contact your provider.,delivered,4455a34e-958b-488d-a562-fead535f5157,f70321f6-1508-4ddd-a046-dab5b11ac1f2,545dc914-e404-4b6e-ae61-a45292cb6ab2,,2025-09-12T09:40:16.874271,,2025-09-18T00:48:16.874274,2025-09-17T01:31:16.874277
74a8ec39-79c8-42c6-8afc-88fb8cfac133,general,Your test results are available in your patient portal,delivered,94e183d0-eb44-4930-bde3-0908bdf4ef54,,3b09b069-453b-4598-9bd8-ea048c6d06b7,,2025-09-15T23:29:16.874286,,2025-09-16T16:46:16.874289,2025-09-17T22:14:16.874292
60081ec2-8af8-4863-ac86-b84cc9c5cd69,general,Your test results are available in your patient portal,delivered,2f4eda0a-5bb4-4a2a-b645-9590c3167b1e,c023502b-f2a5-4757-a4c9-ecc2b4bdf358,b646c989-7093-48d3-ad29-cc319aac768c,86180db3-b59b-40e6-821c-b2f04a64aedc,,2025-09-17T02:23:16.874303,2025-09-17T04:36:16.874306,2025-09-18T07:55:16.874309
213b0d48-f236-40ae-991c-b1a752a80d87,appointment_reminder,Reminder: You have an appointment tomorrow at 2:00 PM,pending,54ca3c70-06b6-4e08-9002-57891e65ceda,,,,2025-09-16T17:46:16.874317,2025-09-18T07:26:16.874321,2025-09-16T15:34:16.874324,2025-09-17T23:03:16.874327
50fc24d2-92fb-4961-8840-fc650a8b7817,vital_alert,Your blood pressure reading is outside normal range. Please contact your provider.,pending,cf3b5521-e23b-45d3-b6fb-661f338e5d1a,564d9d30-dc53-4b44-9f10-67486e0693b5,,,2025-09-12T23:41:16.874335,2025-09-18T05:00:16.874339,2025-09-14T09:55:16.874342,2025-09-18T05:31:16.874345
98908916-8a93-46d6-a810-6d96e00237b9,appointment_reminder,Reminder: You have an appointment tomorrow at 2:00 PM,pending,2b440f73-d95f-4019-b17c-29cc9d5f195f,4bef7395-3821-4070-b55b-52c54f462e78,,3f50965a-75e8-4b87-a022-bc83dd15ee64,,,2025-09-16T03:17:16.874354,2025-09-17T19:52:16.874358
ec70a892-9c02-48f4-b7b8-bc299ac2c70d,appointment_reminder,Reminder: You have an appointment tomorrow at 2:00 PM,failed,32853b13-f6b2-487d-8621-1bdfb0cc0bc6,ed6fa381-2c59-4b18-8730-23f70580ff87,8d001ca9-fb05-4269-941d-5ae68207a764,,2025-09-13T20:54:16.874367,2025-09-15T23:43:16.874371,2025-09-13T21:10:16.874374,2025-09-18T14:10:16.874377
69029b4a-a449-4296-9325-97eeb40b483c,medication_reminder,Time to take your medication,delivered,e37f1680-2aff-4429-b3ef-7ec95b8aa457,61de0270-5868-4034-a0a4-cf9967795ab5,,,,2025-09-15T15:54:16.874385,2025-09-18T06:20:16.874389,2025-09-17T15:20:16.874392
31aa1126-18d9-4705-9478-4f9bb187faef,system,System maintenance scheduled for tonight,read,53fb6d16-06bd-4fb1-9d16-20ed4b70ef43,750892df-4c12-4505-9983-8810577e0394,,8217c735-bdc8-4159-b69a-a05dbd72ed5d,,2025-09-18T12:22:16.874400,2025-09-16T21:38:16.874404,2025-09-16T23:29:16.874407
8f055645-12b9-4ef8-8718-477f3e30425d,vital_alert,Your blood pressure reading is outside normal range. Please contact your provider.,failed,8c97ade1-ed04-48b3-92c7-fa989bd9c4f6,,25b8a781-441b-4613-8524-e9e42312d9bb,3c2ce388-04f4-4040-9399-57c29d21b6e0,,,2025-09-12T00:03:16.874416,2025-09-17T11:24:16.874419
683170fe-40e8-4faa-a867-2e252e3a3b00,medication_reminder,Time to take your medication,read,c54fbb5c-e01e-4409-823b-d45bf12bb05d,7d0c68d2-a305-4b1b-895e-65e5c6d692aa,,,2025-09-16T16:10:16.874428,2025-09-16T23:13:16.874431,2025-09-16T03:29:16.874434,2025-09-17T00:23:16.874437
21455bb2-b1d8-4caf-88e1-53dbb92f2054,system,System maintenance scheduled for tonight,read,44cc41c4-c9e8-4561-900b-741b8bb2ba11,dffcbd75-34ec-4e6d-931f-27081e53128d,,,2025-09-14T11:48:16.874445,2025-09-15T20:55:16.874449,2025-09-12T00:07:16.874452,2025-09-17T04:31:16.874455
ccc78d17-4bf4-417c-b7c8-9ac479e38ea8,appointment_reminder,Reminder: You have an appointment tomorrow at 2:00 PM,pending,535db4ff-e833-44a9-b6b5-aa465b1b115c,6b38e4bb-8ded-4ee4-9ba0-9952aa5fa924,9ad1f359-abbe-47fa-9ac3-cf204f71a0b2,,,,2025-09-11T21:13:16.874465,2025-09-16T17:06:16.874468
41e529a1-84dd-4384-83d8-4ea2718948f2,vital_alert,Your blood pressure reading is outside normal range. Please contact your provider.,failed,f86b8efd-cf2e-4ffc-9a98-ffa79bee6043,2851489b-1a42-439c-8301-8d5a2e4acc06,,708587db-0125-4f29-934f-3ea990508818,2025-09-18T03:29:16.874477,2025-09-16T19:52:16.874481,2025-09-15T11:10:16.874484,2025-09-18T13:58:16.874487
3eb02457-519c-4472-ac4e-87283fc00e7b,general,Your test results are available in your patient portal,pending,2d804062-8422-4027-bd2b-d7ddbe4a6bd3,,,,2025-09-12T08:52:16.874495,,2025-09-14T14:19:16.874498,2025-09-17T09:09:16.874501
3cbd8442-6f81-4b19-8a1b-799832ed54d3,general,Your test results are available in your patient portal,pending,919beddf-8297-4272-a421-787a0098aed5,,0714a67e-5ad7-4ae6-bfef-a30bc2f6579d,,2025-09-18T01:03:16.874510,2025-09-16T09:45:16.874513,2025-09-13T20:19:16.874516,2025-09-18T07:04:16.874519
12616518-7da2-4c1e-b52f-f7bce8ab733b,general,Your test results are available in your patient portal,sent,44cc41c4-c9e8-4561-900b-741b8bb2ba11,,2846d5f0-8b37-4a1a-b1e2-4657d20ef349,bcb503b7-4f20-4320-b2c2-8171c1d4e9dc,2025-09-18T03:44:16.874528,,2025-09-11T20:27:16.874531,2025-09-18T02:51:16.874534
301c6eda-3995-4de8-88fb-1ddf655be178,vital_alert,Your blood pressure reading is outside normal range. Please contact your provider.,read,0e46428f-4495-4fd8-b7c0-28041ca22b25,cc1c5c00-f10b-480c-a86c-97dea3f61a62,,,2025-09-14T07:30:16.874543,2025-09-17T17:20:16.874547,2025-09-17T03:14:16.874550,2025-09-16T16:22:16.874554
d6a59695-e1fe-43c9-92f9-f6552f4840ac,medication_reminder,Time to take your medication,read,4fc65e93-cd2c-4807-9087-3e9b4d0c95d0,,,,2025-09-11T12:54:16.874562,2025-09-17T12:36:16.874566,2025-09-17T08:07:16.874569,2025-09-18T14:52:16.874572
d1363138-6546-4108-8564-e49eab565f8a,medication_reminder,Time to take your medication,failed,eee30b9f-f375-4ef1-874c-90bcc402c569,260a58ca-8afc-44a7-b0cb-ffc6e770507f,,,2025-09-15T19:50:16.874580,,2025-09-17T20:37:16.874584,2025-09-17T12:19:16.874587
3f5dbc62-99e1-44e5-a682-91e31c29d04e,vital_alert,Your blood pressure reading is outside normal range. Please contact your provider.,sent,1c23f0b0-af48-4fa1-b913-dcf8a5925b0d,,,,,,2025-09-16T07:33:16.874594,2025-09-18T02:45:16.874598
dfb86051-2257-4a7c-a03b-ab9b6506bd93,system,System maintenance scheduled for tonight,sent,39c5f116-5d86-45e8-b22a-a979f0eb0180,289145c9-3829-4eb1-862a-a173c8295bf0,d6f4d9da-feb7-445f-899b-0a0d79f4ae63,,,2025-09-18T12:22:16.874607,2025-09-11T12:48:16.874610,2025-09-17T02:02:16.874614
c1a3612e-526c-46e6-87ee-a52341a2b201,vital_alert,Your blood pressure reading is outside normal range. Please contact your provider.,read,ce0695b5-23b6-48a3-a37c-5fee987f8c1d,694197e5-357c-43b3-af8b-b1b004e7b053,,,,,2025-09-13T15:17:16.874624,2025-09-18T00:10:16.874627
c51a73ff-0960-4fb2-b796-80eecd72272b,appointment_reminder,Reminder: You have an appointment tomorrow at 2:00 PM,read,7758e305-131e-4338-9a3c-e19643a7dede,,,,2025-09-14T15:27:16.874635,2025-09-18T03:19:16.874639,2025-09-12T16:18:16.874642,2025-09-16T15:03:16.874645
327f6857-8892-403f-b934-508790b9b33e,general,Your test results are available in your patient portal,pending,5401dace-d6be-4ee0-b46f-071dc462b8a4,32772c7d-6923-446d-a921-9f06dc796a4d,,,2025-09-16T03:27:16.874653,2025-09-16T14:17:16.874657,2025-09-17T05:08:16.874660,2025-09-17T17:04:16.874663
2f77f7e0-7dd5-4428-8d6e-a3d05675ff31,medication_reminder,Time to take your medication,failed,569f7ad7-9f3c-4f4b-91de-2be05a7a3f55,,,,2025-09-11T14:04:16.874682,2025-09-17T20:07:16.874686,2025-09-16T20:02:16.874689,2025-09-18T10:34:16.874692
17fbc1ae-9548-41c2-8d6e-4e5fe22dadb7,system,System maintenance scheduled for tonight,pending,9ca92c38-ecfd-4e81-9097-c278d4b150eb,484125a7-8d1b-4ff9-ad0a-c113964a657f,,,,,2025-09-13T06:12:16.874701,2025-09-18T14:09:16.874711
97bd3072-6338-454a-96f8-7f5a15c0b823,appointment_reminder,Reminder: You have an appointment tomorrow at 2:00 PM,sent,d1a043f5-0860-4c5b-b638-ccbb8d80c378,9ea9449b-e0af-46a4-aa1e-6b9e90467434,,e59eb1ed-196d-45f4-a88d-3aa75847d221,2025-09-14T23:10:16.874723,2025-09-18T09:39:16.874727,2025-09-14T12:03:16.874730,2025-09-16T22:31:16.874733
f6a7c4aa-5765-45e8-a776-41cbb3ed081f,medication_reminder,Time to take your medication,delivered,0ed23f9d-6e8c-438c-97a6-1705e708f2c9,c5bff372-4469-4819-bf9b-3b9976e85f7a,,,2025-09-17T16:47:16.874742,2025-09-18T11:27:16.874745,2025-09-11T19:23:16.874748,2025-09-18T14:29:16.874752
3159ddca-3b02-4263-a7c1-7eee3613f4c5,medication_reminder,Time to take your medication,pending,5cdaad84-1817-47f3-9c4d-cd5c55e8a786,,,,,,2025-09-16T17:53:16.874761,2025-09-18T01:52:16.874764
bbd4fdc5-a90c-4288-9b28-0bc9d89d2814,general,Your test results are available in your patient portal,pending,d0bceb34-4ba2-46e8-b9d6-4dd2ed177f4f,,,54367bf1-98bf-47fe-80f2-2664d3c76a69,,2025-09-16T04:20:16.874773,2025-09-13T21:32:16.874776,2025-09-16T21:53:16.874779
d9a4c296-45f2-4ef6-bd05-76eb9ad48315,general,Your test results are available in your patient portal,failed,12407844-1058-45b8-a9b5-d911392d8fbe,160fd856-ee4c-48d5-b385-3c060bb9aab0,,,,,2025-09-11T14:52:16.874788,2025-09-17T14:25:16.874791
7592d964-54a8-4ff5-a56f-2b9aa6c0389b,vital_alert,Your blood pressure reading is outside normal range. Please contact your provider.,sent,cf3b5521-e23b-45d3-b6fb-661f338e5d1a,1754de35-ddcf-47e2-b79c-ce38bfde60c4,,,2025-09-17T12:19:16.874800,,2025-09-14T01:22:16.874804,2025-09-16T15:08:16.874807
c2795d0c-8de2-47a5-ab21-844bdc79ee38,vital_alert,Your blood pressure reading is outside normal range. Please contact your provider.,pending,2d804062-8422-4027-bd2b-d7ddbe4a6bd3,,de1f9bac-059e-49e2-94ad-6e9f0f89cf91,,,,2025-09-15T07:57:16.874816,2025-09-17T11:42:16.874819
7c3c10f1-2a00-40a9-93b2-592ce5da01fd,medication_reminder,Time to take your medication,failed,a82b57db-b584-4915-9d3f-41cb525ad9fd,,,,2025-09-13T17:37:16.874827,,2025-09-15T19:26:16.874830,2025-09-17T14:01:16.874834
1f8c1d78-20c0-4dc1-8a0f-1aa4885432d5,vital_alert,Your blood pressure reading is outside normal range. Please contact your provider.,read,0ab8c124-325f-41a5-be2d-9393b4cf27dd,5a556813-a385-4c14-bc28-b5b845b09a01,01ee0c9f-03d9-4449-a186-5d194afb289b,,,2025-09-18T12:55:16.874842,2025-09-15T11:04:16.874845,2025-09-16T17:18:16.874849
60ff7465-b5f2-45ca-a9ad-c51e560107c1,medication_reminder,Time to take your medication,failed,c961ea5b-5cd2-4d55-b4bb-8ebb579ba147,080da890-5d02-40c7-8b70-51886bd36215,03b713b8-9634-4eeb-9e6d-70b17c8450ce,,2025-09-18T11:46:16.874858,2025-09-17T03:27:16.874861,2025-09-12T12:53:16.874864,2025-09-17T13:33:16.874867
54afc985-2fd8-4593-ab37-31827fc2566b,appointment_reminder,Reminder: You have an appointment tomorrow at 2:00 PM,read,605459f1-3804-4f40-9e11-129041ccace3,,,,2025-09-11T18:23:16.874875,,2025-09-15T02:26:16.874879,2025-09-18T10:38:16.874882
1984d4b6-df7e-4b44-a17b-8990a0eaf3d3,general,Your test results are available in your patient portal,read,924faf31-d18c-434e-b78f-92f4334947c0,1e3e2231-9cba-4cd3-ad6e-184849111d7e,,,,2025-09-15T00:54:16.874891,2025-09-12T01:36:16.874894,2025-09-18T11:49:16.874897
4f0ccb2d-df4a-4b89-b187-a62b7f781f6d,medication_reminder,Time to take your medication,pending,b985168d-ffc7-43bf-99d8-a4f29b7d052a,f25f1c39-d627-4680-b903-91d1e6bb522b,,b8d9f693-3216-4962-b86a-563ca2151112,,2025-09-14T23:09:16.874906,2025-09-18T04:38:16.874910,2025-09-17T11:10:16.874913
4dd9968d-da29-449b-ae7b-f633a69035ce,appointment_reminder,Reminder: You have an appointment tomorrow at 2:00 PM,pending,0e6429fe-09b7-4dad-bb27-c6c8108853e4,42c90b4c-d53c-4b82-8416-74833981d6f0,,,2025-09-12T07:33:16.874922,2025-09-15T12:29:16.874925,2025-09-12T15:45:16.874928,2025-09-16T20:45:16.874931
cf91f724-2021-47df-8272-a5da3ae3ad71,general,Your test results are available in your patient portal,read,ec4fbb81-1ba4-4758-b638-454d674bb4cd,,,,2025-09-10T21:12:16.874940,,2025-09-15T07:18:16.874944,2025-09-18T09:08:16.874947
83bca87d-b344-490c-8796-8bdcd4ad74c1,system,System maintenance scheduled for tonight,failed,b7ef2476-1e1e-4337-aede-f1ff7dae571d,,,,2025-09-13T23:27:16.874960,,2025-09-12T21:49:16.874963,2025-09-17T23:21:16.874966
9a5175fb-012e-4882-95ae-4304f345c65c,medication_reminder,Time to take your medication,failed,7300a2f3-0375-40a6-995c-0a82940730fc,,,,,,2025-09-11T08:41:16.874974,2025-09-18T14:35:16.874978
7c4bcafc-8873-4cde-b961-12448ccc9b3f,appointment_reminder,Reminder: You have an appointment tomorrow at 2:00 PM,read,f26832e7-9a20-4d46-a267-851356d3e955,,,,2025-09-17T14:54:16.874986,2025-09-16T06:46:16.874989,2025-09-16T09:26:16.874992,2025-09-18T13:42:16.874996
9026571a-9727-462e-8e10-aa61c3c26f5d,general,Your test results are available in your patient portal,delivered,a46c7a28-8845-4182-b2bb-95acd60308e2,897f467c-716f-42c1-aaba-7d6ef0da8978,,7b652a02-10ed-4141-8e18-248e54fcbc9e,2025-09-11T05:02:16.875005,,2025-09-17T07:27:16.875008,2025-09-18T05:28:16.875011
b6e8ceac-21a7-4dbd-9e41-07f5778ede3f,general,Your test results are available in your patient portal,read,1effee4f-fec1-4da0-b520-925799471dd2,,,698a29d7-c71b-4ace-acd3-c9b5dc0d2e20,2025-09-14T05:50:16.875020,,2025-09-17T12:09:16.875023,2025-09-17T14:59:16.875026
28d62ab1-643c-4175-abf4-9c3d22fcb041,medication_reminder,Time to take your medication,sent,871951ad-cdc0-4699-a787-8762a99fa72b,ba7ee900-fd41-46b0-88cf-6a60d06e8ced,,,2025-09-13T13:37:16.875035,2025-09-18T00:40:16.875038,2025-09-12T08:52:16.875041,2025-09-18T02:34:16.875045
5dc735f5-ecc1-4b94-a5eb-9d620724c4e5,general,Your test results are available in your patient portal,read,98360a08-7866-4428-a810-7bc5e3ab6d6d,02278cf1-271f-4267-aee9-9b1b2497db00,,c4578d0d-d4dd-477b-9f34-5b9004a5e7cb,2025-09-16T11:53:16.875053,2025-09-18T14:09:16.875057,2025-09-12T01:30:16.875060,2025-09-18T03:26:16.875063
71d4dcd9-1ada-420a-9f9a-948f8179295d,system,System maintenance scheduled for tonight,sent,c715f7d2-f0c0-4b8f-9d1a-6bca6acb92b8,,,f4ac1e67-9ffb-458b-958c-2004c3789c74,2025-09-14T10:25:16.875072,2025-09-17T08:57:16.875076,2025-09-12T22:05:16.875079,2025-09-16T15:35:16.875082
e9ed4b05-f073-452f-9804-b1d678a3ce5b,general,Your test results are available in your patient portal,pending,97442518-191f-431b-850b-192d07da9125,,,,2025-09-12T06:18:16.875090,,2025-09-17T21:47:16.875093,2025-09-18T04:28:16.875096
0078d6ac-ade6-4b40-a3a7-8eb73fea4d4e,system,System maintenance scheduled for tonight,failed,e7bd94f9-0b6a-4205-ba4c-4d94408e0929,3f84e58b-b167-4230-ba43-833bb7babb23,,,2025-09-12T03:03:16.875105,,2025-09-12T06:36:16.875108,2025-09-18T03:28:16.875112
476ae2af-0def-48bd-835e-8feff38748d0,appointment_reminder,Reminder: You have an appointment tomorrow at 2:00 PM,failed,270a4eee-e2c5-41b0-b828-47f7892a65d2,,dd247759-550a-4e61-8e86-3ce99a725e81,,2025-09-13T15:09:16.875121,2025-09-15T22:28:16.875125,2025-09-11T20:03:16.875128,2025-09-18T12:29:16.875131
7432ea4e-ee8e-492c-95bf-feb479b6d4c4,medication_reminder,Time to take your medication,sent,17145cb0-f66a-4b07-9592-9ebb8862c1bd,299ac78a-426e-4008-a0a3-9783a4c87df4,b177c065-5674-418c-be5c-10dcf0716819,,,,2025-09-11T07:03:16.875140,2025-09-18T04:57:16.875144
7b6ed8eb-e7b1-4dd2-8464-561bcb469553,vital_alert,Your blood pressure reading is outside normal range. Please contact your provider.,delivered,0b8872f7-e636-409a-9e4e-f2490d9bfa33,,,,2025-09-11T19:21:16.875152,,2025-09-12T15:47:16.875156,2025-09-16T15:30:16.875160
eb473f75-94fe-47b7-83a8-9d708302592c,vital_alert,Your blood pressure reading is outside normal range. Please contact your provider.,read,a2497436-4587-4346-bb49-fd843671c0ff,9b16f33f-f475-41a9-86a3-40813ecf34a2,,,2025-09-11T00:52:16.875168,,2025-09-17T13:09:16.875172,2025-09-18T04:07:16.875175
31279c5e-f9b2-4b62-9ca5-4daf9b03c4a2,general,Your test results are available in your patient portal,failed,05810385-b020-402a-8e6b-4236531a93d9,,b0d37c27-1d6d-4d0a-9543-2c56806cb972,,2025-09-11T19:27:16.875184,,2025-09-14T21:57:16.875187,2025-09-17T17:00:16.875190
2c6135a3-bd9e-466c-b519-07053a0b55c0,medication_reminder,Time to take your medication,delivered,55cc7010-77f8-4d3b-a444-fc65585b1191,,5ecbd01e-aeda-4dd3-9f7e-2e2ca13ef9ef,,2025-09-15T03:16:16.875199,2025-09-16T10:36:16.875202,2025-09-18T14:38:16.875205,2025-09-16T17:28:16.875209
04252c12-6060-4a5a-9bb5-f4fc2e491910,system,System maintenance scheduled for tonight,sent,3dfb5f3d-73df-4511-bffd-4a938b6a9610,92d9fcd6-7804-4467-a9dd-6fd9b4ff8c00,4f4ea623-86c7-4902-98cb-fde3a5f50414,,,,2025-09-11T03:18:16.875218,2025-09-18T03:41:16.875221
f2f41ad9-f6c8-4786-9f54-e61f38964f39,vital_alert,Your blood pressure reading is outside normal range. Please contact your provider.,sent,4936e57a-3fae-478d-9cb1-21f6cd9d9bcf,66f8fb6a-e997-418b-b000-adebcb7ca7ad,,,,2025-09-15T01:14:16.875230,2025-09-15T08:58:16.875233,2025-09-18T04:33:16.875236
a1691257-0c32-41d7-a296-03f84eeddcc6,vital_alert,Your blood pressure reading is outside normal range. Please contact your provider.,pending,8339283c-297c-4828-ba15-ddf8c8d26e79,,,,2025-09-14T18:36:16.875244,,2025-09-14T07:39:16.875248,2025-09-18T09:16:16.875251
de4b20fb-fe3c-4442-ac1e-99dc1c7f8850,medication_reminder,Time to take your medication,sent,661b4592-af60-4faf-9867-35e16bb8da05,,,,2025-09-15T03:39:16.875262,,2025-09-15T17:43:16.875267,2025-09-16T23:30:16.875270
f50c3074-5f3c-45c9-9aaf-4c9ed1972b7e,appointment_reminder,Reminder: You have an appointment tomorrow at 2:00 PM,delivered,805b154e-ccf8-4da2-9fb7-feed4e1b40ea,cefc34ff-b494-45a8-a18d-72d64a7006da,38b8846f-93a0-41bb-af56-ce32db209b5c,,,,2025-09-18T03:44:16.875280,2025-09-18T05:40:16.875284
faf61023-f051-495b-9859-b3fdb24f194a,vital_alert,Your blood pressure reading is outside normal range. Please contact your provider.,read,d010ffde-7232-48af-b27e-6f9955ba29f7,7870e3b2-f3b1-4148-bb80-1eae731f403b,,,2025-09-13T05:55:16.875292,2025-09-15T00:24:16.875296,2025-09-13T00:45:16.875299,2025-09-17T13:47:16.875302
240dead4-4c38-4989-9176-e3e19a8753ee,system,System maintenance scheduled for tonight,failed,5e81d357-27cd-4d83-b96d-c2cda9299027,fce98996-8599-4721-a233-443362624d16,,,,,2025-09-12T10:57:16.875310,2025-09-17T14:28:16.875314
54ede4e5-26b6-4ac7-ade9-b2f6dd9082e6,appointment_reminder,Reminder: You have an appointment tomorrow at 2:00 PM,sent,d0079329-a6aa-4528-98e7-76036aec7800,,,,2025-09-16T17:58:16.875322,,2025-09-13T10:22:16.875325,2025-09-17T17:27:16.875328
bb4f7262-295d-45af-b3cf-ef8bc502aaf7,appointment_reminder,Reminder: You have an appointment tomorrow at 2:00 PM,failed,9a504737-442d-467b-862b-7c7080ae58ad,d02074bc-4848-4e43-a74d-83924d18e2d8,72b6f0f8-2d08-42f1-a209-98748ed7765a,,2025-09-11T18:26:16.875337,,2025-09-14T11:32:16.875341,2025-09-17T16:51:16.875344
e3943fd3-ed29-465e-94fe-70cc61aa83bd,appointment_reminder,Reminder: You have an appointment tomorrow at 2:00 PM,sent,746dd8e1-166e-415a-8acc-c855eeee0d09,e08fa4b9-47a8-416c-84b3-0cb3f2852733,,,2025-09-16T13:03:16.875354,,2025-09-12T14:52:16.875357,2025-09-17T09:09:16.875360
5fa1445b-0c72-4ad6-98f5-820116e32ad1,general,Your test results are available in your patient portal,read,4ac58ebd-c88a-4c31-9a97-0cbb46ed1ebd,,,,,,2025-09-11T00:46:16.875368,2025-09-16T23:17:16.875371
c67ae4c3-0fc8-403a-b608-d49a625d3ce7,medication_reminder,Time to take your medication,pending,455f4855-3ebe-4904-8cc6-8af6458e57ef,299ac78a-426e-4008-a0a3-9783a4c87df4,,,,,2025-09-11T04:49:16.875380,2025-09-17T20:21:16.875384
7256a78e-d5b7-422e-a824-aea1c5e4d637,general,Your test results are available in your patient portal,sent,20147542-e681-4f3f-ae0d-9c65a2e8bd5a,,,,2025-09-14T02:36:16.875392,,2025-09-18T05:57:16.875395,2025-09-18T14:48:16.875398
9e609b90-587d-4508-8ffb-6b617ed7ffba,vital_alert,Your blood pressure reading is outside normal range. Please contact your provider.,failed,93666497-a859-4b9f-a650-712fd0a5c1eb,536d02bd-79e9-4424-b924-6ba80035b604,,f1fe11e8-59dd-45bb-ad12-a92b50fbead1,2025-09-18T05:42:16.875408,2025-09-17T05:14:16.875412,2025-09-15T06:58:16.875415,2025-09-17T11:02:16.875419
aca0d4c7-6b7a-454d-8778-be0a6c701a7e,medication_reminder,Time to take your medication,sent,9c45c8a6-27f4-4aa5-8178-b2ea6dc66ffb,,,,2025-09-11T05:54:16.875427,,2025-09-12T03:21:16.875431,2025-09-17T15:14:16.875434
8fe14fc5-f976-4c20-9c7d-8cf1093e537a,medication_reminder,Time to take your medication,failed,7a420855-1b97-455e-9a3e-181a6081169b,9deb875a-4d43-43b1-8152-cb77dec5277f,,,2025-09-12T17:34:16.875442,2025-09-16T04:21:16.875446,2025-09-18T01:52:16.875449,2025-09-17T02:43:16.875452
89e7d7a2-7d79-4e7c-b5fe-8d70b3c0d1d2,system,System maintenance scheduled for tonight,sent,b8310a00-0a17-49c3-8d1c-3319f5af4fb3,8e0eb401-7559-4fe0-9959-ffd7f0b5c98d,,77a2cab4-c80e-4bf0-8995-633d20337d99,,2025-09-18T05:15:16.875461,2025-09-16T03:51:16.875464,2025-09-17T13:41:16.875467
6dca148a-42f6-492b-8c7e-f7f04e3d4365,system,System maintenance scheduled for tonight,read,b10e196b-cbad-4766-8f1d-aa92ba13fe3f,,,,,2025-09-16T19:23:16.875475,2025-09-16T17:16:16.875479,2025-09-17T07:03:16.875482
99b55d7a-2b51-4594-9d0e-7d1ecef18cb5,system,System maintenance scheduled for tonight,failed,967b39af-c02e-4461-afd9-7f6539d7a556,,3262dcfc-c679-4eab-aa84-a326f67fa524,8fccd91f-c2e9-470f-b1d9-dd38716c502d,2025-09-15T23:48:16.875491,2025-09-16T00:07:16.875494,2025-09-15T11:41:16.875497,2025-09-17T17:39:16.875500
1d5cc98e-5198-4f26-ba51-d097a08da05f,vital_alert,Your blood pressure reading is outside normal range. Please contact your provider.,read,eee30b9f-f375-4ef1-874c-90bcc402c569,,,,2025-09-16T00:34:16.875508,,2025-09-17T06:34:16.875512,2025-09-17T01:12:16.875515
29e72ea7-dc5d-430d-b8e9-3ff50e99fe19,general,Your test results are available in your patient portal,delivered,eedcc4de-1a53-4c6e-82ef-f3fb5a593dac,,,3841b29b-238d-4231-acc2-23224cd9bf1f,2025-09-17T10:41:16.875524,,2025-09-15T08:47:16.875527,2025-09-18T12:02:16.875530
2154c0b2-4ad9-46f4-97c3-5e12da197859,medication_reminder,Time to take your medication,delivered,42c34d6d-02cd-4844-a318-bde7b584e184,,,,2025-09-16T02:09:16.875538,2025-09-16T13:39:16.875541,2025-09-10T22:53:16.875546,2025-09-18T00:34:16.875549
8f7adc55-6bfe-413c-8177-e24419d71b6a,vital_alert,Your blood pressure reading is outside normal range. Please contact your provider.,pending,12407844-1058-45b8-a9b5-d911392d8fbe,,,,2025-09-13T12:22:16.875556,2025-09-15T18:01:16.875560,2025-09-15T16:42:16.875563,2025-09-17T23:25:16.875566
2fe379c0-ff83-4a56-9c57-48e43c8d7b9a,appointment_reminder,Reminder: You have an appointment tomorrow at 2:00 PM,pending,24352642-e83f-4699-aed5-69400738b917,98044f5d-9a71-4841-9bde-bba41008d64e,,,2025-09-14T13:50:16.875575,,2025-09-13T09:06:16.875578,2025-09-17T01:34:16.875581
7e0b1ff5-0d56-461d-846d-d326d82f95f5,appointment_reminder,Reminder: You have an appointment tomorrow at 2:00 PM,pending,29c35dd3-5a4c-4bfd-9257-3228e20fecc7,,183f8033-f946-4d5b-9cfa-a61ecf3a68db,,2025-09-13T15:26:16.875591,2025-09-16T20:36:16.875594,2025-09-10T23:44:16.875597,2025-09-17T04:55:16.875601
e78729ee-9a33-4de2-8bdc-8e40d77e827e,medication_reminder,Time to take your medication,delivered,622fa6c2-d17f-43c7-a6f1-cf293b50c5cf,,,,2025-09-17T15:41:16.875608,,2025-09-17T00:21:16.875612,2025-09-18T03:42:16.875615
bf215c42-0c79-40c2-9718-8c4fd49d35ce,system,System maintenance scheduled for tonight,sent,9e119d4d-3822-43c6-8022-23ec0a3d2031,,,,,,2025-09-12T23:27:16.875623,2025-09-16T22:40:16.875626
280b45ee-feda-4c53-8a88-d7dabc6c391c,vital_alert,Your blood pressure reading is outside normal range. Please contact your provider.,delivered,a82b57db-b584-4915-9d3f-41cb525ad9fd,,,,2025-09-16T09:56:16.875634,2025-09-15T14:24:16.875637,2025-09-11T22:30:16.875640,2025-09-18T12:07:16.875644
a5a56e82-78bc-49f8-b073-56d27a135e05,system,System maintenance scheduled for tonight,sent,5d7a6ee2-49eb-45e8-8dac-76a15c7d76d7,,,,2025-09-14T14:23:16.875651,2025-09-16T20:40:16.875655,2025-09-17T19:59:16.875658,2025-09-17T18:52:16.875661
7ffbbc38-ddb8-4eb7-89f8-2b0aab0b4df4,medication_reminder,Time to take your medication,delivered,e0c2c170-d52d-4be3-8258-d3551871f65e,,91a80cba-d028-4328-86b4-c3ce7e2fda3a,,,,2025-09-17T20:33:16.875670,2025-09-18T07:56:16.875673
32d20aca-fb8c-4f1f-b8dd-469866f74040,vital_alert,Your blood pressure reading is outside normal range. Please contact your provider.,sent,d5ffb96f-446a-4a37-a39f-5b681cdff809,,,,2025-09-14T20:44:16.875682,2025-09-15T08:41:16.875686,2025-09-13T10:36:16.875689,2025-09-18T02:32:16.875692
280e1c4b-612e-40da-9218-d58e9561f345,appointment_reminder,Reminder: You have an appointment tomorrow at 2:00 PM,delivered,49587953-5695-493e-8a48-fa4d4fce41a0,,,009fc03c-8818-445b-ab7a-2e2347ac54af,2025-09-13T02:55:16.875701,,2025-09-12T07:36:16.875704,2025-09-18T13:31:16.875707
87193bb3-72b5-400a-9336-f036dada3749,vital_alert,Your blood pressure reading is outside normal range. Please contact your provider.,failed,8af86139-af9f-4e43-946c-30de81b83f79,,,5d68b66b-b6b4-4e3e-bed2-6a855608c999,2025-09-13T14:17:16.875716,2025-09-15T20:54:16.875720,2025-09-18T10:54:16.875723,2025-09-16T16:33:16.875726
df50818e-bfef-473f-971f-c8b91c5caf49,system,System maintenance scheduled for tonight,delivered,9c5a2450-b1f3-4948-a954-3a182cfb19fb,2f252a31-2636-409a-8fda-0b443539a84f,16829fae-4699-422b-ba99-58458e3cbecc,6141521e-4625-43da-be88-ef1c0049218e,2025-09-14T14:49:16.875737,2025-09-17T15:38:16.875741,2025-09-11T04:08:16.875744,2025-09-18T06:29:16.875747
9b4a3513-319c-4308-b332-4ba86a00b5a6,vital_alert,Your blood pressure reading is outside normal range. Please contact your provider.,delivered,df92311e-9fef-439c-85ae-276988a6c585,402aac06-b115-4033-8021-9794a32999f0,b177c065-5674-418c-be5c-10dcf0716819,,,2025-09-15T19:38:16.875757,2025-09-13T23:02:16.875760,2025-09-17T00:34:16.875764
b3edba71-9116-4a06-806a-842dd09924f6,system,System maintenance scheduled for tonight,read,18566592-a2a4-4150-8771-b5b70717a8c4,,,,,,2025-09-11T05:02:16.875772,2025-09-17T22:24:16.875775
cbbf12ef-bfa6-4f04-9b72-d04d182e7b14,medication_reminder,Time to take your medication,delivered,93666497-a859-4b9f-a650-712fd0a5c1eb,f7d1c066-3dbc-48b9-b827-9c6308f22de2,,,,2025-09-17T12:44:16.875784,2025-09-11T12:20:16.875787,2025-09-16T20:11:16.875790
c6f861b9-9e85-441e-98ae-f48c8ad04c6d,medication_reminder,Time to take your medication,sent,31123f80-7877-4fc1-91a7-686eda6c40d4,2473fd66-e8b7-4064-af4a-63c340da5f59,,cb7aba24-f6c5-4eef-84b1-bb28d184e66f,2025-09-12T02:50:16.875800,2025-09-15T03:22:16.875803,2025-09-12T05:46:16.875806,2025-09-16T20:20:16.875809
807babb9-ddba-44cf-8472-8a7b169cf083,appointment_reminder,Reminder: You have an appointment tomorrow at 2:00 PM,pending,e22c4253-4740-4150-a939-9b98d20c49a9,,,,2025-09-12T15:41:16.875818,2025-09-16T01:06:16.875821,2025-09-10T15:16:16.875824,2025-09-17T12:44:16.875827
155196eb-7269-4cb1-a12f-d18ee4956df2,system,System maintenance scheduled for tonight,failed,0824d223-afbc-4494-889c-8fcc22145f08,,,,2025-09-13T20:56:16.875835,,2025-09-10T20:52:16.875839,2025-09-17T01:01:16.875842
f6b06d12-3588-459f-bda2-c66e247c1849,medication_reminder,Time to take your medication,sent,1a1a0bba-0bc1-476d-8b23-45a8072f6a0a,,04c00ff5-1135-4611-9114-5b297a78202f,,2025-09-17T20:23:16.875850,,2025-09-14T03:25:16.875854,2025-09-17T23:13:16.875857
6b5fb9a7-a7df-4290-aed6-a00c6c316366,general,Your test results are available in your patient portal,sent,d530a2ed-aee1-4b68-87fc-19676b063a24,b55665b9-b6a4-4997-aa6c-cf2cebb22dda,,,2025-09-15T04:39:16.875865,2025-09-16T23:42:16.875869,2025-09-12T20:31:16.875872,2025-09-17T02:28:16.875875
74f01659-49b1-45d6-9cde-cda8dc4c96d5,medication_reminder,Time to take your medication,read,3354ddbc-5814-4605-868d-8dfd161c131e,,8c4b7e23-6e30-42da-bdfd-39e3488bd538,,2025-09-17T02:01:16.875883,,2025-09-12T21:37:16.875887,2025-09-18T00:49:16.875890
2800788e-3b69-4ab8-9a3c-05db40cfe48a,general,Your test results are available in your patient portal,delivered,1cb64f76-90c1-461a-a44d-6b4f7f491802,739820ea-3488-4966-8528-a98bacad592e,,,2025-09-17T19:08:16.875899,2025-09-16T09:07:16.875902,2025-09-13T14:00:16.875906,2025-09-17T17:56:16.875909
e3d9862c-6871-4bbc-9677-a444f3bdc920,vital_alert,Your blood pressure reading is outside normal range. Please contact your provider.,failed,7aa3ed45-e652-4f62-916e-c1f052f35b2e,,,,,,2025-09-18T13:28:16.875918,2025-09-17T03:08:16.875921
6d9e8a61-e3a7-40a6-a145-0e1f6fc3a0ed,medication_reminder,Time to take your medication,read,8d15ebb0-1b1a-439f-809d-56d25b80cdb5,ba545f90-3961-42fb-b79f-f2fa0be8072c,8f4318fa-7fc4-427c-9595-de0fed54749a,,2025-09-13T05:15:16.875930,2025-09-15T02:46:16.875935,2025-09-14T05:33:16.875938,2025-09-18T05:03:16.875941
2e895592-d6d8-4f8f-9edf-21e5a5850a70,vital_alert,Your blood pressure reading is outside normal range. Please contact your provider.,sent,5e81d357-27cd-4d83-b96d-c2cda9299027,db693b86-e396-4394-9bfa-a6443d7c1407,,,2025-09-15T22:05:16.875950,2025-09-15T00:33:16.875954,2025-09-16T02:57:16.875957,2025-09-18T10:08:16.875960
bc87e406-1ddd-4cad-999a-6b12e02ba1e4,vital_alert,Your blood pressure reading is outside normal range. Please contact your provider.,delivered,72f51ae3-f8a5-488a-85d5-889f1d2e89f2,7a1bc6af-37e0-44b1-9b51-2e244297d9e9,,,2025-09-16T10:47:16.875968,,2025-09-12T21:14:16.875972,2025-09-17T01:07:16.875975
e70519db-5f5e-4982-af28-2e2cc6da26ba,appointment_reminder,Reminder: You have an appointment tomorrow at 2:00 PM,read,8acba043-326d-4f1a-8e22-c3f3a00d7250,,,,2025-09-18T07:48:16.875982,2025-09-16T13:27:16.875986,2025-09-15T02:25:16.875989,2025-09-17T00:43:16.875992
ed8c90f3-694a-4270-92cf-24fe59973a55,general,Your test results are available in your patient portal,sent,4fc65e93-cd2c-4807-9087-3e9b4d0c95d0,,810500df-c95e-4cf8-b3a0-9d019aba8c03,4e754354-3819-44da-9604-4101c5206396,2025-09-11T05:49:16.876002,2025-09-17T03:16:16.876005,2025-09-18T14:00:16.876008,2025-09-18T05:50:16.876011
59f2e4ea-c86a-41e8-9eaf-37a4886f73f6,system,System maintenance scheduled for tonight,failed,d74b4f87-21cc-4f50-acc1-693de4b1454d,cd27d519-e7e5-4855-8eb9-8c175cfb4e18,,,2025-09-13T12:47:16.876020,,2025-09-18T14:56:16.876024,2025-09-18T08:08:16.876027
07e7b692-effd-4bbb-87b3-1b658d94d084,system,System maintenance scheduled for tonight,delivered,287642c6-6f60-4007-822e-20826fcb02c1,,,,2025-09-14T21:36:16.876035,,2025-09-14T20:48:16.876038,2025-09-16T20:49:16.876041
486014d8-df7a-4f64-816f-68dbcf24f63c,vital_alert,Your blood pressure reading is outside normal range. Please contact your provider.,failed,48e39e77-0189-4ee1-8780-7246869e37c4,87c06ba6-6d3f-4f36-996e-fb06cff0ff92,,,2025-09-17T10:54:16.876050,2025-09-18T14:55:16.876054,2025-09-11T08:58:16.876057,2025-09-17T03:08:16.876060
45062272-2bd5-4168-928a-b76b25cf5ec1,general,Your test results are available in your patient portal,pending,6ce8b3b0-34a1-4b60-9ef0-8027578e7efd,562dbba1-978f-4576-8c32-ee037b61ac36,28304d03-4297-4183-ad5b-6f5a097da2c7,,2025-09-17T18:24:16.876070,2025-09-17T16:27:16.876073,2025-09-11T03:26:16.876076,2025-09-16T21:16:16.876079
2a8f2d86-5394-40a0-95cd-d466597f595b,vital_alert,Your blood pressure reading is outside normal range. Please contact your provider.,sent,6422bb74-330b-4f2d-b26a-e5027485adf9,861f6a87-a14c-4f43-ada4-7d3123009a62,,8cae9432-5c39-48e3-8377-afd170a6a2e6,,,2025-09-13T05:49:16.876089,2025-09-17T00:17:16.876093
9b7d917e-9db3-4182-9ed7-f9bdf7f5edf5,vital_alert,Your blood pressure reading is outside normal range. Please contact your provider.,failed,3eaa8dd8-ee05-4696-a3e6-81e9d43584c9,bb46d307-c5e9-4be7-8f7b-2c936461cfad,c5dcf9d2-4265-4941-be58-ee2f4ebdfac8,,2025-09-16T11:13:16.876102,2025-09-14T19:05:16.876106,2025-09-15T10:42:16.876109,2025-09-18T13:47:16.876112
54000820-ae7a-4b53-9342-1fe8ed2d08d8,medication_reminder,Time to take your medication,delivered,b09c3238-7e09-410c-b848-e94c452cb0e4,a0ec71a7-ebdc-440e-ad40-491c48b99db9,,,2025-09-18T12:50:16.876121,2025-09-18T09:37:16.876125,2025-09-10T21:28:16.876128,2025-09-17T10:12:16.876132
1b57fed7-59f0-4590-9ca4-9f019d2d2093,system,System maintenance scheduled for tonight,read,ebeec04e-b240-4815-a7fa-ccb21326fefa,,,,2025-09-13T19:50:16.876139,,2025-09-17T14:52:16.876143,2025-09-17T22:51:16.876146
782700d9-3134-4f88-99e7-0c02f9e43bc6,vital_alert,Your blood pressure reading is outside normal range. Please contact your provider.,failed,b4acc33f-11ae-474a-9a1c-714245ad8d15,,,,2025-09-16T03:51:16.876153,2025-09-17T06:20:16.876157,2025-09-18T14:24:16.876160,2025-09-18T01:25:16.876163
f26f3e43-c2bf-4b1a-b8ba-ba52f3ac5ab4,general,Your test results are available in your patient portal,sent,6c94eb73-418f-450c-a14d-b1e1210e1ad1,,2ac6ab99-5374-4f44-a11a-4c1eca3268c0,,2025-09-15T23:30:16.876171,,2025-09-17T23:25:16.876175,2025-09-16T19:51:16.876178
83e0d35f-317f-4efa-8514-09c8271a05d0,medication_reminder,Time to take your medication,sent,b145bf25-6f6a-4dcc-b28f-51134d2a6b42,6ea85407-d1ea-494d-82b5-e51bf23ffacf,,,2025-09-15T21:35:16.876186,2025-09-17T23:22:16.876189,2025-09-15T21:30:16.876192,2025-09-18T14:26:16.876195
d9c2a93f-d1fe-4f20-b5c7-ab4115cd6239,general,Your test results are available in your patient portal,sent,2338994e-f8f6-48da-baca-dc0649976611,1faceec7-5e51-47dd-99d5-4e272addcdd5,27e011e6-cf29-46fc-9b69-6cce6309189a,,2025-09-12T23:24:16.876205,,2025-09-17T23:24:16.876208,2025-09-16T17:51:16.876211
621b201f-b365-454f-990e-e1b9c7bd5cda,system,System maintenance scheduled for tonight,sent,2dc38974-0db0-4b49-a4e2-5e7ccf40d980,,,,2025-09-13T17:43:16.876219,,2025-09-13T17:15:16.876223,2025-09-17T12:47:16.876226
e8dcd680-37de-4c89-a6ce-fcee31a79ec0,vital_alert,Your blood pressure reading is outside normal range. Please contact your provider.,sent,cfe7eaa1-74f0-4b53-91a0-b189ccffd68f,d0142e91-9454-45c5-9f33-3a7747821a24,,ee20ae2f-7d2c-451c-858b-21c49463d9cc,2025-09-14T08:27:16.876236,,2025-09-15T01:52:16.876239,2025-09-17T09:39:16.876242
f5f0cc30-c835-4eac-b5f2-9379c7f46e60,vital_alert,Your blood pressure reading is outside normal range. Please contact your provider.,pending,6e2278f4-c48a-4e40-8dce-896031263624,,,b721b169-4537-437e-97ed-aa664ac60ac5,,2025-09-18T14:33:16.876252,2025-09-11T16:37:16.876257,2025-09-17T20:08:16.876263
e8b60ac6-b463-4e9a-ba46-9afb15771779,system,System maintenance scheduled for tonight,sent,2a311f7b-96e6-4526-ad84-183c4da922fc,,,1f862819-9a3e-49e3-8d04-ac4506bfed21,,2025-09-18T13:45:16.876272,2025-09-16T04:43:16.876276,2025-09-18T07:23:16.876279
fbbd2f3b-7f7f-44ea-b7cb-3a4872162985,appointment_reminder,Reminder: You have an appointment tomorrow at 2:00 PM,read,dba6a7cd-4f1c-4036-8ec3-414e26b8e013,be238fa4-04c1-4757-b0ac-ab5dfa638de1,,,2025-09-18T07:08:16.876287,2025-09-17T08:39:16.876291,2025-09-17T23:07:16.876294,2025-09-16T15:53:16.876297
bbddb918-61d8-43fe-b8d8-518c63e68c11,medication_reminder,Time to take your medication,delivered,4bf3c9e6-cde8-415d-96a6-6d2c74512b58,fb52b7b7-51d8-4346-8739-e1801f86326c,3063e88f-a39f-445e-8e77-b696d592bec4,b10043e8-4fbe-4656-8669-e3587f11507e,2025-09-11T10:15:16.876306,,2025-09-14T07:36:16.876310,2025-09-17T02:50:16.876313
0221721f-e7de-4faa-bdf4-56a3b61dcbb4,appointment_reminder,Reminder: You have an appointment tomorrow at 2:00 PM,read,133d0ac0-0c3c-4cd5-a689-8e04cbeaa5d8,,51d009df-1124-4d4d-9e45-e41e3889ce5e,,2025-09-11T08:02:16.876323,2025-09-15T09:41:16.876326,2025-09-12T19:36:16.876330,2025-09-18T00:20:16.876333
bd41dc50-69d7-4629-af68-26f7fbbcc741,appointment_reminder,Reminder: You have an appointment tomorrow at 2:00 PM,sent,986b27cf-eacf-4f3f-99d6-5849ae88283b,289145c9-3829-4eb1-862a-a173c8295bf0,,,2025-09-16T03:10:16.876341,,2025-09-12T13:07:16.876345,2025-09-18T09:11:16.876348
1db5f2f1-a65f-4adf-a55d-b9865e7c10f5,system,System maintenance scheduled for tonight,failed,e78e7161-4643-4d6c-a9e8-60a963688205,,a080fbe7-beb8-4a23-9ab9-c2b57b5a73e5,,,2025-09-17T10:07:16.876357,2025-09-13T23:24:16.876360,2025-09-16T21:56:16.876363
74b4f1f7-6935-4a62-97db-5f88dd42a30a,medication_reminder,Time to take your medication,failed,a1eb6e80-ba6c-493d-a910-2c0dc0d9562a,,,,2025-09-14T20:21:16.876371,2025-09-15T07:36:16.876374,2025-09-11T22:11:16.876377,2025-09-17T14:36:16.876381
7d331b16-7b43-4da6-b9d5-2e31bba1d0d7,general,Your test results are available in your patient portal,sent,9d7482cc-d3cb-405e-bb1d-a4ecad7fd4f4,25b83035-de52-4684-983b-86f65ba71f3d,,9fb2d1cc-3428-41c8-923d-c879401dd0dd,2025-09-18T09:44:16.876391,,2025-09-15T05:00:16.876394,2025-09-17T15:43:16.876397
875bd269-df78-417d-948b-715855893044,general,Your test results are available in your patient portal,failed,23822be0-7869-4212-949e-1ce53f85ab3f,,6a486153-1846-4bdd-9093-2f7f90bef5bb,,2025-09-15T19:17:16.876406,,2025-09-14T05:38:16.876410,2025-09-16T18:30:16.876413
d154a540-e796-4140-8923-cb8223aa37f8,vital_alert,Your blood pressure reading is outside normal range. Please contact your provider.,failed,5ec97425-9781-4011-b4cc-29d18128bc4f,0393cb10-2775-4ef2-a61c-98e0d5602eb6,,,2025-09-15T11:55:16.876423,,2025-09-18T01:37:16.876426,2025-09-16T21:13:16.876430
24499d8a-cfc8-4f2c-a679-a69a503573a0,medication_reminder,Time to take your medication,pending,7645a82d-e12e-4a7e-af92-d90be07c4106,088f6f40-804a-4fc4-af8a-0a4674faed75,bac9d593-fb4b-4ff9-ba66-bb69ed6bcfee,,2025-09-17T10:23:16.876438,2025-09-17T23:13:16.876442,2025-09-11T03:21:16.876445,2025-09-17T23:24:16.876448
d3def697-e384-4734-b6d7-fe33629b9e60,general,Your test results are available in your patient portal,sent,2b440f73-d95f-4019-b17c-29cc9d5f195f,,2b20da3a-2323-4077-8b35-b2dae8f0e1c5,,2025-09-11T22:51:16.876457,2025-09-14T21:40:16.876460,2025-09-18T07:38:16.876463,2025-09-18T10:06:16.876467
29b6faea-fba4-4b70-9d0a-543f5f7f715f,appointment_reminder,Reminder: You have an appointment tomorrow at 2:00 PM,pending,20ae8b0f-8d44-4542-8abb-a1b14332e3b6,,7e1a8def-4b7d-41ae-bb85-ddb5271d85b2,,2025-09-13T18:41:16.876475,,2025-09-15T13:06:16.876479,2025-09-17T20:48:16.876482
3e5cd72b-2730-40c4-9d86-e73572872ba1,general,Your test results are available in your patient portal,read,8e60074c-fddf-4777-a318-3ef5a61eb0ed,98044f5d-9a71-4841-9bde-bba41008d64e,6788d4ed-2d77-44bf-b860-50ae3bddeb0d,15f378df-1368-4464-bd66-e896a019dc19,2025-09-17T07:43:16.876491,2025-09-17T22:40:16.876495,2025-09-15T08:22:16.876498,2025-09-18T04:25:16.876501
6822e58f-10a7-4a51-b891-2cd29e87c74b,general,Your test results are available in your patient portal,failed,1a1a0bba-0bc1-476d-8b23-45a8072f6a0a,db07443a-4ece-4c3f-9ff3-65ec0cdfd66d,,,2025-09-16T03:00:16.876510,2025-09-16T06:40:16.876513,2025-09-12T09:15:16.876518,2025-09-16T17:01:16.876521
d77f64ea-5106-451d-8aeb-fc25fc41606b,vital_alert,Your blood pressure reading is outside normal range. Please contact your provider.,sent,8713d4de-62fa-4b01-adee-f24c10775739,,,,2025-09-15T18:28:16.876529,2025-09-17T06:49:16.876533,2025-09-14T03:08:16.876536,2025-09-18T08:19:16.876539
b2892070-c32e-4efc-b14e-ba95ef80d38d,general,Your test results are available in your patient portal,sent,911a4ba6-7e70-476a-bacc-f54b059dc7a5,,,,2025-09-16T03:14:16.876553,,2025-09-15T17:43:16.876556,2025-09-16T22:03:16.876560
ebc14bb7-2a3e-40cc-ae70-96933e956703,general,Your test results are available in your patient portal,sent,2cf2b3c8-7c47-41e0-8f3f-bdc816dac7c8,,,,2025-09-15T08:56:16.876567,2025-09-14T22:10:16.876571,2025-09-12T09:30:16.876574,2025-09-17T21:42:16.876577
5b671c93-fe62-4f3f-b72c-145740f7064d,vital_alert,Your blood pressure reading is outside normal range. Please contact your provider.,sent,a46c7a28-8845-4182-b2bb-95acd60308e2,,,,2025-09-15T12:55:16.876585,,2025-09-12T17:36:16.876588,2025-09-17T10:22:16.876592
b307d2c5-4651-402f-ac05-61005af07ed4,appointment_reminder,Reminder: You have an appointment tomorrow at 2:00 PM,read,53dc6795-be29-412e-8aec-dca62d54c503,,,,2025-09-16T11:42:16.876601,,2025-09-16T13:58:16.876604,2025-09-16T19:38:16.876607
8aaf705e-4317-46f7-8372-15b82f317b32,medication_reminder,Time to take your medication,pending,c1efa820-3265-4b6f-a6f2-9dfe2b439a9d,5157ff5e-d4f9-4b3f-9997-e144ac6bd6d1,,,2025-09-16T00:59:16.876615,2025-09-15T16:03:16.876619,2025-09-14T07:34:16.876622,2025-09-18T04:54:16.876625
427e0e93-c573-4460-ad63-872d104adc13,vital_alert,Your blood pressure reading is outside normal range. Please contact your provider.,read,97751ffc-e187-4287-8e0e-65f6935ec048,476624d8-4b3c-49d0-bae8-8ae6d55d4cb9,,,,2025-09-15T05:23:16.876634,2025-09-17T20:39:16.876637,2025-09-17T13:12:16.876640
a527ec75-02df-4423-94a2-0429eb1b0e78,vital_alert,Your blood pressure reading is outside normal range. Please contact your provider.,failed,1a654397-34d5-4fa5-bb28-7c7d60f9c74e,,c3468f20-db40-4ee4-8d10-7640276b351d,,2025-09-13T16:31:16.876649,,2025-09-18T09:51:16.876652,2025-09-17T05:50:16.876655
7133dc90-7961-4d85-bde4-bee672f3676c,appointment_reminder,Reminder: You have an appointment tomorrow at 2:00 PM,sent,05d79b78-c2e2-4fe6-b0a8-d18cc4fcb476,8a41f044-ebc6-40c1-814b-5d63cec2e66b,,,2025-09-14T02:45:16.876664,,2025-09-18T03:56:16.876667,2025-09-17T01:22:16.876670
9296376e-6cd5-447d-b16e-5e8a65c2e880,medication_reminder,Time to take your medication,pending,f99778aa-2528-4a3b-b4be-68ead3da9d22,f3e1682a-da11-4595-939c-c5755a48223c,996fe38f-fe14-4b0e-aeb9-c6d7b68165ab,15f378df-1368-4464-bd66-e896a019dc19,,2025-09-16T12:03:16.876680,2025-09-15T08:59:16.876684,2025-09-17T03:01:16.876687
bb51e97b-7d52-4609-88e9-e67311223a68,vital_alert,Your blood pressure reading is outside normal range. Please contact your provider.,failed,bcbb1ce6-08dc-40fa-bd63-c34674ebf09e,,e0802e10-772e-4b01-bfa4-b9af25d4e467,,2025-09-17T04:39:16.876696,2025-09-17T12:59:16.876699,2025-09-18T05:34:16.876702,2025-09-18T11:26:16.876705
b1688ca5-e201-4c14-a9b7-29b3a0933f9e,system,System maintenance scheduled for tonight,read,5be1b819-177e-4086-ae24-265536d4a875,,,,2025-09-18T00:30:16.876718,,2025-09-16T22:28:16.876723,2025-09-18T13:02:16.876726
fcefed0b-0a97-4d69-87d7-e766880ca53e,general,Your test results are available in your patient portal,pending,746dd8e1-166e-415a-8acc-c855eeee0d09,ed6fa381-2c59-4b18-8730-23f70580ff87,17d4357e-543a-46e6-b475-4ccb0d226cbd,,2025-09-18T11:31:16.876734,,2025-09-17T03:03:16.876738,2025-09-17T02:53:16.876741
901ec1d3-d22d-45bc-ba9a-b27983d282c3,general,Your test results are available in your patient portal,delivered,7996fdbf-eaa2-4e55-b18b-703f201b9380,,822f04fb-e779-42ca-81ff-3af15ff430d8,,,2025-09-15T12:27:16.876749,2025-09-15T17:34:16.876753,2025-09-18T08:41:16.876756
f93d1245-1078-427d-9619-a4fbf496fbeb,vital_alert,Your blood pressure reading is outside normal range. Please contact your provider.,sent,605459f1-3804-4f40-9e11-129041ccace3,370644d1-c5d8-4bdd-9f3d-e6d68fd9496a,,,2025-09-17T23:13:16.876766,,2025-09-14T07:46:16.876770,2025-09-17T23:51:16.876773
4954eb97-f025-4aa6-9037-4cc509044215,appointment_reminder,Reminder: You have an appointment tomorrow at 2:00 PM,sent,f2ce1305-7aa1-4fcb-b669-b026fbab1e2b,64a7af39-b800-457c-a852-473fb88c4058,,,2025-09-12T11:12:16.876781,2025-09-17T03:59:16.876785,2025-09-17T10:06:16.876788,2025-09-17T13:15:16.876791
a19a9337-76d9-4d42-b686-9abbc9384551,general,Your test results are available in your patient portal,pending,de06b713-f214-4d51-9a2e-48a62f614a71,,,,2025-09-14T23:43:16.876799,,2025-09-11T02:33:16.876802,2025-09-17T04:35:16.876805
ad88d81f-dc50-43e4-80ec-6624841e7bcd,appointment_reminder,Reminder: You have an appointment tomorrow at 2:00 PM,sent,0d4032a8-f001-41bc-ab34-65b500c4eda3,,,,2025-09-17T01:17:16.876814,2025-09-16T04:23:16.876817,2025-09-18T03:21:16.876820,2025-09-18T01:38:16.876823
d80a0d2a-9407-437e-a051-777eb3a4188e,appointment_reminder,Reminder: You have an appointment tomorrow at 2:00 PM,sent,f02f1bf3-dae7-44cd-8a7a-0731370bbff5,a8b47aab-d40a-4db0-9bbd-5910f980aa1f,,,,2025-09-18T07:40:16.876832,2025-09-18T06:41:16.876835,2025-09-18T05:28:16.876839
df35f130-1882-4d0f-9375-a69eb44f857d,vital_alert,Your blood pressure reading is outside normal range. Please contact your provider.,sent,9c2571de-29f2-4848-a365-71dfd4bc4517,,2efc436c-44bb-49aa-b1f5-ad8997834ba4,,2025-09-12T09:31:16.876847,,2025-09-12T02:58:16.876851,2025-09-18T14:30:16.876854
6c0aca1c-f5eb-4d9a-8117-9f75a2c3ced0,vital_alert,Your blood pressure reading is outside normal range. Please contact your provider.,delivered,12c8352d-11b6-49b2-a95d-cc5e8bb86a20,,4dabc636-5cec-4a2e-89b3-364da46c485a,,,,2025-09-16T02:23:16.876862,2025-09-16T16:57:16.876866
37298bb4-3f12-4f2c-b7bb-031c3220d421,vital_alert,Your blood pressure reading is outside normal range. Please contact your provider.,pending,8cdc991d-51b5-4b04-9124-93ce2110fa08,7a1bc6af-37e0-44b1-9b51-2e244297d9e9,,7abf2fff-37ca-479b-8157-d981ff114bdc,2025-09-16T19:15:16.876875,,2025-09-17T10:37:16.876878,2025-09-18T05:32:16.876881
afcc40c6-f7ae-4ee3-8534-94272b7fa6a1,general,Your test results are available in your patient portal,pending,b58fccf3-f8c2-4e88-9823-14dd5b9e66c2,,,,,2025-09-18T03:43:16.876889,2025-09-11T22:29:16.876892,2025-09-17T22:29:16.876896
da7c3b9d-7621-41a9-927c-8c8cfd28b7d3,appointment_reminder,Reminder: You have an appointment tomorrow at 2:00 PM,read,b6795c0b-7497-4505-8179-dc7455b2cf88,3c316b63-abc7-426d-8639-eee1a9ea5a31,,,2025-09-10T22:51:16.876904,,2025-09-15T11:50:16.876908,2025-09-16T22:15:16.876912
c19eef14-0c66-4224-a2cc-db0eb75abaf8,system,System maintenance scheduled for tonight,delivered,d934075a-38b1-4e1f-a9a3-bf9b7ac3dd11,,e31adb6f-1128-40c6-96fa-2c9d2f0f05e0,,2025-09-15T05:24:16.876922,,2025-09-14T12:30:16.876925,2025-09-18T09:56:16.876928
5c96dce6-486b-4b06-ab98-12138166bbd8,appointment_reminder,Reminder: You have an appointment tomorrow at 2:00 PM,delivered,bbac6e7f-3b7c-4c03-ae7d-a6235e138e02,,20e9bdcf-15aa-42fb-95e7-4e8650b10495,,2025-09-11T08:26:16.876937,,2025-09-15T11:07:16.876940,2025-09-17T11:13:16.876943
dd7bc144-35e4-4080-8043-86d76040461f,medication_reminder,Time to take your medication,pending,4efa3b63-ac53-4c68-bdc8-0c493ac5c45e,,,,,2025-09-17T03:27:16.876951,2025-09-13T13:33:16.876955,2025-09-18T11:37:16.876958
35bf6654-4707-4de7-9786-c32ce94e2129,general,Your test results are available in your patient portal,sent,d08a55c8-cfc6-44b9-8cd1-21a9733047ce,56ebc464-a39b-426c-9b56-c0fcba108e2e,56bbcd4e-bc92-4330-84f9-7afc43f36efe,,,,2025-09-13T14:02:16.876967,2025-09-18T05:31:16.876970
