id,username,email,prefix,first_name,last_name,specialization,description,status,profile_picture,license_number,phone,created_at,updated_at
0ff9edb7-ec52-4736-ba12-182b387a365a,brandon.sanchez301,pdixon@example.org,Dr.,Brandon,Sanchez,Geriatrics,Experienced Hematology specialist with over 12 years of practice.,pending_approval,https://example.com/profiles/0ff9edb7-ec52-4736-ba12-182b387a365a.jpg,MD165711,(805) 511-7479,2024-09-14T20:05:34.703293,2025-09-10T05:06:34.703311
5c4aef43-c6b0-4e88-8fc2-f95a2ed82412,edward.leach829,cruzscott@example.org,DO,Edward,Leach,Dermatology,Experienced Gastroenterology specialist with over 22 years of practice.,suspended,https://example.com/profiles/5c4aef43-c6b0-4e88-8fc2-f95a2ed82412.jpg,MD358298,(845) 969-3101,2024-08-27T03:57:34.703691,2025-08-31T15:11:34.703703
d72aa547-603a-4098-a6ae-ecbab78acd55,christina.smith769,susan75@example.net,MD,Christina,Smith,Pulmonology,Experienced Pediatrics specialist with over 16 years of practice.,inactive,https://example.com/profiles/d72aa547-603a-4098-a6ae-ecbab78acd55.jpg,MD770416,(423) 697-8187,2024-08-31T01:10:34.704234,2025-09-17T00:23:34.704251
4a19421a-e561-44f8-96c6-1baaacfd4c3a,angela.hendrix47,kmorris@example.org,Dr.,Angela,Hendrix,Hematology,Experienced Pediatrics specialist with over 5 years of practice.,inactive,https://example.com/profiles/4a19421a-e561-44f8-96c6-1baaacfd4c3a.jpg,MD879040,(629) 551-2041,2025-02-18T01:12:34.704690,2025-09-09T12:45:34.704701
b7425767-4781-49f8-80f4-087159325928,christopher.watkins897,zcollins@example.org,PA,Christopher,Watkins,Pulmonology,Experienced Urology specialist with over 9 years of practice.,inactive,https://example.com/profiles/b7425767-4781-49f8-80f4-087159325928.jpg,MD659357,(912) 434-1013,2024-11-15T18:13:34.705059,2025-09-12T02:57:34.705066
e9a64b10-5c0c-41ff-97b5-3e7dc2f76809,jerry.cameron259,llambert@example.org,MD,Jerry,Cameron,Oncology,Experienced Pulmonology specialist with over 7 years of practice.,pending_approval,https://example.com/profiles/e9a64b10-5c0c-41ff-97b5-3e7dc2f76809.jpg,MD819991,(830) 499-4243,2025-04-19T22:56:34.705366,2025-09-16T01:17:34.705373
d1808165-b4a7-4e0c-a2c2-49978ad7fbbc,nicole.thomas801,michael21@example.com,PA,Nicole,Thomas,Rheumatology,Experienced Rheumatology specialist with over 23 years of practice.,pending_approval,https://example.com/profiles/d1808165-b4a7-4e0c-a2c2-49978ad7fbbc.jpg,MD324034,(260) 337-1132,2024-11-27T09:24:34.705656,2025-09-09T00:46:34.705663
2ef4c2fa-3020-45be-8fee-2340bfa90251,steven.ford452,nealdavid@example.com,DO,Steven,Ford,Radiology,Experienced Radiology specialist with over 8 years of practice.,inactive,https://example.com/profiles/2ef4c2fa-3020-45be-8fee-2340bfa90251.jpg,MD154282,(907) 582-9225,2025-07-29T08:55:34.706060,2025-08-26T11:27:34.706070
d62ac50c-f29e-404b-9972-97587e28e8af,danny.owen492,jeremiahwalton@example.org,Prof.,Danny,Owen,Endocrinology,Experienced Orthopedics specialist with over 11 years of practice.,active,https://example.com/profiles/d62ac50c-f29e-404b-9972-97587e28e8af.jpg,MD440338,(309) 266-5098,2025-01-27T20:31:34.706569,2025-09-01T20:51:34.706581
961adf9d-945d-485d-bd08-9b04b0869b24,henry.reynolds647,coreypope@example.net,Dr.,Henry,Reynolds,Cardiology,Experienced Urology specialist with over 22 years of practice.,active,https://example.com/profiles/961adf9d-945d-485d-bd08-9b04b0869b24.jpg,MD675450,(804) 299-1742,2023-12-29T12:36:34.707152,2025-08-29T17:41:34.707165
9b4c9a0c-9b0d-469d-aab9-7f793ab2b0a6,donna.jones434,boydrenee@example.net,MD,Donna,Jones,General Practice,Experienced Pediatrics specialist with over 19 years of practice.,active,https://example.com/profiles/9b4c9a0c-9b0d-469d-aab9-7f793ab2b0a6.jpg,MD526294,(918) 867-1037,2025-04-25T20:09:34.708231,2025-08-31T12:49:34.708332
03c1fb29-028e-4c17-bb45-3d517d20595e,adam.diaz251,hamiltonkendra@example.net,NP,Adam,Diaz,Endocrinology,Experienced Psychiatry specialist with over 13 years of practice.,inactive,https://example.com/profiles/03c1fb29-028e-4c17-bb45-3d517d20595e.jpg,MD841058,(440) 212-7623,2025-08-16T08:50:34.709490,2025-09-13T08:50:34.709511
2cf9fafd-7fa2-4f51-8886-0e3b71ed4f80,samuel.nichols982,andrea19@example.com,PA,Samuel,Nichols,Radiology,Experienced Pediatrics specialist with over 25 years of practice.,pending_approval,https://example.com/profiles/2cf9fafd-7fa2-4f51-8886-0e3b71ed4f80.jpg,MD829153,(212) 891-6348,2025-05-01T04:43:34.710184,2025-08-27T06:55:34.710198
f7b165cf-fc07-4ed5-8e36-0edfe8703815,ashley.ford297,sjackson@example.org,Prof.,Ashley,Ford,Cardiology,Experienced Pulmonology specialist with over 18 years of practice.,suspended,https://example.com/profiles/f7b165cf-fc07-4ed5-8e36-0edfe8703815.jpg,MD138449,(315) 522-2235,2024-12-30T23:14:34.710756,2025-08-31T15:52:34.710768
b4935c4b-c3f9-4164-b2f8-425f1a7d4452,patrick.black20,christensenkendra@example.org,Dr.,Patrick,Black,Pulmonology,Experienced Radiology specialist with over 12 years of practice.,inactive,https://example.com/profiles/b4935c4b-c3f9-4164-b2f8-425f1a7d4452.jpg,MD990036,(878) 344-3109,2025-05-04T05:44:34.711397,2025-09-18T08:41:34.711407
0fc75aad-27df-4100-93e1-dcc082b66f34,timothy.cannon238,carloswerner@example.net,PA,Timothy,Cannon,General Practice,Experienced Geriatrics specialist with over 10 years of practice.,active,https://example.com/profiles/0fc75aad-27df-4100-93e1-dcc082b66f34.jpg,MD490529,(707) 343-1451,2025-06-13T12:14:34.711824,2025-08-31T08:07:34.711831
87dde43d-9e6d-42db-bb41-e3b923422ff3,sherri.romero78,znolan@example.net,Dr.,Sherri,Romero,Hematology,Experienced Oncology specialist with over 22 years of practice.,pending_approval,https://example.com/profiles/87dde43d-9e6d-42db-bb41-e3b923422ff3.jpg,MD319231,(501) 789-2655,2025-03-06T02:20:34.712144,2025-09-13T22:50:34.712150
8541db18-079f-4f2d-827f-18d40b74dcc7,joshua.ali530,michelle18@example.org,DO,Joshua,Ali,Gastroenterology,Experienced Hematology specialist with over 10 years of practice.,inactive,https://example.com/profiles/8541db18-079f-4f2d-827f-18d40b74dcc7.jpg,MD868540,(975) 460-6497,2024-07-24T12:43:34.712413,2025-09-09T05:48:34.712419
9e2ec154-553a-47dd-90a8-4e83d1f8b126,gary.webster312,aaronthompson@example.org,Prof.,Gary,Webster,Pulmonology,Experienced Orthopedics specialist with over 14 years of practice.,suspended,https://example.com/profiles/9e2ec154-553a-47dd-90a8-4e83d1f8b126.jpg,MD548996,(203) 377-5320,2024-01-30T17:34:34.712780,2025-09-06T03:44:34.712787
43b421f3-0720-4fb6-be40-c96f59c63d42,christina.herrera179,derekdougherty@example.org,NP,Christina,Herrera,Dermatology,Experienced Psychiatry specialist with over 12 years of practice.,suspended,https://example.com/profiles/43b421f3-0720-4fb6-be40-c96f59c63d42.jpg,MD886803,(803) 851-8758,2023-12-19T02:44:34.713147,2025-08-28T15:26:34.713153
416be0aa-1fac-4f30-8f6a-f9dd9750384f,johnathan.ramirez653,parcher@example.org,NP,Johnathan,Ramirez,Psychiatry,Experienced Geriatrics specialist with over 24 years of practice.,suspended,https://example.com/profiles/416be0aa-1fac-4f30-8f6a-f9dd9750384f.jpg,MD970713,(505) 564-7631,2025-06-16T23:17:34.713444,2025-09-13T21:36:34.713450
70f16c9e-5f41-452b-bf7e-31274ed69110,jessica.middleton380,jonesterri@example.com,MD,Jessica,Middleton,Endocrinology,Experienced Oncology specialist with over 20 years of practice.,suspended,https://example.com/profiles/70f16c9e-5f41-452b-bf7e-31274ed69110.jpg,MD265366,(702) 452-9370,2025-07-18T14:03:34.713823,2025-09-05T20:42:34.713830
35fac0af-2cce-43fd-95fc-5db6d71d1a94,barbara.page108,nunezjill@example.net,MD,Barbara,Page,Urology,Experienced Psychiatry specialist with over 12 years of practice.,inactive,https://example.com/profiles/35fac0af-2cce-43fd-95fc-5db6d71d1a94.jpg,MD523960,(951) 914-7076,2025-04-09T00:05:34.714215,2025-09-05T01:02:34.714226
9cf2bd0a-f15e-4cac-9b14-fa7158988114,alexander.johnson784,tiffanyhill@example.net,DO,Alexander,Johnson,Radiology,Experienced Pediatrics specialist with over 12 years of practice.,pending_approval,https://example.com/profiles/9cf2bd0a-f15e-4cac-9b14-fa7158988114.jpg,MD318500,(931) 794-7680,2025-05-11T13:05:34.714629,2025-08-25T15:26:34.714637
21bfd04f-6f47-4c7f-b947-cfdf1e071bab,heather.robinson910,davidgonzales@example.com,MD,Heather,Robinson,Neurology,Experienced General Practice specialist with over 14 years of practice.,inactive,https://example.com/profiles/21bfd04f-6f47-4c7f-b947-cfdf1e071bab.jpg,MD841420,(715) 705-3469,2024-11-19T06:40:34.714983,2025-09-04T07:51:34.714989
871bd474-bd6b-4eac-8931-6db657bfd40e,melissa.martinez657,sanchezjennifer@example.org,DO,Melissa,Martinez,Radiology,Experienced Hematology specialist with over 25 years of practice.,inactive,https://example.com/profiles/871bd474-bd6b-4eac-8931-6db657bfd40e.jpg,MD439719,(561) 417-5695,2024-07-25T16:40:34.715336,2025-09-02T10:34:34.715343
133a3c47-2e59-4110-b590-cbd4e6c8858c,rachel.malone253,butlerolivia@example.com,NP,Rachel,Malone,Cardiology,Experienced Radiology specialist with over 8 years of practice.,suspended,https://example.com/profiles/133a3c47-2e59-4110-b590-cbd4e6c8858c.jpg,MD866224,(913) 350-5850,2024-02-17T18:24:34.715702,2025-08-30T02:22:34.715708
935fc881-619d-4ce2-9771-744d0bc22cd9,jon.gonzalez624,cooperlaura@example.org,PA,Jon,Gonzalez,Endocrinology,Experienced Radiology specialist with over 8 years of practice.,pending_approval,https://example.com/profiles/935fc881-619d-4ce2-9771-744d0bc22cd9.jpg,MD335513,(858) 285-2663,2024-08-11T17:20:34.716055,2025-09-12T11:32:34.716061
d3e595ed-2e4f-4e54-8c06-2a9f5743b326,sarah.gonzales91,lkelly@example.org,Dr.,Sarah,Gonzales,Neurology,Experienced Cardiology specialist with over 20 years of practice.,inactive,https://example.com/profiles/d3e595ed-2e4f-4e54-8c06-2a9f5743b326.jpg,MD597008,(339) 588-1965,2024-05-24T11:51:34.716345,2025-08-26T09:55:34.716351
2bf85c00-3caf-47f3-b897-c31a9f29b39e,cheryl.walker281,suttondenise@example.net,PA,Cheryl,Walker,Radiology,Experienced Urology specialist with over 22 years of practice.,active,https://example.com/profiles/2bf85c00-3caf-47f3-b897-c31a9f29b39e.jpg,MD682936,(352) 595-5507,2024-02-10T03:54:34.716704,2025-09-15T06:43:34.716710
653f4928-8dde-4148-b93e-ed5a1f8848a8,christopher.fleming408,harrisonnicholas@example.net,Prof.,Christopher,Fleming,Orthopedics,Experienced Rheumatology specialist with over 17 years of practice.,inactive,https://example.com/profiles/653f4928-8dde-4148-b93e-ed5a1f8848a8.jpg,MD439020,(567) 347-3694,2024-08-17T11:43:34.717061,2025-09-07T21:48:34.717067
f3897c03-a143-42c9-919d-45eeb3592565,blake.duffy940,davidglover@example.com,Prof.,Blake,Duffy,Gastroenterology,Experienced Rheumatology specialist with over 9 years of practice.,pending_approval,https://example.com/profiles/f3897c03-a143-42c9-919d-45eeb3592565.jpg,MD111899,(478) 604-5296,2024-04-19T12:56:34.717415,2025-08-29T06:50:34.717421
5a174ac7-19d5-4281-8505-406b6bcf12f8,john.sanford658,carl66@example.org,DO,John,Sanford,Pulmonology,Experienced Orthopedics specialist with over 23 years of practice.,suspended,https://example.com/profiles/5a174ac7-19d5-4281-8505-406b6bcf12f8.jpg,MD192726,(734) 662-1419,2024-07-24T12:05:34.717692,2025-09-02T02:48:34.717699
5716c7bb-036d-4a53-949d-1177be7be34e,edward.miller337,sheilabarnes@example.org,Prof.,Edward,Miller,Gastroenterology,Experienced Dermatology specialist with over 8 years of practice.,suspended,https://example.com/profiles/5716c7bb-036d-4a53-949d-1177be7be34e.jpg,MD212654,(410) 558-1451,2025-05-25T21:12:34.718055,2025-08-28T02:25:34.718061
26db310f-c138-482c-a4d7-a63889153519,walter.richardson617,tanya66@example.com,MD,Walter,Richardson,Dermatology,Experienced Endocrinology specialist with over 11 years of practice.,inactive,https://example.com/profiles/26db310f-c138-482c-a4d7-a63889153519.jpg,MD342875,(562) 478-4529,2024-05-19T12:35:34.718322,2025-08-23T18:19:34.718328
3d336998-db48-42fe-b302-d45d3be18224,stephanie.wiley820,reyesjackie@example.org,Prof.,Stephanie,Wiley,Oncology,Experienced Gastroenterology specialist with over 14 years of practice.,active,https://example.com/profiles/3d336998-db48-42fe-b302-d45d3be18224.jpg,MD965625,(934) 758-5346,2025-06-20T10:58:34.718705,2025-08-20T07:06:34.718712
393915b4-0142-4522-b601-bb25e41517c7,christopher.hunt445,dcox@example.com,DO,Christopher,Hunt,Hematology,Experienced Dermatology specialist with over 7 years of practice.,pending_approval,https://example.com/profiles/393915b4-0142-4522-b601-bb25e41517c7.jpg,MD670848,(308) 306-7561,2025-09-09T00:24:34.719017,2025-08-29T11:24:34.719023
89410af1-5331-4c89-bbe5-5a1bd79e0f7d,bianca.maxwell679,kevin07@example.com,NP,Bianca,Maxwell,Endocrinology,Experienced Cardiology specialist with over 6 years of practice.,pending_approval,https://example.com/profiles/89410af1-5331-4c89-bbe5-5a1bd79e0f7d.jpg,MD788030,(406) 239-3466,2024-03-25T16:08:34.719283,2025-08-21T20:07:34.719289
1a6ee802-a7cf-4220-b8a5-d90aa53937a0,peter.gonzalez428,cassandra33@example.net,Dr.,Peter,Gonzalez,Pulmonology,Experienced Dermatology specialist with over 7 years of practice.,active,https://example.com/profiles/1a6ee802-a7cf-4220-b8a5-d90aa53937a0.jpg,MD358419,(585) 347-2998,2025-02-26T01:29:34.719574,2025-08-21T10:02:34.719585
4f4e48ee-652b-4fc4-aa5a-a2b68ba9e73a,robert.smith338,mjackson@example.org,MD,Robert,Smith,Oncology,Experienced General Practice specialist with over 6 years of practice.,inactive,https://example.com/profiles/4f4e48ee-652b-4fc4-aa5a-a2b68ba9e73a.jpg,MD434759,(442) 276-7970,2025-07-18T11:31:34.720050,2025-08-31T12:55:34.720062
2e5f1598-4a64-429f-af33-0a985b1d6d3a,meghan.cruz498,hmacias@example.org,PA,Meghan,Cruz,Gastroenterology,Experienced Hematology specialist with over 22 years of practice.,suspended,https://example.com/profiles/2e5f1598-4a64-429f-af33-0a985b1d6d3a.jpg,MD161615,(301) 531-8873,2025-06-09T11:05:34.720537,2025-09-16T18:54:34.720551
573d9e84-ee3c-4a12-a257-56151d3585e6,kenneth.thomas209,kristiwade@example.net,Prof.,Kenneth,Thomas,Gastroenterology,Experienced Orthopedics specialist with over 5 years of practice.,inactive,https://example.com/profiles/573d9e84-ee3c-4a12-a257-56151d3585e6.jpg,MD418195,(810) 885-1070,2025-04-06T17:26:34.720982,2025-08-24T13:56:34.720991
15d00cc1-98dd-4654-a99b-47419e8a747e,matthew.pena297,joseph21@example.net,Dr.,Matthew,Pena,Gastroenterology,Experienced General Practice specialist with over 22 years of practice.,suspended,https://example.com/profiles/15d00cc1-98dd-4654-a99b-47419e8a747e.jpg,MD992426,(603) 524-3239,2024-05-10T11:57:34.721274,2025-08-25T14:48:34.721281
6d2f6d10-07e1-4e97-b5fb-b2bbefaf0dcd,xavier.palmer994,fergusontrevor@example.net,DO,Xavier,Palmer,Urology,Experienced Psychiatry specialist with over 20 years of practice.,suspended,https://example.com/profiles/6d2f6d10-07e1-4e97-b5fb-b2bbefaf0dcd.jpg,MD408872,(765) 392-2175,2025-01-17T16:11:34.721660,2025-08-20T07:59:34.721667
fe4843fe-4e18-4c59-87f7-c87c1b6bd055,stephanie.williamson941,phernandez@example.net,NP,Stephanie,Williamson,Urology,Experienced Orthopedics specialist with over 24 years of practice.,active,https://example.com/profiles/fe4843fe-4e18-4c59-87f7-c87c1b6bd055.jpg,MD789565,(708) 325-5690,2025-03-30T02:20:34.721970,2025-09-15T06:39:34.721976
892743f2-c2fb-445b-9558-cb6c708b73c6,larry.hoover291,barrettashley@example.com,Dr.,Larry,Hoover,Endocrinology,Experienced Neurology specialist with over 7 years of practice.,pending_approval,https://example.com/profiles/892743f2-c2fb-445b-9558-cb6c708b73c6.jpg,MD328374,(626) 252-7733,2024-01-16T12:34:34.722329,2025-08-19T12:50:34.722335
b649c39e-472f-4e46-9b27-c3b1dec48932,joseph.harris398,linda24@example.com,Dr.,Joseph,Harris,Radiology,Experienced Oncology specialist with over 16 years of practice.,pending_approval,https://example.com/profiles/b649c39e-472f-4e46-9b27-c3b1dec48932.jpg,MD275343,(618) 379-9140,2024-11-04T08:01:34.722651,2025-09-14T13:38:34.722662
2b5cbb2d-2443-44e5-a814-edb3398bd600,terri.lopez290,elizabeth58@example.org,DO,Terri,Lopez,Endocrinology,Experienced Rheumatology specialist with over 23 years of practice.,pending_approval,https://example.com/profiles/2b5cbb2d-2443-44e5-a814-edb3398bd600.jpg,MD645884,(906) 567-7978,2024-08-15T14:43:34.723027,2025-09-02T15:23:34.723037
927033ce-3c4c-4231-9187-39031dacf16f,jeffrey.green227,stacyjohnson@example.net,Dr.,Jeffrey,Green,Cardiology,Experienced Psychiatry specialist with over 8 years of practice.,pending_approval,https://example.com/profiles/927033ce-3c4c-4231-9187-39031dacf16f.jpg,MD553704,(802) 556-7584,2025-02-17T22:38:34.723531,2025-08-25T17:43:34.723545
e9ee3eaa-6083-4f5c-b396-e823aa7a6676,john.miller908,melinda87@example.com,Prof.,John,Miller,Geriatrics,Experienced Rheumatology specialist with over 25 years of practice.,active,https://example.com/profiles/e9ee3eaa-6083-4f5c-b396-e823aa7a6676.jpg,MD577820,(402) 599-7622,2025-05-05T13:38:34.723846,2025-09-06T23:00:34.723853
12dcec37-e4e9-4981-a05a-e12787129042,anthony.baird266,mitchell76@example.net,DO,Anthony,Baird,Cardiology,Experienced Urology specialist with over 5 years of practice.,active,https://example.com/profiles/12dcec37-e4e9-4981-a05a-e12787129042.jpg,MD187035,(586) 869-5496,2025-05-29T03:01:34.724139,2025-08-23T21:29:34.724147
528f0b8c-20cc-47a7-8528-a0cc2b78d721,anne.adams664,laura69@example.net,DO,Anne,Adams,Geriatrics,Experienced Oncology specialist with over 6 years of practice.,suspended,https://example.com/profiles/528f0b8c-20cc-47a7-8528-a0cc2b78d721.jpg,MD915822,(315) 205-1056,2023-12-05T20:35:34.724425,2025-09-01T14:58:34.724432
b84eff67-0837-4fde-aee2-3635bac494cb,patricia.salinas689,jennifer53@example.com,MD,Patricia,Salinas,Gastroenterology,Experienced Urology specialist with over 9 years of practice.,inactive,https://example.com/profiles/b84eff67-0837-4fde-aee2-3635bac494cb.jpg,MD108082,(815) 617-3760,2025-03-06T17:15:34.724770,2025-09-16T06:39:34.724781
e804c07a-090c-4453-a07f-26e1a6cb403c,tammy.kim892,rritter@example.com,NP,Tammy,Kim,Geriatrics,Experienced General Practice specialist with over 12 years of practice.,inactive,https://example.com/profiles/e804c07a-090c-4453-a07f-26e1a6cb403c.jpg,MD679038,(380) 385-3867,2024-02-28T05:43:34.725632,2025-09-18T16:44:34.725677
39494237-d076-438a-8356-1590840bc549,paul.chandler483,erivers@example.com,MD,Paul,Chandler,General Practice,Experienced Hematology specialist with over 16 years of practice.,pending_approval,https://example.com/profiles/39494237-d076-438a-8356-1590840bc549.jpg,MD133501,(201) 479-2511,2025-08-10T10:13:34.726373,2025-09-02T01:33:34.726392
95de4e06-4376-4c8d-a446-b2dba85a7814,jason.ramirez620,thompsonjustin@example.org,Dr.,Jason,Ramirez,Neurology,Experienced Psychiatry specialist with over 8 years of practice.,active,https://example.com/profiles/95de4e06-4376-4c8d-a446-b2dba85a7814.jpg,MD358237,(650) 883-1486,2024-11-02T03:41:34.727082,2025-08-19T19:02:34.727097
6bd1bd28-76b7-4bdb-a01b-f8fed69ea409,amanda.odonnell150,sara94@example.net,Prof.,Amanda,Odonnell,General Practice,Experienced Cardiology specialist with over 18 years of practice.,pending_approval,https://example.com/profiles/6bd1bd28-76b7-4bdb-a01b-f8fed69ea409.jpg,MD223375,(669) 701-1670,2024-01-14T19:28:34.727473,2025-09-12T09:53:34.727482
b6a16c45-d732-470c-afb9-b895a6ce2c5a,christopher.peterson949,ucarlson@example.com,PA,Christopher,Peterson,Cardiology,Experienced Endocrinology specialist with over 5 years of practice.,pending_approval,https://example.com/profiles/b6a16c45-d732-470c-afb9-b895a6ce2c5a.jpg,MD207297,(575) 929-6397,2025-01-14T00:57:34.727870,2025-08-30T23:06:34.727880
e52baead-e50c-496d-852c-ddb0f7c2bc6b,barbara.sanders778,pwhite@example.org,Prof.,Barbara,Sanders,Gastroenterology,Experienced Oncology specialist with over 14 years of practice.,suspended,https://example.com/profiles/e52baead-e50c-496d-852c-ddb0f7c2bc6b.jpg,MD682662,(734) 665-5715,2023-12-16T05:26:34.728232,2025-09-18T04:56:34.728240
980f9feb-2485-47ef-9c75-4555aa3183aa,shawn.pollard657,johnfrank@example.net,PA,Shawn,Pollard,Neurology,Experienced Cardiology specialist with over 17 years of practice.,inactive,https://example.com/profiles/980f9feb-2485-47ef-9c75-4555aa3183aa.jpg,MD892732,(646) 709-1408,2023-10-31T02:32:34.728640,2025-09-01T15:12:34.728648
ff394a41-9c57-422a-b36a-fa4cd8d5556a,vanessa.baker119,smartinez@example.org,NP,Vanessa,Baker,General Practice,Experienced Gastroenterology specialist with over 12 years of practice.,suspended,https://example.com/profiles/ff394a41-9c57-422a-b36a-fa4cd8d5556a.jpg,MD362753,(510) 937-7594,2024-01-17T16:01:34.728982,2025-09-08T23:26:34.728994
d27483c5-9981-437f-bd40-3f573b7c5f74,whitney.mckay331,johnmerritt@example.com,MD,Whitney,Mckay,Urology,Experienced Psychiatry specialist with over 23 years of practice.,pending_approval,https://example.com/profiles/d27483c5-9981-437f-bd40-3f573b7c5f74.jpg,MD831772,(213) 757-5558,2025-03-11T15:04:34.729412,2025-08-27T09:08:34.729421
5cca9859-3dcb-4d9d-929d-5af97593fef1,lisa.turner430,olivia30@example.com,PA,Lisa,Turner,Radiology,Experienced Dermatology specialist with over 14 years of practice.,pending_approval,https://example.com/profiles/5cca9859-3dcb-4d9d-929d-5af97593fef1.jpg,MD260669,(901) 822-9900,2024-07-07T09:37:34.729731,2025-09-16T10:58:34.729740
a52828c2-036c-4ea7-af56-2ca165b25ecd,ashley.robinson398,rperez@example.org,MD,Ashley,Robinson,Radiology,Experienced Rheumatology specialist with over 12 years of practice.,inactive,https://example.com/profiles/a52828c2-036c-4ea7-af56-2ca165b25ecd.jpg,MD574320,(562) 580-8275,2025-08-06T07:36:34.730110,2025-09-09T05:33:34.730120
c30ed4ea-2aa7-4d53-aa41-c6fca2b67555,anthony.brewer425,simpsonalyssa@example.com,Dr.,Anthony,Brewer,Neurology,Experienced Radiology specialist with over 22 years of practice.,active,https://example.com/profiles/c30ed4ea-2aa7-4d53-aa41-c6fca2b67555.jpg,MD413357,(956) 765-1959,2025-04-28T22:47:34.730554,2025-08-30T09:29:34.730563
c1950737-9bf9-48b8-bbb8-72136efc3b1b,samantha.thomas288,millerjessica@example.com,Prof.,Samantha,Thomas,Urology,Experienced Pulmonology specialist with over 24 years of practice.,inactive,https://example.com/profiles/c1950737-9bf9-48b8-bbb8-72136efc3b1b.jpg,MD771243,(720) 502-5413,2024-11-14T19:12:34.730958,2025-08-23T18:06:34.730966
258aa7cc-f04a-43b3-b38f-6cb3003dfb8b,christopher.cantu932,lucas35@example.net,Prof.,Christopher,Cantu,Pediatrics,Experienced Cardiology specialist with over 22 years of practice.,pending_approval,https://example.com/profiles/258aa7cc-f04a-43b3-b38f-6cb3003dfb8b.jpg,MD808116,(424) 446-3307,2025-01-06T04:48:34.731253,2025-09-09T18:01:34.731260
10b6cd72-f085-493c-875d-db126808eadc,joshua.kemp786,gsmall@example.com,Dr.,Joshua,Kemp,Oncology,Experienced Endocrinology specialist with over 19 years of practice.,inactive,https://example.com/profiles/10b6cd72-f085-493c-875d-db126808eadc.jpg,MD422766,(319) 937-6423,2024-10-04T02:06:34.731578,2025-09-06T14:55:34.731585
b13eeb5d-579b-4d5e-99cd-9150dc8d9f08,jordan.richard336,fwilliams@example.org,PA,Jordan,Richard,Pediatrics,Experienced Pediatrics specialist with over 19 years of practice.,pending_approval,https://example.com/profiles/b13eeb5d-579b-4d5e-99cd-9150dc8d9f08.jpg,MD986932,(954) 229-7294,2025-03-24T18:25:34.731916,2025-08-24T22:01:34.731924
72942fe8-61a7-4fea-8512-db28bc6c5367,dawn.martin167,holtrobert@example.com,MD,Dawn,Martin,Geriatrics,Experienced Psychiatry specialist with over 19 years of practice.,active,https://example.com/profiles/72942fe8-61a7-4fea-8512-db28bc6c5367.jpg,MD350779,(475) 426-3365,2023-12-23T23:18:34.732311,2025-08-31T00:39:34.732319
3599a1f8-d919-4ea3-b731-8e12105346bb,nancy.hoover186,rebeccaford@example.org,Prof.,Nancy,Hoover,Endocrinology,Experienced Pediatrics specialist with over 25 years of practice.,inactive,https://example.com/profiles/3599a1f8-d919-4ea3-b731-8e12105346bb.jpg,MD650880,(715) 431-1755,2024-12-07T09:03:34.732751,2025-08-24T05:23:34.732761
24e0e1cb-c948-4085-bcb1-caea648fcad2,barbara.ross446,richard37@example.org,DO,Barbara,Ross,Geriatrics,Experienced Endocrinology specialist with over 19 years of practice.,inactive,https://example.com/profiles/24e0e1cb-c948-4085-bcb1-caea648fcad2.jpg,MD204027,(832) 502-3571,2024-01-14T05:08:34.733174,2025-09-15T09:42:34.733187
9cfae83f-1fa9-4fa3-a6a1-6c4f541d4121,daniel.bartlett90,buckleycrystal@example.com,DO,Daniel,Bartlett,Rheumatology,Experienced Geriatrics specialist with over 8 years of practice.,pending_approval,https://example.com/profiles/9cfae83f-1fa9-4fa3-a6a1-6c4f541d4121.jpg,MD817747,(512) 804-3885,2024-07-30T21:23:34.733991,2025-09-12T18:07:34.734031
fa244a20-52a3-45e2-9bc0-8f021da31023,lisa.cervantes855,johnsonsharon@example.com,Dr.,Lisa,Cervantes,Pulmonology,Experienced Neurology specialist with over 9 years of practice.,pending_approval,https://example.com/profiles/fa244a20-52a3-45e2-9bc0-8f021da31023.jpg,MD888030,(219) 420-2984,2025-01-25T15:51:34.735263,2025-09-03T08:42:34.735283
4fbd8b12-b465-416a-b7d0-fc2e145685c9,debra.barrett545,johnsonsamantha@example.com,MD,Debra,Barrett,Cardiology,Experienced Geriatrics specialist with over 9 years of practice.,active,https://example.com/profiles/4fbd8b12-b465-416a-b7d0-fc2e145685c9.jpg,MD538290,(310) 887-1798,2025-06-02T15:46:34.735743,2025-08-30T02:48:34.735751
20c732aa-aee5-4548-ab67-d95711031187,melissa.thompson383,cameronlopez@example.com,PA,Melissa,Thompson,Neurology,Experienced Urology specialist with over 24 years of practice.,suspended,https://example.com/profiles/20c732aa-aee5-4548-ab67-d95711031187.jpg,MD188869,(980) 263-1033,2025-07-21T14:00:34.736170,2025-09-13T11:24:34.736179
0daf6370-80d9-4dc5-a86b-2a44c7526d34,elaine.dougherty664,colemancassandra@example.org,MD,Elaine,Dougherty,Radiology,Experienced Gastroenterology specialist with over 17 years of practice.,inactive,https://example.com/profiles/0daf6370-80d9-4dc5-a86b-2a44c7526d34.jpg,MD293153,(636) 585-5600,2023-10-03T18:57:34.736633,2025-09-02T10:38:34.736644
4b2fbc4e-d7c4-4d1d-ba22-3ed6fdef710b,tammy.schwartz363,hammondjeff@example.com,PA,Tammy,Schwartz,Orthopedics,Experienced Cardiology specialist with over 19 years of practice.,inactive,https://example.com/profiles/4b2fbc4e-d7c4-4d1d-ba22-3ed6fdef710b.jpg,MD337926,(201) 492-6638,2025-02-09T05:14:34.737554,2025-09-12T07:37:34.737591
c21fda9b-9d94-40e7-84f8-36cece589ec8,allison.burton667,snyderfrank@example.org,NP,Allison,Burton,Rheumatology,Experienced Rheumatology specialist with over 22 years of practice.,active,https://example.com/profiles/c21fda9b-9d94-40e7-84f8-36cece589ec8.jpg,MD398701,(626) 585-5745,2024-06-24T10:43:34.738313,2025-08-24T02:33:34.738324
57a35d9f-c715-45d0-93ae-654eab91fe57,james.gonzalez14,michael28@example.com,NP,James,Gonzalez,Gastroenterology,Experienced Orthopedics specialist with over 16 years of practice.,inactive,https://example.com/profiles/57a35d9f-c715-45d0-93ae-654eab91fe57.jpg,MD810598,(316) 282-8395,2024-04-26T20:35:34.738875,2025-08-27T20:40:34.738887
7446493d-cef7-4cd8-b53e-65dcaa0cbf2a,gregory.le60,barbarawelch@example.com,MD,Gregory,Le,Geriatrics,Experienced Urology specialist with over 25 years of practice.,suspended,https://example.com/profiles/7446493d-cef7-4cd8-b53e-65dcaa0cbf2a.jpg,MD170146,(336) 227-3623,2024-03-01T07:09:34.739549,2025-08-27T13:41:34.739595
de0f13fb-f561-469e-8223-c83406a3b90a,kristen.cooper489,tammy53@example.org,PA,Kristen,Cooper,Dermatology,Experienced Radiology specialist with over 7 years of practice.,active,https://example.com/profiles/de0f13fb-f561-469e-8223-c83406a3b90a.jpg,MD263451,(340) 451-2134,2023-10-29T06:36:34.740093,2025-09-03T13:26:34.740100
cba5d880-aae0-4ff3-903c-b961665c052b,eddie.hernandez697,nperez@example.org,DO,Eddie,Hernandez,Cardiology,Experienced Pulmonology specialist with over 25 years of practice.,suspended,https://example.com/profiles/cba5d880-aae0-4ff3-903c-b961665c052b.jpg,MD763340,(763) 409-6493,2025-01-11T05:52:34.740436,2025-09-12T12:30:34.740444
12da8b2f-d258-48ac-ad09-af78d92be197,patricia.morrison127,aaroncox@example.com,PA,Patricia,Morrison,Psychiatry,Experienced General Practice specialist with over 7 years of practice.,inactive,https://example.com/profiles/12da8b2f-d258-48ac-ad09-af78d92be197.jpg,MD496939,(872) 937-5660,2023-11-26T17:38:34.740849,2025-09-06T02:03:34.740857
9505fd0a-7f8d-4734-b3b3-bd02471b14a8,hayley.clayton510,kimberlyperez@example.org,Dr.,Hayley,Clayton,Endocrinology,Experienced Orthopedics specialist with over 9 years of practice.,pending_approval,https://example.com/profiles/9505fd0a-7f8d-4734-b3b3-bd02471b14a8.jpg,MD301919,(214) 241-1473,2025-01-11T19:08:34.741312,2025-09-09T02:25:34.741323
19d1852a-108a-41d8-822c-880fecfa8555,rodney.miller771,teresa76@example.org,PA,Rodney,Miller,General Practice,Experienced Neurology specialist with over 7 years of practice.,inactive,https://example.com/profiles/19d1852a-108a-41d8-822c-880fecfa8555.jpg,MD250157,(534) 647-6645,2024-01-14T12:21:34.741648,2025-09-02T21:37:34.741656
8e6e0938-dfe6-4d6e-a95b-6739adb1d0dc,rebecca.arnold628,lwilliams@example.com,Prof.,Rebecca,Arnold,General Practice,Experienced Urology specialist with over 22 years of practice.,pending_approval,https://example.com/profiles/8e6e0938-dfe6-4d6e-a95b-6739adb1d0dc.jpg,MD208298,(847) 874-4304,2023-10-20T18:35:34.741984,2025-09-08T15:57:34.741991
6f167c77-8f63-4184-a59d-0b995c70a985,catherine.french904,duranlindsay@example.org,MD,Catherine,French,Hematology,Experienced General Practice specialist with over 6 years of practice.,active,https://example.com/profiles/6f167c77-8f63-4184-a59d-0b995c70a985.jpg,MD203139,(563) 883-1496,2024-08-17T22:51:34.742396,2025-08-27T20:36:34.742403
6ce35c67-35a5-41a6-a2cf-95864eb7bdb4,patrick.garcia300,zmartinez@example.org,Prof.,Patrick,Garcia,Radiology,Experienced Rheumatology specialist with over 12 years of practice.,pending_approval,https://example.com/profiles/6ce35c67-35a5-41a6-a2cf-95864eb7bdb4.jpg,MD166703,(361) 699-3999,2024-12-06T23:39:34.742731,2025-09-12T02:30:34.742738
cc5b5a6c-7b8b-438b-86f1-1ccb8d5c62b2,michael.bruce973,patriciagrant@example.net,MD,Michael,Bruce,Pulmonology,Experienced Pediatrics specialist with over 17 years of practice.,suspended,https://example.com/profiles/cc5b5a6c-7b8b-438b-86f1-1ccb8d5c62b2.jpg,MD530684,(539) 741-8230,2024-04-14T00:24:34.743170,2025-09-06T04:51:34.743178
db32c02c-929d-41e8-be10-d5278edd392c,crystal.white286,stuarttrevor@example.net,PA,Crystal,White,Orthopedics,Experienced Psychiatry specialist with over 8 years of practice.,active,https://example.com/profiles/db32c02c-929d-41e8-be10-d5278edd392c.jpg,MD421731,(732) 840-3262,2024-11-01T09:35:34.743571,2025-09-01T05:25:34.743579
29e0d55d-e532-46aa-839f-46dcfb1b4602,ryan.zimmerman429,amanda46@example.com,MD,Ryan,Zimmerman,Pulmonology,Experienced Pediatrics specialist with over 8 years of practice.,inactive,https://example.com/profiles/29e0d55d-e532-46aa-839f-46dcfb1b4602.jpg,MD958179,(251) 631-3070,2024-06-17T20:16:34.743880,2025-09-04T04:23:34.743886
95f56679-b542-4e0a-99f2-14ec5679b886,james.ramos968,david33@example.net,Prof.,James,Ramos,Pediatrics,Experienced Cardiology specialist with over 24 years of practice.,suspended,https://example.com/profiles/95f56679-b542-4e0a-99f2-14ec5679b886.jpg,MD712690,(478) 463-5412,2025-05-01T07:53:34.744177,2025-09-01T06:42:34.744184
e085f374-f81a-4edf-b6df-4ba598c8b1ca,toni.thomas448,samantharomero@example.net,NP,Toni,Thomas,Psychiatry,Experienced Cardiology specialist with over 10 years of practice.,inactive,https://example.com/profiles/e085f374-f81a-4edf-b6df-4ba598c8b1ca.jpg,MD925671,(440) 499-9084,2024-06-03T16:07:34.744573,2025-08-27T11:19:34.744581
a1d30405-302b-4446-add4-3a1126fc0ea9,daniel.lawson748,wendy58@example.net,NP,Daniel,Lawson,Cardiology,Experienced Orthopedics specialist with over 16 years of practice.,suspended,https://example.com/profiles/a1d30405-302b-4446-add4-3a1126fc0ea9.jpg,MD858161,(936) 674-3243,2024-09-02T06:06:34.744878,2025-09-03T00:17:34.744885
6dfee091-55e4-49dd-9d78-ebdab2eb9aa3,michele.knight672,gregorymullen@example.com,Dr.,Michele,Knight,Rheumatology,Experienced Cardiology specialist with over 11 years of practice.,inactive,https://example.com/profiles/6dfee091-55e4-49dd-9d78-ebdab2eb9aa3.jpg,MD781291,(989) 742-3194,2025-06-16T00:33:34.745505,2025-09-01T12:08:34.745513
dd9c02c8-2c10-40d2-8e55-cc76a0ca591f,brian.white970,jason06@example.org,Prof.,Brian,White,Neurology,Experienced Hematology specialist with over 19 years of practice.,inactive,https://example.com/profiles/dd9c02c8-2c10-40d2-8e55-cc76a0ca591f.jpg,MD827098,(252) 781-5419,2024-10-30T07:16:34.746815,2025-08-20T21:30:34.747042
4c5749c8-8c9c-4d51-b32d-6c5006146525,marissa.reid410,plin@example.org,NP,Marissa,Reid,Rheumatology,Experienced Cardiology specialist with over 17 years of practice.,inactive,https://example.com/profiles/4c5749c8-8c9c-4d51-b32d-6c5006146525.jpg,MD526766,(480) 887-3303,2024-04-04T20:49:34.749113,2025-09-19T06:57:34.749145
80b943c5-d08f-414d-b4a3-aa97cf9073f8,melissa.wilson142,nelsongabriela@example.com,Prof.,Melissa,Wilson,Cardiology,Experienced Dermatology specialist with over 21 years of practice.,pending_approval,https://example.com/profiles/80b943c5-d08f-414d-b4a3-aa97cf9073f8.jpg,MD627831,(559) 329-7352,2025-01-02T16:48:34.749758,2025-09-13T03:34:34.749769
3b99a301-f81c-4877-9709-e2e51d853f3b,joshua.carey870,washingtonleslie@example.net,DO,Joshua,Carey,Pulmonology,Experienced Cardiology specialist with over 21 years of practice.,inactive,https://example.com/profiles/3b99a301-f81c-4877-9709-e2e51d853f3b.jpg,MD824920,(914) 819-7643,2024-04-26T10:14:34.750872,2025-08-30T07:17:34.750922
953f32c3-66e1-408a-87c2-69c1a72265d9,stephanie.barton212,eddie13@example.com,DO,Stephanie,Barton,Cardiology,Experienced Pediatrics specialist with over 25 years of practice.,pending_approval,https://example.com/profiles/953f32c3-66e1-408a-87c2-69c1a72265d9.jpg,MD736055,(574) 645-3180,2025-08-25T16:38:34.752058,2025-08-20T20:44:34.752079
b93f9f1d-2c21-4bd7-82a0-7b25eb25620d,greg.guerrero582,elizabeth39@example.net,NP,Greg,Guerrero,Dermatology,Experienced Gastroenterology specialist with over 11 years of practice.,inactive,https://example.com/profiles/b93f9f1d-2c21-4bd7-82a0-7b25eb25620d.jpg,MD374256,(702) 981-2533,2024-02-20T03:38:34.752777,2025-09-17T13:05:34.752793
562d3973-5dd3-483a-a0e9-d06ba1589570,thomas.diaz896,edwardsjoshua@example.com,Dr.,Thomas,Diaz,Endocrinology,Experienced Gastroenterology specialist with over 15 years of practice.,pending_approval,https://example.com/profiles/562d3973-5dd3-483a-a0e9-d06ba1589570.jpg,MD510522,(319) 686-6652,2024-03-24T11:17:34.753468,2025-08-21T11:20:34.753484
bde883ff-aa0f-40a4-a3db-32ab21154abd,brandon.flores62,lloydsharon@example.net,PA,Brandon,Flores,Dermatology,Experienced Hematology specialist with over 21 years of practice.,active,https://example.com/profiles/bde883ff-aa0f-40a4-a3db-32ab21154abd.jpg,MD399726,(530) 853-2116,2025-07-19T00:58:34.754282,2025-09-11T02:57:34.754298
c604bf5b-b30f-4557-a3d6-c27701a55440,carlos.miller357,charles95@example.com,DO,Carlos,Miller,Pulmonology,Experienced Pediatrics specialist with over 7 years of practice.,inactive,https://example.com/profiles/c604bf5b-b30f-4557-a3d6-c27701a55440.jpg,MD974132,(626) 395-9559,2023-12-09T13:55:34.754890,2025-09-10T17:20:34.754903
dc2abb47-df71-4a92-93d5-5918034567ca,ronnie.smith223,johnstonnicholas@example.org,DO,Ronnie,Smith,Orthopedics,Experienced Rheumatology specialist with over 15 years of practice.,pending_approval,https://example.com/profiles/dc2abb47-df71-4a92-93d5-5918034567ca.jpg,MD630250,(240) 401-1689,2023-12-19T14:01:34.755508,2025-09-15T21:28:34.755516
3f55438b-8d50-4b73-b035-730870558025,brittany.hayes954,lhoward@example.org,MD,Brittany,Hayes,Pulmonology,Experienced Orthopedics specialist with over 19 years of practice.,active,https://example.com/profiles/3f55438b-8d50-4b73-b035-730870558025.jpg,MD610717,(801) 762-5296,2025-08-14T07:02:34.755954,2025-08-31T08:52:34.755971
c26335c4-4a5f-4f76-942d-1633e8b09e2d,thomas.smith910,andrewjackson@example.org,DO,Thomas,Smith,Gastroenterology,Experienced Pulmonology specialist with over 24 years of practice.,inactive,https://example.com/profiles/c26335c4-4a5f-4f76-942d-1633e8b09e2d.jpg,MD607230,(315) 646-2530,2025-06-01T22:28:34.756879,2025-08-20T21:34:34.756912
535fba38-1967-4f32-908a-f5d48bee0e4b,elizabeth.jones819,udavis@example.net,PA,Elizabeth,Jones,Radiology,Experienced Gastroenterology specialist with over 7 years of practice.,suspended,https://example.com/profiles/535fba38-1967-4f32-908a-f5d48bee0e4b.jpg,MD966754,(714) 649-6836,2024-02-03T10:16:34.757388,2025-09-03T03:19:34.757400
3792c207-4e69-4137-ae9b-5ce0d6b226de,christopher.parker204,ashleywalton@example.com,Prof.,Christopher,Parker,Radiology,Experienced Endocrinology specialist with over 20 years of practice.,active,https://example.com/profiles/3792c207-4e69-4137-ae9b-5ce0d6b226de.jpg,MD854363,(617) 228-6453,2024-03-19T03:38:34.758113,2025-09-13T01:39:34.758127
95ac92f8-1b9a-4256-addc-cfe72e6be87e,rebecca.oliver660,ppatel@example.com,PA,Rebecca,Oliver,Endocrinology,Experienced Psychiatry specialist with over 18 years of practice.,pending_approval,https://example.com/profiles/95ac92f8-1b9a-4256-addc-cfe72e6be87e.jpg,MD561092,(385) 758-7055,2025-01-09T22:46:34.758786,2025-09-11T15:20:34.758799
4a20720d-f6aa-456d-be5d-fdabcda1ce64,richard.knight608,klewis@example.com,PA,Richard,Knight,Geriatrics,Experienced Orthopedics specialist with over 10 years of practice.,suspended,https://example.com/profiles/4a20720d-f6aa-456d-be5d-fdabcda1ce64.jpg,MD519618,(360) 296-8669,2023-10-02T18:40:34.759318,2025-09-02T08:57:34.759330
ab5e1969-2956-4f24-a2fa-5a9c52503ef4,tracy.webb698,yatestraci@example.org,MD,Tracy,Webb,Oncology,Experienced Radiology specialist with over 18 years of practice.,suspended,https://example.com/profiles/ab5e1969-2956-4f24-a2fa-5a9c52503ef4.jpg,MD734128,(463) 204-4316,2025-09-13T05:11:34.760110,2025-09-02T23:48:34.760123
18fb5d14-0898-4717-8e82-605b87d7f10b,david.pearson162,stevensmatthew@example.net,DO,David,Pearson,Geriatrics,Experienced Urology specialist with over 17 years of practice.,suspended,https://example.com/profiles/18fb5d14-0898-4717-8e82-605b87d7f10b.jpg,MD721309,(930) 862-4636,2024-12-31T23:57:34.760566,2025-08-29T22:10:34.760574
73baab7d-9399-43dc-95ea-7ae488a78950,tamara.nichols757,awong@example.com,NP,Tamara,Nichols,Dermatology,Experienced Geriatrics specialist with over 15 years of practice.,inactive,https://example.com/profiles/73baab7d-9399-43dc-95ea-7ae488a78950.jpg,MD643014,(702) 507-7987,2025-06-02T03:01:34.760912,2025-08-24T16:32:34.760920
20d4da54-aa33-49ff-8f1a-f1fecdfc65b7,john.walsh838,sheliacohen@example.net,Prof.,John,Walsh,Cardiology,Experienced Urology specialist with over 9 years of practice.,active,https://example.com/profiles/20d4da54-aa33-49ff-8f1a-f1fecdfc65b7.jpg,MD769944,(804) 983-4666,2024-02-28T11:07:34.761331,2025-09-13T18:11:34.761339
c56366fe-22df-4e23-bb1f-1274a7d6a60f,heather.harris487,sotopatrick@example.com,DO,Heather,Harris,Rheumatology,Experienced Gastroenterology specialist with over 8 years of practice.,pending_approval,https://example.com/profiles/c56366fe-22df-4e23-bb1f-1274a7d6a60f.jpg,MD247019,(616) 331-8876,2023-11-20T17:03:34.761904,2025-09-07T04:01:34.761915
cb075eb7-0bea-4493-89e3-3bab12c1b2f1,jacob.mckay799,hunter12@example.org,PA,Jacob,Mckay,Dermatology,Experienced Cardiology specialist with over 19 years of practice.,active,https://example.com/profiles/cb075eb7-0bea-4493-89e3-3bab12c1b2f1.jpg,MD253539,(272) 249-3319,2024-12-08T05:49:34.762390,2025-09-09T12:43:34.762401
2a880e27-6038-4fdf-a191-acd59d6be979,eric.willis501,megan57@example.com,Prof.,Eric,Willis,Dermatology,Experienced Psychiatry specialist with over 20 years of practice.,suspended,https://example.com/profiles/2a880e27-6038-4fdf-a191-acd59d6be979.jpg,MD592464,(310) 975-7999,2025-05-18T12:24:34.762815,2025-08-31T13:31:34.762825
f73f846d-a023-49cc-95ee-f0ef24fbad41,joseph.campbell111,smarsh@example.com,DO,Joseph,Campbell,Psychiatry,Experienced Radiology specialist with over 16 years of practice.,suspended,https://example.com/profiles/f73f846d-a023-49cc-95ee-f0ef24fbad41.jpg,MD522194,(804) 616-5849,2025-08-08T14:22:34.763272,2025-08-26T12:37:34.763281
e6f7c5a4-25a1-4961-89af-03b70e0656f7,adam.williams537,roberthoffman@example.com,Prof.,Adam,Williams,Hematology,Experienced Orthopedics specialist with over 13 years of practice.,active,https://example.com/profiles/e6f7c5a4-25a1-4961-89af-03b70e0656f7.jpg,MD118313,(682) 355-3645,2024-12-05T05:18:34.763821,2025-09-06T12:16:34.763831
5e4625d0-3c21-436e-a354-6be47af92d93,kevin.gardner374,tcrawford@example.net,Prof.,Kevin,Gardner,Rheumatology,Experienced Hematology specialist with over 10 years of practice.,inactive,https://example.com/profiles/5e4625d0-3c21-436e-a354-6be47af92d93.jpg,MD978484,(307) 793-2244,2024-12-29T02:22:34.764275,2025-08-28T09:32:34.764285
70fb5c07-87c3-4249-b346-0f9831977aec,seth.cole22,nicole16@example.org,MD,Seth,Cole,Orthopedics,Experienced Urology specialist with over 12 years of practice.,suspended,https://example.com/profiles/70fb5c07-87c3-4249-b346-0f9831977aec.jpg,MD152500,(321) 542-9074,2023-12-03T15:54:34.764718,2025-09-16T23:59:34.764730
fadff8f1-b503-45e2-bfc4-7d7e336dc9ec,paul.bailey764,scottmark@example.org,NP,Paul,Bailey,Gastroenterology,Experienced Dermatology specialist with over 7 years of practice.,suspended,https://example.com/profiles/fadff8f1-b503-45e2-bfc4-7d7e336dc9ec.jpg,MD843271,(386) 629-1146,2025-08-18T17:59:34.765360,2025-09-14T21:39:34.765372
093969a8-96ea-48af-ad20-4ddbbe92fd05,richard.gomez574,thomasjohnson@example.net,PA,Richard,Gomez,Hematology,Experienced Oncology specialist with over 19 years of practice.,pending_approval,https://example.com/profiles/093969a8-96ea-48af-ad20-4ddbbe92fd05.jpg,MD726915,(804) 769-4330,2025-02-05T23:43:34.765918,2025-09-02T17:16:34.765928
3f2c29d3-eaeb-40b5-ba25-aa29d5bc87b4,paul.nelson212,djensen@example.com,MD,Paul,Nelson,Urology,Experienced Endocrinology specialist with over 24 years of practice.,inactive,https://example.com/profiles/3f2c29d3-eaeb-40b5-ba25-aa29d5bc87b4.jpg,MD213033,(573) 784-7601,2024-05-23T15:56:34.766372,2025-08-24T01:37:34.766382
f2a99691-9a68-4eca-952b-4a8c3e2ff93f,christian.andrade249,derrick63@example.com,NP,Christian,Andrade,Radiology,Experienced Pulmonology specialist with over 14 years of practice.,inactive,https://example.com/profiles/f2a99691-9a68-4eca-952b-4a8c3e2ff93f.jpg,MD951771,(402) 223-4402,2025-06-17T18:17:34.766797,2025-09-14T12:35:34.766807
57d7e5e4-fc29-4712-8bff-ac3f92a82f63,jamie.neal434,lball@example.com,MD,Jamie,Neal,General Practice,Experienced General Practice specialist with over 14 years of practice.,suspended,https://example.com/profiles/57d7e5e4-fc29-4712-8bff-ac3f92a82f63.jpg,MD664895,(628) 470-3727,2024-04-26T12:53:34.767251,2025-09-10T09:59:34.767260
e3094d09-100a-4f0f-986e-a65fc4cf06b5,michael.martin831,stevencraig@example.com,Dr.,Michael,Martin,General Practice,Experienced Cardiology specialist with over 22 years of practice.,suspended,https://example.com/profiles/e3094d09-100a-4f0f-986e-a65fc4cf06b5.jpg,MD796328,(240) 288-5983,2023-11-06T10:37:34.767792,2025-08-25T09:41:34.767802
0f887099-7865-44e1-a28c-8f57cdf2a459,kevin.archer89,christina89@example.net,PA,Kevin,Archer,Cardiology,Experienced Pediatrics specialist with over 13 years of practice.,inactive,https://example.com/profiles/0f887099-7865-44e1-a28c-8f57cdf2a459.jpg,MD963923,(361) 707-2876,2024-08-04T13:49:34.768206,2025-08-27T08:05:34.768216
bd88da31-46a0-4cb5-8347-b3f08d543a19,mary.hines661,sbailey@example.com,NP,Mary,Hines,Hematology,Experienced Neurology specialist with over 15 years of practice.,suspended,https://example.com/profiles/bd88da31-46a0-4cb5-8347-b3f08d543a19.jpg,MD986063,(479) 590-4289,2025-09-06T07:03:34.768666,2025-09-18T08:15:34.768676
a7f98cb9-4044-4dab-a0f6-2a0c92662d58,diane.wright39,karen43@example.com,PA,Diane,Wright,Dermatology,Experienced Neurology specialist with over 7 years of practice.,suspended,https://example.com/profiles/a7f98cb9-4044-4dab-a0f6-2a0c92662d58.jpg,MD646351,(321) 944-1058,2024-11-05T16:59:34.769080,2025-09-13T17:20:34.769090
bd0a9752-9c65-4e21-bcd4-ac81a1f4c030,jenna.floyd972,cheryl69@example.net,Prof.,Jenna,Floyd,Pediatrics,Experienced Oncology specialist with over 7 years of practice.,pending_approval,https://example.com/profiles/bd0a9752-9c65-4e21-bcd4-ac81a1f4c030.jpg,MD670168,(978) 974-3944,2023-12-19T12:58:34.769488,2025-08-30T10:47:34.769497
11610519-792f-4744-ae52-83178d64ed8e,brianna.mullins51,marthaduffy@example.com,MD,Brianna,Mullins,Neurology,Experienced Rheumatology specialist with over 18 years of practice.,suspended,https://example.com/profiles/11610519-792f-4744-ae52-83178d64ed8e.jpg,MD192820,(513) 988-7840,2024-08-12T04:27:34.770037,2025-08-20T14:00:34.770046
be5622d1-911b-4bbf-8b91-9663b562c1a0,joshua.hayes525,baileynelson@example.com,Dr.,Joshua,Hayes,General Practice,Experienced General Practice specialist with over 25 years of practice.,suspended,https://example.com/profiles/be5622d1-911b-4bbf-8b91-9663b562c1a0.jpg,MD645168,(267) 557-5965,2024-06-06T11:45:34.770589,2025-08-25T19:07:34.770600
773e63bf-6651-4494-af67-ea0d4769b67b,joseph.fox4,dustinwilliams@example.com,MD,Joseph,Fox,Neurology,Experienced Endocrinology specialist with over 7 years of practice.,active,https://example.com/profiles/773e63bf-6651-4494-af67-ea0d4769b67b.jpg,MD465797,(918) 417-5006,2025-09-10T14:34:34.771142,2025-09-04T03:23:34.771151
0fd428ef-004a-46b8-bd3a-b6519ea6c9dc,vincent.anderson459,ncummings@example.net,PA,Vincent,Anderson,Orthopedics,Experienced General Practice specialist with over 8 years of practice.,active,https://example.com/profiles/0fd428ef-004a-46b8-bd3a-b6519ea6c9dc.jpg,MD883282,(608) 343-7917,2024-01-08T02:31:34.771591,2025-09-05T10:06:34.771600
b4669f7c-d831-4d05-a68f-5f69facd44d3,elizabeth.patel365,cory21@example.org,NP,Elizabeth,Patel,Cardiology,Experienced Gastroenterology specialist with over 17 years of practice.,suspended,https://example.com/profiles/b4669f7c-d831-4d05-a68f-5f69facd44d3.jpg,MD547889,(828) 906-2610,2024-04-15T18:31:34.772007,2025-09-07T05:19:34.772016
f7c1e7fc-5589-471f-a143-073d30e16a7b,whitney.wolf544,sanderson@example.org,PA,Whitney,Wolf,Hematology,Experienced Radiology specialist with over 12 years of practice.,suspended,https://example.com/profiles/f7c1e7fc-5589-471f-a143-073d30e16a7b.jpg,MD671208,(906) 880-6857,2025-08-25T07:15:34.772473,2025-08-29T21:05:34.772483
7d34e24f-82d4-4a1e-b5da-2ff608e7acfb,darius.mendoza795,mendozakevin@example.net,NP,Darius,Mendoza,Geriatrics,Experienced Rheumatology specialist with over 17 years of practice.,inactive,https://example.com/profiles/7d34e24f-82d4-4a1e-b5da-2ff608e7acfb.jpg,MD720887,(405) 388-7965,2024-07-03T20:33:34.773062,2025-09-02T11:29:34.773078
0c26f45f-52a3-4dd0-b6a7-91fd42a2714e,michael.mitchell12,ewood@example.net,PA,Michael,Mitchell,Hematology,Experienced Rheumatology specialist with over 25 years of practice.,suspended,https://example.com/profiles/0c26f45f-52a3-4dd0-b6a7-91fd42a2714e.jpg,MD189784,(719) 532-3769,2025-03-11T16:03:34.774128,2025-08-29T14:18:34.774287
8f571baa-e2eb-40c8-9386-293586bbfa99,david.strickland914,sanchezbrad@example.com,NP,David,Strickland,Cardiology,Experienced Rheumatology specialist with over 14 years of practice.,inactive,https://example.com/profiles/8f571baa-e2eb-40c8-9386-293586bbfa99.jpg,MD947693,(615) 779-9772,2025-06-03T05:41:34.776313,2025-09-08T14:31:34.776363
0b9d447d-5653-4e53-a006-b71237656ac1,ashley.charles492,jhickman@example.net,DO,Ashley,Charles,General Practice,Experienced Radiology specialist with over 15 years of practice.,suspended,https://example.com/profiles/0b9d447d-5653-4e53-a006-b71237656ac1.jpg,MD498649,(601) 225-9995,2025-03-10T16:38:34.777111,2025-08-19T10:27:34.777129
d3743e2b-deaf-40c7-addc-bbbd1983dbf3,cheryl.knight26,thomasjo@example.com,MD,Cheryl,Knight,Cardiology,Experienced Endocrinology specialist with over 14 years of practice.,active,https://example.com/profiles/d3743e2b-deaf-40c7-addc-bbbd1983dbf3.jpg,MD910765,(775) 311-7349,2024-10-16T18:26:34.777773,2025-09-01T03:25:34.777785
48c39344-ba8c-4443-ac66-8a4194806928,daniel.maxwell72,jessicamurray@example.com,Prof.,Daniel,Maxwell,Psychiatry,Experienced Pulmonology specialist with over 16 years of practice.,active,https://example.com/profiles/48c39344-ba8c-4443-ac66-8a4194806928.jpg,MD660341,(909) 651-2315,2023-11-26T06:08:34.778432,2025-09-09T17:34:34.778444
948b58a4-cf55-4316-8860-fb2546f48d2e,michelle.rice41,llee@example.com,Dr.,Michelle,Rice,Psychiatry,Experienced Dermatology specialist with over 5 years of practice.,inactive,https://example.com/profiles/948b58a4-cf55-4316-8860-fb2546f48d2e.jpg,MD374611,(561) 808-3964,2024-04-01T19:26:34.778940,2025-08-23T18:39:34.778951
ba402224-217c-41f1-bc9d-75f6acfad6ed,courtney.franco655,petersrussell@example.org,DO,Courtney,Franco,Dermatology,Experienced Neurology specialist with over 25 years of practice.,active,https://example.com/profiles/ba402224-217c-41f1-bc9d-75f6acfad6ed.jpg,MD911536,(360) 803-4214,2025-09-01T06:55:34.779558,2025-08-27T05:40:34.779570
4d5ce338-a5ef-467e-8096-cd733d364f8d,sandra.lynch649,greenmichael@example.com,Dr.,Sandra,Lynch,Endocrinology,Experienced Pulmonology specialist with over 25 years of practice.,active,https://example.com/profiles/4d5ce338-a5ef-467e-8096-cd733d364f8d.jpg,MD617375,(563) 375-1376,2024-08-03T12:20:34.780164,2025-08-30T22:52:34.780175
b60ec849-0e80-4a00-98cd-0d51d349c04a,jaime.dominguez186,fhughes@example.org,Prof.,Jaime,Dominguez,Neurology,Experienced Hematology specialist with over 18 years of practice.,inactive,https://example.com/profiles/b60ec849-0e80-4a00-98cd-0d51d349c04a.jpg,MD960712,(325) 849-1256,2024-08-22T04:05:34.780660,2025-09-18T09:11:34.780670
160ac3e9-1884-4016-b204-8f4cae687f36,jeffrey.weaver976,brandon34@example.org,DO,Jeffrey,Weaver,Hematology,Experienced Cardiology specialist with over 9 years of practice.,pending_approval,https://example.com/profiles/160ac3e9-1884-4016-b204-8f4cae687f36.jpg,MD923652,(413) 594-7938,2025-04-30T01:17:34.781213,2025-08-24T15:33:34.781231
651aeadb-1789-4bdb-a093-f2091479e88c,james.russell373,arthurwright@example.com,Prof.,James,Russell,Urology,Experienced Orthopedics specialist with over 5 years of practice.,pending_approval,https://example.com/profiles/651aeadb-1789-4bdb-a093-f2091479e88c.jpg,MD618854,(309) 857-5539,2024-11-10T21:19:34.782124,2025-08-19T14:38:34.782147
b88ce9bf-1fa0-4b87-9708-352d688f2f37,stephen.white923,gclark@example.org,DO,Stephen,White,Urology,Experienced Oncology specialist with over 6 years of practice.,suspended,https://example.com/profiles/b88ce9bf-1fa0-4b87-9708-352d688f2f37.jpg,MD669114,(848) 413-6929,2023-11-28T00:45:34.782688,2025-08-19T22:47:34.782701
39401a29-53b0-4380-8e47-d67df6274e9c,kevin.alvarado261,sgordon@example.net,MD,Kevin,Alvarado,Endocrinology,Experienced Oncology specialist with over 17 years of practice.,suspended,https://example.com/profiles/39401a29-53b0-4380-8e47-d67df6274e9c.jpg,MD675639,(912) 878-7862,2024-09-21T17:49:34.783250,2025-08-28T10:06:34.783267
029ca8b6-bec8-4952-b928-955c04df6ba4,laurie.foster275,johnsonlacey@example.net,PA,Laurie,Foster,Hematology,Experienced Orthopedics specialist with over 22 years of practice.,inactive,https://example.com/profiles/029ca8b6-bec8-4952-b928-955c04df6ba4.jpg,MD793476,(660) 870-9962,2024-07-06T13:51:34.784161,2025-08-22T20:08:34.784176
6406c7e2-a13a-4036-a960-3152ae9adbc5,lee.zimmerman507,ashleyramirez@example.net,Prof.,Lee,Zimmerman,Radiology,Experienced Pulmonology specialist with over 14 years of practice.,pending_approval,https://example.com/profiles/6406c7e2-a13a-4036-a960-3152ae9adbc5.jpg,MD352012,(401) 230-8548,2024-05-22T22:28:34.785025,2025-09-04T09:02:34.785040
8afd2782-cc03-49ec-a446-e8dc0ddb24b4,susan.hernandez521,lucasteresa@example.com,PA,Susan,Hernandez,Orthopedics,Experienced Neurology specialist with over 10 years of practice.,suspended,https://example.com/profiles/8afd2782-cc03-49ec-a446-e8dc0ddb24b4.jpg,MD908927,(989) 774-4578,2023-11-16T13:45:34.785908,2025-09-10T02:06:34.785924
9e4c720e-50dd-4749-b693-3d9d6abce16f,pamela.brown999,jacob04@example.org,NP,Pamela,Brown,Radiology,Experienced Pediatrics specialist with over 22 years of practice.,active,https://example.com/profiles/9e4c720e-50dd-4749-b693-3d9d6abce16f.jpg,MD473325,(215) 981-6006,2024-10-28T08:38:34.786553,2025-08-27T08:23:34.786567
4a0c5312-b0d9-4a40-af73-c23c01e42d7a,mckenzie.brown180,amandamoody@example.com,PA,Mckenzie,Brown,Oncology,Experienced Pulmonology specialist with over 19 years of practice.,inactive,https://example.com/profiles/4a0c5312-b0d9-4a40-af73-c23c01e42d7a.jpg,MD868413,(206) 252-8501,2025-03-02T01:50:34.787415,2025-08-20T14:13:34.787431
fc6cefe2-5fc3-4b2a-b610-077b3fe1b7ce,stacey.martin201,robert52@example.com,PA,Stacey,Martin,Dermatology,Experienced Rheumatology specialist with over 19 years of practice.,inactive,https://example.com/profiles/fc6cefe2-5fc3-4b2a-b610-077b3fe1b7ce.jpg,MD874167,(845) 345-6156,2024-12-16T13:11:34.788064,2025-08-20T22:19:34.788079
ffa5bb33-27a8-4c60-b8f0-27e89402860f,karen.blair644,jamesanderson@example.org,NP,Karen,Blair,Cardiology,Experienced Neurology specialist with over 22 years of practice.,active,https://example.com/profiles/ffa5bb33-27a8-4c60-b8f0-27e89402860f.jpg,MD166517,(757) 341-6489,2024-02-24T22:54:34.788919,2025-09-08T08:18:34.788935
99f9bca1-e1f4-4d60-b5bc-6963ce1abc5c,cindy.hall136,allenrivera@example.net,NP,Cindy,Hall,Cardiology,Experienced Orthopedics specialist with over 15 years of practice.,active,https://example.com/profiles/99f9bca1-e1f4-4d60-b5bc-6963ce1abc5c.jpg,MD789893,(424) 775-2543,2024-11-04T03:40:34.789858,2025-09-12T07:53:34.789878
4ca564f9-3822-47a2-a55b-83c232505c25,victoria.lewis931,halljeffrey@example.com,DO,Victoria,Lewis,Oncology,Experienced Neurology specialist with over 12 years of practice.,suspended,https://example.com/profiles/4ca564f9-3822-47a2-a55b-83c232505c25.jpg,MD750579,(626) 392-2288,2025-06-09T06:52:34.790894,2025-09-11T12:39:34.790917
fe1e40e4-7594-4e73-8664-6899ee881d56,ricky.alexander590,santiagoronald@example.com,Dr.,Ricky,Alexander,Oncology,Experienced Geriatrics specialist with over 17 years of practice.,pending_approval,https://example.com/profiles/fe1e40e4-7594-4e73-8664-6899ee881d56.jpg,MD293620,(806) 470-3441,2024-03-03T20:08:34.791856,2025-08-28T21:04:34.791873
06ca9dbe-db97-48cd-ba36-58d8a0544e01,michael.cabrera188,jchase@example.com,NP,Michael,Cabrera,Psychiatry,Experienced Gastroenterology specialist with over 6 years of practice.,pending_approval,https://example.com/profiles/06ca9dbe-db97-48cd-ba36-58d8a0544e01.jpg,MD619999,(501) 741-4152,2024-02-29T11:18:34.792572,2025-09-07T22:43:34.792587
5bfd3f04-997e-4090-8ff4-163359cf0b8e,chelsea.reed351,john02@example.com,Dr.,Chelsea,Reed,Oncology,Experienced Radiology specialist with over 6 years of practice.,active,https://example.com/profiles/5bfd3f04-997e-4090-8ff4-163359cf0b8e.jpg,MD712997,(505) 531-2536,2025-06-30T18:19:34.793222,2025-08-22T00:39:34.793236
f680abf5-2808-4299-b348-2b3d93bf23dd,darlene.clark849,davidgilbert@example.org,MD,Darlene,Clark,Pediatrics,Experienced Neurology specialist with over 19 years of practice.,active,https://example.com/profiles/f680abf5-2808-4299-b348-2b3d93bf23dd.jpg,MD902023,(747) 338-8764,2025-03-12T16:07:34.794082,2025-09-15T20:32:34.794096
7f5fcd6f-2e45-477f-b122-3e935c05ea74,jessica.hawkins205,lisa23@example.org,Prof.,Jessica,Hawkins,Rheumatology,Experienced Oncology specialist with over 17 years of practice.,active,https://example.com/profiles/7f5fcd6f-2e45-477f-b122-3e935c05ea74.jpg,MD984412,(352) 288-6201,2024-05-19T22:34:34.794719,2025-08-26T10:13:34.794734
8f4d005a-e470-44f8-9774-cf59437ef5b3,jay.moran891,brandonfernandez@example.com,NP,Jay,Moran,Geriatrics,Experienced Radiology specialist with over 13 years of practice.,active,https://example.com/profiles/8f4d005a-e470-44f8-9774-cf59437ef5b3.jpg,MD282242,(762) 229-9416,2024-12-29T17:54:34.795584,2025-09-02T13:33:34.795600
5bc0c7d4-7c1a-4c07-a9ef-a3bc6576b43e,carlos.stanton402,davisjennifer@example.org,Prof.,Carlos,Stanton,Cardiology,Experienced Dermatology specialist with over 18 years of practice.,inactive,https://example.com/profiles/5bc0c7d4-7c1a-4c07-a9ef-a3bc6576b43e.jpg,MD187908,(979) 641-4940,2025-08-30T02:02:34.796436,2025-08-30T14:40:34.796451
7965730a-7760-441e-9dfe-6e3e9d95d125,dorothy.anderson973,ibarrabrian@example.net,Dr.,Dorothy,Anderson,Radiology,Experienced Urology specialist with over 6 years of practice.,pending_approval,https://example.com/profiles/7965730a-7760-441e-9dfe-6e3e9d95d125.jpg,MD451888,(219) 929-6405,2023-12-28T15:27:34.797395,2025-09-15T05:03:34.797423
e118e33a-1d7c-4bfc-887b-ba0834f30144,robert.guerra694,gblair@example.com,NP,Robert,Guerra,Radiology,Experienced Rheumatology specialist with over 12 years of practice.,active,https://example.com/profiles/e118e33a-1d7c-4bfc-887b-ba0834f30144.jpg,MD281658,(478) 487-4754,2024-03-24T16:28:34.798338,2025-08-20T08:42:34.798358
b1e545b2-02da-4854-bfc4-3a48e944925c,dawn.vazquez515,mallory61@example.net,MD,Dawn,Vazquez,Endocrinology,Experienced Orthopedics specialist with over 25 years of practice.,inactive,https://example.com/profiles/b1e545b2-02da-4854-bfc4-3a48e944925c.jpg,MD159962,(364) 578-4969,2024-08-05T00:38:34.799033,2025-09-17T12:52:34.799048
8a6348ab-a919-4613-9783-27d0a7b00fed,kristin.burke567,sarawilliams@example.com,Prof.,Kristin,Burke,Neurology,Experienced Gastroenterology specialist with over 12 years of practice.,pending_approval,https://example.com/profiles/8a6348ab-a919-4613-9783-27d0a7b00fed.jpg,MD238951,(815) 570-7079,2024-06-23T21:32:34.799938,2025-09-13T14:22:34.799954
73edd9d0-6904-48c4-a463-21babfdbef14,danielle.perez66,rmoore@example.com,Dr.,Danielle,Perez,Pediatrics,Experienced Orthopedics specialist with over 23 years of practice.,active,https://example.com/profiles/73edd9d0-6904-48c4-a463-21babfdbef14.jpg,MD884845,(574) 843-5239,2025-03-05T07:28:34.800654,2025-08-22T11:49:34.800669
dba41460-2ccb-4bf8-b09b-c1217867eeab,cristina.morgan663,whitelevi@example.org,MD,Cristina,Morgan,Neurology,Experienced Radiology specialist with over 24 years of practice.,pending_approval,https://example.com/profiles/dba41460-2ccb-4bf8-b09b-c1217867eeab.jpg,MD335954,(304) 239-3568,2023-11-08T15:31:34.801532,2025-09-04T06:18:34.801549
a509f52b-64d8-472f-9d27-e672b343daa5,leah.richards658,paul84@example.net,Dr.,Leah,Richards,Pediatrics,Experienced Cardiology specialist with over 18 years of practice.,inactive,https://example.com/profiles/a509f52b-64d8-472f-9d27-e672b343daa5.jpg,MD816512,(954) 317-8662,2024-01-09T05:37:34.802190,2025-08-21T23:10:34.802204
4aaf5180-30b2-4200-8c76-f6fae47f4e4d,jonathan.hunter66,staceywashington@example.net,DO,Jonathan,Hunter,Hematology,Experienced Geriatrics specialist with over 21 years of practice.,active,https://example.com/profiles/4aaf5180-30b2-4200-8c76-f6fae47f4e4d.jpg,MD982746,(763) 344-2366,2025-07-26T10:29:34.803046,2025-09-04T02:09:34.803060
f9ca2e2f-25a8-4c29-8ecd-888cd9e8afc8,jacob.berry634,bauercory@example.org,Prof.,Jacob,Berry,Geriatrics,Experienced Gastroenterology specialist with over 23 years of practice.,inactive,https://example.com/profiles/f9ca2e2f-25a8-4c29-8ecd-888cd9e8afc8.jpg,MD516358,(936) 277-6279,2024-06-23T03:18:34.803916,2025-09-04T20:12:34.803930
4f07f9d0-b9ed-40ee-b97c-3dd9aba5a915,christopher.williams496,cchurch@example.org,Dr.,Christopher,Williams,Cardiology,Experienced Psychiatry specialist with over 9 years of practice.,suspended,https://example.com/profiles/4f07f9d0-b9ed-40ee-b97c-3dd9aba5a915.jpg,MD610996,(201) 652-5784,2024-09-29T14:14:34.804580,2025-08-30T10:56:34.804594
4ea475fa-0131-4b31-bc2e-96198cde6b4e,heidi.haas383,vaguirre@example.net,Prof.,Heidi,Haas,Dermatology,Experienced Oncology specialist with over 13 years of practice.,pending_approval,https://example.com/profiles/4ea475fa-0131-4b31-bc2e-96198cde6b4e.jpg,MD153601,(207) 381-1096,2025-05-07T13:37:34.805263,2025-08-26T17:46:34.805277
78a9fba0-e4f1-4ce9-be19-78522986af20,brendan.hendricks574,gibsonbrandon@example.com,DO,Brendan,Hendricks,Dermatology,Experienced Hematology specialist with over 14 years of practice.,pending_approval,https://example.com/profiles/78a9fba0-e4f1-4ce9-be19-78522986af20.jpg,MD157975,(412) 808-6180,2024-04-21T21:33:34.806085,2025-08-25T21:58:34.806106
afce909c-f28b-41f1-8a3d-c82f3a5b188c,kelly.johnson244,carmengomez@example.net,NP,Kelly,Johnson,Dermatology,Experienced Oncology specialist with over 5 years of practice.,inactive,https://example.com/profiles/afce909c-f28b-41f1-8a3d-c82f3a5b188c.jpg,MD386410,(732) 901-8524,2023-10-24T22:42:34.806978,2025-08-30T07:27:34.806995
92e0eb9c-337b-448d-b492-2b7c21c813e7,teresa.williamson729,gregory51@example.com,NP,Teresa,Williamson,General Practice,Experienced Neurology specialist with over 18 years of practice.,active,https://example.com/profiles/92e0eb9c-337b-448d-b492-2b7c21c813e7.jpg,MD146822,(276) 449-3165,2024-06-19T04:57:34.808028,2025-09-17T23:55:34.808106
a04146cb-a8b0-4563-8007-8d45f4b86206,curtis.thompson250,vdougherty@example.com,Prof.,Curtis,Thompson,Oncology,Experienced Pulmonology specialist with over 6 years of practice.,active,https://example.com/profiles/a04146cb-a8b0-4563-8007-8d45f4b86206.jpg,MD671989,(609) 363-3439,2025-09-17T06:46:34.809623,2025-09-01T12:26:34.809656
9c5791e6-2ea9-4dad-8baf-58f841f4dede,john.grant174,frankward@example.com,MD,John,Grant,Neurology,Experienced Geriatrics specialist with over 6 years of practice.,inactive,https://example.com/profiles/9c5791e6-2ea9-4dad-8baf-58f841f4dede.jpg,MD818422,(281) 970-7336,2024-04-02T06:15:34.810799,2025-08-25T13:35:34.810822
547ced2e-fd1d-44d8-9b42-53f4e8ebb307,edward.rodriguez228,nicholasflores@example.com,DO,Edward,Rodriguez,Cardiology,Experienced Neurology specialist with over 22 years of practice.,active,https://example.com/profiles/547ced2e-fd1d-44d8-9b42-53f4e8ebb307.jpg,MD780014,(828) 451-7232,2024-01-14T09:32:34.811768,2025-08-26T17:24:34.811786
c3daac86-6056-4292-9367-97d761f64c7a,brittany.lucas724,reginasingh@example.org,MD,Brittany,Lucas,Urology,Experienced Radiology specialist with over 20 years of practice.,inactive,https://example.com/profiles/c3daac86-6056-4292-9367-97d761f64c7a.jpg,MD148415,(229) 223-6793,2025-05-10T07:45:34.812649,2025-08-27T11:55:34.812664
83aaa104-93e8-4c48-b8d4-c8ba7384a713,heather.velasquez800,theresaphillips@example.com,Dr.,Heather,Velasquez,Urology,Experienced Cardiology specialist with over 19 years of practice.,active,https://example.com/profiles/83aaa104-93e8-4c48-b8d4-c8ba7384a713.jpg,MD554769,(512) 475-6983,2025-08-21T13:19:34.813847,2025-09-01T14:41:34.813866
d59f9e8d-d045-44ea-bd34-d9b6104b4e49,natalie.bass107,wayne87@example.net,Prof.,Natalie,Bass,Hematology,Experienced Rheumatology specialist with over 5 years of practice.,pending_approval,https://example.com/profiles/d59f9e8d-d045-44ea-bd34-d9b6104b4e49.jpg,MD184858,(319) 999-2318,2023-12-22T01:10:34.814576,2025-08-30T00:38:34.814592
cde47e90-94d6-4edc-8468-149f02e8a9cf,carol.nielsen266,nelsonandrew@example.org,MD,Carol,Nielsen,Radiology,Experienced Urology specialist with over 9 years of practice.,suspended,https://example.com/profiles/cde47e90-94d6-4edc-8468-149f02e8a9cf.jpg,MD460832,(631) 598-2882,2024-01-14T04:32:34.815559,2025-09-05T18:56:34.815577
13df24b4-c245-4a35-9665-e9c71d6042bd,alex.brooks242,rcannon@example.com,DO,Alex,Brooks,Rheumatology,Experienced Gastroenterology specialist with over 21 years of practice.,suspended,https://example.com/profiles/13df24b4-c245-4a35-9665-e9c71d6042bd.jpg,MD886519,(360) 635-4940,2024-01-29T22:36:34.816288,2025-09-16T05:14:34.816305
27cded7f-4000-4ad1-b40c-45c60374e818,charles.miranda412,jake77@example.com,DO,Charles,Miranda,Rheumatology,Experienced Neurology specialist with over 5 years of practice.,pending_approval,https://example.com/profiles/27cded7f-4000-4ad1-b40c-45c60374e818.jpg,MD481111,(850) 412-8516,2025-06-11T03:27:34.816932,2025-08-22T17:31:34.816946
5cc08a88-ad9c-4c8c-8eae-c379c8e14786,claire.mckee766,qsimmons@example.org,MD,Claire,Mckee,Dermatology,Experienced Geriatrics specialist with over 9 years of practice.,inactive,https://example.com/profiles/5cc08a88-ad9c-4c8c-8eae-c379c8e14786.jpg,MD820781,(575) 883-7238,2025-07-11T00:42:34.817656,2025-08-24T21:05:34.817672
d85c634a-d8c0-4b8a-b474-ffe4bcf33a12,ernest.rich391,robert42@example.com,Prof.,Ernest,Rich,Urology,Experienced Radiology specialist with over 11 years of practice.,inactive,https://example.com/profiles/d85c634a-d8c0-4b8a-b474-ffe4bcf33a12.jpg,MD100889,(601) 896-2809,2025-07-07T19:35:34.818297,2025-08-26T06:18:34.818311
6d06966b-3827-486b-9006-99a7c1581d0e,samantha.wells306,ernesthoward@example.org,Prof.,Samantha,Wells,Gastroenterology,Experienced Psychiatry specialist with over 10 years of practice.,pending_approval,https://example.com/profiles/6d06966b-3827-486b-9006-99a7c1581d0e.jpg,MD636198,(503) 315-7500,2024-03-23T10:35:34.819143,2025-09-12T20:45:34.819158
68150edc-e1db-46c2-a97a-9ef8f968e7c1,andres.miller491,fbailey@example.org,Dr.,Andres,Miller,Oncology,Experienced Pulmonology specialist with over 15 years of practice.,suspended,https://example.com/profiles/68150edc-e1db-46c2-a97a-9ef8f968e7c1.jpg,MD664813,(935) 596-9364,2024-05-13T09:48:34.819871,2025-09-06T16:26:34.819887
19e74795-0eab-4311-8c8c-1c199d96aa9c,lisa.anderson799,ashley22@example.net,Prof.,Lisa,Anderson,Cardiology,Experienced Cardiology specialist with over 13 years of practice.,inactive,https://example.com/profiles/19e74795-0eab-4311-8c8c-1c199d96aa9c.jpg,MD610049,(979) 856-4732,2024-08-03T10:47:34.820512,2025-08-28T07:13:34.820527
051588ef-1ea8-45fc-9d3b-3f11c1420838,justin.jones353,jrobinson@example.net,PA,Justin,Jones,Geriatrics,Experienced General Practice specialist with over 24 years of practice.,active,https://example.com/profiles/051588ef-1ea8-45fc-9d3b-3f11c1420838.jpg,MD793444,(409) 694-1944,2024-08-22T23:23:34.821214,2025-09-12T01:57:34.821229
cdd1ec0c-6216-43e1-9589-1c6e71624e6a,louis.todd45,phall@example.com,MD,Louis,Todd,Dermatology,Experienced Pulmonology specialist with over 9 years of practice.,active,https://example.com/profiles/cdd1ec0c-6216-43e1-9589-1c6e71624e6a.jpg,MD185937,(916) 662-3790,2025-05-10T17:51:34.821942,2025-09-10T18:54:34.821957
293ad5b3-44b9-48a1-bf9e-484bdb1d604b,elizabeth.burnett532,njackson@example.net,Prof.,Elizabeth,Burnett,Cardiology,Experienced Endocrinology specialist with over 22 years of practice.,active,https://example.com/profiles/293ad5b3-44b9-48a1-bf9e-484bdb1d604b.jpg,MD568031,(952) 991-7561,2023-11-22T08:07:34.822658,2025-08-23T18:40:34.822673
360120d1-2370-41c8-ac75-9156ff0c3ebf,kenneth.gallagher694,bradbennett@example.com,DO,Kenneth,Gallagher,Oncology,Experienced Urology specialist with over 14 years of practice.,suspended,https://example.com/profiles/360120d1-2370-41c8-ac75-9156ff0c3ebf.jpg,MD754607,(978) 258-6172,2025-04-07T05:55:34.823708,2025-09-04T06:54:34.823731
2c6c8901-0fa5-46b2-a8f4-d8987847512b,elizabeth.hanson286,lucasandrea@example.org,PA,Elizabeth,Hanson,Radiology,Experienced Pediatrics specialist with over 18 years of practice.,pending_approval,https://example.com/profiles/2c6c8901-0fa5-46b2-a8f4-d8987847512b.jpg,MD641887,(310) 766-9757,2023-11-11T06:04:34.824603,2025-08-20T09:34:34.824619
0bc0c9c7-24e6-458d-838c-399cfd6f689a,james.cummings79,dianawolf@example.org,DO,James,Cummings,Hematology,Experienced Pediatrics specialist with over 18 years of practice.,inactive,https://example.com/profiles/0bc0c9c7-24e6-458d-838c-399cfd6f689a.jpg,MD199313,(732) 404-2542,2025-03-30T14:32:34.825766,2025-08-19T22:08:34.825788
f95ced1e-ad95-4d86-950b-8d144b3acd32,bradley.berry361,janetmoore@example.net,DO,Bradley,Berry,Geriatrics,Experienced Radiology specialist with over 8 years of practice.,suspended,https://example.com/profiles/f95ced1e-ad95-4d86-950b-8d144b3acd32.jpg,MD725667,(607) 823-7725,2025-02-07T18:03:34.826664,2025-09-01T17:57:34.826679
f110f990-4bb2-4302-8721-493c7a6b4ac3,christopher.jefferson91,herringgerald@example.org,PA,Christopher,Jefferson,Hematology,Experienced Dermatology specialist with over 17 years of practice.,inactive,https://example.com/profiles/f110f990-4bb2-4302-8721-493c7a6b4ac3.jpg,MD831590,(239) 316-4394,2023-12-01T09:30:34.827578,2025-09-16T20:30:34.827596
92211153-5fc9-4126-b180-0ba1296e88ac,nathan.phillips357,dawsonamanda@example.com,Prof.,Nathan,Phillips,Geriatrics,Experienced Gastroenterology specialist with over 17 years of practice.,inactive,https://example.com/profiles/92211153-5fc9-4126-b180-0ba1296e88ac.jpg,MD941456,(435) 631-2974,2025-01-15T07:31:34.828463,2025-08-30T17:40:34.828479
5f4d6e21-2a60-4bd5-afe0-7336c74915e1,amy.nichols275,aevans@example.org,PA,Amy,Nichols,Dermatology,Experienced Dermatology specialist with over 14 years of practice.,active,https://example.com/profiles/5f4d6e21-2a60-4bd5-afe0-7336c74915e1.jpg,MD354460,(817) 888-3676,2024-01-12T22:14:34.829287,2025-09-09T22:28:34.829307
a3014b92-3dfc-4a05-ab2d-bcd1f7acbe5b,kathryn.rodriguez796,jose80@example.com,MD,Kathryn,Rodriguez,Neurology,Experienced Pediatrics specialist with over 18 years of practice.,inactive,https://example.com/profiles/a3014b92-3dfc-4a05-ab2d-bcd1f7acbe5b.jpg,MD813118,(975) 800-9981,2025-05-16T05:31:34.829960,2025-08-23T01:15:34.829975
7742defe-7b08-4c1c-bdc2-4a87c31b759e,kyle.torres224,marynunez@example.org,PA,Kyle,Torres,General Practice,Experienced General Practice specialist with over 15 years of practice.,pending_approval,https://example.com/profiles/7742defe-7b08-4c1c-bdc2-4a87c31b759e.jpg,MD210982,(774) 478-2142,2024-01-13T11:14:34.830761,2025-09-13T23:26:34.830775
f1713cf6-adf4-4d91-bc59-8c06b2dd0794,laura.thompson902,hramos@example.com,Dr.,Laura,Thompson,Oncology,Experienced Urology specialist with over 18 years of practice.,inactive,https://example.com/profiles/f1713cf6-adf4-4d91-bc59-8c06b2dd0794.jpg,MD211457,(423) 923-4078,2024-07-31T08:54:34.831425,2025-08-27T16:36:34.831439
8237d94d-fcfb-4e3c-b579-18f07380b744,john.edwards239,kimberly66@example.com,PA,John,Edwards,Oncology,Experienced Psychiatry specialist with over 13 years of practice.,active,https://example.com/profiles/8237d94d-fcfb-4e3c-b579-18f07380b744.jpg,MD964880,(463) 940-5123,2024-10-29T02:55:34.832064,2025-09-08T21:48:34.832079
124c02ba-ff11-4391-8196-0bc2a3710523,sonya.ross795,kimberly19@example.com,Dr.,Sonya,Ross,Neurology,Experienced Cardiology specialist with over 20 years of practice.,suspended,https://example.com/profiles/124c02ba-ff11-4391-8196-0bc2a3710523.jpg,MD646639,(630) 993-1755,2023-11-22T15:34:34.832660,2025-08-27T12:42:34.832674
1a46e8cd-db88-41de-89e1-3577b68f39d8,jennifer.robinson372,danielthomas@example.com,PA,Jennifer,Robinson,Rheumatology,Experienced General Practice specialist with over 25 years of practice.,pending_approval,https://example.com/profiles/1a46e8cd-db88-41de-89e1-3577b68f39d8.jpg,MD864810,(219) 775-3880,2023-10-01T06:32:34.833457,2025-09-03T13:12:34.833471
bc17fce2-ead3-4ae9-833a-c27b8b2e11dd,lindsey.white914,isaactorres@example.org,Prof.,Lindsey,White,Pediatrics,Experienced Endocrinology specialist with over 18 years of practice.,suspended,https://example.com/profiles/bc17fce2-ead3-4ae9-833a-c27b8b2e11dd.jpg,MD632909,(260) 268-4378,2025-02-10T14:31:34.834264,2025-09-12T20:33:34.834278
9c144fc5-fd5c-4088-8c1d-9bc8ec30b08a,brandon.martin30,amanda14@example.net,DO,Brandon,Martin,General Practice,Experienced Gastroenterology specialist with over 20 years of practice.,inactive,https://example.com/profiles/9c144fc5-fd5c-4088-8c1d-9bc8ec30b08a.jpg,MD840936,(586) 211-3953,2024-11-11T05:20:34.834862,2025-09-13T13:51:34.834876
da622f57-c0ac-4ff6-abab-7ad2b6158ee8,todd.dixon753,davismichelle@example.com,MD,Todd,Dixon,Gastroenterology,Experienced Neurology specialist with over 6 years of practice.,suspended,https://example.com/profiles/da622f57-c0ac-4ff6-abab-7ad2b6158ee8.jpg,MD806435,(515) 389-4845,2024-07-01T23:42:34.835672,2025-08-22T09:55:34.835686
7bac8c1e-b9f3-40e8-907b-6ffd55aeb8d4,eric.hodges913,barbara81@example.net,PA,Eric,Hodges,Gastroenterology,Experienced Orthopedics specialist with over 14 years of practice.,pending_approval,https://example.com/profiles/7bac8c1e-b9f3-40e8-907b-6ffd55aeb8d4.jpg,MD276366,(601) 979-5435,2025-04-12T12:19:34.836272,2025-09-19T04:17:34.836288
c5b4c2b4-99f1-4b29-a104-67b368e16500,eugene.hale287,mossandrew@example.org,Prof.,Eugene,Hale,Psychiatry,Experienced Cardiology specialist with over 24 years of practice.,pending_approval,https://example.com/profiles/c5b4c2b4-99f1-4b29-a104-67b368e16500.jpg,MD560553,(737) 559-2488,2025-05-21T12:14:34.836935,2025-09-02T20:19:34.836946
ac2c6c99-b138-4169-bb81-2e5d050a1fe2,nancy.henderson67,mclaughlinjulie@example.net,MD,Nancy,Henderson,Radiology,Experienced Oncology specialist with over 5 years of practice.,pending_approval,https://example.com/profiles/ac2c6c99-b138-4169-bb81-2e5d050a1fe2.jpg,MD208055,(609) 706-6759,2025-03-05T14:27:34.837605,2025-08-30T11:57:34.837617
32866027-13c2-41ee-afa3-2d1d13127b2c,aaron.smith919,julieryan@example.org,Prof.,Aaron,Smith,Rheumatology,Experienced Dermatology specialist with over 15 years of practice.,pending_approval,https://example.com/profiles/32866027-13c2-41ee-afa3-2d1d13127b2c.jpg,MD971175,(341) 507-6321,2025-06-15T12:21:34.838295,2025-08-31T08:29:34.838307
06b9f39d-5ae6-4afc-9afd-2a69360b4859,amy.lopez932,smithcrystal@example.com,Prof.,Amy,Lopez,Pulmonology,Experienced Endocrinology specialist with over 7 years of practice.,active,https://example.com/profiles/06b9f39d-5ae6-4afc-9afd-2a69360b4859.jpg,MD774238,(443) 525-7280,2024-10-26T14:44:34.838955,2025-09-13T10:25:34.838966
f11fedc0-4558-4281-8094-af9c017def82,lisa.nelson608,andreasmith@example.com,Prof.,Lisa,Nelson,Dermatology,Experienced Geriatrics specialist with over 12 years of practice.,suspended,https://example.com/profiles/f11fedc0-4558-4281-8094-af9c017def82.jpg,MD500798,(712) 643-7937,2024-01-14T04:12:34.839663,2025-09-13T15:39:34.839677
354dae6f-54b5-458f-b205-d2969f529fc8,angela.martin240,nkirby@example.org,Prof.,Angela,Martin,Pulmonology,Experienced Endocrinology specialist with over 23 years of practice.,pending_approval,https://example.com/profiles/354dae6f-54b5-458f-b205-d2969f529fc8.jpg,MD197376,(262) 840-9876,2025-03-06T14:18:34.840469,2025-09-18T14:11:34.840495
fe7ad012-561e-4905-bcb8-f9da70386f01,donna.cunningham237,brownraymond@example.net,MD,Donna,Cunningham,General Practice,Experienced Oncology specialist with over 25 years of practice.,inactive,https://example.com/profiles/fe7ad012-561e-4905-bcb8-f9da70386f01.jpg,MD408340,(202) 587-7957,2023-10-31T04:29:34.841742,2025-08-27T03:44:34.841785
910a2e6a-6edc-4677-81e5-805f6bbe5b67,ryan.carson420,omahoney@example.org,Prof.,Ryan,Carson,Hematology,Experienced Orthopedics specialist with over 21 years of practice.,inactive,https://example.com/profiles/910a2e6a-6edc-4677-81e5-805f6bbe5b67.jpg,MD349697,(531) 413-8743,2024-09-05T06:14:34.842805,2025-09-02T21:34:34.842825
8ad2431f-b2ed-445a-91c1-c1a98a18bc10,megan.haney925,nicolemason@example.com,PA,Megan,Haney,Oncology,Experienced Dermatology specialist with over 21 years of practice.,suspended,https://example.com/profiles/8ad2431f-b2ed-445a-91c1-c1a98a18bc10.jpg,MD913743,(678) 494-3879,2024-12-02T02:15:34.843888,2025-09-02T04:37:34.843916
7dd62dda-4e77-4250-98ee-7e39b327219a,emily.andrade967,jasonwebb@example.net,PA,Emily,Andrade,General Practice,Experienced Pediatrics specialist with over 15 years of practice.,active,https://example.com/profiles/7dd62dda-4e77-4250-98ee-7e39b327219a.jpg,MD571614,(559) 409-6570,2025-08-27T15:06:34.845061,2025-09-08T04:13:34.845097
676b8333-1692-4a11-9790-e104a0f2a6be,christopher.rogers874,waretabitha@example.com,PA,Christopher,Rogers,Psychiatry,Experienced Oncology specialist with over 20 years of practice.,active,https://example.com/profiles/676b8333-1692-4a11-9790-e104a0f2a6be.jpg,MD360821,(937) 637-7913,2024-12-02T23:48:34.845918,2025-09-08T14:55:34.845945
c8ae4231-0482-4c29-95ff-ff0d0d9fffe2,gregory.gibson860,ryantorres@example.org,DO,Gregory,Gibson,Pulmonology,Experienced Pediatrics specialist with over 6 years of practice.,pending_approval,https://example.com/profiles/c8ae4231-0482-4c29-95ff-ff0d0d9fffe2.jpg,MD580150,(334) 762-9569,2025-02-25T09:59:34.846771,2025-08-25T15:10:34.846791
cf9c6b91-5dea-4796-93ec-d65e3335d43e,aaron.jones603,elizabethmoody@example.org,MD,Aaron,Jones,Oncology,Experienced General Practice specialist with over 22 years of practice.,suspended,https://example.com/profiles/cf9c6b91-5dea-4796-93ec-d65e3335d43e.jpg,MD322577,(563) 491-7585,2023-11-06T21:28:34.847516,2025-08-19T20:34:34.847535
0f9aeba9-5873-4d74-93f7-afdefe4b4673,rachel.love461,coryfernandez@example.net,PA,Rachel,Love,Oncology,Experienced Rheumatology specialist with over 5 years of practice.,suspended,https://example.com/profiles/0f9aeba9-5873-4d74-93f7-afdefe4b4673.jpg,MD834838,(317) 668-1364,2024-07-02T15:58:34.848220,2025-09-17T01:22:34.848236
0d68d4d3-9c5a-4fff-b0d3-419a38a5db77,jessica.walker451,stevengreene@example.org,Dr.,Jessica,Walker,Endocrinology,Experienced Cardiology specialist with over 11 years of practice.,pending_approval,https://example.com/profiles/0d68d4d3-9c5a-4fff-b0d3-419a38a5db77.jpg,MD934789,(786) 305-6516,2024-08-13T18:08:34.848927,2025-09-07T20:34:34.848943
149aeae4-5a10-4403-83b1-bd71d8857c26,allison.nguyen746,sullivanpaula@example.com,MD,Allison,Nguyen,Cardiology,Experienced Pediatrics specialist with over 7 years of practice.,suspended,https://example.com/profiles/149aeae4-5a10-4403-83b1-bd71d8857c26.jpg,MD120974,(312) 593-9051,2023-11-11T00:45:34.849617,2025-08-31T10:18:34.849632
5f8b68d5-9a9d-4fb3-b77d-611dbd52d6e7,paul.curtis186,ucampos@example.com,Prof.,Paul,Curtis,Orthopedics,Experienced Hematology specialist with over 16 years of practice.,suspended,https://example.com/profiles/5f8b68d5-9a9d-4fb3-b77d-611dbd52d6e7.jpg,MD703438,(872) 535-1305,2024-12-08T23:13:34.850201,2025-08-21T09:20:34.850212
8dc2fdb5-b126-441b-8d11-8705862dcf2a,margaret.jackson344,chaselisa@example.org,DO,Margaret,Jackson,Radiology,Experienced Neurology specialist with over 20 years of practice.,pending_approval,https://example.com/profiles/8dc2fdb5-b126-441b-8d11-8705862dcf2a.jpg,MD425967,(234) 338-5330,2025-03-20T16:34:34.850702,2025-09-16T18:08:34.850713
2071d862-bcca-4b24-ab28-2ac9397fee03,kayla.howell720,alawson@example.org,PA,Kayla,Howell,Geriatrics,Experienced Pediatrics specialist with over 19 years of practice.,active,https://example.com/profiles/2071d862-bcca-4b24-ab28-2ac9397fee03.jpg,MD415267,(220) 333-6413,2025-07-23T12:07:34.851109,2025-09-11T16:41:34.851120
224a49d1-38bb-4f83-90fb-693e4db8bbb8,steven.gordon893,gomezbrittney@example.net,NP,Steven,Gordon,Urology,Experienced Radiology specialist with over 10 years of practice.,suspended,https://example.com/profiles/224a49d1-38bb-4f83-90fb-693e4db8bbb8.jpg,MD971284,(605) 726-2168,2023-12-14T20:13:34.851589,2025-08-26T02:28:34.851599
cb3df92d-e5a4-4698-b9d5-07d70dbb9b44,melissa.day663,michael72@example.net,MD,Melissa,Day,Neurology,Experienced Radiology specialist with over 22 years of practice.,active,https://example.com/profiles/cb3df92d-e5a4-4698-b9d5-07d70dbb9b44.jpg,MD803776,(714) 400-6293,2024-04-12T22:47:34.851952,2025-09-18T10:08:34.851962
45de6063-381a-42b3-85a4-41b8104c2d8d,emma.ewing87,jacquelinebennett@example.net,Dr.,Emma,Ewing,Endocrinology,Experienced General Practice specialist with over 19 years of practice.,suspended,https://example.com/profiles/45de6063-381a-42b3-85a4-41b8104c2d8d.jpg,MD730280,(628) 286-4414,2025-09-18T00:20:34.852440,2025-08-20T17:06:34.852450
56094dbe-c8f9-4a55-81f6-9be96d3f8521,stephanie.ross378,ngallagher@example.com,Prof.,Stephanie,Ross,Urology,Experienced Rheumatology specialist with over 16 years of practice.,suspended,https://example.com/profiles/56094dbe-c8f9-4a55-81f6-9be96d3f8521.jpg,MD895855,(817) 249-4542,2024-08-18T23:35:34.852862,2025-09-15T08:49:34.852873
b5152e79-df96-47d8-a4c2-db7e73f659da,bailey.davis766,shane49@example.net,DO,Bailey,Davis,Hematology,Experienced Oncology specialist with over 14 years of practice.,pending_approval,https://example.com/profiles/b5152e79-df96-47d8-a4c2-db7e73f659da.jpg,MD321548,(972) 464-7602,2024-04-16T14:37:34.853236,2025-08-26T10:16:34.853245
de36b501-80fb-4ec2-9a6c-b4454208c8d6,brittany.vance251,matthewwalker@example.com,Prof.,Brittany,Vance,Gastroenterology,Experienced Endocrinology specialist with over 9 years of practice.,inactive,https://example.com/profiles/de36b501-80fb-4ec2-9a6c-b4454208c8d6.jpg,MD333151,(702) 650-7908,2025-06-20T18:16:34.853715,2025-08-23T10:04:34.853725
7e66055e-5fd3-4e9b-920f-3d337fec399d,emily.fuller49,gallagherjoanna@example.org,DO,Emily,Fuller,Neurology,Experienced Gastroenterology specialist with over 19 years of practice.,pending_approval,https://example.com/profiles/7e66055e-5fd3-4e9b-920f-3d337fec399d.jpg,MD393538,(662) 672-8562,2024-07-08T04:18:34.854198,2025-09-06T05:37:34.854209
ba6b342f-e3ef-4cea-bf15-a35e546e8c0f,beth.franklin251,eadams@example.org,DO,Beth,Franklin,Rheumatology,Experienced Pediatrics specialist with over 6 years of practice.,suspended,https://example.com/profiles/ba6b342f-e3ef-4cea-bf15-a35e546e8c0f.jpg,MD953244,(850) 471-9123,2024-08-31T14:44:34.854607,2025-08-29T00:20:34.854618
89d27443-d40c-406d-b640-819a2f1f2116,kathy.jenkins246,bryan79@example.net,MD,Kathy,Jenkins,Pediatrics,Experienced General Practice specialist with over 23 years of practice.,pending_approval,https://example.com/profiles/89d27443-d40c-406d-b640-819a2f1f2116.jpg,MD989655,(432) 656-8531,2025-01-03T09:13:34.854970,2025-08-25T02:31:34.854980
ba666153-3645-4329-879e-ae6f88a045e1,randy.smith399,trancaitlin@example.com,DO,Randy,Smith,Radiology,Experienced Urology specialist with over 14 years of practice.,active,https://example.com/profiles/ba666153-3645-4329-879e-ae6f88a045e1.jpg,MD378017,(385) 223-8864,2024-07-14T19:39:34.855532,2025-09-17T00:23:34.855546
760c6bfa-5a48-4276-a765-c08c0d884296,gina.jimenez456,gina94@example.com,MD,Gina,Jimenez,Hematology,Experienced Orthopedics specialist with over 7 years of practice.,active,https://example.com/profiles/760c6bfa-5a48-4276-a765-c08c0d884296.jpg,MD432493,(815) 984-4402,2023-11-22T03:58:34.856016,2025-08-30T15:58:34.856029
e629310b-b66a-4118-a66b-39390eb0b202,joshua.mckay808,leahpham@example.com,Dr.,Joshua,Mckay,Dermatology,Experienced Oncology specialist with over 6 years of practice.,suspended,https://example.com/profiles/e629310b-b66a-4118-a66b-39390eb0b202.jpg,MD490700,(720) 565-9294,2025-04-19T02:14:34.856672,2025-09-09T10:45:34.856766
8fa0a089-68c6-413b-a7fd-18f80c74297e,daniel.murray352,mary85@example.org,Prof.,Daniel,Murray,Pediatrics,Experienced Radiology specialist with over 16 years of practice.,inactive,https://example.com/profiles/8fa0a089-68c6-413b-a7fd-18f80c74297e.jpg,MD458567,(419) 405-3132,2024-07-24T20:59:34.857590,2025-08-29T12:03:34.857614
a45ac6ff-4a73-4e03-a2e6-8d781a7593ad,raymond.perkins938,osbornkelly@example.net,NP,Raymond,Perkins,Cardiology,Experienced Dermatology specialist with over 13 years of practice.,suspended,https://example.com/profiles/a45ac6ff-4a73-4e03-a2e6-8d781a7593ad.jpg,MD130307,(938) 954-2289,2025-07-10T08:14:34.858512,2025-09-12T00:24:34.858530
da1b2b9d-8f8d-41ea-b9cd-8b6aaeca4f98,amanda.baker772,alejandro92@example.net,NP,Amanda,Baker,Psychiatry,Experienced Radiology specialist with over 7 years of practice.,active,https://example.com/profiles/da1b2b9d-8f8d-41ea-b9cd-8b6aaeca4f98.jpg,MD729152,(975) 713-7538,2024-11-02T07:56:34.859195,2025-09-02T06:18:34.859211
93633730-7ab3-4be1-99d6-6a43b8892206,danielle.drake909,murphygeorge@example.org,MD,Danielle,Drake,Hematology,Experienced Rheumatology specialist with over 13 years of practice.,suspended,https://example.com/profiles/93633730-7ab3-4be1-99d6-6a43b8892206.jpg,MD547097,(281) 519-6020,2024-05-25T19:34:34.860085,2025-08-21T07:29:34.860102
4646910e-e409-40bb-b30c-5ed6c9782b78,frank.taylor659,zwilliams@example.com,NP,Frank,Taylor,Radiology,Experienced Urology specialist with over 5 years of practice.,pending_approval,https://example.com/profiles/4646910e-e409-40bb-b30c-5ed6c9782b78.jpg,MD855548,(808) 950-7743,2024-08-05T12:20:34.861318,2025-08-22T21:26:34.861351
49b91f76-3bcb-414b-90d9-891f59d1146d,angela.winters907,larsenharold@example.net,Prof.,Angela,Winters,Cardiology,Experienced Psychiatry specialist with over 9 years of practice.,pending_approval,https://example.com/profiles/49b91f76-3bcb-414b-90d9-891f59d1146d.jpg,MD523746,(641) 814-7142,2025-09-01T17:20:34.862322,2025-08-31T07:44:34.862341
05d95186-20ba-44b3-a275-8dd40a63910d,martha.howard736,carrilloaaron@example.net,Prof.,Martha,Howard,Neurology,Experienced Neurology specialist with over 5 years of practice.,inactive,https://example.com/profiles/05d95186-20ba-44b3-a275-8dd40a63910d.jpg,MD702146,(425) 708-7927,2024-12-01T09:41:34.863282,2025-09-10T18:18:34.863308
79cc466a-f531-41ec-bbd8-b789192bbdc3,ashley.lee248,riverakevin@example.net,PA,Ashley,Lee,Radiology,Experienced Geriatrics specialist with over 9 years of practice.,active,https://example.com/profiles/79cc466a-f531-41ec-bbd8-b789192bbdc3.jpg,MD365684,(252) 563-2101,2025-02-10T07:27:34.864206,2025-09-06T21:59:34.864222
fb78f49b-0861-4ae9-a48b-9e442594d1ef,andrea.montgomery316,vgreen@example.org,DO,Andrea,Montgomery,Orthopedics,Experienced Rheumatology specialist with over 12 years of practice.,inactive,https://example.com/profiles/fb78f49b-0861-4ae9-a48b-9e442594d1ef.jpg,MD678565,(970) 292-5150,2024-06-11T10:14:34.864945,2025-09-02T23:51:34.864961
d6cbb843-cd31-4aab-9dd4-d9074c5cd7ec,angela.perry268,alexisschaefer@example.com,DO,Angela,Perry,Orthopedics,Experienced Orthopedics specialist with over 9 years of practice.,active,https://example.com/profiles/d6cbb843-cd31-4aab-9dd4-d9074c5cd7ec.jpg,MD297108,(620) 820-5300,2024-12-05T07:00:34.865862,2025-08-20T10:06:34.865880
e6a8c137-1f75-4fcc-8115-ef744a33b168,kristina.herman689,smithbrandon@example.com,Prof.,Kristina,Herman,Neurology,Experienced Urology specialist with over 25 years of practice.,inactive,https://example.com/profiles/e6a8c137-1f75-4fcc-8115-ef744a33b168.jpg,MD979024,(662) 284-9802,2023-10-21T11:13:34.866755,2025-08-22T20:35:34.866773
2d2464d2-9ebb-4479-8256-f440e7b61740,jennifer.wolf318,xgarcia@example.net,DO,Jennifer,Wolf,Urology,Experienced Orthopedics specialist with over 8 years of practice.,inactive,https://example.com/profiles/2d2464d2-9ebb-4479-8256-f440e7b61740.jpg,MD194552,(447) 575-2250,2024-04-19T12:49:34.867528,2025-09-19T05:39:34.867547
b7154ec5-8b13-4b5b-8245-7719b2edef17,michael.harris527,paul18@example.com,MD,Michael,Harris,Hematology,Experienced Oncology specialist with over 18 years of practice.,pending_approval,https://example.com/profiles/b7154ec5-8b13-4b5b-8245-7719b2edef17.jpg,MD660476,(301) 557-4441,2023-12-22T17:12:34.868199,2025-09-01T22:21:34.868214
249e0d7c-6919-4716-8f77-90e3921dbf71,katrina.lee172,qirwin@example.com,NP,Katrina,Lee,Gastroenterology,Experienced Urology specialist with over 22 years of practice.,pending_approval,https://example.com/profiles/249e0d7c-6919-4716-8f77-90e3921dbf71.jpg,MD460424,(253) 791-9560,2024-11-12T11:05:34.868979,2025-08-29T07:03:34.868997
55c52b29-2576-49d0-8ce5-0299dcd0da64,ryan.hudson175,bsloan@example.net,PA,Ryan,Hudson,Pulmonology,Experienced Pediatrics specialist with over 16 years of practice.,active,https://example.com/profiles/55c52b29-2576-49d0-8ce5-0299dcd0da64.jpg,MD495092,(806) 553-3913,2025-02-10T16:48:34.869731,2025-08-20T06:24:34.869748
4b9a5de4-7bdd-420b-88ab-8f85b4862ca0,david.kennedy226,zhumphrey@example.org,MD,David,Kennedy,Endocrinology,Experienced Dermatology specialist with over 6 years of practice.,inactive,https://example.com/profiles/4b9a5de4-7bdd-420b-88ab-8f85b4862ca0.jpg,MD658754,(262) 464-7310,2025-03-10T01:53:34.870458,2025-08-27T14:09:34.870478
1bc338ef-108f-4529-b3a0-e12b4006b10c,anthony.welch178,ronaldoneal@example.org,MD,Anthony,Welch,Geriatrics,Experienced Gastroenterology specialist with over 24 years of practice.,pending_approval,https://example.com/profiles/1bc338ef-108f-4529-b3a0-e12b4006b10c.jpg,MD702127,(810) 962-4967,2025-07-27T15:14:34.871361,2025-08-21T06:50:34.871378
19490ff5-bb8f-4638-87f0-13046db26401,brandon.nelson65,kevin42@example.net,PA,Brandon,Nelson,Pediatrics,Experienced General Practice specialist with over 20 years of practice.,inactive,https://example.com/profiles/19490ff5-bb8f-4638-87f0-13046db26401.jpg,MD409531,(308) 289-5845,2024-08-04T07:49:34.872006,2025-09-12T07:40:34.872022
8b9033be-901a-4a4e-b1d6-218ef92e1ef8,caitlin.williams904,vhill@example.com,NP,Caitlin,Williams,Psychiatry,Experienced Psychiatry specialist with over 11 years of practice.,active,https://example.com/profiles/8b9033be-901a-4a4e-b1d6-218ef92e1ef8.jpg,MD165821,(617) 428-1638,2025-03-09T08:10:34.872792,2025-09-10T01:01:34.872819
a256ccf4-028a-4c98-8d2b-b41d44efab8a,angelica.hickman461,fred06@example.org,DO,Angelica,Hickman,Endocrinology,Experienced Gastroenterology specialist with over 6 years of practice.,suspended,https://example.com/profiles/a256ccf4-028a-4c98-8d2b-b41d44efab8a.jpg,MD478077,(919) 510-6125,2024-10-26T19:35:34.873652,2025-08-26T11:34:34.873679
455b35ed-bfc5-47d7-8f06-343f3e3d3a82,kristin.martinez244,renee99@example.com,NP,Kristin,Martinez,Orthopedics,Experienced Pediatrics specialist with over 14 years of practice.,active,https://example.com/profiles/455b35ed-bfc5-47d7-8f06-343f3e3d3a82.jpg,MD921124,(929) 959-4010,2024-01-16T15:55:34.874527,2025-09-14T20:22:34.874610
76d41c83-50bf-48ca-88de-ab319defb1f9,monica.taylor879,ltate@example.org,PA,Monica,Taylor,Oncology,Experienced Pediatrics specialist with over 9 years of practice.,active,https://example.com/profiles/76d41c83-50bf-48ca-88de-ab319defb1f9.jpg,MD537231,(608) 900-2344,2023-12-26T10:10:34.876102,2025-09-16T09:35:34.876123
631ef2e0-0b4c-4b1b-afd3-3790b6416ebd,david.smith996,jasonreid@example.net,Dr.,David,Smith,Pulmonology,Experienced Pulmonology specialist with over 24 years of practice.,active,https://example.com/profiles/631ef2e0-0b4c-4b1b-afd3-3790b6416ebd.jpg,MD118108,(254) 971-9625,2023-12-08T05:51:34.877054,2025-08-29T01:53:34.877073
b9440bfe-3ee4-4570-a08c-37f93ce25008,kenneth.mcguire820,victor76@example.com,NP,Kenneth,Mcguire,Gastroenterology,Experienced Pulmonology specialist with over 22 years of practice.,inactive,https://example.com/profiles/b9440bfe-3ee4-4570-a08c-37f93ce25008.jpg,MD537679,(859) 328-3489,2023-10-17T07:21:34.877707,2025-08-24T18:39:34.877723
2a2cdad6-5060-4c03-bc4f-6eaa0b4b648a,amber.cohen951,nathan39@example.com,NP,Amber,Cohen,Pulmonology,Experienced Geriatrics specialist with over 25 years of practice.,suspended,https://example.com/profiles/2a2cdad6-5060-4c03-bc4f-6eaa0b4b648a.jpg,MD976251,(937) 997-7249,2025-04-23T09:28:34.878259,2025-09-12T13:44:34.878271
c09e224e-6dd8-4330-a40b-592b8b28c0a4,mark.davis509,amandaedwards@example.com,PA,Mark,Davis,Endocrinology,Experienced Cardiology specialist with over 5 years of practice.,pending_approval,https://example.com/profiles/c09e224e-6dd8-4330-a40b-592b8b28c0a4.jpg,MD696328,(504) 342-6762,2024-05-03T05:13:34.879017,2025-09-14T16:21:34.879034
60dc69f9-b065-473c-8ff8-60ef768497bf,maria.montes467,mason53@example.org,Dr.,Maria,Montes,Hematology,Experienced Geriatrics specialist with over 9 years of practice.,active,https://example.com/profiles/60dc69f9-b065-473c-8ff8-60ef768497bf.jpg,MD148891,(810) 473-6564,2023-12-28T18:14:34.879714,2025-09-15T01:10:34.879731
7a8ca729-2ef9-4ed6-b8c1-d69a72cd18b3,gabriel.poole196,smithjohn@example.org,PA,Gabriel,Poole,Rheumatology,Experienced Gastroenterology specialist with over 9 years of practice.,pending_approval,https://example.com/profiles/7a8ca729-2ef9-4ed6-b8c1-d69a72cd18b3.jpg,MD192665,(601) 542-4051,2025-08-04T23:18:34.880595,2025-09-02T14:00:34.880612
9db5f05c-bf2d-4edc-b00c-fee9889d1fa3,dominique.potts724,noblekimberly@example.org,Prof.,Dominique,Potts,Pulmonology,Experienced Cardiology specialist with over 17 years of practice.,active,https://example.com/profiles/9db5f05c-bf2d-4edc-b00c-fee9889d1fa3.jpg,MD402027,(920) 229-3842,2025-03-17T02:01:34.881591,2025-09-05T22:07:34.881612
7a1446ff-397f-4e3e-97e3-8b419ff07cd8,sandra.bowman308,bsimpson@example.com,DO,Sandra,Bowman,Oncology,Experienced Rheumatology specialist with over 17 years of practice.,pending_approval,https://example.com/profiles/7a1446ff-397f-4e3e-97e3-8b419ff07cd8.jpg,MD143681,(949) 223-5213,2025-06-25T13:29:34.882375,2025-08-26T15:29:34.882395
e336775e-c5af-490e-9374-4e24e68c80c7,amanda.gardner339,christinapeters@example.net,DO,Amanda,Gardner,Pulmonology,Experienced Oncology specialist with over 11 years of practice.,active,https://example.com/profiles/e336775e-c5af-490e-9374-4e24e68c80c7.jpg,MD198323,(716) 537-6806,2024-07-05T05:47:34.883288,2025-09-02T16:30:34.883323
e4e97deb-44bc-4001-af88-bf55cc9edf10,emily.spencer544,henrybarnett@example.org,PA,Emily,Spencer,Rheumatology,Experienced Pulmonology specialist with over 16 years of practice.,suspended,https://example.com/profiles/e4e97deb-44bc-4001-af88-bf55cc9edf10.jpg,MD831126,(509) 275-4375,2024-08-16T12:58:34.884185,2025-09-05T13:53:34.884201
3d8aaecc-a6a2-42e2-9c01-ab5a74a22365,erin.reed907,craig18@example.com,Prof.,Erin,Reed,Cardiology,Experienced Endocrinology specialist with over 8 years of practice.,inactive,https://example.com/profiles/3d8aaecc-a6a2-42e2-9c01-ab5a74a22365.jpg,MD683021,(712) 209-5578,2024-05-13T15:44:34.884859,2025-08-28T19:04:34.884875
d9c84e05-2782-4ad5-bb3a-27e9dccde413,tracy.mendez904,vjones@example.org,Dr.,Tracy,Mendez,Cardiology,Experienced Hematology specialist with over 21 years of practice.,active,https://example.com/profiles/d9c84e05-2782-4ad5-bb3a-27e9dccde413.jpg,MD317385,(623) 324-5200,2024-04-03T15:10:34.885601,2025-08-25T23:15:34.885619
a1c331c9-eeeb-49d2-a3be-d5f31254225f,allison.walsh252,kyle14@example.com,PA,Allison,Walsh,Geriatrics,Experienced Orthopedics specialist with over 14 years of practice.,active,https://example.com/profiles/a1c331c9-eeeb-49d2-a3be-d5f31254225f.jpg,MD717738,(331) 465-8530,2024-02-20T10:58:34.886260,2025-08-19T22:47:34.886276
ed600c1c-0297-4aea-9ac5-5bc66b45e75e,shawn.adams316,kathyfowler@example.com,DO,Shawn,Adams,General Practice,Experienced Neurology specialist with over 23 years of practice.,pending_approval,https://example.com/profiles/ed600c1c-0297-4aea-9ac5-5bc66b45e75e.jpg,MD197492,(734) 685-4523,2023-12-05T08:09:34.887128,2025-08-31T23:15:34.887144
5ce8e2e7-86bc-4f67-a0ae-745b31131aa8,kelsey.evans227,daniel71@example.com,Prof.,Kelsey,Evans,Pulmonology,Experienced Urology specialist with over 5 years of practice.,pending_approval,https://example.com/profiles/5ce8e2e7-86bc-4f67-a0ae-745b31131aa8.jpg,MD635332,(872) 613-9662,2024-07-22T23:37:34.887809,2025-08-27T12:52:34.887826
eb832005-9289-404c-bc11-881e058430f8,beverly.park608,sgonzalez@example.net,Prof.,Beverly,Park,Psychiatry,Experienced Geriatrics specialist with over 10 years of practice.,inactive,https://example.com/profiles/eb832005-9289-404c-bc11-881e058430f8.jpg,MD851728,(912) 201-2815,2024-03-29T03:52:34.888538,2025-09-11T22:48:34.888554
4c9b24e9-1245-4f67-a78c-a6e02184737c,james.cook43,bdixon@example.org,DO,James,Cook,Pediatrics,Experienced Radiology specialist with over 22 years of practice.,pending_approval,https://example.com/profiles/4c9b24e9-1245-4f67-a78c-a6e02184737c.jpg,MD814613,(760) 696-7709,2023-12-04T18:29:34.889250,2025-09-18T14:36:34.889271
413f3bcd-7d8b-485f-b506-14a7fa34f9cd,james.moreno286,ymiller@example.org,MD,James,Moreno,Neurology,Experienced Urology specialist with over 13 years of practice.,pending_approval,https://example.com/profiles/413f3bcd-7d8b-485f-b506-14a7fa34f9cd.jpg,MD702440,(619) 788-8781,2024-10-12T05:56:34.890288,2025-09-11T22:21:34.890318
1f9bae02-132b-4a26-89e6-34ee9ffd1333,haley.allen206,ronaldjohnson@example.com,Dr.,Haley,Allen,Urology,Experienced Pediatrics specialist with over 16 years of practice.,pending_approval,https://example.com/profiles/1f9bae02-132b-4a26-89e6-34ee9ffd1333.jpg,MD728831,(405) 715-9004,2024-12-11T16:16:34.891436,2025-09-05T01:56:34.891467
f5982700-b49c-442f-a189-0493dd796fe6,william.preston991,gomezgrant@example.net,NP,William,Preston,Endocrinology,Experienced Orthopedics specialist with over 21 years of practice.,suspended,https://example.com/profiles/f5982700-b49c-442f-a189-0493dd796fe6.jpg,MD817125,(404) 638-8270,2024-10-24T06:08:34.893085,2025-08-26T13:54:34.893130
84768eaa-6402-4e2b-b093-4e79a1424e0d,thomas.smith809,rwhite@example.org,PA,Thomas,Smith,Urology,Experienced Radiology specialist with over 13 years of practice.,pending_approval,https://example.com/profiles/84768eaa-6402-4e2b-b093-4e79a1424e0d.jpg,MD334901,(559) 827-7656,2024-09-19T23:57:34.894120,2025-08-25T22:12:34.894146
7f5a27a9-6996-4983-b37d-c25f5a16fb1f,lawrence.martinez657,ricky35@example.net,DO,Lawrence,Martinez,Orthopedics,Experienced Gastroenterology specialist with over 24 years of practice.,suspended,https://example.com/profiles/7f5a27a9-6996-4983-b37d-c25f5a16fb1f.jpg,MD562002,(908) 813-7992,2025-01-18T11:01:34.895021,2025-08-21T08:25:34.895044
1f1ad9ac-c318-4e83-92be-54afa4e72973,jeremy.burnett979,garciaanne@example.org,Prof.,Jeremy,Burnett,Psychiatry,Experienced Geriatrics specialist with over 6 years of practice.,active,https://example.com/profiles/1f1ad9ac-c318-4e83-92be-54afa4e72973.jpg,MD515238,(434) 238-2406,2024-10-18T15:31:34.896247,2025-08-29T13:52:34.896275
7d7e1dd9-561c-462c-bf94-45d8318fcda8,michael.jennings177,kellybooth@example.com,MD,Michael,Jennings,General Practice,Experienced General Practice specialist with over 21 years of practice.,pending_approval,https://example.com/profiles/7d7e1dd9-561c-462c-bf94-45d8318fcda8.jpg,MD896209,(915) 962-4522,2024-11-10T12:23:34.897283,2025-09-13T18:37:34.897304
6b0f39b4-7b4b-49c0-8c4b-c751bb876ead,christopher.mendoza421,lmahoney@example.com,PA,Christopher,Mendoza,Dermatology,Experienced Oncology specialist with over 18 years of practice.,active,https://example.com/profiles/6b0f39b4-7b4b-49c0-8c4b-c751bb876ead.jpg,MD186835,(862) 234-5498,2025-09-11T03:49:34.897947,2025-08-21T00:26:34.897964
14e0e53e-9fc3-432a-b227-15d53fdf5622,brianna.brown6,jeffrey62@example.net,Dr.,Brianna,Brown,Pediatrics,Experienced Neurology specialist with over 19 years of practice.,inactive,https://example.com/profiles/14e0e53e-9fc3-432a-b227-15d53fdf5622.jpg,MD492930,(906) 608-7557,2024-05-10T06:02:34.898491,2025-09-07T23:45:34.898534
43c4e4fa-2d4f-4ae3-9678-a771d0dc3f53,cassandra.scott280,bsoto@example.com,DO,Cassandra,Scott,Cardiology,Experienced Psychiatry specialist with over 12 years of practice.,inactive,https://example.com/profiles/43c4e4fa-2d4f-4ae3-9678-a771d0dc3f53.jpg,MD512038,(228) 829-8166,2024-05-11T01:02:34.899091,2025-08-26T21:21:34.899107
b9d1748a-0865-458e-861d-39489712e6d2,teresa.peterson718,norrisdaniel@example.net,Prof.,Teresa,Peterson,Urology,Experienced General Practice specialist with over 6 years of practice.,pending_approval,https://example.com/profiles/b9d1748a-0865-458e-861d-39489712e6d2.jpg,MD885789,(458) 604-5897,2023-12-19T15:57:34.899763,2025-09-15T14:17:34.899786
2b0759da-523d-45ef-a676-28dd9b2af70e,caitlin.peterson157,barbaraschmidt@example.org,NP,Caitlin,Peterson,Psychiatry,Experienced Radiology specialist with over 19 years of practice.,inactive,https://example.com/profiles/2b0759da-523d-45ef-a676-28dd9b2af70e.jpg,MD942027,(858) 573-1697,2025-03-29T07:05:34.900535,2025-08-21T22:41:34.900553
2eda3988-ce52-48b2-9851-3767b770ea37,marissa.sutton740,frank18@example.net,NP,Marissa,Sutton,Hematology,Experienced Neurology specialist with over 5 years of practice.,suspended,https://example.com/profiles/2eda3988-ce52-48b2-9851-3767b770ea37.jpg,MD576041,(636) 527-9995,2025-04-30T07:03:34.901061,2025-09-13T21:50:34.901075
043deebb-9c47-4fee-9258-fdc0e456e57f,robert.boyd427,george46@example.com,MD,Robert,Boyd,Hematology,Experienced Psychiatry specialist with over 17 years of practice.,suspended,https://example.com/profiles/043deebb-9c47-4fee-9258-fdc0e456e57f.jpg,MD772501,(865) 473-5727,2024-08-11T09:33:34.901569,2025-09-01T14:12:34.901584
15f5eda9-37e8-4c64-a775-aa85ffefbb2d,jill.robertson853,christine97@example.net,Dr.,Jill,Robertson,Urology,Experienced Pediatrics specialist with over 7 years of practice.,active,https://example.com/profiles/15f5eda9-37e8-4c64-a775-aa85ffefbb2d.jpg,MD736642,(860) 266-8472,2024-05-12T22:38:34.902150,2025-09-17T05:25:34.902166
f160b078-a286-4123-940d-1e938e897e78,nathan.jackson694,madison75@example.net,NP,Nathan,Jackson,Oncology,Experienced Orthopedics specialist with over 8 years of practice.,pending_approval,https://example.com/profiles/f160b078-a286-4123-940d-1e938e897e78.jpg,MD733355,(408) 547-4375,2023-11-01T06:34:34.902672,2025-08-21T01:22:34.902686
9722d9bd-fff9-4676-8a6a-52621678d745,jennifer.bailey555,soniaharmon@example.net,Prof.,Jennifer,Bailey,Neurology,Experienced Pediatrics specialist with over 23 years of practice.,suspended,https://example.com/profiles/9722d9bd-fff9-4676-8a6a-52621678d745.jpg,MD385331,(775) 655-8116,2024-09-25T21:12:34.903315,2025-09-08T15:04:34.903329
720cd0ee-016b-4433-ba3a-56f43a71f384,brett.thomas38,dmcgee@example.net,DO,Brett,Thomas,Cardiology,Experienced Psychiatry specialist with over 15 years of practice.,pending_approval,https://example.com/profiles/720cd0ee-016b-4433-ba3a-56f43a71f384.jpg,MD860515,(540) 864-4444,2023-12-06T00:47:34.903862,2025-08-25T20:27:34.903876
c3e6ed1e-84ff-428a-906a-faf366b6e727,amber.guerrero483,wilkinskevin@example.net,NP,Amber,Guerrero,Urology,Experienced Gastroenterology specialist with over 15 years of practice.,suspended,https://example.com/profiles/c3e6ed1e-84ff-428a-906a-faf366b6e727.jpg,MD939598,(934) 378-3307,2025-09-16T15:44:34.904647,2025-08-25T14:07:34.904664
986a7fc0-c3cd-4aaa-8535-74f63b417f09,jacob.franklin920,droach@example.org,Dr.,Jacob,Franklin,Urology,Experienced Pulmonology specialist with over 12 years of practice.,pending_approval,https://example.com/profiles/986a7fc0-c3cd-4aaa-8535-74f63b417f09.jpg,MD218020,(650) 415-6897,2024-01-20T19:32:34.905205,2025-09-16T08:19:34.905218
900de16d-8fee-4ecf-9045-cc30026d3123,sara.christensen49,ruth45@example.org,Dr.,Sara,Christensen,Gastroenterology,Experienced Pediatrics specialist with over 25 years of practice.,pending_approval,https://example.com/profiles/900de16d-8fee-4ecf-9045-cc30026d3123.jpg,MD584802,(803) 434-5714,2023-12-30T01:46:34.905702,2025-08-29T07:09:34.905716
16fd32c4-fc1c-4731-8549-b43e1ea99cf8,kristy.norton916,ronaldhodges@example.org,NP,Kristy,Norton,Oncology,Experienced Urology specialist with over 9 years of practice.,inactive,https://example.com/profiles/16fd32c4-fc1c-4731-8549-b43e1ea99cf8.jpg,MD469515,(682) 679-9199,2024-10-09T21:45:34.906712,2025-09-16T02:40:34.906750
3501dd4b-617a-4d89-af91-56e8aa6e5374,alexandra.myers277,millerjessica@example.net,NP,Alexandra,Myers,Urology,Experienced Orthopedics specialist with over 8 years of practice.,suspended,https://example.com/profiles/3501dd4b-617a-4d89-af91-56e8aa6e5374.jpg,MD659905,(623) 864-7129,2024-05-29T03:22:34.908173,2025-08-28T23:52:34.908289
90966878-cec0-4761-b8c4-20fcad655b9d,anthony.rice244,karen81@example.org,Prof.,Anthony,Rice,Psychiatry,Experienced Psychiatry specialist with over 16 years of practice.,active,https://example.com/profiles/90966878-cec0-4761-b8c4-20fcad655b9d.jpg,MD974501,(952) 552-8962,2024-01-16T00:08:34.909890,2025-09-03T22:02:34.909926
9bb5d51e-eac1-4e7a-812a-8fb5069b397f,belinda.lynch514,fflowers@example.com,Dr.,Belinda,Lynch,Radiology,Experienced Pulmonology specialist with over 6 years of practice.,inactive,https://example.com/profiles/9bb5d51e-eac1-4e7a-812a-8fb5069b397f.jpg,MD925664,(908) 991-5300,2023-12-15T13:54:34.910991,2025-08-26T03:35:34.911023
5186d5a0-90d8-438a-bdbf-922cebf333f1,sierra.rogers172,clayandrew@example.net,Prof.,Sierra,Rogers,Hematology,Experienced Orthopedics specialist with over 19 years of practice.,active,https://example.com/profiles/5186d5a0-90d8-438a-bdbf-922cebf333f1.jpg,MD415184,(212) 676-2667,2025-01-04T21:10:34.912794,2025-08-31T19:21:34.912850
1c927111-2dcc-48ae-bfdf-b865c5a4c4ee,diane.delacruz734,marthagriffin@example.net,Dr.,Diane,Delacruz,Oncology,Experienced Urology specialist with over 23 years of practice.,suspended,https://example.com/profiles/1c927111-2dcc-48ae-bfdf-b865c5a4c4ee.jpg,MD855356,(515) 497-3039,2024-02-27T22:16:34.913845,2025-09-08T15:40:34.913866
ca743ca2-c240-488b-bd0f-322deec80376,brandon.stewart43,lmiddleton@example.org,PA,Brandon,Stewart,Hematology,Experienced Urology specialist with over 14 years of practice.,pending_approval,https://example.com/profiles/ca743ca2-c240-488b-bd0f-322deec80376.jpg,MD848562,(727) 237-3009,2024-06-04T09:49:34.914519,2025-08-30T21:55:34.914536
29b07600-0f11-4403-b65c-1ab4490a0d8b,jeffrey.mccormick20,burtondiane@example.net,Dr.,Jeffrey,Mccormick,Rheumatology,Experienced Psychiatry specialist with over 24 years of practice.,active,https://example.com/profiles/29b07600-0f11-4403-b65c-1ab4490a0d8b.jpg,MD791067,(228) 976-2718,2024-06-27T10:59:34.915330,2025-08-19T21:32:34.915346
cb5a2a0b-4fa8-4359-a152-dd529a97cb64,william.potter587,awoodward@example.net,NP,William,Potter,Oncology,Experienced Dermatology specialist with over 20 years of practice.,suspended,https://example.com/profiles/cb5a2a0b-4fa8-4359-a152-dd529a97cb64.jpg,MD834767,(973) 382-9667,2024-11-02T23:18:34.916022,2025-09-15T21:04:34.916039
c52b88ce-3586-411b-a85f-2df4198258e5,lucas.martinez721,vsmith@example.org,Prof.,Lucas,Martinez,Gastroenterology,Experienced Psychiatry specialist with over 23 years of practice.,inactive,https://example.com/profiles/c52b88ce-3586-411b-a85f-2df4198258e5.jpg,MD796865,(919) 989-7950,2024-06-20T21:18:34.916666,2025-09-11T22:49:34.916679
ed4d29b5-6862-42bb-87a6-347f38298569,david.allen810,smithsusan@example.net,DO,David,Allen,Urology,Experienced Neurology specialist with over 16 years of practice.,pending_approval,https://example.com/profiles/ed4d29b5-6862-42bb-87a6-347f38298569.jpg,MD837391,(906) 808-7676,2025-08-03T18:58:34.917450,2025-09-05T05:53:34.917464
8f3f2752-01a5-49b1-a34f-1e0ff7d77d72,david.berry547,pparker@example.com,PA,David,Berry,Hematology,Experienced Oncology specialist with over 7 years of practice.,inactive,https://example.com/profiles/8f3f2752-01a5-49b1-a34f-1e0ff7d77d72.jpg,MD341679,(646) 309-4176,2024-01-02T09:57:34.918089,2025-09-11T03:58:34.918108
cc473acb-bd7b-4eb1-afc6-ab177aa0ef6e,michael.sanchez619,dwilliams@example.net,DO,Michael,Sanchez,Orthopedics,Experienced Geriatrics specialist with over 20 years of practice.,pending_approval,https://example.com/profiles/cc473acb-bd7b-4eb1-afc6-ab177aa0ef6e.jpg,MD744335,(503) 642-7638,2023-11-01T02:41:34.918732,2025-09-03T11:12:34.918747
aa1b5570-e799-45e8-98ac-8f7ffefe36d4,amanda.mckenzie745,foleyjennifer@example.org,PA,Amanda,Mckenzie,Radiology,Experienced Rheumatology specialist with over 7 years of practice.,pending_approval,https://example.com/profiles/aa1b5570-e799-45e8-98ac-8f7ffefe36d4.jpg,MD645427,(214) 400-1180,2023-11-09T08:03:34.919498,2025-09-04T12:15:34.919513
aa295d06-bad0-4f24-ad21-5c0582c4f14b,justin.brown234,kevinespinoza@example.org,MD,Justin,Brown,Radiology,Experienced Psychiatry specialist with over 22 years of practice.,inactive,https://example.com/profiles/aa295d06-bad0-4f24-ad21-5c0582c4f14b.jpg,MD508768,(215) 725-3852,2024-10-04T04:19:34.920238,2025-09-06T02:04:34.920252
aa47e621-d5ab-4164-8580-954d52f7d726,richard.bullock747,wharris@example.com,DO,Richard,Bullock,Oncology,Experienced Endocrinology specialist with over 9 years of practice.,suspended,https://example.com/profiles/aa47e621-d5ab-4164-8580-954d52f7d726.jpg,MD550011,(952) 306-2449,2025-05-12T12:53:34.920760,2025-08-20T03:11:34.920771
c8cf9684-ec3f-431b-8f22-8c22e3e4da47,donald.gonzales822,hannahhicks@example.net,Prof.,Donald,Gonzales,Endocrinology,Experienced Oncology specialist with over 25 years of practice.,inactive,https://example.com/profiles/c8cf9684-ec3f-431b-8f22-8c22e3e4da47.jpg,MD437925,(405) 586-2353,2025-05-31T15:30:34.921399,2025-08-24T13:27:34.921413
f5313235-83f3-461b-860f-f78a3cc60301,richard.sanchez582,john90@example.net,Prof.,Richard,Sanchez,Pediatrics,Experienced Orthopedics specialist with over 17 years of practice.,pending_approval,https://example.com/profiles/f5313235-83f3-461b-860f-f78a3cc60301.jpg,MD573437,(541) 844-5470,2024-08-28T22:17:34.921889,2025-09-13T04:38:34.921900
822efb5f-fdb0-4c7b-b843-21ceae3ee03a,adrian.cook703,theresa61@example.com,MD,Adrian,Cook,Oncology,Experienced Orthopedics specialist with over 7 years of practice.,active,https://example.com/profiles/822efb5f-fdb0-4c7b-b843-21ceae3ee03a.jpg,MD646068,(312) 991-9721,2023-11-07T11:40:34.922368,2025-09-17T03:37:34.922379
93ac4c24-ca83-4e47-b41f-144d8adff0b7,cynthia.carter944,christophercook@example.com,DO,Cynthia,Carter,Hematology,Experienced Cardiology specialist with over 15 years of practice.,inactive,https://example.com/profiles/93ac4c24-ca83-4e47-b41f-144d8adff0b7.jpg,MD160753,(458) 765-9845,2025-06-08T11:24:34.923214,2025-09-12T19:08:34.923240
0ad7d30b-8791-4aa6-b071-978829bfced9,lori.allen975,wcarroll@example.com,NP,Lori,Allen,Radiology,Experienced Orthopedics specialist with over 8 years of practice.,pending_approval,https://example.com/profiles/0ad7d30b-8791-4aa6-b071-978829bfced9.jpg,MD620780,(302) 466-7258,2023-11-03T05:51:34.924342,2025-09-19T07:45:34.924364
9beee2ad-0331-4f14-98c1-bc57c174f8ae,kristy.wilson678,zroberts@example.net,PA,Kristy,Wilson,Neurology,Experienced Hematology specialist with over 12 years of practice.,pending_approval,https://example.com/profiles/9beee2ad-0331-4f14-98c1-bc57c174f8ae.jpg,MD379930,(254) 299-2823,2025-03-13T19:51:34.925256,2025-09-02T03:03:34.925279
60f4b162-54ef-427e-adb9-e04837a8dfab,christina.keller399,thomaswhite@example.org,Dr.,Christina,Keller,Hematology,Experienced Cardiology specialist with over 21 years of practice.,suspended,https://example.com/profiles/60f4b162-54ef-427e-adb9-e04837a8dfab.jpg,MD915488,(719) 498-8679,2024-05-13T08:15:34.925841,2025-09-01T09:35:34.925854
7bba007e-aeb4-410f-9b00-868137195741,melissa.stephens678,pbarajas@example.com,NP,Melissa,Stephens,Urology,Experienced Radiology specialist with over 8 years of practice.,inactive,https://example.com/profiles/7bba007e-aeb4-410f-9b00-868137195741.jpg,MD913149,(812) 586-3365,2024-01-09T23:01:34.926275,2025-09-03T20:20:34.926286
11d9d0d0-40a4-4189-af87-c24e21894992,robert.cooper495,kennethboyd@example.com,NP,Robert,Cooper,Endocrinology,Experienced Radiology specialist with over 10 years of practice.,active,https://example.com/profiles/11d9d0d0-40a4-4189-af87-c24e21894992.jpg,MD623226,(380) 242-5619,2024-03-09T17:07:34.926806,2025-09-02T21:26:34.926818
dd7c61f9-c658-41a3-8906-13ab9c784459,lindsay.scott51,gjones@example.net,NP,Lindsay,Scott,Orthopedics,Experienced Gastroenterology specialist with over 21 years of practice.,suspended,https://example.com/profiles/dd7c61f9-c658-41a3-8906-13ab9c784459.jpg,MD953459,(941) 427-1732,2025-01-30T12:51:34.927260,2025-09-07T00:20:34.927273
94a137f8-7c03-47da-bf78-386d4a1cf045,yvette.murray337,cynthia35@example.net,DO,Yvette,Murray,Oncology,Experienced Radiology specialist with over 19 years of practice.,pending_approval,https://example.com/profiles/94a137f8-7c03-47da-bf78-386d4a1cf045.jpg,MD214492,(959) 827-2365,2024-08-05T08:41:34.927696,2025-08-27T12:13:34.927708
2129360e-54d7-46a0-9766-ef8e3e80add3,monica.walters237,robert40@example.com,PA,Monica,Walters,Cardiology,Experienced Pulmonology specialist with over 13 years of practice.,active,https://example.com/profiles/2129360e-54d7-46a0-9766-ef8e3e80add3.jpg,MD691983,(843) 860-1253,2025-01-28T00:53:34.928126,2025-09-08T12:54:34.928140
a77cdc42-3824-4110-84e7-d16b3376fa6e,tabitha.johnson723,taylortina@example.org,PA,Tabitha,Johnson,Rheumatology,Experienced Dermatology specialist with over 8 years of practice.,active,https://example.com/profiles/a77cdc42-3824-4110-84e7-d16b3376fa6e.jpg,MD873212,(704) 772-2635,2025-03-10T21:27:34.928845,2025-09-14T15:36:34.928861
ea7e9e46-a313-4307-8c93-69e50551bea7,joseph.tucker476,robertpeck@example.net,Dr.,Joseph,Tucker,Rheumatology,Experienced Oncology specialist with over 10 years of practice.,active,https://example.com/profiles/ea7e9e46-a313-4307-8c93-69e50551bea7.jpg,MD448246,(516) 268-5079,2023-12-06T21:15:34.929442,2025-09-14T23:51:34.929455
396b4cf8-c0e2-46ce-9342-1a182611b16b,monica.baker412,erica71@example.net,Dr.,Monica,Baker,General Practice,Experienced Geriatrics specialist with over 8 years of practice.,suspended,https://example.com/profiles/396b4cf8-c0e2-46ce-9342-1a182611b16b.jpg,MD699142,(215) 763-9356,2024-06-09T22:11:34.929878,2025-09-10T18:01:34.929889
f701a071-d97c-44bb-9600-54c1db98d70c,kari.hall145,laura09@example.com,PA,Kari,Hall,Neurology,Experienced Hematology specialist with over 16 years of practice.,inactive,https://example.com/profiles/f701a071-d97c-44bb-9600-54c1db98d70c.jpg,MD892729,(859) 505-4147,2023-10-21T14:21:34.930312,2025-09-17T09:35:34.930323
3f1516bb-ca2a-4189-8242-497e462c27cb,barbara.williams371,smorales@example.net,DO,Barbara,Williams,Neurology,Experienced Pediatrics specialist with over 7 years of practice.,suspended,https://example.com/profiles/3f1516bb-ca2a-4189-8242-497e462c27cb.jpg,MD426629,(631) 459-7183,2024-02-10T03:12:34.930799,2025-08-27T11:39:34.930811
4df696d4-4076-48d3-8d1d-1d9ebe8735e1,michelle.sims126,hudsonglen@example.net,Dr.,Michelle,Sims,Geriatrics,Experienced Endocrinology specialist with over 14 years of practice.,active,https://example.com/profiles/4df696d4-4076-48d3-8d1d-1d9ebe8735e1.jpg,MD947047,(307) 354-9897,2025-01-12T03:56:34.931359,2025-08-31T23:38:34.931371
d23ecbee-393a-4b73-8d15-77f2ac08fb4f,kathryn.ramirez526,uhubbard@example.com,NP,Kathryn,Ramirez,Urology,Experienced Cardiology specialist with over 12 years of practice.,pending_approval,https://example.com/profiles/d23ecbee-393a-4b73-8d15-77f2ac08fb4f.jpg,MD947276,(979) 664-2637,2024-05-02T18:56:34.931835,2025-08-22T18:17:34.931846
bdd28885-48d9-46f0-9e9f-3007a8498ea2,daniel.mann28,amanda72@example.com,Prof.,Daniel,Mann,Dermatology,Experienced Psychiatry specialist with over 18 years of practice.,suspended,https://example.com/profiles/bdd28885-48d9-46f0-9e9f-3007a8498ea2.jpg,MD159751,(940) 510-2207,2025-05-10T01:03:34.932256,2025-08-20T11:37:34.932267
5fa4782c-7fb2-4492-bea6-6a7ccbd87de0,david.adams5,andrewfaulkner@example.net,MD,David,Adams,Endocrinology,Experienced Pulmonology specialist with over 13 years of practice.,inactive,https://example.com/profiles/5fa4782c-7fb2-4492-bea6-6a7ccbd87de0.jpg,MD897721,(928) 804-6255,2025-02-18T02:33:34.932841,2025-09-06T16:45:34.932854
9ebbc594-e895-43a6-a78a-d72384c601f6,susan.galloway119,toddmary@example.com,PA,Susan,Galloway,Rheumatology,Experienced Pulmonology specialist with over 19 years of practice.,suspended,https://example.com/profiles/9ebbc594-e895-43a6-a78a-d72384c601f6.jpg,MD799642,(773) 262-1153,2024-08-18T01:47:34.933428,2025-09-09T23:20:34.933440
2e808acb-6f34-434f-a53e-dae6cca0662e,kimberly.cannon864,harrisstacey@example.net,NP,Kimberly,Cannon,Rheumatology,Experienced Neurology specialist with over 7 years of practice.,suspended,https://example.com/profiles/2e808acb-6f34-434f-a53e-dae6cca0662e.jpg,MD897236,(509) 245-4729,2025-01-31T04:45:34.934006,2025-08-31T20:14:34.934018
fe89e2b9-f522-41ea-a694-7a75f1cbf4b7,william.mills849,hunterjamie@example.com,NP,William,Mills,Rheumatology,Experienced Pediatrics specialist with over 20 years of practice.,pending_approval,https://example.com/profiles/fe89e2b9-f522-41ea-a694-7a75f1cbf4b7.jpg,MD456815,(323) 998-1005,2024-11-13T16:44:34.934631,2025-08-21T16:07:34.934646
8f221cae-e35c-4787-8a02-8719179cbbfc,scott.burgess45,jessicalewis@example.com,PA,Scott,Burgess,Orthopedics,Experienced Rheumatology specialist with over 11 years of practice.,active,https://example.com/profiles/8f221cae-e35c-4787-8a02-8719179cbbfc.jpg,MD667700,(309) 552-7340,2025-08-29T23:07:34.935271,2025-09-10T04:31:34.935285
90db38c5-c635-4169-8f28-14b41e8565a2,kathleen.cole53,clinton09@example.org,DO,Kathleen,Cole,Psychiatry,Experienced Orthopedics specialist with over 20 years of practice.,suspended,https://example.com/profiles/90db38c5-c635-4169-8f28-14b41e8565a2.jpg,MD972368,(325) 307-2761,2025-07-28T18:25:34.935749,2025-09-03T21:42:34.935762
4e832134-08bf-4a30-804f-af513ab28ea7,cindy.rodriguez903,james60@example.org,DO,Cindy,Rodriguez,Psychiatry,Experienced Orthopedics specialist with over 16 years of practice.,suspended,https://example.com/profiles/4e832134-08bf-4a30-804f-af513ab28ea7.jpg,MD458005,(808) 353-9384,2024-02-18T19:52:34.936230,2025-09-13T21:18:34.936244
e0c67dbb-f163-416a-b4d4-9bd55a29c652,amy.foster591,joseph20@example.com,Prof.,Amy,Foster,Orthopedics,Experienced Pediatrics specialist with over 13 years of practice.,active,https://example.com/profiles/e0c67dbb-f163-416a-b4d4-9bd55a29c652.jpg,MD895042,(447) 793-1170,2024-01-04T17:45:34.936725,2025-08-19T12:37:34.936739
9f945a32-d348-49ed-aaf8-51babd630cf4,carlos.boone542,patriciacarr@example.net,MD,Carlos,Boone,Radiology,Experienced Cardiology specialist with over 18 years of practice.,suspended,https://example.com/profiles/9f945a32-d348-49ed-aaf8-51babd630cf4.jpg,MD858712,(970) 946-3981,2023-11-23T11:06:34.937358,2025-09-06T07:48:34.937375
9497a0c6-6134-45da-af69-4e22b42f4a50,denise.cole532,adrianchang@example.org,Prof.,Denise,Cole,Radiology,Experienced Urology specialist with over 6 years of practice.,suspended,https://example.com/profiles/9497a0c6-6134-45da-af69-4e22b42f4a50.jpg,MD562115,(804) 649-7137,2024-05-28T08:13:34.938000,2025-08-30T03:25:34.938013
17583997-cc01-4e68-8d74-028d866800c9,andrew.zimmerman579,tnorris@example.com,DO,Andrew,Zimmerman,General Practice,Experienced Pulmonology specialist with over 12 years of practice.,suspended,https://example.com/profiles/17583997-cc01-4e68-8d74-028d866800c9.jpg,MD591190,(959) 388-8275,2025-07-09T12:11:34.938524,2025-09-17T08:33:34.938540
8a795b6b-933f-48d6-bf71-d9f1ecbae6b7,cory.lewis778,nathan38@example.net,Prof.,Cory,Lewis,Psychiatry,Experienced Gastroenterology specialist with over 9 years of practice.,suspended,https://example.com/profiles/8a795b6b-933f-48d6-bf71-d9f1ecbae6b7.jpg,MD280765,(425) 876-1532,2024-07-29T16:04:34.939487,2025-08-30T04:43:34.939517
0027cfaa-2e9e-438e-8d0f-79b9f64277fe,charles.howell207,corey22@example.com,Prof.,Charles,Howell,Neurology,Experienced Hematology specialist with over 12 years of practice.,active,https://example.com/profiles/0027cfaa-2e9e-438e-8d0f-79b9f64277fe.jpg,MD926061,(361) 420-4764,2025-01-04T01:37:34.940457,2025-09-18T21:09:34.940482
376121ff-a007-49db-94e0-e79c5f94afcd,amy.owens726,yhernandez@example.com,Dr.,Amy,Owens,Pulmonology,Experienced Oncology specialist with over 12 years of practice.,active,https://example.com/profiles/376121ff-a007-49db-94e0-e79c5f94afcd.jpg,MD518200,(646) 870-3138,2025-03-07T23:33:34.941629,2025-09-01T21:41:34.941722
0f5decc2-5430-4f6d-a698-162582ed7127,michelle.andrews798,isaacbrooks@example.com,Prof.,Michelle,Andrews,Orthopedics,Experienced Endocrinology specialist with over 9 years of practice.,pending_approval,https://example.com/profiles/0f5decc2-5430-4f6d-a698-162582ed7127.jpg,MD354216,(830) 932-1795,2025-08-16T21:06:34.943470,2025-08-20T01:45:34.943504
242cda37-6b29-4074-ba7c-14347bb18d75,megan.leon544,keithbaker@example.net,PA,Megan,Leon,Pediatrics,Experienced Orthopedics specialist with over 22 years of practice.,suspended,https://example.com/profiles/242cda37-6b29-4074-ba7c-14347bb18d75.jpg,MD917755,(636) 451-2747,2025-05-22T15:21:34.944422,2025-08-25T17:11:34.944444
63ce48e1-2bd9-43e8-93b2-67b07bee47d0,debbie.lewis11,igarcia@example.net,MD,Debbie,Lewis,Geriatrics,Experienced Psychiatry specialist with over 16 years of practice.,pending_approval,https://example.com/profiles/63ce48e1-2bd9-43e8-93b2-67b07bee47d0.jpg,MD250127,(908) 206-6308,2025-01-08T19:35:34.945094,2025-08-26T00:53:34.945110
512ff1e3-b268-424a-a399-0b59794fb37d,brett.lee374,gfox@example.net,MD,Brett,Lee,Cardiology,Experienced Urology specialist with over 22 years of practice.,suspended,https://example.com/profiles/512ff1e3-b268-424a-a399-0b59794fb37d.jpg,MD677396,(908) 852-8317,2024-03-10T22:00:34.945679,2025-08-29T04:59:34.945694
88acc0b1-35ee-4195-a64f-eb09beda2d50,patrick.williams235,hernandezreginald@example.net,NP,Patrick,Williams,General Practice,Experienced Geriatrics specialist with over 8 years of practice.,inactive,https://example.com/profiles/88acc0b1-35ee-4195-a64f-eb09beda2d50.jpg,MD178811,(830) 235-2524,2023-12-22T11:04:34.946397,2025-09-08T16:36:34.946413
f0daa0b2-f5c8-45c0-a882-27dac04f4e94,denise.brown988,kimberlyjohnson@example.com,DO,Denise,Brown,Hematology,Experienced General Practice specialist with over 22 years of practice.,suspended,https://example.com/profiles/f0daa0b2-f5c8-45c0-a882-27dac04f4e94.jpg,MD693347,(904) 995-8930,2025-04-08T17:30:34.947134,2025-09-12T11:57:34.947149
c1e363f4-834a-4491-abe2-d2cd1475a1de,kimberly.young258,egriffith@example.net,Prof.,Kimberly,Young,Orthopedics,Experienced Psychiatry specialist with over 18 years of practice.,inactive,https://example.com/profiles/c1e363f4-834a-4491-abe2-d2cd1475a1de.jpg,MD704270,(320) 685-7427,2024-11-06T00:54:34.947699,2025-09-06T09:46:34.947713
1386288b-4fcb-4364-983f-8591e69314d3,michael.ortiz200,smithsteven@example.net,Prof.,Michael,Ortiz,Cardiology,Experienced Urology specialist with over 5 years of practice.,active,https://example.com/profiles/1386288b-4fcb-4364-983f-8591e69314d3.jpg,MD439928,(301) 918-1677,2025-03-19T17:30:34.948499,2025-09-09T23:18:34.948519
998f35ed-ba67-422d-829a-1e641b5ca3bc,lawrence.brown82,vsanchez@example.net,Prof.,Lawrence,Brown,Cardiology,Experienced General Practice specialist with over 10 years of practice.,active,https://example.com/profiles/998f35ed-ba67-422d-829a-1e641b5ca3bc.jpg,MD186265,(845) 569-5875,2024-09-09T01:57:34.949110,2025-09-07T01:28:34.949126
3a893f82-21df-4323-bcd5-41f6f1a9400b,tammy.johnson511,drobinson@example.org,PA,Tammy,Johnson,General Practice,Experienced Endocrinology specialist with over 6 years of practice.,pending_approval,https://example.com/profiles/3a893f82-21df-4323-bcd5-41f6f1a9400b.jpg,MD525502,(743) 334-8642,2024-10-26T13:14:34.949678,2025-09-19T06:39:34.949692
41b13d39-ba42-410d-bd66-743130ff56da,jake.osborne176,fjackson@example.org,DO,Jake,Osborne,Rheumatology,Experienced Oncology specialist with over 13 years of practice.,inactive,https://example.com/profiles/41b13d39-ba42-410d-bd66-743130ff56da.jpg,MD965323,(248) 435-7524,2025-07-24T18:27:34.950235,2025-08-20T23:43:34.950249
5b07afbd-0497-46d0-ad2f-d591e77a4e62,james.hess753,paulthomas@example.org,PA,James,Hess,Hematology,Experienced Hematology specialist with over 5 years of practice.,pending_approval,https://example.com/profiles/5b07afbd-0497-46d0-ad2f-d591e77a4e62.jpg,MD632350,(848) 345-4897,2023-10-14T16:48:34.950927,2025-09-06T16:16:34.950942
d74ecced-4800-4359-bf1a-cde28686a86c,diana.simpson660,davidbrock@example.com,Dr.,Diana,Simpson,Radiology,Experienced Dermatology specialist with over 7 years of practice.,pending_approval,https://example.com/profiles/d74ecced-4800-4359-bf1a-cde28686a86c.jpg,MD451873,(785) 808-3515,2025-01-28T05:36:34.951613,2025-09-04T07:44:34.951627
14c1f18e-37a7-40aa-b445-355bf5384fe1,leslie.weeks760,julia17@example.org,NP,Leslie,Weeks,Pediatrics,Experienced Gastroenterology specialist with over 24 years of practice.,suspended,https://example.com/profiles/14c1f18e-37a7-40aa-b445-355bf5384fe1.jpg,MD107305,(310) 573-1725,2025-06-01T15:34:34.952125,2025-09-03T14:07:34.952139
5bfc6771-bd9b-47ff-bd2c-8e106aae9c5c,ashley.payne999,wellsadam@example.com,DO,Ashley,Payne,General Practice,Experienced Cardiology specialist with over 24 years of practice.,inactive,https://example.com/profiles/5bfc6771-bd9b-47ff-bd2c-8e106aae9c5c.jpg,MD467418,(272) 785-3141,2025-08-03T06:07:34.952827,2025-09-02T05:26:34.952842
4ff34f90-4d21-4696-86c8-9c520128135d,kirk.russell742,mandymalone@example.com,NP,Kirk,Russell,Psychiatry,Experienced General Practice specialist with over 12 years of practice.,inactive,https://example.com/profiles/4ff34f90-4d21-4696-86c8-9c520128135d.jpg,MD839279,(385) 778-8372,2025-09-16T01:25:34.953526,2025-08-30T03:13:34.953540
f5a7cac6-5347-4305-a4cb-b89c7f1d8256,melissa.arias489,isaiahthomas@example.net,PA,Melissa,Arias,Pediatrics,Experienced Geriatrics specialist with over 23 years of practice.,active,https://example.com/profiles/f5a7cac6-5347-4305-a4cb-b89c7f1d8256.jpg,MD460365,(912) 846-7094,2024-10-24T06:57:34.954315,2025-09-06T03:10:34.954336
36a032a9-d69b-4622-bb24-1f5796fef575,ray.thomas619,jasonmatthews@example.org,NP,Ray,Thomas,Rheumatology,Experienced Endocrinology specialist with over 14 years of practice.,inactive,https://example.com/profiles/36a032a9-d69b-4622-bb24-1f5796fef575.jpg,MD120339,(812) 542-8528,2024-11-13T11:07:34.955053,2025-09-16T00:03:34.955069
f207e1a4-b4a8-49aa-aac1-e7090637a137,donald.oconnor188,aguilarkevin@example.com,MD,Donald,Oconnor,Rheumatology,Experienced Neurology specialist with over 23 years of practice.,suspended,https://example.com/profiles/f207e1a4-b4a8-49aa-aac1-e7090637a137.jpg,MD266148,(714) 333-6666,2024-01-13T07:28:34.955735,2025-08-20T16:46:34.955750
11976f7f-b984-4748-9c05-3d79900b2dde,lauren.wells710,nicholasjohnson@example.net,Dr.,Lauren,Wells,Geriatrics,Experienced Orthopedics specialist with over 25 years of practice.,suspended,https://example.com/profiles/11976f7f-b984-4748-9c05-3d79900b2dde.jpg,MD862961,(801) 441-8114,2023-09-24T19:31:34.956384,2025-09-14T01:42:34.956399
e449b26b-9f02-48fd-b32d-091e9c730a68,ian.may196,leslie32@example.com,NP,Ian,May,Orthopedics,Experienced Hematology specialist with over 25 years of practice.,pending_approval,https://example.com/profiles/e449b26b-9f02-48fd-b32d-091e9c730a68.jpg,MD419082,(808) 731-9116,2025-04-03T14:06:34.957142,2025-09-06T22:31:34.957162
fb8c0cde-814f-4782-a75b-5373d38e0a23,robert.pearson113,jennifer02@example.com,MD,Robert,Pearson,Pulmonology,Experienced Orthopedics specialist with over 12 years of practice.,active,https://example.com/profiles/fb8c0cde-814f-4782-a75b-5373d38e0a23.jpg,MD975474,(404) 828-1768,2025-01-31T01:02:34.957680,2025-09-01T14:00:34.957694
fde2bc1a-c545-42c7-87e2-854220bf4941,stacy.wilcox657,breanna51@example.com,MD,Stacy,Wilcox,General Practice,Experienced Orthopedics specialist with over 20 years of practice.,suspended,https://example.com/profiles/fde2bc1a-c545-42c7-87e2-854220bf4941.jpg,MD153020,(218) 938-1816,2024-02-16T01:01:34.958267,2025-08-31T07:35:34.958283
17fdad73-93b8-4619-aa66-4c82558b06db,benjamin.rodriguez716,floressarah@example.net,MD,Benjamin,Rodriguez,Urology,Experienced Neurology specialist with over 20 years of practice.,suspended,https://example.com/profiles/17fdad73-93b8-4619-aa66-4c82558b06db.jpg,MD233635,(575) 371-7643,2024-08-23T11:12:34.958966,2025-08-28T05:53:34.958981
413e6855-c2d3-4967-90b2-426580d3dde0,sandra.davis375,zfernandez@example.net,MD,Sandra,Davis,General Practice,Experienced Dermatology specialist with over 12 years of practice.,suspended,https://example.com/profiles/413e6855-c2d3-4967-90b2-426580d3dde0.jpg,MD919871,(975) 436-1869,2024-01-19T07:16:34.959539,2025-08-20T01:02:34.959553
4310a016-4eab-406e-b214-526e1673525a,justin.obrien851,jscott@example.com,NP,Justin,Obrien,Dermatology,Experienced Gastroenterology specialist with over 15 years of practice.,inactive,https://example.com/profiles/4310a016-4eab-406e-b214-526e1673525a.jpg,MD589434,(512) 311-2862,2024-06-05T04:09:34.960104,2025-09-13T21:42:34.960118
2797f1b4-e271-4f6b-897d-9bdbfc54064c,kylie.odonnell934,dmartinez@example.com,Dr.,Kylie,Odonnell,Oncology,Experienced Urology specialist with over 15 years of practice.,suspended,https://example.com/profiles/2797f1b4-e271-4f6b-897d-9bdbfc54064c.jpg,MD699342,(208) 211-2077,2024-04-03T01:53:34.960684,2025-08-20T14:10:34.960697
771aaa74-a062-42b7-aee1-90333888d0f1,yvette.velez229,larry40@example.net,Prof.,Yvette,Velez,Pediatrics,Experienced Oncology specialist with over 19 years of practice.,pending_approval,https://example.com/profiles/771aaa74-a062-42b7-aee1-90333888d0f1.jpg,MD271530,(404) 789-9826,2023-12-07T02:08:34.961228,2025-08-24T13:13:34.961243
1e0282bf-c793-4424-b92d-50208e5e5fcf,kara.gonzales331,daviladaniel@example.org,PA,Kara,Gonzales,Radiology,Experienced Radiology specialist with over 20 years of practice.,suspended,https://example.com/profiles/1e0282bf-c793-4424-b92d-50208e5e5fcf.jpg,MD935977,(303) 561-5082,2024-01-19T09:11:34.961920,2025-09-14T04:34:34.961935
6bb2061e-c647-40c9-af9d-47210f4ed7a1,travis.harvey788,christopherturner@example.org,Prof.,Travis,Harvey,Orthopedics,Experienced Rheumatology specialist with over 12 years of practice.,suspended,https://example.com/profiles/6bb2061e-c647-40c9-af9d-47210f4ed7a1.jpg,MD440207,(207) 243-4322,2025-04-25T14:25:34.962601,2025-09-18T15:59:34.962615
170b51b8-7d90-4b32-a596-c6a5364a706b,richard.mclaughlin721,philliphayden@example.net,NP,Richard,Mclaughlin,Dermatology,Experienced Radiology specialist with over 14 years of practice.,suspended,https://example.com/profiles/170b51b8-7d90-4b32-a596-c6a5364a706b.jpg,MD526329,(267) 860-6107,2024-11-15T05:33:34.963318,2025-09-02T18:46:34.963334
2e742a53-5171-49f2-8a81-5c25b07d6c9a,david.gonzalez863,tina48@example.com,NP,David,Gonzalez,Pediatrics,Experienced Pediatrics specialist with over 13 years of practice.,active,https://example.com/profiles/2e742a53-5171-49f2-8a81-5c25b07d6c9a.jpg,MD849101,(573) 380-5072,2025-05-14T21:22:34.963839,2025-09-03T14:52:34.963853
53c852b1-402a-4851-b6ec-b7bf1b8e2bd4,william.nelson742,gordondavid@example.net,NP,William,Nelson,Dermatology,Experienced Radiology specialist with over 19 years of practice.,pending_approval,https://example.com/profiles/53c852b1-402a-4851-b6ec-b7bf1b8e2bd4.jpg,MD950840,(559) 784-4680,2023-12-23T03:42:34.964515,2025-08-20T02:18:34.964529
885dc1c7-82e0-4e13-81b0-ce1f1e9926de,tammy.ortiz589,ryan20@example.org,DO,Tammy,Ortiz,Cardiology,Experienced Oncology specialist with over 15 years of practice.,inactive,https://example.com/profiles/885dc1c7-82e0-4e13-81b0-ce1f1e9926de.jpg,MD875255,(970) 387-6681,2025-03-24T17:31:34.965048,2025-09-01T11:47:34.965063
1e8bda45-b8ee-4049-b409-019035403f4f,cameron.jackson343,vparks@example.org,DO,Cameron,Jackson,Hematology,Experienced Neurology specialist with over 21 years of practice.,active,https://example.com/profiles/1e8bda45-b8ee-4049-b409-019035403f4f.jpg,MD332065,(516) 220-8887,2025-01-24T01:40:34.965609,2025-09-11T13:04:34.965623
d30abdac-e8eb-491e-ada0-33782a470426,michelle.howard859,aaron33@example.org,NP,Michelle,Howard,Hematology,Experienced Dermatology specialist with over 10 years of practice.,inactive,https://example.com/profiles/d30abdac-e8eb-491e-ada0-33782a470426.jpg,MD543653,(609) 303-3928,2025-04-16T00:13:34.966126,2025-09-04T02:00:34.966139
dd23461e-6686-4d5d-8d11-6656b67351f4,bruce.smith649,swright@example.net,PA,Bruce,Smith,Psychiatry,Experienced Hematology specialist with over 19 years of practice.,inactive,https://example.com/profiles/dd23461e-6686-4d5d-8d11-6656b67351f4.jpg,MD157634,(512) 435-6682,2025-08-04T23:03:34.966684,2025-09-16T21:58:34.966698
b4ed7cbf-2d53-4ae4-9be1-80d1ec33d909,jennifer.powell129,brittneysalazar@example.org,Prof.,Jennifer,Powell,General Practice,Experienced Pediatrics specialist with over 8 years of practice.,active,https://example.com/profiles/b4ed7cbf-2d53-4ae4-9be1-80d1ec33d909.jpg,MD611153,(307) 574-6840,2024-10-21T16:07:34.967383,2025-09-04T08:10:34.967398
62da2736-40a5-41d6-8327-f853de8a1a90,zachary.armstrong602,martinezdavid@example.org,MD,Zachary,Armstrong,Dermatology,Experienced Oncology specialist with over 9 years of practice.,inactive,https://example.com/profiles/62da2736-40a5-41d6-8327-f853de8a1a90.jpg,MD779089,(603) 549-7443,2024-11-11T07:56:34.968065,2025-08-31T14:51:34.968079
d970b93f-bd0d-4169-8b84-b0fa208ae0ce,andrew.friedman381,cruzkaren@example.net,MD,Andrew,Friedman,Endocrinology,Experienced General Practice specialist with over 15 years of practice.,inactive,https://example.com/profiles/d970b93f-bd0d-4169-8b84-b0fa208ae0ce.jpg,MD635499,(224) 697-9468,2025-07-03T15:56:34.968745,2025-08-23T02:09:34.968759
aff6ec86-f3cb-4a5d-80f9-76fe434a35a4,edwin.young751,dharris@example.net,MD,Edwin,Young,Cardiology,Experienced Psychiatry specialist with over 12 years of practice.,pending_approval,https://example.com/profiles/aff6ec86-f3cb-4a5d-80f9-76fe434a35a4.jpg,MD740931,(530) 980-2120,2023-12-27T11:06:34.969321,2025-09-04T06:40:34.969336
0600a94a-ffaa-432b-afa2-34ce772e695c,marie.nunez709,nsingh@example.org,DO,Marie,Nunez,Pediatrics,Experienced Psychiatry specialist with over 20 years of practice.,active,https://example.com/profiles/0600a94a-ffaa-432b-afa2-34ce772e695c.jpg,MD511389,(770) 436-3845,2024-04-09T13:20:34.970330,2025-09-15T01:35:34.970362
5fc641b9-f3eb-4e6c-acdb-2cfa73ecd638,paul.weaver252,kevin18@example.com,Dr.,Paul,Weaver,Radiology,Experienced Gastroenterology specialist with over 18 years of practice.,inactive,https://example.com/profiles/5fc641b9-f3eb-4e6c-acdb-2cfa73ecd638.jpg,MD986440,(276) 887-9789,2023-11-16T22:04:34.970929,2025-08-19T11:34:34.970945
00cc319b-64e5-4aad-9212-1588171eb326,timothy.scott244,billyjohnson@example.net,MD,Timothy,Scott,General Practice,Experienced Cardiology specialist with over 5 years of practice.,suspended,https://example.com/profiles/00cc319b-64e5-4aad-9212-1588171eb326.jpg,MD556988,(272) 520-1680,2024-11-27T05:58:34.971635,2025-09-08T14:26:34.971649
fc7eb8a0-a7f9-4b5b-8fbc-20d01588b0ff,lisa.compton676,gabrielle36@example.org,DO,Lisa,Compton,Psychiatry,Experienced Radiology specialist with over 24 years of practice.,suspended,https://example.com/profiles/fc7eb8a0-a7f9-4b5b-8fbc-20d01588b0ff.jpg,MD582952,(281) 513-4110,2023-10-18T03:17:34.972164,2025-08-19T21:00:34.972178
bc6075f1-e83c-4e9f-b98a-4490a2072f84,pamela.sharp935,stephaniemiller@example.org,PA,Pamela,Sharp,Dermatology,Experienced Dermatology specialist with over 8 years of practice.,active,https://example.com/profiles/bc6075f1-e83c-4e9f-b98a-4490a2072f84.jpg,MD182467,(573) 983-7841,2025-06-13T08:15:34.972852,2025-09-12T14:52:34.972867
38f27c5c-5770-4ab5-94a3-cb4aa1ff7ee5,alexandra.miller498,batesangela@example.com,PA,Alexandra,Miller,Gastroenterology,Experienced Hematology specialist with over 6 years of practice.,pending_approval,https://example.com/profiles/38f27c5c-5770-4ab5-94a3-cb4aa1ff7ee5.jpg,MD938072,(717) 872-2877,2024-08-20T02:26:34.973621,2025-09-03T06:35:34.973645
ce104e6d-99ce-4521-8697-b2ef16d314ea,heather.rivera991,katherinemccarty@example.com,PA,Heather,Rivera,Urology,Experienced Psychiatry specialist with over 7 years of practice.,pending_approval,https://example.com/profiles/ce104e6d-99ce-4521-8697-b2ef16d314ea.jpg,MD540888,(973) 246-6742,2023-12-17T08:19:34.975066,2025-08-31T21:40:34.975108
4f7fec56-f00d-461e-8bb6-d149fda394c5,edward.smith410,linda01@example.com,PA,Edward,Smith,Geriatrics,Experienced Pulmonology specialist with over 20 years of practice.,inactive,https://example.com/profiles/4f7fec56-f00d-461e-8bb6-d149fda394c5.jpg,MD649459,(220) 212-8850,2025-04-12T11:30:34.975867,2025-09-14T09:15:34.975890
e5923e5a-d579-4e15-847d-fc1a723b4083,james.farmer654,robert07@example.com,PA,James,Farmer,Gastroenterology,Experienced Orthopedics specialist with over 19 years of practice.,inactive,https://example.com/profiles/e5923e5a-d579-4e15-847d-fc1a723b4083.jpg,MD762986,(434) 669-4453,2024-09-23T20:43:34.976438,2025-09-18T19:28:34.976459
6a8a7385-52bd-4c0f-8697-216e33873798,nicholas.andrews229,justin46@example.com,NP,Nicholas,Andrews,Cardiology,Experienced Neurology specialist with over 6 years of practice.,suspended,https://example.com/profiles/6a8a7385-52bd-4c0f-8697-216e33873798.jpg,MD732983,(781) 732-7082,2025-06-05T13:45:34.977174,2025-09-08T00:23:34.977202
ecd01056-77a6-4d42-827a-1a3cb1c65edd,scott.moran562,browndevin@example.net,Prof.,Scott,Moran,Radiology,Experienced Rheumatology specialist with over 7 years of practice.,pending_approval,https://example.com/profiles/ecd01056-77a6-4d42-827a-1a3cb1c65edd.jpg,MD506352,(830) 469-1578,2024-06-30T21:28:34.978357,2025-09-02T10:35:34.978383
174dad2e-e6ce-43d9-93cc-78d3c4d12119,jennifer.patrick461,barkeredwin@example.org,MD,Jennifer,Patrick,Endocrinology,Experienced Pediatrics specialist with over 20 years of practice.,active,https://example.com/profiles/174dad2e-e6ce-43d9-93cc-78d3c4d12119.jpg,MD188081,(762) 511-6805,2024-07-05T08:39:34.979147,2025-08-28T14:11:34.979164
ad5df99b-3122-4c07-9dbd-4bf8926693ac,denise.palmer375,tammy26@example.org,DO,Denise,Palmer,Hematology,Experienced Orthopedics specialist with over 12 years of practice.,active,https://example.com/profiles/ad5df99b-3122-4c07-9dbd-4bf8926693ac.jpg,MD628252,(239) 840-8190,2025-02-16T15:02:34.979687,2025-09-15T09:15:34.979701
694c18fe-c4a0-446c-a1b9-c6bae6c0383b,arthur.reed34,crawfordhaley@example.org,Prof.,Arthur,Reed,Psychiatry,Experienced Psychiatry specialist with over 18 years of practice.,pending_approval,https://example.com/profiles/694c18fe-c4a0-446c-a1b9-c6bae6c0383b.jpg,MD895262,(475) 445-8695,2023-09-29T18:31:34.980364,2025-08-25T03:00:34.980379
a7c65d94-e0ce-48f5-954d-c649bdd94bc2,taylor.clarke694,dana36@example.com,Prof.,Taylor,Clarke,Gastroenterology,Experienced Pulmonology specialist with over 20 years of practice.,suspended,https://example.com/profiles/a7c65d94-e0ce-48f5-954d-c649bdd94bc2.jpg,MD213524,(971) 364-7810,2025-05-31T22:43:34.980902,2025-09-01T18:18:34.980917
6611c0ef-f0f9-40c9-be2b-37fd7cc41131,ernest.arias158,wendy00@example.com,Dr.,Ernest,Arias,Gastroenterology,Experienced General Practice specialist with over 13 years of practice.,active,https://example.com/profiles/6611c0ef-f0f9-40c9-be2b-37fd7cc41131.jpg,MD245223,(704) 497-6521,2024-10-26T09:19:34.981427,2025-09-17T23:43:34.981441
f58efa91-172c-4a69-9ea7-9e5296bb9734,christopher.harvey605,andrearivera@example.net,Dr.,Christopher,Harvey,Dermatology,Experienced Hematology specialist with over 23 years of practice.,suspended,https://example.com/profiles/f58efa91-172c-4a69-9ea7-9e5296bb9734.jpg,MD520962,(805) 442-9526,2024-04-14T18:53:34.982129,2025-09-09T21:55:34.982143
9c238bc0-a64e-4995-901f-e6cb16ad62eb,darren.barnes402,fullerkristie@example.com,Prof.,Darren,Barnes,Cardiology,Experienced Hematology specialist with over 14 years of practice.,inactive,https://example.com/profiles/9c238bc0-a64e-4995-901f-e6cb16ad62eb.jpg,MD651710,(480) 990-1973,2025-08-22T09:24:34.982786,2025-09-17T00:47:34.982799
1d3d4f2c-b255-46a5-951a-989d63f033f0,michael.smith321,cwilson@example.org,Prof.,Michael,Smith,Orthopedics,Experienced Neurology specialist with over 5 years of practice.,suspended,https://example.com/profiles/1d3d4f2c-b255-46a5-951a-989d63f033f0.jpg,MD825239,(567) 308-8170,2024-02-15T15:20:34.983341,2025-09-05T23:44:34.983355
601b5332-8dce-4615-8130-7b8864bb7a45,steven.thompson424,bakerricky@example.org,DO,Steven,Thompson,General Practice,Experienced Urology specialist with over 11 years of practice.,pending_approval,https://example.com/profiles/601b5332-8dce-4615-8130-7b8864bb7a45.jpg,MD204622,(903) 820-7186,2025-04-12T05:40:34.983983,2025-09-14T19:12:34.983996
d3afb6c8-4178-45c8-bd5a-5d37877e801d,christopher.hoffman336,stephenjohnson@example.net,NP,Christopher,Hoffman,Pulmonology,Experienced Dermatology specialist with over 5 years of practice.,inactive,https://example.com/profiles/d3afb6c8-4178-45c8-bd5a-5d37877e801d.jpg,MD233583,(517) 238-3124,2025-02-02T00:59:34.984628,2025-09-07T21:14:34.984642
e6861a25-3275-4b8f-9fe9-fe8f4c294fde,natasha.solomon480,tonyamartinez@example.net,DO,Natasha,Solomon,Gastroenterology,Experienced Geriatrics specialist with over 16 years of practice.,active,https://example.com/profiles/e6861a25-3275-4b8f-9fe9-fe8f4c294fde.jpg,MD791321,(701) 731-1712,2024-12-25T06:02:34.985283,2025-09-02T13:51:34.985297
7d57517d-74c6-4ce3-8fb7-f42f3ee4da67,veronica.burton791,belldavid@example.net,PA,Veronica,Burton,Cardiology,Experienced Pediatrics specialist with over 7 years of practice.,suspended,https://example.com/profiles/7d57517d-74c6-4ce3-8fb7-f42f3ee4da67.jpg,MD522101,(769) 244-9884,2025-05-25T04:48:34.986516,2025-09-01T05:30:34.986548
3b9dbcfc-4691-4fa1-b5d4-61fc4e965702,rebecca.potts540,alexander66@example.com,PA,Rebecca,Potts,Orthopedics,Experienced Oncology specialist with over 20 years of practice.,active,https://example.com/profiles/3b9dbcfc-4691-4fa1-b5d4-61fc4e965702.jpg,MD712057,(929) 590-4173,2024-07-20T07:41:34.987267,2025-09-14T18:36:34.987287
ff0aa833-dabf-4f43-8dcc-fe6076de6139,jeffrey.briggs627,larry04@example.net,MD,Jeffrey,Briggs,Orthopedics,Experienced Orthopedics specialist with over 14 years of practice.,inactive,https://example.com/profiles/ff0aa833-dabf-4f43-8dcc-fe6076de6139.jpg,MD115532,(364) 363-5252,2023-10-09T16:52:34.987960,2025-09-10T16:27:34.987977
6846f428-599d-426a-884e-634744d951f8,gregory.thomas857,obarnes@example.net,DO,Gregory,Thomas,Hematology,Experienced Endocrinology specialist with over 12 years of practice.,suspended,https://example.com/profiles/6846f428-599d-426a-884e-634744d951f8.jpg,MD346106,(808) 278-5918,2024-09-09T08:47:34.988762,2025-08-20T07:08:34.988780
f95cbb7e-1269-4370-aa05-1f94700cc54f,kevin.bryan856,rodriguezchristopher@example.org,Dr.,Kevin,Bryan,Dermatology,Experienced General Practice specialist with over 17 years of practice.,suspended,https://example.com/profiles/f95cbb7e-1269-4370-aa05-1f94700cc54f.jpg,MD761964,(956) 324-5318,2025-05-17T14:13:34.989715,2025-09-11T12:25:34.989735
639fc9b1-bad3-4a12-868e-03f87fc9fd0b,adam.porter419,tamaraparker@example.org,Dr.,Adam,Porter,Pulmonology,Experienced Endocrinology specialist with over 5 years of practice.,pending_approval,https://example.com/profiles/639fc9b1-bad3-4a12-868e-03f87fc9fd0b.jpg,MD576263,(309) 713-3033,2025-06-06T15:10:34.990687,2025-08-24T14:53:34.990709
af75f30a-2231-48b0-ab4d-902f501724f9,jordan.bailey752,amiller@example.net,MD,Jordan,Bailey,Pulmonology,Experienced General Practice specialist with over 14 years of practice.,suspended,https://example.com/profiles/af75f30a-2231-48b0-ab4d-902f501724f9.jpg,MD529084,(930) 765-4463,2024-11-27T07:59:34.991570,2025-09-12T01:56:34.991591
e2ca2189-761c-4fe2-a873-5467819e8f57,gary.bentley288,bradydavid@example.com,Dr.,Gary,Bentley,Hematology,Experienced Endocrinology specialist with over 21 years of practice.,active,https://example.com/profiles/e2ca2189-761c-4fe2-a873-5467819e8f57.jpg,MD216249,(931) 848-2696,2024-11-04T09:40:34.992460,2025-08-21T07:17:34.992475
58749f8d-03fd-4a05-9d88-4e6a3fc62991,elizabeth.white721,ghatfield@example.com,Prof.,Elizabeth,White,Geriatrics,Experienced Pediatrics specialist with over 25 years of practice.,active,https://example.com/profiles/58749f8d-03fd-4a05-9d88-4e6a3fc62991.jpg,MD566547,(956) 884-1036,2024-11-06T00:33:34.993176,2025-09-17T17:38:34.993191
a305073f-4839-418c-b828-6461ac056e8e,melanie.padilla425,sdonovan@example.com,Dr.,Melanie,Padilla,Oncology,Experienced Dermatology specialist with over 17 years of practice.,suspended,https://example.com/profiles/a305073f-4839-418c-b828-6461ac056e8e.jpg,MD204949,(601) 876-9246,2024-06-06T17:48:34.993900,2025-09-17T09:49:34.993916
04b4d59b-b2ff-42c8-b7d9-d93822e25586,stephanie.chase108,tonya97@example.com,MD,Stephanie,Chase,Psychiatry,Experienced Pulmonology specialist with over 13 years of practice.,pending_approval,https://example.com/profiles/04b4d59b-b2ff-42c8-b7d9-d93822e25586.jpg,MD596816,(336) 982-3498,2024-06-07T23:19:34.994565,2025-09-03T14:44:34.994581
54c1d2e1-7efb-4adb-a4e5-91fe7b424aa5,melissa.ramos810,kristy47@example.com,Dr.,Melissa,Ramos,Rheumatology,Experienced Oncology specialist with over 5 years of practice.,inactive,https://example.com/profiles/54c1d2e1-7efb-4adb-a4e5-91fe7b424aa5.jpg,MD325228,(801) 471-5231,2023-12-25T13:24:34.995217,2025-08-30T17:33:34.995231
890f0593-0e41-4243-88c3-1b3e55800c54,maria.bates4,fowlermichael@example.org,PA,Maria,Bates,Neurology,Experienced Neurology specialist with over 24 years of practice.,active,https://example.com/profiles/890f0593-0e41-4243-88c3-1b3e55800c54.jpg,MD842411,(504) 602-5733,2025-06-20T04:09:34.996091,2025-08-29T21:42:34.996107
c534be4d-43a9-490b-8f20-84a86ec5806b,robert.cantu73,vincent74@example.org,Dr.,Robert,Cantu,Pulmonology,Experienced Cardiology specialist with over 12 years of practice.,inactive,https://example.com/profiles/c534be4d-43a9-490b-8f20-84a86ec5806b.jpg,MD547351,(801) 559-4829,2025-07-14T11:20:34.996748,2025-09-02T08:39:34.996764
0af17d1d-fc12-4b16-b676-4c672eaf24eb,david.edwards501,lisa40@example.com,DO,David,Edwards,Neurology,Experienced Endocrinology specialist with over 6 years of practice.,active,https://example.com/profiles/0af17d1d-fc12-4b16-b676-4c672eaf24eb.jpg,MD128062,(910) 817-7652,2023-11-29T23:43:34.997411,2025-09-06T06:51:34.997427
faa4ad9f-cfec-43b7-a38a-7498689bbe9a,jessica.koch330,hkelley@example.org,Prof.,Jessica,Koch,Pulmonology,Experienced Dermatology specialist with over 17 years of practice.,pending_approval,https://example.com/profiles/faa4ad9f-cfec-43b7-a38a-7498689bbe9a.jpg,MD122353,(256) 487-8222,2024-11-25T17:36:34.998132,2025-09-04T14:42:34.998146
1dfbc7b0-2095-4b43-a7c9-2b571c50777b,christopher.gibbs898,mbridges@example.net,PA,Christopher,Gibbs,Pulmonology,Experienced Oncology specialist with over 21 years of practice.,pending_approval,https://example.com/profiles/1dfbc7b0-2095-4b43-a7c9-2b571c50777b.jpg,MD641866,(269) 678-1198,2023-11-24T02:36:34.998876,2025-08-25T07:00:34.998894
83b695e4-3769-40f6-915e-9c38ca401282,karen.martin55,bailey20@example.com,DO,Karen,Martin,Rheumatology,Experienced Cardiology specialist with over 7 years of practice.,suspended,https://example.com/profiles/83b695e4-3769-40f6-915e-9c38ca401282.jpg,MD609908,(484) 869-8872,2024-11-02T15:03:34.999565,2025-09-09T14:49:34.999581
7d22b03e-5663-4260-9fac-9b42e9548db0,donna.hill829,dawn11@example.org,Prof.,Donna,Hill,Dermatology,Experienced Rheumatology specialist with over 21 years of practice.,active,https://example.com/profiles/7d22b03e-5663-4260-9fac-9b42e9548db0.jpg,MD216022,(272) 652-2746,2024-02-09T11:13:35.000219,2025-09-06T08:59:35.000234
880577c6-d658-402a-bf5e-06ea8a408769,ellen.salazar285,amymiller@example.org,PA,Ellen,Salazar,Cardiology,Experienced Geriatrics specialist with over 7 years of practice.,pending_approval,https://example.com/profiles/880577c6-d658-402a-bf5e-06ea8a408769.jpg,MD400536,(586) 288-6843,2024-10-11T15:34:35.001083,2025-09-05T01:47:35.001098
84f728e3-cd66-45b1-97e3-d7ddeb06a77d,steven.smith238,ohall@example.com,Prof.,Steven,Smith,Orthopedics,Experienced Radiology specialist with over 15 years of practice.,pending_approval,https://example.com/profiles/84f728e3-cd66-45b1-97e3-d7ddeb06a77d.jpg,MD269616,(504) 781-2784,2024-05-15T13:00:35.002012,2025-08-24T03:15:35.002044
246f526a-750e-4508-9302-6f0c6b2e29e0,erica.mccormick240,jenniferrice@example.com,MD,Erica,Mccormick,Neurology,Experienced Cardiology specialist with over 6 years of practice.,pending_approval,https://example.com/profiles/246f526a-750e-4508-9302-6f0c6b2e29e0.jpg,MD747169,(954) 797-3950,2024-08-21T13:36:35.003530,2025-09-08T03:15:35.003560
6d976662-da22-40eb-a6c1-8204e38a28d1,brenda.barnes396,kaiserrichard@example.org,NP,Brenda,Barnes,Gastroenterology,Experienced Urology specialist with over 25 years of practice.,suspended,https://example.com/profiles/6d976662-da22-40eb-a6c1-8204e38a28d1.jpg,MD346790,(316) 665-4546,2024-02-16T00:13:35.005092,2025-09-05T11:03:35.005120
2b2dd892-1da9-4ee7-8120-3d7fc1b8cb6e,michael.garcia159,kaiserhunter@example.org,MD,Michael,Garcia,Urology,Experienced General Practice specialist with over 11 years of practice.,pending_approval,https://example.com/profiles/2b2dd892-1da9-4ee7-8120-3d7fc1b8cb6e.jpg,MD986882,(906) 585-6399,2023-11-12T02:08:35.006072,2025-08-31T05:06:35.006092
f1d43901-f4d5-4916-9d54-94ab2d2440df,lisa.watson491,dianaramirez@example.net,NP,Lisa,Watson,Pulmonology,Experienced Rheumatology specialist with over 7 years of practice.,pending_approval,https://example.com/profiles/f1d43901-f4d5-4916-9d54-94ab2d2440df.jpg,MD835361,(301) 447-5480,2024-02-07T03:11:35.007107,2025-09-15T18:03:35.007129
cc5518ad-efb6-4117-a076-aecc5039fcf3,jacob.roy624,ericksonbrent@example.net,DO,Jacob,Roy,Rheumatology,Experienced Dermatology specialist with over 18 years of practice.,active,https://example.com/profiles/cc5518ad-efb6-4117-a076-aecc5039fcf3.jpg,MD483035,(681) 772-2659,2024-05-18T02:09:35.008514,2025-09-08T19:23:35.008619
1bf375e2-513c-4546-8f7a-ef1d26e255f0,julie.rice129,colonjohn@example.org,Dr.,Julie,Rice,Gastroenterology,Experienced Pulmonology specialist with over 9 years of practice.,pending_approval,https://example.com/profiles/1bf375e2-513c-4546-8f7a-ef1d26e255f0.jpg,MD125687,(718) 914-4079,2024-09-05T01:36:35.010365,2025-09-09T21:48:35.010403
d846c443-841c-47bd-8578-eb5288856bc5,craig.blair840,dbrown@example.org,PA,Craig,Blair,Rheumatology,Experienced Cardiology specialist with over 8 years of practice.,pending_approval,https://example.com/profiles/d846c443-841c-47bd-8578-eb5288856bc5.jpg,MD794809,(620) 569-8962,2025-09-14T02:23:35.011219,2025-08-28T02:45:35.011239
a411e543-d194-4c12-b558-79d665914f95,frank.key678,danielgriffin@example.net,Prof.,Frank,Key,Urology,Experienced Gastroenterology specialist with over 22 years of practice.,suspended,https://example.com/profiles/a411e543-d194-4c12-b558-79d665914f95.jpg,MD516843,(952) 354-6932,2024-10-25T05:23:35.012167,2025-08-23T13:58:35.012186
c22b4026-7c02-43d9-ac3a-d1eac463301b,cindy.gaines338,millerlindsey@example.org,Dr.,Cindy,Gaines,Geriatrics,Experienced Pulmonology specialist with over 6 years of practice.,active,https://example.com/profiles/c22b4026-7c02-43d9-ac3a-d1eac463301b.jpg,MD150237,(302) 313-1907,2025-06-25T23:34:35.013117,2025-09-16T20:57:35.013134
3a758b3d-9c1d-4f45-b907-8720a5a633b8,shawna.clark867,pli@example.org,PA,Shawna,Clark,Rheumatology,Experienced Hematology specialist with over 22 years of practice.,pending_approval,https://example.com/profiles/3a758b3d-9c1d-4f45-b907-8720a5a633b8.jpg,MD926048,(520) 989-9425,2025-06-28T05:56:35.013901,2025-08-23T03:01:35.013918
4a14469f-9331-414d-a2df-85978cedb7dc,karen.crawford49,lawrencesteven@example.net,NP,Karen,Crawford,General Practice,Experienced Hematology specialist with over 21 years of practice.,pending_approval,https://example.com/profiles/4a14469f-9331-414d-a2df-85978cedb7dc.jpg,MD798361,(706) 786-1839,2023-10-23T12:05:35.014834,2025-08-20T11:09:35.014851
98d2230e-05a8-4979-9e99-d9d2ece9ee39,angela.williams575,wilkersonkatherine@example.org,DO,Angela,Williams,Urology,Experienced General Practice specialist with over 11 years of practice.,inactive,https://example.com/profiles/98d2230e-05a8-4979-9e99-d9d2ece9ee39.jpg,MD177150,(256) 470-5299,2024-03-27T06:30:35.015803,2025-08-28T19:21:35.015831
45b1c521-3663-4b62-a304-7bf54ae61139,kathleen.case251,bowenjonathan@example.net,NP,Kathleen,Case,Radiology,Experienced Psychiatry specialist with over 15 years of practice.,suspended,https://example.com/profiles/45b1c521-3663-4b62-a304-7bf54ae61139.jpg,MD173617,(984) 341-3071,2025-07-07T17:26:35.016715,2025-09-15T06:00:35.016731
81657e7b-3d90-4d5e-b5a2-f25b72dd1cf1,deborah.bruce421,vunderwood@example.com,Prof.,Deborah,Bruce,Endocrinology,Experienced Pulmonology specialist with over 14 years of practice.,active,https://example.com/profiles/81657e7b-3d90-4d5e-b5a2-f25b72dd1cf1.jpg,MD604042,(713) 264-4659,2025-08-21T05:49:35.017468,2025-09-06T01:13:35.017491
7d255964-bb03-48ed-9b72-7d8707f35878,samantha.fuller120,harrissamuel@example.org,NP,Samantha,Fuller,Radiology,Experienced Neurology specialist with over 18 years of practice.,inactive,https://example.com/profiles/7d255964-bb03-48ed-9b72-7d8707f35878.jpg,MD432256,(989) 805-2083,2024-07-22T19:34:35.018514,2025-09-11T09:08:35.018535
5ea83ad3-6652-4dce-8c4c-db1f5700629f,matthew.martin250,johnsonsandra@example.net,Prof.,Matthew,Martin,Neurology,Experienced Endocrinology specialist with over 23 years of practice.,inactive,https://example.com/profiles/5ea83ad3-6652-4dce-8c4c-db1f5700629f.jpg,MD790580,(417) 551-3292,2024-03-22T05:05:35.019435,2025-08-21T13:10:35.019452
facb1a5a-51c2-4a7c-83c1-3c43af998425,allison.camacho412,amills@example.com,DO,Allison,Camacho,Gastroenterology,Experienced Geriatrics specialist with over 17 years of practice.,inactive,https://example.com/profiles/facb1a5a-51c2-4a7c-83c1-3c43af998425.jpg,MD583493,(952) 466-6257,2025-04-03T04:41:35.020173,2025-09-13T14:35:35.020189
5df63152-b94c-4adc-a339-79e749491cbe,devin.mcdonald780,espinozataylor@example.com,MD,Devin,Mcdonald,Oncology,Experienced Orthopedics specialist with over 21 years of practice.,pending_approval,https://example.com/profiles/5df63152-b94c-4adc-a339-79e749491cbe.jpg,MD897044,(517) 964-8032,2023-09-29T10:27:35.021027,2025-09-05T17:54:35.021042
ba3557f8-d34a-43f1-b517-b0618e02b094,daniel.johnson894,maxwelltheodore@example.org,Dr.,Daniel,Johnson,Endocrinology,Experienced Orthopedics specialist with over 12 years of practice.,inactive,https://example.com/profiles/ba3557f8-d34a-43f1-b517-b0618e02b094.jpg,MD148582,(763) 463-1398,2024-01-08T11:28:35.021895,2025-09-18T23:26:35.021911
01dac726-ede1-4d70-a241-3aaf3706ed81,david.harris512,fking@example.org,DO,David,Harris,Endocrinology,Experienced Pediatrics specialist with over 15 years of practice.,pending_approval,https://example.com/profiles/01dac726-ede1-4d70-a241-3aaf3706ed81.jpg,MD722678,(252) 989-7367,2023-10-05T04:12:35.022647,2025-09-03T17:31:35.022753
d480fb5c-7740-4444-9505-64b6eb59202b,amanda.washington952,billyjohns@example.net,PA,Amanda,Washington,Dermatology,Experienced Geriatrics specialist with over 16 years of practice.,active,https://example.com/profiles/d480fb5c-7740-4444-9505-64b6eb59202b.jpg,MD821520,(386) 216-5365,2024-08-16T02:32:35.024269,2025-09-14T06:35:35.024309
6dc450d2-2aba-478b-bc9e-eac201effc44,michelle.yoder183,whitejustin@example.org,NP,Michelle,Yoder,Pulmonology,Experienced Pulmonology specialist with over 5 years of practice.,inactive,https://example.com/profiles/6dc450d2-2aba-478b-bc9e-eac201effc44.jpg,MD252834,(432) 531-9334,2024-11-19T07:27:35.025835,2025-08-25T09:50:35.025867
781ebbe3-0ba9-4147-9a4d-0b8e0d58d760,emily.moran638,kristen78@example.org,MD,Emily,Moran,Psychiatry,Experienced Urology specialist with over 19 years of practice.,inactive,https://example.com/profiles/781ebbe3-0ba9-4147-9a4d-0b8e0d58d760.jpg,MD856530,(804) 784-4204,2024-01-11T22:30:35.026953,2025-08-22T15:41:35.026984
5a249411-ba39-4f63-bc48-53b6da77e3ae,alexis.curtis782,james23@example.com,MD,Alexis,Curtis,Endocrinology,Experienced General Practice specialist with over 13 years of practice.,suspended,https://example.com/profiles/5a249411-ba39-4f63-bc48-53b6da77e3ae.jpg,MD382520,(304) 275-2054,2024-05-16T12:48:35.027805,2025-09-06T20:01:35.027825
03e67964-1d31-4270-8f72-a4b7a6433a87,tamara.martin224,myersbenjamin@example.com,NP,Tamara,Martin,Radiology,Experienced General Practice specialist with over 16 years of practice.,suspended,https://example.com/profiles/03e67964-1d31-4270-8f72-a4b7a6433a87.jpg,MD784653,(810) 641-2705,2025-06-06T04:38:35.028704,2025-08-19T16:43:35.028720
e47f3edb-2cda-4d94-a8ff-14782cb7e7ac,carrie.hines748,melanie46@example.net,Prof.,Carrie,Hines,Hematology,Experienced Hematology specialist with over 5 years of practice.,active,https://example.com/profiles/e47f3edb-2cda-4d94-a8ff-14782cb7e7ac.jpg,MD669419,(229) 570-7519,2025-01-07T08:14:35.029363,2025-08-19T17:17:35.029385
286db46a-00e4-4259-92c1-5920ad84ff47,thomas.price150,wfleming@example.org,PA,Thomas,Price,Geriatrics,Experienced Oncology specialist with over 25 years of practice.,inactive,https://example.com/profiles/286db46a-00e4-4259-92c1-5920ad84ff47.jpg,MD636112,(812) 428-3806,2025-05-29T08:05:35.030105,2025-09-03T12:16:35.030121
7f87c2d9-8650-4c8f-9313-39fb329098a2,samuel.vaughn535,belindahaas@example.com,PA,Samuel,Vaughn,Hematology,Experienced Endocrinology specialist with over 10 years of practice.,suspended,https://example.com/profiles/7f87c2d9-8650-4c8f-9313-39fb329098a2.jpg,MD340677,(763) 561-5761,2024-03-10T22:52:35.030982,2025-09-14T09:31:35.030998
ae8a70bc-a5d5-4455-990a-b44a75d92729,heidi.ayers137,christopherbrown@example.org,Dr.,Heidi,Ayers,Endocrinology,Experienced Rheumatology specialist with over 5 years of practice.,pending_approval,https://example.com/profiles/ae8a70bc-a5d5-4455-990a-b44a75d92729.jpg,MD244416,(916) 681-5151,2023-10-31T07:34:35.031860,2025-08-28T11:51:35.031877
4abf64d8-4ec5-4c20-afbb-5a36286a4b2d,mary.kline502,paulsmith@example.org,PA,Mary,Kline,Radiology,Experienced Hematology specialist with over 25 years of practice.,suspended,https://example.com/profiles/4abf64d8-4ec5-4c20-afbb-5a36286a4b2d.jpg,MD442094,(262) 360-6361,2024-09-22T23:56:35.033372,2025-08-28T12:00:35.033411
f9983b9d-1c5f-4e48-a14c-416e21896cc7,jeff.cox19,patricia24@example.org,MD,Jeff,Cox,Endocrinology,Experienced Dermatology specialist with over 21 years of practice.,active,https://example.com/profiles/f9983b9d-1c5f-4e48-a14c-416e21896cc7.jpg,MD748484,(606) 905-9810,2024-12-30T11:53:35.034627,2025-09-14T20:05:35.034665
a08fcf75-e307-4645-ab62-d1183398cff0,jacqueline.neal178,beckyroberts@example.com,Prof.,Jacqueline,Neal,Dermatology,Experienced Cardiology specialist with over 11 years of practice.,suspended,https://example.com/profiles/a08fcf75-e307-4645-ab62-d1183398cff0.jpg,MD111256,(802) 337-3113,2025-01-15T23:59:35.035507,2025-09-14T10:20:35.035527
f0984bf0-dcc1-4f85-b6e0-90de9f92ed69,wesley.robinson542,turnerdaniel@example.com,Prof.,Wesley,Robinson,Cardiology,Experienced Hematology specialist with over 13 years of practice.,inactive,https://example.com/profiles/f0984bf0-dcc1-4f85-b6e0-90de9f92ed69.jpg,MD959071,(563) 402-8485,2024-10-16T03:25:35.036241,2025-09-15T20:12:35.036258
57be058d-0bae-46a1-bb08-f009d1cd95a5,caroline.pacheco587,stewartjeremy@example.org,Prof.,Caroline,Pacheco,Cardiology,Experienced Gastroenterology specialist with over 18 years of practice.,suspended,https://example.com/profiles/57be058d-0bae-46a1-bb08-f009d1cd95a5.jpg,MD331854,(334) 632-7984,2024-01-01T21:08:35.036942,2025-09-01T18:15:35.036957
d77aa4ba-48f1-4022-a35c-d68dffa455ac,craig.buck693,xalvarez@example.net,MD,Craig,Buck,Cardiology,Experienced Neurology specialist with over 11 years of practice.,active,https://example.com/profiles/d77aa4ba-48f1-4022-a35c-d68dffa455ac.jpg,MD366589,(704) 485-5140,2025-07-16T09:37:35.037528,2025-09-15T20:36:35.037544
6fe99bdb-9e3f-4fb6-b0a8-875b7f267f78,andrea.price271,richard33@example.net,PA,Andrea,Price,Rheumatology,Experienced Cardiology specialist with over 5 years of practice.,pending_approval,https://example.com/profiles/6fe99bdb-9e3f-4fb6-b0a8-875b7f267f78.jpg,MD404244,(626) 765-1450,2025-06-08T23:15:35.038048,2025-08-30T06:30:35.038063
20ca9e8f-ed17-419c-b5ea-8f30aef8b9d5,mindy.mendez417,jesse81@example.org,MD,Mindy,Mendez,General Practice,Experienced Radiology specialist with over 10 years of practice.,active,https://example.com/profiles/20ca9e8f-ed17-419c-b5ea-8f30aef8b9d5.jpg,MD714831,(339) 502-2571,2025-05-20T23:01:35.038562,2025-09-09T09:20:35.038576
b3f4d3e2-b5f4-4fc0-9ca1-521aa493a68c,aaron.smith625,gilmorejoshua@example.com,DO,Aaron,Smith,Radiology,Experienced Gastroenterology specialist with over 11 years of practice.,active,https://example.com/profiles/b3f4d3e2-b5f4-4fc0-9ca1-521aa493a68c.jpg,MD445921,(407) 925-6429,2024-09-03T04:17:35.039348,2025-09-11T11:51:35.039378
4cf46812-3e41-4858-823b-ca0917c430a2,robert.mack137,tracywilkins@example.net,NP,Robert,Mack,Dermatology,Experienced Pediatrics specialist with over 21 years of practice.,inactive,https://example.com/profiles/4cf46812-3e41-4858-823b-ca0917c430a2.jpg,MD578181,(781) 851-5983,2025-01-21T22:03:35.040610,2025-09-10T10:58:35.040646
8f1a16fe-3a5e-4aee-9fa6-d16c7c3c402d,kristin.foley978,floresjohn@example.com,NP,Kristin,Foley,Orthopedics,Experienced Urology specialist with over 17 years of practice.,inactive,https://example.com/profiles/8f1a16fe-3a5e-4aee-9fa6-d16c7c3c402d.jpg,MD456371,(442) 810-6965,2025-08-03T06:56:35.042340,2025-09-15T23:12:35.042499
9a832b6e-7026-4bfe-958f-3c3af3adb0be,manuel.hubbard163,taylorkaylee@example.com,MD,Manuel,Hubbard,Pediatrics,Experienced Radiology specialist with over 10 years of practice.,suspended,https://example.com/profiles/9a832b6e-7026-4bfe-958f-3c3af3adb0be.jpg,MD566953,(916) 765-9819,2025-03-21T21:59:35.043741,2025-09-12T07:33:35.043763
9942d9c6-f6e8-499f-b25c-06d0f561470d,rebecca.rivera283,andersonbrittany@example.net,PA,Rebecca,Rivera,Cardiology,Experienced Neurology specialist with over 5 years of practice.,pending_approval,https://example.com/profiles/9942d9c6-f6e8-499f-b25c-06d0f561470d.jpg,MD476170,(910) 719-1114,2023-09-26T15:31:35.044755,2025-09-15T16:34:35.044778
a50bd545-aefd-45f6-ad0e-f14279064acd,tyler.garcia70,jordan60@example.net,MD,Tyler,Garcia,General Practice,Experienced Geriatrics specialist with over 24 years of practice.,inactive,https://example.com/profiles/a50bd545-aefd-45f6-ad0e-f14279064acd.jpg,MD485850,(623) 908-5833,2023-11-12T10:38:35.045341,2025-08-31T04:59:35.045356
65d00c39-294d-4be5-9706-1c372be69e89,lisa.murray334,jessicasmith@example.com,NP,Lisa,Murray,Psychiatry,Experienced Radiology specialist with over 19 years of practice.,pending_approval,https://example.com/profiles/65d00c39-294d-4be5-9706-1c372be69e89.jpg,MD566529,(850) 813-2446,2025-06-01T12:49:35.046196,2025-08-24T19:24:35.046216
b447b20c-d06b-49ab-b5a7-a84abb4457f0,kristin.graham817,kelsey67@example.com,PA,Kristin,Graham,Neurology,Experienced Cardiology specialist with over 14 years of practice.,pending_approval,https://example.com/profiles/b447b20c-d06b-49ab-b5a7-a84abb4457f0.jpg,MD590456,(737) 346-8244,2025-01-05T23:12:35.046774,2025-08-22T12:55:35.046789
3e27cdd1-bf53-4733-8894-d2f689a2d948,donald.howard90,dgarcia@example.org,DO,Donald,Howard,Cardiology,Experienced Psychiatry specialist with over 21 years of practice.,suspended,https://example.com/profiles/3e27cdd1-bf53-4733-8894-d2f689a2d948.jpg,MD140869,(318) 556-3750,2025-03-18T06:12:35.047359,2025-09-13T03:37:35.047373
3d682742-6a0f-449c-af80-44fa730cc573,bruce.porter727,wardlinda@example.net,PA,Bruce,Porter,Pulmonology,Experienced Dermatology specialist with over 5 years of practice.,inactive,https://example.com/profiles/3d682742-6a0f-449c-af80-44fa730cc573.jpg,MD385521,(805) 643-2152,2025-05-08T12:29:35.048537,2025-08-29T15:05:35.048652
1e44635a-42f9-4c74-95ce-900d9266928b,timothy.cooley529,timothysharp@example.org,PA,Timothy,Cooley,Neurology,Experienced Cardiology specialist with over 20 years of practice.,pending_approval,https://example.com/profiles/1e44635a-42f9-4c74-95ce-900d9266928b.jpg,MD509380,(317) 958-2914,2025-01-09T10:08:35.049807,2025-08-31T14:13:35.049831
488d16fd-f4e0-40f9-b244-e2159737b7d2,connor.stewart655,alyssaparsons@example.com,DO,Connor,Stewart,General Practice,Experienced Rheumatology specialist with over 8 years of practice.,pending_approval,https://example.com/profiles/488d16fd-f4e0-40f9-b244-e2159737b7d2.jpg,MD829737,(718) 249-4609,2025-02-14T17:18:35.050957,2025-09-03T10:27:35.050982
3bbc5f35-1092-4732-91dc-4c14172bdfa1,kenneth.jones904,wesley57@example.net,PA,Kenneth,Jones,Psychiatry,Experienced General Practice specialist with over 21 years of practice.,pending_approval,https://example.com/profiles/3bbc5f35-1092-4732-91dc-4c14172bdfa1.jpg,MD869529,(931) 829-9390,2024-08-08T17:20:35.051739,2025-09-15T16:12:35.051758
dec200b3-98fd-4497-b896-40899c14a686,herbert.williams786,martintownsend@example.com,MD,Herbert,Williams,Neurology,Experienced Rheumatology specialist with over 17 years of practice.,inactive,https://example.com/profiles/dec200b3-98fd-4497-b896-40899c14a686.jpg,MD153634,(937) 208-1066,2024-05-26T02:30:35.052703,2025-09-01T00:22:35.052722
34a74d66-4a39-4979-b42f-ecb324877c97,gina.powell597,patricialopez@example.net,PA,Gina,Powell,Orthopedics,Experienced Oncology specialist with over 15 years of practice.,suspended,https://example.com/profiles/34a74d66-4a39-4979-b42f-ecb324877c97.jpg,MD817216,(520) 517-5540,2025-05-30T08:33:35.053704,2025-09-06T15:04:35.053724
7f3e840c-70c2-4a6b-9a77-563cba30c014,mary.shea849,qbutler@example.org,Prof.,Mary,Shea,Radiology,Experienced General Practice specialist with over 17 years of practice.,pending_approval,https://example.com/profiles/7f3e840c-70c2-4a6b-9a77-563cba30c014.jpg,MD398644,(505) 504-8404,2024-09-20T15:55:35.054537,2025-08-27T22:00:35.054562
bdf25844-7b39-40a8-a752-1f9fd3e9fd4b,alex.delgado960,jvega@example.com,NP,Alex,Delgado,Oncology,Experienced Neurology specialist with over 15 years of practice.,inactive,https://example.com/profiles/bdf25844-7b39-40a8-a752-1f9fd3e9fd4b.jpg,MD740914,(872) 537-1887,2024-06-02T14:16:35.055438,2025-08-24T15:34:35.055458
440e8b8a-5274-41da-ade5-6bca252c009e,sonya.heath373,sherryclark@example.net,PA,Sonya,Heath,Pediatrics,Experienced Rheumatology specialist with over 21 years of practice.,inactive,https://example.com/profiles/440e8b8a-5274-41da-ade5-6bca252c009e.jpg,MD804570,(856) 537-7826,2023-11-07T16:57:35.056663,2025-09-06T18:28:35.056697
b1abe44f-4e58-470f-a843-718c3997706f,tammy.morales317,wholt@example.net,Prof.,Tammy,Morales,Orthopedics,Experienced Dermatology specialist with over 20 years of practice.,inactive,https://example.com/profiles/b1abe44f-4e58-470f-a843-718c3997706f.jpg,MD159547,(779) 867-2603,2023-10-16T19:32:35.057478,2025-08-19T21:55:35.057502
9a3d69a0-c471-4de5-af0a-27cefad6d7d5,david.barry902,ebowen@example.net,NP,David,Barry,Hematology,Experienced Pediatrics specialist with over 5 years of practice.,active,https://example.com/profiles/9a3d69a0-c471-4de5-af0a-27cefad6d7d5.jpg,MD615825,(863) 747-4570,2024-08-17T15:51:35.058166,2025-09-15T03:49:35.058184
a633e9d2-5a4e-4f58-82d5-24ceda0141b7,brett.huang733,salinaszachary@example.net,NP,Brett,Huang,Pediatrics,Experienced Orthopedics specialist with over 5 years of practice.,inactive,https://example.com/profiles/a633e9d2-5a4e-4f58-82d5-24ceda0141b7.jpg,MD298275,(734) 795-6571,2025-05-08T16:40:35.058918,2025-08-29T08:15:35.058934
563a3db6-99d6-48de-9863-c9a6d622bba8,victoria.garza192,gregorybenson@example.com,Prof.,Victoria,Garza,Endocrinology,Experienced General Practice specialist with over 17 years of practice.,pending_approval,https://example.com/profiles/563a3db6-99d6-48de-9863-c9a6d622bba8.jpg,MD305067,(405) 669-4897,2024-11-01T11:19:35.059666,2025-08-27T23:10:35.059681
fc8efae0-38f5-4198-a7af-dad308e35410,kimberly.green122,kristina89@example.org,MD,Kimberly,Green,Rheumatology,Experienced General Practice specialist with over 13 years of practice.,active,https://example.com/profiles/fc8efae0-38f5-4198-a7af-dad308e35410.jpg,MD297525,(352) 331-5025,2024-12-18T18:30:35.060252,2025-09-17T00:34:35.060268
ffd0ce5c-5bb3-4aae-ac39-a1376a248b0a,thomas.lane812,kruegermark@example.com,PA,Thomas,Lane,Pediatrics,Experienced Dermatology specialist with over 23 years of practice.,inactive,https://example.com/profiles/ffd0ce5c-5bb3-4aae-ac39-a1376a248b0a.jpg,MD844867,(662) 521-7031,2024-10-01T11:33:35.060994,2025-09-18T05:59:35.061009
03870111-26b7-4a54-a031-25da9363c7e1,roy.scott42,edwardserin@example.net,DO,Roy,Scott,Gastroenterology,Experienced Urology specialist with over 13 years of practice.,active,https://example.com/profiles/03870111-26b7-4a54-a031-25da9363c7e1.jpg,MD304012,(754) 516-5349,2024-09-14T15:44:35.061741,2025-08-24T18:10:35.061757
46067250-a484-4290-a31a-ce03dff9079a,marc.cole402,dporter@example.com,Dr.,Marc,Cole,Geriatrics,Experienced Gastroenterology specialist with over 22 years of practice.,inactive,https://example.com/profiles/46067250-a484-4290-a31a-ce03dff9079a.jpg,MD794861,(973) 295-3416,2024-05-17T12:15:35.062386,2025-08-26T09:08:35.062403
c7d5b71b-188a-488c-b49f-e415805a51d6,jennifer.cooper429,samueljones@example.net,MD,Jennifer,Cooper,Cardiology,Experienced Rheumatology specialist with over 17 years of practice.,active,https://example.com/profiles/c7d5b71b-188a-488c-b49f-e415805a51d6.jpg,MD261293,(410) 353-9864,2023-11-25T02:20:35.063146,2025-08-27T14:00:35.063163
eaa861bb-7d18-4070-b45a-a3dd85d57c86,michelle.allen374,dylan27@example.org,DO,Michelle,Allen,Orthopedics,Experienced Orthopedics specialist with over 18 years of practice.,pending_approval,https://example.com/profiles/eaa861bb-7d18-4070-b45a-a3dd85d57c86.jpg,MD360395,(203) 462-7078,2024-09-05T23:10:35.063717,2025-08-19T23:24:35.063732
ecd093c2-da61-482b-a24e-fee7fc8f5052,michelle.brady341,stanleyclark@example.org,Dr.,Michelle,Brady,General Practice,Experienced Radiology specialist with over 11 years of practice.,pending_approval,https://example.com/profiles/ecd093c2-da61-482b-a24e-fee7fc8f5052.jpg,MD549528,(205) 711-9166,2024-05-08T16:23:35.064755,2025-08-24T12:42:35.064779
a5489a3e-ac73-42ce-933d-cefb30e368a6,jasmin.thompson946,timothyrodriguez@example.org,Prof.,Jasmin,Thompson,Neurology,Experienced General Practice specialist with over 20 years of practice.,suspended,https://example.com/profiles/a5489a3e-ac73-42ce-933d-cefb30e368a6.jpg,MD999495,(434) 790-2011,2024-12-23T12:09:35.065688,2025-09-06T09:00:35.065705
14785fc0-fa35-4102-9221-0f80d4d53aa2,mary.greer533,hsimmons@example.com,Prof.,Mary,Greer,Neurology,Experienced Pulmonology specialist with over 23 years of practice.,suspended,https://example.com/profiles/14785fc0-fa35-4102-9221-0f80d4d53aa2.jpg,MD855889,(360) 634-1284,2025-03-14T12:50:35.066438,2025-09-15T08:25:35.066454
4a4f24e4-6c7d-4117-ad56-8c96da69fb73,daniel.martin455,eric85@example.org,MD,Daniel,Martin,Pediatrics,Experienced Cardiology specialist with over 17 years of practice.,active,https://example.com/profiles/4a4f24e4-6c7d-4117-ad56-8c96da69fb73.jpg,MD580155,(984) 238-8072,2023-11-30T20:00:35.067088,2025-08-20T10:57:35.067104
6ae7562d-f5d1-4bda-aa92-c89570ef85fe,keith.hood980,oray@example.org,MD,Keith,Hood,Gastroenterology,Experienced Geriatrics specialist with over 6 years of practice.,active,https://example.com/profiles/6ae7562d-f5d1-4bda-aa92-c89570ef85fe.jpg,MD317271,(954) 413-5142,2024-11-06T14:59:35.067800,2025-09-04T20:23:35.067828
59200dc5-ded0-45ee-8431-f1416ec12b46,nicholas.case488,amoses@example.org,Prof.,Nicholas,Case,Gastroenterology,Experienced Pulmonology specialist with over 10 years of practice.,active,https://example.com/profiles/59200dc5-ded0-45ee-8431-f1416ec12b46.jpg,MD678009,(435) 902-4893,2023-10-18T02:24:35.068524,2025-08-26T13:07:35.068539
3d7d3f38-141b-4314-95fd-16746bbb37c2,breanna.drake860,anthonywhite@example.com,Dr.,Breanna,Drake,Geriatrics,Experienced Pulmonology specialist with over 25 years of practice.,inactive,https://example.com/profiles/3d7d3f38-141b-4314-95fd-16746bbb37c2.jpg,MD217938,(202) 545-4675,2025-08-24T18:56:35.069378,2025-09-14T04:03:35.069398
a8898975-ea0f-4713-ae25-af5c62000372,wanda.riggs428,davistiffany@example.com,Dr.,Wanda,Riggs,Dermatology,Experienced General Practice specialist with over 9 years of practice.,inactive,https://example.com/profiles/a8898975-ea0f-4713-ae25-af5c62000372.jpg,MD784057,(810) 655-5583,2025-03-16T19:12:35.070256,2025-09-17T23:43:35.070272
8858876e-d42f-4395-a2de-b4f91a4fc8bc,jack.sanders636,dpoole@example.com,PA,Jack,Sanders,Pediatrics,Experienced Urology specialist with over 22 years of practice.,suspended,https://example.com/profiles/8858876e-d42f-4395-a2de-b4f91a4fc8bc.jpg,MD927626,(409) 760-3380,2025-07-17T21:49:35.070962,2025-09-15T04:17:35.070977
72f01eb7-ab8f-4573-b300-14be17ab607b,amy.oneill677,wmarshall@example.org,PA,Amy,Oneill,Cardiology,Experienced Endocrinology specialist with over 10 years of practice.,suspended,https://example.com/profiles/72f01eb7-ab8f-4573-b300-14be17ab607b.jpg,MD704946,(925) 254-5769,2024-12-28T20:16:35.071665,2025-09-05T22:29:35.071681
6407461e-56ac-45ab-a362-1549ea10811d,sandra.drake594,rossjames@example.org,MD,Sandra,Drake,General Practice,Experienced Oncology specialist with over 20 years of practice.,suspended,https://example.com/profiles/6407461e-56ac-45ab-a362-1549ea10811d.jpg,MD113779,(936) 626-1318,2023-11-26T20:05:35.072542,2025-08-24T01:33:35.072558
53286b9e-9c9b-4a51-bce8-ba68ef9a52af,pamela.jennings160,carterjames@example.org,NP,Pamela,Jennings,Oncology,Experienced Pediatrics specialist with over 10 years of practice.,pending_approval,https://example.com/profiles/53286b9e-9c9b-4a51-bce8-ba68ef9a52af.jpg,MD583427,(479) 663-8631,2023-10-09T01:31:35.073912,2025-09-03T16:04:35.073953
c9ff7f57-bbee-47dc-9807-370a67a7e93e,robert.ellis550,sabrina69@example.org,MD,Robert,Ellis,Cardiology,Experienced Rheumatology specialist with over 5 years of practice.,pending_approval,https://example.com/profiles/c9ff7f57-bbee-47dc-9807-370a67a7e93e.jpg,MD536809,(615) 690-8669,2024-06-07T08:34:35.075352,2025-09-17T05:04:35.075472
e1aaa44e-fe4e-481c-a2d8-a04eaeadcf5c,melissa.roy630,rmoore@example.com,PA,Melissa,Roy,Rheumatology,Experienced General Practice specialist with over 22 years of practice.,pending_approval,https://example.com/profiles/e1aaa44e-fe4e-481c-a2d8-a04eaeadcf5c.jpg,MD262595,(724) 734-2004,2024-01-15T05:29:35.076962,2025-08-25T05:04:35.076998
b2d303b0-3f76-4b41-8d43-481528a4c2f3,ryan.allen411,fernandezsusan@example.org,NP,Ryan,Allen,Endocrinology,Experienced Pulmonology specialist with over 13 years of practice.,active,https://example.com/profiles/b2d303b0-3f76-4b41-8d43-481528a4c2f3.jpg,MD558801,(216) 201-6596,2025-03-02T18:57:35.078634,2025-08-29T17:34:35.078676
6395ad97-528d-479b-b3d5-0df89a157154,judith.avila35,jordan25@example.net,MD,Judith,Avila,Pulmonology,Experienced Pulmonology specialist with over 22 years of practice.,active,https://example.com/profiles/6395ad97-528d-479b-b3d5-0df89a157154.jpg,MD933511,(445) 276-7576,2024-08-28T00:31:35.079923,2025-08-22T15:08:35.079973
85549289-85d6-4603-808a-ae7a3c34db2d,jessica.roth377,daniel93@example.net,NP,Jessica,Roth,Endocrinology,Experienced General Practice specialist with over 19 years of practice.,inactive,https://example.com/profiles/85549289-85d6-4603-808a-ae7a3c34db2d.jpg,MD229195,(414) 979-5300,2025-05-05T16:18:35.081132,2025-09-08T02:38:35.081168
84b68a9e-2500-423f-98f9-812a259a6819,cassandra.martinez689,vickiesnyder@example.net,NP,Cassandra,Martinez,Oncology,Experienced Endocrinology specialist with over 17 years of practice.,active,https://example.com/profiles/84b68a9e-2500-423f-98f9-812a259a6819.jpg,MD188857,(947) 818-2402,2023-12-27T16:18:35.082163,2025-09-10T17:00:35.082188
5a1acbfb-5d0f-41e9-8946-7cb39fb05d1f,michelle.moore535,shortjeffrey@example.net,DO,Michelle,Moore,Cardiology,Experienced Gastroenterology specialist with over 20 years of practice.,active,https://example.com/profiles/5a1acbfb-5d0f-41e9-8946-7cb39fb05d1f.jpg,MD825760,(870) 998-7559,2024-05-10T06:38:35.083317,2025-09-14T08:31:35.083342
1f57973c-a127-4ca3-aa51-ba7168ebedf6,brandon.proctor479,bbrown@example.net,NP,Brandon,Proctor,Gastroenterology,Experienced Dermatology specialist with over 20 years of practice.,pending_approval,https://example.com/profiles/1f57973c-a127-4ca3-aa51-ba7168ebedf6.jpg,MD161043,(573) 431-4685,2024-07-11T16:24:35.084079,2025-09-07T10:33:35.084095
dc2dbced-7884-424b-b3fa-7da08ee00cb9,robert.foster612,madison72@example.net,DO,Robert,Foster,Rheumatology,Experienced General Practice specialist with over 25 years of practice.,pending_approval,https://example.com/profiles/dc2dbced-7884-424b-b3fa-7da08ee00cb9.jpg,MD532310,(303) 885-1879,2024-10-19T07:56:35.084763,2025-09-17T15:02:35.084779
0824c584-b439-4c12-a114-a82840bf3bd1,deanna.kelly1,briannabaker@example.net,Dr.,Deanna,Kelly,Urology,Experienced Dermatology specialist with over 8 years of practice.,suspended,https://example.com/profiles/0824c584-b439-4c12-a114-a82840bf3bd1.jpg,MD682240,(678) 228-3893,2025-09-06T22:58:35.085734,2025-09-14T22:19:35.085770
9d8cb4bd-3ce5-436c-9fe2-e600aec75aca,courtney.brooks296,gsharp@example.net,PA,Courtney,Brooks,Urology,Experienced Geriatrics specialist with over 25 years of practice.,inactive,https://example.com/profiles/9d8cb4bd-3ce5-436c-9fe2-e600aec75aca.jpg,MD837494,(414) 233-2341,2025-09-06T12:50:35.086513,2025-08-30T18:38:35.086530
f5575362-8c50-4423-8c65-475f209366f6,ryan.cabrera927,xgoodman@example.com,PA,Ryan,Cabrera,Urology,Experienced Oncology specialist with over 25 years of practice.,suspended,https://example.com/profiles/f5575362-8c50-4423-8c65-475f209366f6.jpg,MD807200,(628) 855-4769,2024-01-14T20:41:35.087255,2025-08-30T10:33:35.087272
1b627d0f-15b1-40ba-b2d0-256ee076e550,meghan.smith767,gardnerelizabeth@example.org,MD,Meghan,Smith,Oncology,Experienced Geriatrics specialist with over 16 years of practice.,inactive,https://example.com/profiles/1b627d0f-15b1-40ba-b2d0-256ee076e550.jpg,MD502210,(534) 885-3715,2025-07-24T00:56:35.088126,2025-09-07T00:54:35.088141
f094724a-3e2d-4da1-9cd6-46709580f331,annette.kirby358,brookemartin@example.org,NP,Annette,Kirby,Hematology,Experienced Rheumatology specialist with over 14 years of practice.,active,https://example.com/profiles/f094724a-3e2d-4da1-9cd6-46709580f331.jpg,MD931882,(682) 295-4074,2025-01-17T19:02:35.089066,2025-08-25T14:12:35.089085
95e612f3-af8a-43d2-9469-7b5a9f34acb6,rebecca.frank236,nicole39@example.org,DO,Rebecca,Frank,Radiology,Experienced Pulmonology specialist with over 23 years of practice.,suspended,https://example.com/profiles/95e612f3-af8a-43d2-9469-7b5a9f34acb6.jpg,MD497746,(910) 317-7172,2025-09-14T17:41:35.090363,2025-09-08T18:12:35.090402
b69521c2-66b3-4c4b-b8ff-fdf23ded0395,joshua.daniels91,richardsglenn@example.org,DO,Joshua,Daniels,Orthopedics,Experienced Dermatology specialist with over 16 years of practice.,pending_approval,https://example.com/profiles/b69521c2-66b3-4c4b-b8ff-fdf23ded0395.jpg,MD745269,(717) 728-9341,2025-07-01T01:44:35.091776,2025-08-31T14:59:35.091801
e525fc04-1558-4b68-8124-fb9d1058118e,michael.lee528,glennbernard@example.org,Dr.,Michael,Lee,Hematology,Experienced Pediatrics specialist with over 21 years of practice.,suspended,https://example.com/profiles/e525fc04-1558-4b68-8124-fb9d1058118e.jpg,MD279217,(573) 952-1739,2023-10-29T22:33:35.092938,2025-09-11T01:40:35.092965
b7159a89-fcd2-44b1-9670-f007e15c2df5,michael.williams28,rebecca55@example.org,PA,Michael,Williams,Radiology,Experienced Hematology specialist with over 10 years of practice.,pending_approval,https://example.com/profiles/b7159a89-fcd2-44b1-9670-f007e15c2df5.jpg,MD492047,(513) 524-3381,2024-06-24T10:24:35.093817,2025-09-16T06:04:35.093836
f99bf1e6-fae0-4811-8861-9d054ff71946,daniel.dyer120,veronicacampbell@example.net,Dr.,Daniel,Dyer,Dermatology,Experienced Psychiatry specialist with over 7 years of practice.,pending_approval,https://example.com/profiles/f99bf1e6-fae0-4811-8861-9d054ff71946.jpg,MD530292,(762) 723-6267,2024-01-18T02:09:35.094817,2025-09-14T07:46:35.094838
58f1c235-01b6-49e4-9677-b56a06a0d5f3,felicia.johnson366,jcarpenter@example.net,PA,Felicia,Johnson,Radiology,Experienced Gastroenterology specialist with over 21 years of practice.,inactive,https://example.com/profiles/58f1c235-01b6-49e4-9677-b56a06a0d5f3.jpg,MD154856,(803) 940-4253,2023-11-23T01:17:35.095899,2025-08-20T17:01:35.095924
76aa820f-75f7-42a3-8a61-b64c1956e80e,justin.logan899,karisanchez@example.org,Dr.,Justin,Logan,General Practice,Experienced General Practice specialist with over 18 years of practice.,pending_approval,https://example.com/profiles/76aa820f-75f7-42a3-8a61-b64c1956e80e.jpg,MD262385,(650) 830-9115,2023-11-11T06:01:35.096947,2025-09-08T23:43:35.096966
ee50d209-91ff-4331-be03-a3df21b432c5,kelly.sanchez560,brittanyanderson@example.net,Prof.,Kelly,Sanchez,Urology,Experienced Gastroenterology specialist with over 24 years of practice.,inactive,https://example.com/profiles/ee50d209-91ff-4331-be03-a3df21b432c5.jpg,MD167358,(571) 681-5184,2024-01-04T10:27:35.097927,2025-09-10T19:42:35.097944
221acab7-427b-489a-a3e9-b4fc290127a9,anthony.elliott396,daviddecker@example.com,Dr.,Anthony,Elliott,Orthopedics,Experienced Geriatrics specialist with over 23 years of practice.,inactive,https://example.com/profiles/221acab7-427b-489a-a3e9-b4fc290127a9.jpg,MD577801,(316) 693-9972,2025-01-03T12:31:35.098887,2025-08-25T04:56:35.098906
5a91fcdd-2f00-4a5e-9252-a2d3fa931d8d,karen.davis269,wallacemathew@example.net,DO,Karen,Davis,Endocrinology,Experienced Rheumatology specialist with over 10 years of practice.,suspended,https://example.com/profiles/5a91fcdd-2f00-4a5e-9252-a2d3fa931d8d.jpg,MD452268,(912) 248-5447,2024-10-02T05:22:35.099824,2025-08-24T04:34:35.099845
eba34fe0-fe48-4b5c-bfa6-c12d3a2138ed,philip.velez457,stephaniewilson@example.org,DO,Philip,Velez,Rheumatology,Experienced Rheumatology specialist with over 20 years of practice.,pending_approval,https://example.com/profiles/eba34fe0-fe48-4b5c-bfa6-c12d3a2138ed.jpg,MD407436,(567) 537-9400,2024-12-28T19:13:35.100772,2025-09-10T07:46:35.100797
a84c599b-f7cb-4449-bfa3-2ecb7648b83e,tammy.morales285,castillokyle@example.com,Dr.,Tammy,Morales,Gastroenterology,Experienced General Practice specialist with over 23 years of practice.,inactive,https://example.com/profiles/a84c599b-f7cb-4449-bfa3-2ecb7648b83e.jpg,MD536153,(202) 907-6378,2024-01-11T20:50:35.101809,2025-08-27T19:40:35.101830
862fea38-9968-4c36-bb66-a38df177164e,joshua.jones680,cruzcaitlin@example.com,Dr.,Joshua,Jones,Hematology,Experienced Oncology specialist with over 17 years of practice.,inactive,https://example.com/profiles/862fea38-9968-4c36-bb66-a38df177164e.jpg,MD640994,(979) 227-2816,2025-04-16T01:08:35.102711,2025-09-03T00:11:35.102727
c69bd4f4-3d4b-451f-a8fb-41aa3187537b,danielle.knight302,ypeterson@example.org,DO,Danielle,Knight,Neurology,Experienced Radiology specialist with over 16 years of practice.,suspended,https://example.com/profiles/c69bd4f4-3d4b-451f-a8fb-41aa3187537b.jpg,MD224600,(269) 568-7710,2024-02-29T21:53:35.103449,2025-08-28T05:17:35.103466
67ce36d6-bfe1-4e74-9f12-812e838330a4,brenda.white944,ojones@example.org,Prof.,Brenda,White,Dermatology,Experienced Rheumatology specialist with over 5 years of practice.,suspended,https://example.com/profiles/67ce36d6-bfe1-4e74-9f12-812e838330a4.jpg,MD451574,(520) 730-1495,2024-10-31T02:55:35.104170,2025-09-07T08:53:35.104186
78f66741-06be-49f0-841f-98c3ea18599c,timothy.hall724,banderson@example.com,Prof.,Timothy,Hall,Rheumatology,Experienced Orthopedics specialist with over 12 years of practice.,inactive,https://example.com/profiles/78f66741-06be-49f0-841f-98c3ea18599c.jpg,MD155425,(475) 650-3887,2023-11-22T11:13:35.104972,2025-08-20T18:57:35.104993
07a862c9-97be-4c19-990a-7fca116af485,thomas.hernandez550,gking@example.org,DO,Thomas,Hernandez,Geriatrics,Experienced Orthopedics specialist with over 14 years of practice.,suspended,https://example.com/profiles/07a862c9-97be-4c19-990a-7fca116af485.jpg,MD469249,(754) 392-2026,2025-06-04T05:21:35.105719,2025-09-17T03:27:35.105743
b92d46fa-cbdc-4f0a-9d39-2d09a8ec9d84,jacqueline.zamora716,zmartinez@example.org,Dr.,Jacqueline,Zamora,Urology,Experienced Geriatrics specialist with over 22 years of practice.,suspended,https://example.com/profiles/b92d46fa-cbdc-4f0a-9d39-2d09a8ec9d84.jpg,MD665797,(239) 604-7818,2025-07-01T23:17:35.106968,2025-08-22T00:39:35.107012
3bc212f8-1840-42b4-ba9c-4d3cf83a4fc1,anthony.duncan638,donnasuarez@example.com,PA,Anthony,Duncan,Pediatrics,Experienced Pulmonology specialist with over 17 years of practice.,inactive,https://example.com/profiles/3bc212f8-1840-42b4-ba9c-4d3cf83a4fc1.jpg,MD470817,(770) 533-5857,2025-06-29T17:02:35.109241,2025-09-19T04:21:35.109370
133d45d4-776b-4474-80a4-c298450b7f4a,leslie.taylor876,leejanet@example.org,PA,Leslie,Taylor,Geriatrics,Experienced Pediatrics specialist with over 9 years of practice.,active,https://example.com/profiles/133d45d4-776b-4474-80a4-c298450b7f4a.jpg,MD279679,(903) 921-9852,2024-08-24T20:24:35.110878,2025-09-17T23:08:35.110903
e6b65a42-7f5c-4246-8b1f-485d1270a696,michael.hall976,michael51@example.com,PA,Michael,Hall,Oncology,Experienced Pulmonology specialist with over 23 years of practice.,pending_approval,https://example.com/profiles/e6b65a42-7f5c-4246-8b1f-485d1270a696.jpg,MD284133,(912) 713-3561,2023-10-10T16:43:35.111641,2025-09-05T08:40:35.111659
0ad7362a-6ce0-407f-8a40-a57dbf6fa1de,jason.ingram158,perkinsdaniel@example.org,Dr.,Jason,Ingram,Neurology,Experienced Endocrinology specialist with over 12 years of practice.,inactive,https://example.com/profiles/0ad7362a-6ce0-407f-8a40-a57dbf6fa1de.jpg,MD954056,(914) 768-8541,2025-06-17T10:13:35.113086,2025-08-23T04:48:35.113116
6615d875-4a2d-451a-8a62-640ad4b85480,elizabeth.williams764,lwashington@example.com,Prof.,Elizabeth,Williams,Cardiology,Experienced Hematology specialist with over 18 years of practice.,suspended,https://example.com/profiles/6615d875-4a2d-451a-8a62-640ad4b85480.jpg,MD648357,(773) 500-3077,2024-06-22T10:31:35.113945,2025-09-01T21:53:35.113962
6fa5266c-f978-446c-8e7d-9754878f4845,dana.green438,nicholasfigueroa@example.org,PA,Dana,Green,Pediatrics,Experienced Geriatrics specialist with over 20 years of practice.,inactive,https://example.com/profiles/6fa5266c-f978-446c-8e7d-9754878f4845.jpg,MD654889,(808) 956-7204,2025-08-20T10:46:35.114849,2025-09-15T09:29:35.114864
9d69cc6d-314f-45dc-ae72-b925370ac214,eric.davis935,jeanking@example.net,DO,Eric,Davis,Rheumatology,Experienced Neurology specialist with over 13 years of practice.,suspended,https://example.com/profiles/9d69cc6d-314f-45dc-ae72-b925370ac214.jpg,MD183879,(205) 616-3981,2023-11-07T16:47:35.115757,2025-08-24T02:44:35.115783
9a493a48-0b3f-4bf6-88b6-a906a0d695f7,manuel.huynh654,garzajill@example.org,NP,Manuel,Huynh,Psychiatry,Experienced Psychiatry specialist with over 20 years of practice.,inactive,https://example.com/profiles/9a493a48-0b3f-4bf6-88b6-a906a0d695f7.jpg,MD458742,(762) 377-4160,2023-11-24T05:07:35.116723,2025-08-24T19:30:35.116742
ac9ef811-d15e-418a-ad2d-0037bd18a0c6,kevin.daniels660,fwilliams@example.net,NP,Kevin,Daniels,Dermatology,Experienced Dermatology specialist with over 13 years of practice.,pending_approval,https://example.com/profiles/ac9ef811-d15e-418a-ad2d-0037bd18a0c6.jpg,MD323310,(631) 743-6840,2023-09-27T15:31:35.117452,2025-09-13T08:53:35.117467
6040ec7f-485f-4d3f-810b-21df3115aede,patrick.andrews795,nicoletodd@example.net,DO,Patrick,Andrews,Neurology,Experienced General Practice specialist with over 10 years of practice.,pending_approval,https://example.com/profiles/6040ec7f-485f-4d3f-810b-21df3115aede.jpg,MD955443,(786) 223-6114,2023-09-24T04:11:35.118314,2025-09-11T08:13:35.118329
f1fbd950-dba3-4547-bc85-de940a95271d,brittany.grant745,cody90@example.org,Prof.,Brittany,Grant,Pediatrics,Experienced Pediatrics specialist with over 15 years of practice.,pending_approval,https://example.com/profiles/f1fbd950-dba3-4547-bc85-de940a95271d.jpg,MD530487,(901) 818-4652,2024-02-04T19:04:35.118970,2025-08-20T19:20:35.118986
78c02980-c326-48fd-a18c-19779d83f537,matthew.moran40,susan40@example.net,MD,Matthew,Moran,Gastroenterology,Experienced Gastroenterology specialist with over 18 years of practice.,suspended,https://example.com/profiles/78c02980-c326-48fd-a18c-19779d83f537.jpg,MD685018,(913) 270-6893,2024-01-30T20:21:35.119612,2025-08-25T00:36:35.119627
2422364f-ac0f-4ead-bc6c-ef4a1fc7fa24,matthew.gordon891,jill83@example.net,NP,Matthew,Gordon,Rheumatology,Experienced Neurology specialist with over 21 years of practice.,suspended,https://example.com/profiles/2422364f-ac0f-4ead-bc6c-ef4a1fc7fa24.jpg,MD982281,(641) 589-1166,2024-11-19T01:29:35.120293,2025-08-29T01:14:35.120311
88baca89-3301-4c60-a700-125821bf0b2e,amber.kaufman688,holly72@example.com,DO,Amber,Kaufman,Urology,Experienced Neurology specialist with over 11 years of practice.,inactive,https://example.com/profiles/88baca89-3301-4c60-a700-125821bf0b2e.jpg,MD846245,(417) 838-2155,2023-10-14T04:43:35.120966,2025-09-01T14:40:35.120981
6dfedd13-79ac-4b02-aa6e-9dfbc4f1c93c,kristina.smith361,raymond29@example.org,PA,Kristina,Smith,Rheumatology,Experienced Rheumatology specialist with over 5 years of practice.,active,https://example.com/profiles/6dfedd13-79ac-4b02-aa6e-9dfbc4f1c93c.jpg,MD791258,(760) 365-4918,2023-10-26T14:45:35.121617,2025-08-19T23:24:35.121639
a8bd9bf0-b327-4c67-82f7-6f5947b7fcc9,michael.bradshaw861,jillian19@example.com,PA,Michael,Bradshaw,Oncology,Experienced Geriatrics specialist with over 18 years of practice.,pending_approval,https://example.com/profiles/a8bd9bf0-b327-4c67-82f7-6f5947b7fcc9.jpg,MD133317,(843) 622-1393,2023-12-07T16:23:35.122295,2025-09-09T03:58:35.122309
a9c88908-1e8d-4e4e-a442-82a01d03d57c,gary.moore88,mollysmith@example.org,Prof.,Gary,Moore,Dermatology,Experienced Neurology specialist with over 12 years of practice.,active,https://example.com/profiles/a9c88908-1e8d-4e4e-a442-82a01d03d57c.jpg,MD827511,(325) 447-9266,2024-04-27T07:06:35.123305,2025-08-25T21:52:35.123335
16b9c038-2f0e-4a38-ba40-df492ac7d39f,amanda.gomez558,tjackson@example.com,Prof.,Amanda,Gomez,Neurology,Experienced Psychiatry specialist with over 18 years of practice.,active,https://example.com/profiles/16b9c038-2f0e-4a38-ba40-df492ac7d39f.jpg,MD436035,(918) 993-2240,2025-08-10T16:18:35.124138,2025-09-19T06:38:35.124155
901ffa29-975a-4d6f-b858-8dcd63cc68aa,george.jenkins839,nicole01@example.org,Prof.,George,Jenkins,Hematology,Experienced Rheumatology specialist with over 13 years of practice.,inactive,https://example.com/profiles/901ffa29-975a-4d6f-b858-8dcd63cc68aa.jpg,MD441916,(727) 669-1346,2025-05-09T13:20:35.124852,2025-09-04T18:51:35.124869
85bf798d-5d18-4d04-b161-d194acb32fde,laura.sanchez524,christopher99@example.org,DO,Laura,Sanchez,Endocrinology,Experienced Pediatrics specialist with over 17 years of practice.,pending_approval,https://example.com/profiles/85bf798d-5d18-4d04-b161-d194acb32fde.jpg,MD737694,(769) 875-7030,2024-06-02T11:03:35.125504,2025-08-31T12:04:35.125520
77d36d61-78e3-4bfc-84ce-54cc123afca8,brooke.french303,sfoster@example.com,MD,Brooke,French,Urology,Experienced Pediatrics specialist with over 23 years of practice.,pending_approval,https://example.com/profiles/77d36d61-78e3-4bfc-84ce-54cc123afca8.jpg,MD741314,(937) 579-7026,2025-08-23T23:41:35.126208,2025-08-21T13:46:35.126222
57e30f1b-2a66-46cd-a412-711672ad87e2,bernard.ortiz705,bakermariah@example.com,NP,Bernard,Ortiz,Pulmonology,Experienced General Practice specialist with over 23 years of practice.,active,https://example.com/profiles/57e30f1b-2a66-46cd-a412-711672ad87e2.jpg,MD564634,(321) 507-9420,2024-09-11T00:04:35.127070,2025-09-16T16:47:35.127087
88fbf6ac-fc41-4b52-a157-9a1389f08bd9,maria.williams640,russell21@example.com,MD,Maria,Williams,Geriatrics,Experienced Pediatrics specialist with over 9 years of practice.,pending_approval,https://example.com/profiles/88fbf6ac-fc41-4b52-a157-9a1389f08bd9.jpg,MD250378,(256) 664-9676,2023-11-28T17:51:35.128409,2025-08-26T07:36:35.128462
992de8ef-99f4-49eb-9b85-50e6d8680bd8,mary.holland666,lovechristina@example.org,MD,Mary,Holland,Gastroenterology,Experienced Endocrinology specialist with over 24 years of practice.,inactive,https://example.com/profiles/992de8ef-99f4-49eb-9b85-50e6d8680bd8.jpg,MD197026,(603) 583-9051,2024-11-20T11:43:35.129622,2025-09-09T05:58:35.129644
47fa91e2-06f9-474f-9554-318093ceb2f2,jo.miller824,johnhines@example.net,Prof.,Jo,Miller,Dermatology,Experienced General Practice specialist with over 20 years of practice.,suspended,https://example.com/profiles/47fa91e2-06f9-474f-9554-318093ceb2f2.jpg,MD902196,(540) 674-4317,2025-08-23T17:15:35.130548,2025-08-25T16:52:35.130566
7cb0864b-f698-4424-85c5-f6c6516f13da,christine.taylor308,mary11@example.net,Dr.,Christine,Taylor,Hematology,Experienced Psychiatry specialist with over 12 years of practice.,inactive,https://example.com/profiles/7cb0864b-f698-4424-85c5-f6c6516f13da.jpg,MD858639,(308) 372-5661,2024-12-01T09:14:35.131232,2025-08-28T04:24:35.131250
13d806ab-0d79-4f2b-9b34-7615c7bebcbc,jeffrey.phelps206,barnesandrew@example.net,DO,Jeffrey,Phelps,Neurology,Experienced Orthopedics specialist with over 25 years of practice.,active,https://example.com/profiles/13d806ab-0d79-4f2b-9b34-7615c7bebcbc.jpg,MD703848,(518) 292-3884,2025-06-20T16:04:35.132115,2025-09-17T22:16:35.132132
66e4637f-aa1e-4f37-9780-3a1d239222b2,douglas.tucker851,floresjuan@example.org,NP,Douglas,Tucker,Geriatrics,Experienced Psychiatry specialist with over 20 years of practice.,pending_approval,https://example.com/profiles/66e4637f-aa1e-4f37-9780-3a1d239222b2.jpg,MD711314,(936) 262-1440,2024-12-03T18:23:35.132978,2025-08-21T01:56:35.132993
d367bb84-b3db-4ea2-8687-7bd15c2f6459,sandra.goodman140,wellsryan@example.org,NP,Sandra,Goodman,Neurology,Experienced General Practice specialist with over 15 years of practice.,pending_approval,https://example.com/profiles/d367bb84-b3db-4ea2-8687-7bd15c2f6459.jpg,MD526389,(206) 288-2424,2025-05-26T03:10:35.133789,2025-09-09T10:15:35.133805
cbfe6c9a-3ba8-4595-95f2-ce06fe23c6db,peter.robinson239,alex95@example.org,MD,Peter,Robinson,Psychiatry,Experienced Urology specialist with over 7 years of practice.,inactive,https://example.com/profiles/cbfe6c9a-3ba8-4595-95f2-ce06fe23c6db.jpg,MD324750,(978) 985-8084,2023-10-12T04:04:35.134400,2025-09-04T20:27:35.134415
cfd04bea-662c-46bb-8788-821372a75227,steven.gonzalez426,bdavis@example.net,Dr.,Steven,Gonzalez,Geriatrics,Experienced Urology specialist with over 12 years of practice.,pending_approval,https://example.com/profiles/cfd04bea-662c-46bb-8788-821372a75227.jpg,MD959189,(337) 318-2908,2025-04-18T09:12:35.135194,2025-09-13T14:56:35.135213
4d4d68df-7346-4951-9b99-50b875be4b2b,dwayne.walker905,harrismichelle@example.org,NP,Dwayne,Walker,Hematology,Experienced Endocrinology specialist with over 12 years of practice.,active,https://example.com/profiles/4d4d68df-7346-4951-9b99-50b875be4b2b.jpg,MD196748,(580) 806-6002,2024-02-24T08:51:35.136045,2025-08-30T17:23:35.136061
933bec3d-047a-407c-b55a-e5cd80eb85ab,kristin.wilson52,justin16@example.com,PA,Kristin,Wilson,Endocrinology,Experienced Pulmonology specialist with over 18 years of practice.,pending_approval,https://example.com/profiles/933bec3d-047a-407c-b55a-e5cd80eb85ab.jpg,MD948895,(669) 361-4084,2025-05-22T15:55:35.136676,2025-08-28T15:06:35.136690
0a9b2106-4c35-48b2-aaed-5f049344227e,derrick.gonzalez605,pricejoshua@example.com,Dr.,Derrick,Gonzalez,General Practice,Experienced Endocrinology specialist with over 11 years of practice.,inactive,https://example.com/profiles/0a9b2106-4c35-48b2-aaed-5f049344227e.jpg,MD436523,(717) 775-4389,2025-06-14T19:52:35.137516,2025-09-11T20:05:35.137534
4a12254e-b4be-4e74-8101-249db17ef090,darren.curry884,ewhite@example.net,NP,Darren,Curry,Pulmonology,Experienced Urology specialist with over 6 years of practice.,pending_approval,https://example.com/profiles/4a12254e-b4be-4e74-8101-249db17ef090.jpg,MD846087,(269) 695-2393,2025-09-07T13:48:35.138246,2025-08-27T16:04:35.138289
9ae61abe-6c37-4245-acef-f73c7af6666d,patricia.mills577,wtapia@example.org,Dr.,Patricia,Mills,Gastroenterology,Experienced Urology specialist with over 14 years of practice.,active,https://example.com/profiles/9ae61abe-6c37-4245-acef-f73c7af6666d.jpg,MD436655,(218) 314-4918,2025-02-21T05:00:35.139000,2025-08-26T02:44:35.139015
7fb6e909-254e-4ff9-b57f-bc2d6dc01b0b,robert.schwartz976,cassandra29@example.org,MD,Robert,Schwartz,Psychiatry,Experienced Radiology specialist with over 5 years of practice.,suspended,https://example.com/profiles/7fb6e909-254e-4ff9-b57f-bc2d6dc01b0b.jpg,MD180334,(531) 731-8778,2024-08-14T22:58:35.139749,2025-08-23T11:30:35.139781
914515c1-d42b-436b-8527-8b34cf629b0e,lori.beard465,kennedymichele@example.org,MD,Lori,Beard,General Practice,Experienced Psychiatry specialist with over 25 years of practice.,suspended,https://example.com/profiles/914515c1-d42b-436b-8527-8b34cf629b0e.jpg,MD259408,(502) 277-7182,2025-02-18T06:36:35.141083,2025-09-19T03:19:35.141153
4e8c0c6b-89e2-4ff9-9728-eb29c0456884,william.alexander510,hufftroy@example.net,NP,William,Alexander,Endocrinology,Experienced Endocrinology specialist with over 25 years of practice.,active,https://example.com/profiles/4e8c0c6b-89e2-4ff9-9728-eb29c0456884.jpg,MD430780,(775) 231-4079,2024-02-09T14:37:35.142837,2025-08-23T03:58:35.142872
25838fff-fbb5-48c4-8f35-b846120e96c0,anne.thompson435,blakejackson@example.net,DO,Anne,Thompson,Rheumatology,Experienced Cardiology specialist with over 5 years of practice.,pending_approval,https://example.com/profiles/25838fff-fbb5-48c4-8f35-b846120e96c0.jpg,MD722652,(985) 487-7596,2024-01-16T21:36:35.144261,2025-08-28T14:46:35.144297
b27ca597-270f-42d2-b3a8-19533e0238cb,jeffrey.parker882,christian72@example.org,NP,Jeffrey,Parker,General Practice,Experienced Neurology specialist with over 11 years of practice.,suspended,https://example.com/profiles/b27ca597-270f-42d2-b3a8-19533e0238cb.jpg,MD162144,(217) 704-2771,2023-10-22T23:28:35.145259,2025-08-24T09:11:35.145280
50ec6cf6-151f-4f9b-9cd6-b42b007a4c0d,joseph.patterson28,laura86@example.net,PA,Joseph,Patterson,Urology,Experienced Endocrinology specialist with over 13 years of practice.,active,https://example.com/profiles/50ec6cf6-151f-4f9b-9cd6-b42b007a4c0d.jpg,MD686608,(757) 402-5090,2025-03-17T03:42:35.145978,2025-09-13T09:10:35.145995
c5545d51-a75a-4d56-a9a9-a83a0edad61b,jonathan.hudson771,martinmorgan@example.net,DO,Jonathan,Hudson,Pediatrics,Experienced Urology specialist with over 14 years of practice.,pending_approval,https://example.com/profiles/c5545d51-a75a-4d56-a9a9-a83a0edad61b.jpg,MD829646,(915) 910-9620,2024-03-03T03:22:35.146847,2025-08-21T13:51:35.146863
2715933e-8b7e-43db-841b-a67e4cb3b018,mike.perez250,robertbradley@example.com,DO,Mike,Perez,Pediatrics,Experienced Cardiology specialist with over 23 years of practice.,suspended,https://example.com/profiles/2715933e-8b7e-43db-841b-a67e4cb3b018.jpg,MD295563,(360) 737-6325,2024-03-13T11:52:35.147729,2025-08-28T22:26:35.147746
5d24a61d-0f42-4d83-94b1-285438164b7a,haley.thompson969,rgross@example.org,MD,Haley,Thompson,Oncology,Experienced Psychiatry specialist with over 15 years of practice.,active,https://example.com/profiles/5d24a61d-0f42-4d83-94b1-285438164b7a.jpg,MD321850,(321) 789-7894,2025-08-26T03:03:35.148464,2025-09-09T17:06:35.148480
5d2cf914-c61b-46a0-bdc3-18abf0e00056,denise.krause170,larsonjeremy@example.com,Prof.,Denise,Krause,Radiology,Experienced Urology specialist with over 22 years of practice.,inactive,https://example.com/profiles/5d2cf914-c61b-46a0-bdc3-18abf0e00056.jpg,MD674414,(845) 400-7494,2024-02-20T13:49:35.149384,2025-09-15T02:27:35.149402
6213ad9c-e193-412c-821e-b46f24138f68,connie.edwards18,greg64@example.org,Dr.,Connie,Edwards,Oncology,Experienced Neurology specialist with over 18 years of practice.,pending_approval,https://example.com/profiles/6213ad9c-e193-412c-821e-b46f24138f68.jpg,MD560299,(681) 731-6098,2024-07-22T20:04:35.150037,2025-08-25T01:28:35.150052
be0c038a-fe10-49e5-9f59-b9772fdde92f,manuel.lawrence442,conleyantonio@example.org,NP,Manuel,Lawrence,Urology,Experienced Oncology specialist with over 8 years of practice.,suspended,https://example.com/profiles/be0c038a-fe10-49e5-9f59-b9772fdde92f.jpg,MD342103,(847) 985-2447,2025-05-09T08:36:35.150889,2025-09-12T06:32:35.150904
b58aab4f-0483-46dc-a1d7-6b0ebf50fc3f,thomas.jones341,fwilliams@example.net,MD,Thomas,Jones,Geriatrics,Experienced Rheumatology specialist with over 20 years of practice.,suspended,https://example.com/profiles/b58aab4f-0483-46dc-a1d7-6b0ebf50fc3f.jpg,MD139129,(331) 466-6871,2024-04-12T01:01:35.151606,2025-09-03T06:54:35.151621
26655238-8c61-4fc0-9162-2a45278648d2,cynthia.mclaughlin768,jeffrey88@example.com,MD,Cynthia,Mclaughlin,Oncology,Experienced Endocrinology specialist with over 16 years of practice.,suspended,https://example.com/profiles/26655238-8c61-4fc0-9162-2a45278648d2.jpg,MD286921,(916) 315-6105,2023-09-22T03:17:35.152245,2025-09-07T07:57:35.152259
66faef92-0295-4721-9c1d-44af6a28998d,joshua.bryant425,fluna@example.net,PA,Joshua,Bryant,Pulmonology,Experienced Gastroenterology specialist with over 8 years of practice.,pending_approval,https://example.com/profiles/66faef92-0295-4721-9c1d-44af6a28998d.jpg,MD505495,(218) 403-7144,2025-07-04T07:28:35.152943,2025-08-31T04:36:35.152957
6e861790-9fac-4006-9c15-f5316920ef3c,karen.bridges767,natalie46@example.com,NP,Karen,Bridges,Cardiology,Experienced Pediatrics specialist with over 15 years of practice.,pending_approval,https://example.com/profiles/6e861790-9fac-4006-9c15-f5316920ef3c.jpg,MD843731,(561) 588-6744,2024-12-29T04:14:35.153593,2025-09-06T17:46:35.153608
51c60b18-ddab-44f7-95c9-eb49dbc21d5c,david.mcdowell389,richardmiddleton@example.org,PA,David,Mcdowell,Oncology,Experienced Neurology specialist with over 20 years of practice.,suspended,https://example.com/profiles/51c60b18-ddab-44f7-95c9-eb49dbc21d5c.jpg,MD193852,(551) 227-4250,2024-11-25T12:44:35.154448,2025-08-29T12:41:35.154463
3083ba7b-bc8b-4e91-874f-be30b77c447e,michael.phillips288,stonelisa@example.net,MD,Michael,Phillips,Psychiatry,Experienced Radiology specialist with over 18 years of practice.,active,https://example.com/profiles/3083ba7b-bc8b-4e91-874f-be30b77c447e.jpg,MD109297,(505) 207-2412,2025-06-16T14:35:35.155320,2025-08-30T05:52:35.155336
bac70268-b29a-4d10-8d0c-9cb7ab7a39cb,chelsea.johnson509,hernandezthomas@example.net,Prof.,Chelsea,Johnson,Neurology,Experienced Pulmonology specialist with over 23 years of practice.,suspended,https://example.com/profiles/bac70268-b29a-4d10-8d0c-9cb7ab7a39cb.jpg,MD380028,(336) 907-2621,2023-11-21T10:12:35.156256,2025-09-04T10:06:35.156275
86ab2c1d-fe44-4f2c-b421-f65d8cf4eedb,gary.cameron823,waterskyle@example.org,Prof.,Gary,Cameron,Pulmonology,Experienced Neurology specialist with over 22 years of practice.,pending_approval,https://example.com/profiles/86ab2c1d-fe44-4f2c-b421-f65d8cf4eedb.jpg,MD790089,(252) 794-6322,2023-10-24T13:33:35.157196,2025-09-18T15:49:35.157214
fd42cd9f-39bd-4d82-bb03-b871315239c3,heidi.santos265,psmith@example.com,Dr.,Heidi,Santos,Endocrinology,Experienced Radiology specialist with over 16 years of practice.,active,https://example.com/profiles/fd42cd9f-39bd-4d82-bb03-b871315239c3.jpg,MD670001,(321) 271-4096,2024-07-24T11:11:35.157988,2025-09-11T09:46:35.158005
a8623d3b-b26b-4eb3-82eb-6237c8f04b6b,robert.khan282,rogersbenjamin@example.net,PA,Robert,Khan,Oncology,Experienced Oncology specialist with over 11 years of practice.,suspended,https://example.com/profiles/a8623d3b-b26b-4eb3-82eb-6237c8f04b6b.jpg,MD952441,(810) 234-1255,2023-10-12T20:50:35.158921,2025-08-24T18:02:35.158935
8e1fcdd8-f962-4c38-bd41-69c97884ab90,john.adams585,pvargas@example.org,MD,John,Adams,Pediatrics,Experienced Gastroenterology specialist with over 14 years of practice.,inactive,https://example.com/profiles/8e1fcdd8-f962-4c38-bd41-69c97884ab90.jpg,MD722767,(661) 461-5670,2023-12-31T10:37:35.159563,2025-09-05T15:40:35.159577
81676fbb-a5a6-4066-9269-8fedcb9bd756,anthony.webb301,bwade@example.com,Prof.,Anthony,Webb,Endocrinology,Experienced Urology specialist with over 16 years of practice.,suspended,https://example.com/profiles/81676fbb-a5a6-4066-9269-8fedcb9bd756.jpg,MD236766,(817) 551-3761,2024-04-25T10:01:35.160184,2025-09-15T20:02:35.160197
e2929572-1994-4821-bf49-c9e507beb4b9,thomas.moody761,kelleyderek@example.net,NP,Thomas,Moody,Endocrinology,Experienced Rheumatology specialist with over 11 years of practice.,pending_approval,https://example.com/profiles/e2929572-1994-4821-bf49-c9e507beb4b9.jpg,MD420898,(808) 793-5662,2023-10-06T23:24:35.160929,2025-09-14T02:41:35.160941
b90fbd10-419d-44f3-8384-53b2c21e884f,isaac.jenkins691,ppruitt@example.com,Dr.,Isaac,Jenkins,Radiology,Experienced Hematology specialist with over 22 years of practice.,inactive,https://example.com/profiles/b90fbd10-419d-44f3-8384-53b2c21e884f.jpg,MD963305,(407) 632-5562,2024-04-10T14:30:35.161558,2025-08-28T07:18:35.161572
8053f4cc-3ecb-4ac8-9f83-94a94c8353a2,kimberly.mendez979,gromero@example.com,NP,Kimberly,Mendez,Dermatology,Experienced Dermatology specialist with over 7 years of practice.,suspended,https://example.com/profiles/8053f4cc-3ecb-4ac8-9f83-94a94c8353a2.jpg,MD113379,(812) 769-2694,2025-05-13T12:16:35.162162,2025-08-31T00:21:35.162175
dbe9e615-1e77-48bc-bbad-9ae614fb29e0,mark.shaw672,erica06@example.com,MD,Mark,Shaw,Rheumatology,Experienced Pulmonology specialist with over 7 years of practice.,inactive,https://example.com/profiles/dbe9e615-1e77-48bc-bbad-9ae614fb29e0.jpg,MD142943,(561) 996-5943,2024-02-25T00:56:35.162727,2025-08-28T00:50:35.162740
399a0e77-d6d8-4340-9b3a-4144491e86b5,karen.armstrong641,kevinli@example.net,NP,Karen,Armstrong,Neurology,Experienced Pediatrics specialist with over 16 years of practice.,inactive,https://example.com/profiles/399a0e77-d6d8-4340-9b3a-4144491e86b5.jpg,MD925413,(915) 406-4494,2024-05-13T04:18:35.163497,2025-09-01T18:16:35.163511
9ac3e159-7983-4174-b03a-0538b13a10a5,zachary.williamson368,barcher@example.net,DO,Zachary,Williamson,Urology,Experienced Gastroenterology specialist with over 11 years of practice.,active,https://example.com/profiles/9ac3e159-7983-4174-b03a-0538b13a10a5.jpg,MD245249,(743) 533-7199,2024-12-12T13:32:35.164117,2025-08-19T11:31:35.164130
93e8d8aa-73b7-4d1a-a1b2-a912fc2d8445,megan.lindsey99,melanie49@example.org,Dr.,Megan,Lindsey,Pediatrics,Experienced General Practice specialist with over 7 years of practice.,suspended,https://example.com/profiles/93e8d8aa-73b7-4d1a-a1b2-a912fc2d8445.jpg,MD139341,(903) 808-5548,2025-07-06T10:02:35.164680,2025-09-18T18:15:35.164694
5d183b87-2bf8-4aab-847a-40f1fb96deef,don.wilson591,pbrown@example.net,Dr.,Don,Wilson,Gastroenterology,Experienced Radiology specialist with over 8 years of practice.,active,https://example.com/profiles/5d183b87-2bf8-4aab-847a-40f1fb96deef.jpg,MD415303,(725) 463-5171,2024-08-24T11:20:35.165296,2025-09-17T06:24:35.165309
5cc4bedd-3b21-4db7-8a06-87650c5f8ec0,roberto.graves877,gardnerrichard@example.net,PA,Roberto,Graves,Neurology,Experienced Dermatology specialist with over 23 years of practice.,suspended,https://example.com/profiles/5cc4bedd-3b21-4db7-8a06-87650c5f8ec0.jpg,MD480885,(606) 376-5947,2024-05-06T03:15:35.166059,2025-08-23T12:28:35.166074
0ed7b6dd-664a-406b-b4ac-2e043c9c964d,scott.russell940,jacobbrown@example.org,PA,Scott,Russell,Pediatrics,Experienced Geriatrics specialist with over 12 years of practice.,suspended,https://example.com/profiles/0ed7b6dd-664a-406b-b4ac-2e043c9c964d.jpg,MD856665,(831) 499-9119,2024-06-07T09:58:35.166846,2025-09-03T16:26:35.166861
f5af3591-1573-49e0-b2c7-4dc079dd9e67,richard.martin909,wellssherry@example.net,Dr.,Richard,Martin,General Practice,Experienced Pediatrics specialist with over 12 years of practice.,inactive,https://example.com/profiles/f5af3591-1573-49e0-b2c7-4dc079dd9e67.jpg,MD450574,(310) 360-2417,2023-11-23T10:12:35.167664,2025-09-02T09:26:35.167679
c5889bbb-2a76-4926-82fc-cece150cd28b,bonnie.wang993,chambersashley@example.net,Prof.,Bonnie,Wang,Geriatrics,Experienced Pulmonology specialist with over 20 years of practice.,active,https://example.com/profiles/c5889bbb-2a76-4926-82fc-cece150cd28b.jpg,MD744354,(734) 881-7649,2024-07-24T11:00:35.168564,2025-09-14T16:34:35.168580
6ab286a5-cef3-4303-b8df-446e1963b285,sarah.henry370,robertmorris@example.org,NP,Sarah,Henry,Hematology,Experienced Hematology specialist with over 23 years of practice.,pending_approval,https://example.com/profiles/6ab286a5-cef3-4303-b8df-446e1963b285.jpg,MD581688,(260) 619-6037,2024-08-02T12:28:35.169379,2025-09-15T06:12:35.169394
d0db26cb-6bb7-4311-aad6-2c895567f403,kendra.hall735,ellisrobin@example.org,Dr.,Kendra,Hall,Cardiology,Experienced Hematology specialist with over 20 years of practice.,active,https://example.com/profiles/d0db26cb-6bb7-4311-aad6-2c895567f403.jpg,MD972380,(971) 221-8323,2025-08-03T02:30:35.170182,2025-09-03T08:28:35.170196
711b011b-f80e-4df5-aa8d-4f6f10061d81,amanda.short647,cheryl26@example.net,PA,Amanda,Short,Radiology,Experienced Radiology specialist with over 23 years of practice.,inactive,https://example.com/profiles/711b011b-f80e-4df5-aa8d-4f6f10061d81.jpg,MD272198,(224) 710-1575,2024-02-12T17:46:35.170786,2025-09-10T17:44:35.170801
0174b79b-e9ed-4307-8aad-aa679df1e9cf,kelly.johnson609,teresamiller@example.org,Prof.,Kelly,Johnson,Radiology,Experienced Urology specialist with over 14 years of practice.,suspended,https://example.com/profiles/0174b79b-e9ed-4307-8aad-aa679df1e9cf.jpg,MD529251,(415) 830-7714,2024-09-29T08:07:35.171596,2025-09-04T00:18:35.171612
a390b196-4c59-4a99-9132-0d47cb68f3d8,susan.turner885,rodriguezmichael@example.net,MD,Susan,Turner,Pediatrics,Experienced Pulmonology specialist with over 15 years of practice.,suspended,https://example.com/profiles/a390b196-4c59-4a99-9132-0d47cb68f3d8.jpg,MD239703,(763) 682-7474,2024-09-14T12:44:35.172410,2025-09-16T14:29:35.172425
abb1a816-3d48-4686-8171-a9e02517b4e7,cheryl.barnes165,mcknightcarol@example.org,PA,Cheryl,Barnes,Gastroenterology,Experienced Rheumatology specialist with over 23 years of practice.,pending_approval,https://example.com/profiles/abb1a816-3d48-4686-8171-a9e02517b4e7.jpg,MD622622,(818) 791-6734,2025-09-16T08:49:35.173236,2025-09-09T23:13:35.173261
67e32dac-afe6-4c14-89b9-92f466ac3b4f,christina.weiss136,xlee@example.com,Prof.,Christina,Weiss,Dermatology,Experienced Geriatrics specialist with over 18 years of practice.,inactive,https://example.com/profiles/67e32dac-afe6-4c14-89b9-92f466ac3b4f.jpg,MD516496,(502) 259-4550,2025-05-13T10:37:35.174038,2025-08-29T01:39:35.174056
d0666870-b167-4bca-8eea-3ea391575cc5,wendy.moreno176,jesse84@example.net,MD,Wendy,Moreno,Rheumatology,Experienced Neurology specialist with over 12 years of practice.,active,https://example.com/profiles/d0666870-b167-4bca-8eea-3ea391575cc5.jpg,MD741505,(219) 672-5225,2025-08-09T10:37:35.175444,2025-09-11T23:56:35.175552
c607e3cf-7a70-4d55-bce3-7cf120066ff0,kristie.cain444,kirstenbenson@example.net,PA,Kristie,Cain,Pediatrics,Experienced General Practice specialist with over 25 years of practice.,inactive,https://example.com/profiles/c607e3cf-7a70-4d55-bce3-7cf120066ff0.jpg,MD384964,(812) 609-8841,2024-09-08T06:53:35.177007,2025-09-08T11:26:35.177052
947f7433-85e1-476e-be39-ebf0d74599f0,charles.hardy205,perrywayne@example.org,DO,Charles,Hardy,Cardiology,Experienced Dermatology specialist with over 16 years of practice.,inactive,https://example.com/profiles/947f7433-85e1-476e-be39-ebf0d74599f0.jpg,MD518843,(732) 814-4422,2025-03-05T05:30:35.178078,2025-09-06T02:48:35.178100
8db6efba-d097-4725-87b6-dc6b3eac3e04,paul.bennett265,elizabeth15@example.net,Prof.,Paul,Bennett,General Practice,Experienced Psychiatry specialist with over 17 years of practice.,inactive,https://example.com/profiles/8db6efba-d097-4725-87b6-dc6b3eac3e04.jpg,MD910895,(901) 436-8624,2025-04-29T02:30:35.178801,2025-08-29T04:50:35.178820
502aec2c-68d3-473c-8121-1e414f437b4d,allison.shields346,garciadebra@example.com,PA,Allison,Shields,Hematology,Experienced Gastroenterology specialist with over 6 years of practice.,inactive,https://example.com/profiles/502aec2c-68d3-473c-8121-1e414f437b4d.jpg,MD949255,(504) 934-8725,2023-10-04T11:05:35.179741,2025-09-18T09:27:35.179760
ddc28a8b-6eaa-42cf-847d-c501a2d0a400,nicole.carpenter710,rachelvaldez@example.org,PA,Nicole,Carpenter,Orthopedics,Experienced General Practice specialist with over 25 years of practice.,inactive,https://example.com/profiles/ddc28a8b-6eaa-42cf-847d-c501a2d0a400.jpg,MD363175,(220) 409-8303,2025-09-08T01:49:35.180634,2025-09-13T02:05:35.180650
89ba12be-1959-4963-bfea-6b02f5d6792f,mark.gonzalez780,hhampton@example.com,Prof.,Mark,Gonzalez,Gastroenterology,Experienced Hematology specialist with over 22 years of practice.,pending_approval,https://example.com/profiles/89ba12be-1959-4963-bfea-6b02f5d6792f.jpg,MD484968,(724) 849-2351,2025-05-11T22:20:35.181385,2025-09-03T16:21:35.181402
8d88871e-f796-4572-ac55-6dd118aafd2a,brian.george945,robertevans@example.com,Dr.,Brian,George,Oncology,Experienced Rheumatology specialist with over 12 years of practice.,suspended,https://example.com/profiles/8d88871e-f796-4572-ac55-6dd118aafd2a.jpg,MD205935,(971) 736-7089,2023-10-16T12:54:35.182343,2025-09-03T20:25:35.182365
7296d368-4e8f-4c86-8c73-812753d3f1ef,nichole.harris675,holmesrachel@example.org,DO,Nichole,Harris,Cardiology,Experienced Pulmonology specialist with over 14 years of practice.,pending_approval,https://example.com/profiles/7296d368-4e8f-4c86-8c73-812753d3f1ef.jpg,MD985156,(662) 514-5955,2023-10-13T05:55:35.183243,2025-09-07T18:19:35.183260
efbccbdb-2baf-420d-a5a5-95c31f59057b,shawn.morales714,carolineperry@example.org,PA,Shawn,Morales,Neurology,Experienced Rheumatology specialist with over 24 years of practice.,inactive,https://example.com/profiles/efbccbdb-2baf-420d-a5a5-95c31f59057b.jpg,MD556210,(580) 230-6295,2025-02-19T11:52:35.184101,2025-08-29T19:49:35.184117
4933f163-e196-4d4d-b198-a84510a3ac4b,denise.townsend664,megan50@example.net,PA,Denise,Townsend,Radiology,Experienced Psychiatry specialist with over 24 years of practice.,inactive,https://example.com/profiles/4933f163-e196-4d4d-b198-a84510a3ac4b.jpg,MD375853,(340) 738-4496,2023-12-08T15:59:35.184769,2025-09-11T14:32:35.184785
f3fb5e56-93f4-4bbe-8cd5-3a2cdcb1a0df,melissa.ellis629,stephanie27@example.net,PA,Melissa,Ellis,Rheumatology,Experienced Hematology specialist with over 11 years of practice.,active,https://example.com/profiles/f3fb5e56-93f4-4bbe-8cd5-3a2cdcb1a0df.jpg,MD827067,(703) 223-4899,2025-04-04T06:23:35.185423,2025-09-02T22:13:35.185438
f7b81a0f-2ce7-4610-8cc4-0425b5032505,joshua.jones596,hendersonbrittany@example.org,NP,Joshua,Jones,Radiology,Experienced Psychiatry specialist with over 16 years of practice.,active,https://example.com/profiles/f7b81a0f-2ce7-4610-8cc4-0425b5032505.jpg,MD814012,(218) 330-6433,2025-09-07T21:34:35.186289,2025-09-05T10:20:35.186304
b5b416c1-9fdc-4b5f-abb2-fc20e877543a,jennifer.wilkerson537,kgarrison@example.com,DO,Jennifer,Wilkerson,Dermatology,Experienced Pulmonology specialist with over 25 years of practice.,suspended,https://example.com/profiles/b5b416c1-9fdc-4b5f-abb2-fc20e877543a.jpg,MD333993,(602) 706-7841,2024-05-25T07:06:35.187016,2025-09-09T15:25:35.187032
9a9550db-fc6a-45dd-a2c2-86fd76487b29,richard.anderson695,morenomary@example.org,PA,Richard,Anderson,Radiology,Experienced Neurology specialist with over 9 years of practice.,pending_approval,https://example.com/profiles/9a9550db-fc6a-45dd-a2c2-86fd76487b29.jpg,MD859335,(307) 948-1015,2025-01-25T17:40:35.187874,2025-09-14T00:52:35.187889
6fbc30ff-0bb9-4710-bf47-b46c7e1c731d,colleen.bryant878,virginiafisher@example.net,DO,Colleen,Bryant,Pulmonology,Experienced Geriatrics specialist with over 9 years of practice.,active,https://example.com/profiles/6fbc30ff-0bb9-4710-bf47-b46c7e1c731d.jpg,MD441053,(660) 779-7560,2025-01-14T12:33:35.188775,2025-09-10T03:25:35.188792
047bfc01-8d0b-4b79-bc37-db7d101609af,rachel.baker693,jeffery96@example.net,DO,Rachel,Baker,Neurology,Experienced Oncology specialist with over 24 years of practice.,pending_approval,https://example.com/profiles/047bfc01-8d0b-4b79-bc37-db7d101609af.jpg,MD725448,(575) 207-4294,2024-02-27T15:39:35.189477,2025-09-08T10:43:35.189496
7ca05120-8357-4667-a080-955b79ec85ae,debra.may425,yesenia70@example.org,MD,Debra,May,Radiology,Experienced Psychiatry specialist with over 11 years of practice.,active,https://example.com/profiles/7ca05120-8357-4667-a080-955b79ec85ae.jpg,MD592757,(253) 725-9037,2025-02-09T08:58:35.190406,2025-09-14T10:07:35.190437
4a7e0e9e-1fa3-44f3-a7a3-dec86d038047,gregory.fitzgerald94,lisa24@example.org,Dr.,Gregory,Fitzgerald,General Practice,Experienced Rheumatology specialist with over 11 years of practice.,suspended,https://example.com/profiles/4a7e0e9e-1fa3-44f3-a7a3-dec86d038047.jpg,MD804098,(706) 426-3748,2024-09-24T10:37:35.191256,2025-08-28T19:48:35.191275
52aea615-00ec-4fbc-9438-caef63efddf0,diane.brooks738,lcarlson@example.org,NP,Diane,Brooks,Geriatrics,Experienced Geriatrics specialist with over 11 years of practice.,pending_approval,https://example.com/profiles/52aea615-00ec-4fbc-9438-caef63efddf0.jpg,MD629522,(802) 474-4503,2024-01-16T07:34:35.192024,2025-08-28T22:01:35.192040
6b388214-096e-4512-834f-183bd91259d3,sheila.moore817,stephenwright@example.org,Dr.,Sheila,Moore,Gastroenterology,Experienced Dermatology specialist with over 24 years of practice.,active,https://example.com/profiles/6b388214-096e-4512-834f-183bd91259d3.jpg,MD417051,(918) 731-8058,2024-08-09T10:15:35.192898,2025-09-18T10:33:35.192914
8b5c11e9-24d6-4443-9d34-d5739513cf59,andrea.adams213,tsullivan@example.org,NP,Andrea,Adams,General Practice,Experienced Radiology specialist with over 14 years of practice.,pending_approval,https://example.com/profiles/8b5c11e9-24d6-4443-9d34-d5739513cf59.jpg,MD892151,(786) 992-4239,2023-11-08T18:29:35.193608,2025-09-07T14:38:35.193625
4b74469d-9d59-4b1c-9e13-6d418920b97a,john.bennett646,wsmith@example.com,MD,John,Bennett,Endocrinology,Experienced Urology specialist with over 18 years of practice.,active,https://example.com/profiles/4b74469d-9d59-4b1c-9e13-6d418920b97a.jpg,MD925116,(214) 813-4241,2024-04-30T06:03:35.194323,2025-09-06T00:03:35.194338
cb2a56a0-a3eb-4a66-97ee-d1a2ca538f4e,john.flores961,bobby53@example.net,NP,John,Flores,Psychiatry,Experienced Gastroenterology specialist with over 5 years of practice.,pending_approval,https://example.com/profiles/cb2a56a0-a3eb-4a66-97ee-d1a2ca538f4e.jpg,MD467074,(847) 452-5454,2024-07-17T20:25:35.194979,2025-08-24T00:45:35.194995
bed2da0d-a600-46e7-8ba7-d07ea458a41d,kathryn.scott937,graveslisa@example.com,DO,Kathryn,Scott,Hematology,Experienced Neurology specialist with over 22 years of practice.,suspended,https://example.com/profiles/bed2da0d-a600-46e7-8ba7-d07ea458a41d.jpg,MD905425,(919) 258-6334,2025-05-08T17:25:35.195830,2025-09-18T12:40:35.195845
67407923-7d1a-49b9-9142-54524749c9a3,kimberly.ramirez399,arellanomorgan@example.net,DO,Kimberly,Ramirez,Psychiatry,Experienced Endocrinology specialist with over 22 years of practice.,inactive,https://example.com/profiles/67407923-7d1a-49b9-9142-54524749c9a3.jpg,MD563997,(915) 510-8362,2024-06-23T07:24:35.196705,2025-09-02T16:29:35.196721
7a04f07c-cacd-4c24-a143-ff6ced3bab51,joseph.wiley243,davidsawyer@example.net,DO,Joseph,Wiley,Oncology,Experienced Neurology specialist with over 13 years of practice.,pending_approval,https://example.com/profiles/7a04f07c-cacd-4c24-a143-ff6ced3bab51.jpg,MD145504,(984) 612-9324,2024-10-27T14:48:35.197559,2025-09-03T08:36:35.197574
77452ee4-24ac-4ac1-9a82-c200e06ea400,shannon.jimenez162,joshua66@example.org,NP,Shannon,Jimenez,Pediatrics,Experienced Dermatology specialist with over 9 years of practice.,inactive,https://example.com/profiles/77452ee4-24ac-4ac1-9a82-c200e06ea400.jpg,MD147268,(864) 784-7388,2024-12-05T21:10:35.198234,2025-08-30T13:51:35.198250
0c61facd-7912-4138-9097-c74555ab7399,yolanda.yu272,ronniejames@example.com,Prof.,Yolanda,Yu,Orthopedics,Experienced Neurology specialist with over 16 years of practice.,pending_approval,https://example.com/profiles/0c61facd-7912-4138-9097-c74555ab7399.jpg,MD654056,(731) 809-6406,2025-03-22T06:50:35.199096,2025-08-24T06:18:35.199111
3522f660-7804-4c79-9c67-d3b9b358b43c,cassandra.weber365,ecampbell@example.org,DO,Cassandra,Weber,Dermatology,Experienced Neurology specialist with over 21 years of practice.,suspended,https://example.com/profiles/3522f660-7804-4c79-9c67-d3b9b358b43c.jpg,MD166582,(203) 733-9944,2025-08-04T03:40:35.199807,2025-08-23T00:35:35.199821
fe33144c-f96c-4f6b-88f7-7534860c45d4,nathan.collins637,qfaulkner@example.org,MD,Nathan,Collins,Pulmonology,Experienced Radiology specialist with over 5 years of practice.,pending_approval,https://example.com/profiles/fe33144c-f96c-4f6b-88f7-7534860c45d4.jpg,MD715939,(254) 417-8814,2024-08-03T01:33:35.200510,2025-09-10T19:34:35.200525
ab560e1d-398d-4382-af89-c3924d5e6607,dennis.williams753,jacob86@example.org,PA,Dennis,Williams,Gastroenterology,Experienced Endocrinology specialist with over 18 years of practice.,active,https://example.com/profiles/ab560e1d-398d-4382-af89-c3924d5e6607.jpg,MD295310,(415) 318-6538,2025-08-05T02:15:35.201121,2025-08-31T12:36:35.201135
5b1c42b3-0972-4988-8626-380ecb84e533,gabriel.jenkins716,alexbutler@example.org,MD,Gabriel,Jenkins,Psychiatry,Experienced Radiology specialist with over 21 years of practice.,active,https://example.com/profiles/5b1c42b3-0972-4988-8626-380ecb84e533.jpg,MD769488,(934) 854-1727,2025-08-07T00:54:35.201916,2025-09-08T17:23:35.201931
b73cfbf1-501c-4012-9d6f-be9c92329b06,tammy.fry227,wthompson@example.com,Prof.,Tammy,Fry,Hematology,Experienced Psychiatry specialist with over 9 years of practice.,suspended,https://example.com/profiles/b73cfbf1-501c-4012-9d6f-be9c92329b06.jpg,MD849363,(725) 201-2645,2025-02-02T17:41:35.202627,2025-09-08T11:01:35.202642
b44ab95a-5927-4dfd-85f1-4bc37668fa28,chelsey.lawrence785,briannamclaughlin@example.net,Dr.,Chelsey,Lawrence,Geriatrics,Experienced Pediatrics specialist with over 20 years of practice.,inactive,https://example.com/profiles/b44ab95a-5927-4dfd-85f1-4bc37668fa28.jpg,MD928184,(878) 211-2735,2025-08-19T07:50:35.203454,2025-08-23T00:10:35.203469
67c6ceaa-1ddd-46bb-ad67-d5192468561e,amy.lewis363,zgrimes@example.net,DO,Amy,Lewis,Gastroenterology,Experienced Endocrinology specialist with over 16 years of practice.,active,https://example.com/profiles/67c6ceaa-1ddd-46bb-ad67-d5192468561e.jpg,MD503457,(308) 812-5836,2024-01-05T15:12:35.204119,2025-09-01T06:49:35.204133
cb373b00-5f9a-47d3-b35d-bd7dd10a8289,zachary.mckinney936,xcarr@example.com,DO,Zachary,Mckinney,Psychiatry,Experienced Dermatology specialist with over 16 years of practice.,pending_approval,https://example.com/profiles/cb373b00-5f9a-47d3-b35d-bd7dd10a8289.jpg,MD226682,(941) 297-4647,2024-02-06T20:27:35.204787,2025-09-05T07:29:35.204802
93fd939d-ef72-453c-bef6-3f1fbf287fe5,alexander.martinez444,alicia08@example.com,NP,Alexander,Martinez,Urology,Experienced Endocrinology specialist with over 20 years of practice.,active,https://example.com/profiles/93fd939d-ef72-453c-bef6-3f1fbf287fe5.jpg,MD662317,(207) 857-6098,2024-01-04T05:23:35.205384,2025-08-23T03:16:35.205397
e036c066-cdec-4e5f-bfdb-d9f1268e86aa,paula.li167,murphycarrie@example.net,PA,Paula,Li,Psychiatry,Experienced Cardiology specialist with over 20 years of practice.,active,https://example.com/profiles/e036c066-cdec-4e5f-bfdb-d9f1268e86aa.jpg,MD729316,(760) 285-3518,2024-01-23T02:48:35.206615,2025-08-24T05:57:35.206656
3319b9d1-7a51-4c8a-88e6-2b3649ee47f5,jake.duran781,mooredavid@example.org,Prof.,Jake,Duran,Oncology,Experienced Psychiatry specialist with over 10 years of practice.,inactive,https://example.com/profiles/3319b9d1-7a51-4c8a-88e6-2b3649ee47f5.jpg,MD144135,(934) 990-5344,2025-08-07T12:58:35.208439,2025-08-20T03:31:35.208532
e4d9d8c7-e513-4d25-9409-6ba5e26f950c,anthony.prince894,kenneth76@example.org,NP,Anthony,Prince,Endocrinology,Experienced Urology specialist with over 20 years of practice.,pending_approval,https://example.com/profiles/e4d9d8c7-e513-4d25-9409-6ba5e26f950c.jpg,MD647514,(928) 557-7313,2025-04-13T11:33:35.209535,2025-09-10T17:01:35.209554
fea44c45-5916-4859-b55e-992093db0622,mary.ramsey398,fryekevin@example.net,DO,Mary,Ramsey,Gastroenterology,Experienced Endocrinology specialist with over 10 years of practice.,suspended,https://example.com/profiles/fea44c45-5916-4859-b55e-992093db0622.jpg,MD927319,(340) 938-1537,2023-11-24T02:03:35.210835,2025-09-17T21:24:35.210890
66a959d9-d05d-4942-94fa-3e3726fd6c90,donna.farrell851,jessica91@example.org,MD,Donna,Farrell,Endocrinology,Experienced Radiology specialist with over 15 years of practice.,suspended,https://example.com/profiles/66a959d9-d05d-4942-94fa-3e3726fd6c90.jpg,MD806503,(309) 372-2804,2025-05-21T16:34:35.211813,2025-09-17T13:57:35.211840
eccd7177-7b15-46d1-a5c1-df9e233910cd,kevin.smith556,omorris@example.net,Dr.,Kevin,Smith,Gastroenterology,Experienced General Practice specialist with over 25 years of practice.,inactive,https://example.com/profiles/eccd7177-7b15-46d1-a5c1-df9e233910cd.jpg,MD812556,(985) 426-4205,2025-07-21T04:41:35.212524,2025-09-07T15:06:35.212544
847a93d6-3fa2-4fb0-b46c-67b082afa18e,theodore.johnson764,qnewman@example.com,PA,Theodore,Johnson,Urology,Experienced General Practice specialist with over 6 years of practice.,suspended,https://example.com/profiles/847a93d6-3fa2-4fb0-b46c-67b082afa18e.jpg,MD926309,(386) 426-2884,2024-12-01T12:40:35.213155,2025-08-30T20:26:35.213171
caf98266-f0fb-4bca-a2d1-67afd08b4fd9,kenneth.newton674,kennethsmith@example.net,NP,Kenneth,Newton,Gastroenterology,Experienced Cardiology specialist with over 23 years of practice.,suspended,https://example.com/profiles/caf98266-f0fb-4bca-a2d1-67afd08b4fd9.jpg,MD764027,(318) 784-7628,2024-03-08T08:43:35.213917,2025-09-08T09:39:35.213936
0588672e-b119-44d8-a9d4-f362edb43bdc,tara.banks168,stonejesus@example.org,Dr.,Tara,Banks,Endocrinology,Experienced General Practice specialist with over 6 years of practice.,inactive,https://example.com/profiles/0588672e-b119-44d8-a9d4-f362edb43bdc.jpg,MD931108,(760) 206-9501,2025-05-16T21:11:35.214645,2025-09-11T06:17:35.214661
c3612ee7-85a3-4870-b6d6-6bdeea81842d,anthony.randolph912,zpatterson@example.org,PA,Anthony,Randolph,Cardiology,Experienced Oncology specialist with over 13 years of practice.,suspended,https://example.com/profiles/c3612ee7-85a3-4870-b6d6-6bdeea81842d.jpg,MD980630,(229) 754-2234,2023-10-11T14:30:35.215351,2025-08-21T06:45:35.215381
dca53a4e-e23a-4b5a-995d-f7d25aec2e33,cindy.green40,kmartinez@example.net,PA,Cindy,Green,Neurology,Experienced Oncology specialist with over 18 years of practice.,pending_approval,https://example.com/profiles/dca53a4e-e23a-4b5a-995d-f7d25aec2e33.jpg,MD376417,(570) 779-6773,2025-08-19T22:01:35.215979,2025-08-31T12:10:35.215995
19352c8e-3cdb-4473-914b-4e2506f2a37a,samantha.werner871,banksmeredith@example.com,NP,Samantha,Werner,Pediatrics,Experienced Dermatology specialist with over 18 years of practice.,inactive,https://example.com/profiles/19352c8e-3cdb-4473-914b-4e2506f2a37a.jpg,MD825940,(804) 468-6578,2024-08-07T20:23:35.216685,2025-09-02T02:18:35.216701
7c6f45fc-8fd2-418d-8b60-8fbdc1811280,amanda.suarez634,wellsmichael@example.net,NP,Amanda,Suarez,Psychiatry,Experienced Dermatology specialist with over 20 years of practice.,pending_approval,https://example.com/profiles/7c6f45fc-8fd2-418d-8b60-8fbdc1811280.jpg,MD248540,(985) 480-2280,2024-11-11T05:19:35.217372,2025-08-30T13:00:35.217393
2ebaee9b-e09c-4071-9c7a-825c5c3bd10b,savannah.west298,hortiz@example.com,PA,Savannah,West,Psychiatry,Experienced Rheumatology specialist with over 25 years of practice.,suspended,https://example.com/profiles/2ebaee9b-e09c-4071-9c7a-825c5c3bd10b.jpg,MD552018,(417) 523-4121,2023-10-29T13:27:35.217974,2025-09-09T19:36:35.217989
9cf2d5e5-94ce-4f09-a8dc-4e74c322bbbd,ashley.spence771,katherinepearson@example.net,DO,Ashley,Spence,Endocrinology,Experienced Psychiatry specialist with over 11 years of practice.,active,https://example.com/profiles/9cf2d5e5-94ce-4f09-a8dc-4e74c322bbbd.jpg,MD200376,(717) 492-9116,2025-04-29T17:21:35.218670,2025-09-07T06:31:35.218686
fdacd500-d966-4b10-a254-a22557ef3ff8,dawn.wise301,collinslaura@example.com,NP,Dawn,Wise,Pulmonology,Experienced Pediatrics specialist with over 23 years of practice.,active,https://example.com/profiles/fdacd500-d966-4b10-a254-a22557ef3ff8.jpg,MD241296,(715) 332-8307,2024-08-18T07:54:35.219352,2025-08-25T21:37:35.219381
f1ec0407-1bef-4231-ad10-f9402f87d90a,travis.martinez141,louisbrandt@example.net,NP,Travis,Martinez,Pulmonology,Experienced Radiology specialist with over 5 years of practice.,inactive,https://example.com/profiles/f1ec0407-1bef-4231-ad10-f9402f87d90a.jpg,MD423424,(973) 734-3088,2024-12-16T21:05:35.220073,2025-09-01T14:03:35.220089
4d01f93f-8f2b-49d6-a7c2-d7255996f906,james.guerrero647,melissa10@example.org,NP,James,Guerrero,Radiology,Experienced Urology specialist with over 25 years of practice.,active,https://example.com/profiles/4d01f93f-8f2b-49d6-a7c2-d7255996f906.jpg,MD231004,(719) 578-7200,2025-04-10T18:14:35.220612,2025-09-03T12:43:35.220627
1647fd9a-e987-4189-9d55-145e17ede36f,tyler.simpson46,charlesewing@example.com,Prof.,Tyler,Simpson,Endocrinology,Experienced Psychiatry specialist with over 20 years of practice.,inactive,https://example.com/profiles/1647fd9a-e987-4189-9d55-145e17ede36f.jpg,MD316302,(305) 934-3416,2024-10-24T05:44:35.221272,2025-09-14T03:40:35.221286
abfe49cf-2e85-4188-92af-5afd97933351,bryan.barnes156,tammythomas@example.com,MD,Bryan,Barnes,Pulmonology,Experienced Dermatology specialist with over 5 years of practice.,pending_approval,https://example.com/profiles/abfe49cf-2e85-4188-92af-5afd97933351.jpg,MD881320,(903) 834-6061,2024-01-13T21:05:35.222573,2025-09-16T19:50:35.222606
3f87875b-c5a6-4d59-818e-ee5d7617a805,martha.garner111,garzazachary@example.org,MD,Martha,Garner,Dermatology,Experienced Pediatrics specialist with over 9 years of practice.,active,https://example.com/profiles/3f87875b-c5a6-4d59-818e-ee5d7617a805.jpg,MD756342,(669) 949-4730,2024-10-16T03:12:35.223670,2025-09-17T03:15:35.223696
0e6fba97-6933-4773-b831-f74f325ac16b,jason.williams122,jessica44@example.com,PA,Jason,Williams,Oncology,Experienced Psychiatry specialist with over 18 years of practice.,active,https://example.com/profiles/0e6fba97-6933-4773-b831-f74f325ac16b.jpg,MD445387,(504) 495-3447,2025-01-14T05:53:35.224419,2025-08-26T11:16:35.224437
4f1b57ab-ddb7-492a-bfef-e0a52d3972b2,melanie.mitchell127,chantrevor@example.org,Dr.,Melanie,Mitchell,Endocrinology,Experienced General Practice specialist with over 23 years of practice.,pending_approval,https://example.com/profiles/4f1b57ab-ddb7-492a-bfef-e0a52d3972b2.jpg,MD370682,(502) 942-2785,2024-12-09T11:20:35.225349,2025-08-25T07:44:35.225367
7a3db757-b387-4b70-8bae-d572cdbcb406,scott.benjamin883,xcline@example.org,Dr.,Scott,Benjamin,Urology,Experienced Neurology specialist with over 13 years of practice.,inactive,https://example.com/profiles/7a3db757-b387-4b70-8bae-d572cdbcb406.jpg,MD813989,(812) 693-9912,2025-04-17T11:06:35.226083,2025-09-10T08:13:35.226099
31217479-34f1-4e0d-81c6-13994a299cb4,leslie.jones153,holtthomas@example.com,Dr.,Leslie,Jones,Gastroenterology,Experienced Radiology specialist with over 21 years of practice.,inactive,https://example.com/profiles/31217479-34f1-4e0d-81c6-13994a299cb4.jpg,MD339165,(309) 422-9062,2023-12-21T15:06:35.226945,2025-08-28T10:28:35.226960
bd6d2588-5904-4507-bbdd-b60ca4273eab,charles.sherman83,hartmancrystal@example.net,PA,Charles,Sherman,Gastroenterology,Experienced Cardiology specialist with over 6 years of practice.,suspended,https://example.com/profiles/bd6d2588-5904-4507-bbdd-b60ca4273eab.jpg,MD257919,(610) 366-7691,2024-10-01T19:28:35.227820,2025-08-25T14:13:35.227836
c7b30250-29a6-4488-8960-6a0c33062ce2,angela.harrington825,christopher32@example.net,DO,Angela,Harrington,Hematology,Experienced Pediatrics specialist with over 16 years of practice.,suspended,https://example.com/profiles/c7b30250-29a6-4488-8960-6a0c33062ce2.jpg,MD573598,(571) 994-6682,2025-05-11T20:48:35.228506,2025-08-25T11:42:35.228523
fa77b4e6-6a2c-4731-906d-512afc99a316,brittany.miller515,patrick40@example.net,PA,Brittany,Miller,General Practice,Experienced Hematology specialist with over 20 years of practice.,inactive,https://example.com/profiles/fa77b4e6-6a2c-4731-906d-512afc99a316.jpg,MD429847,(610) 502-4042,2025-05-10T13:41:35.229179,2025-09-12T23:54:35.229193
c7d29320-5d2b-40c3-95f3-e8e4a8003b3e,lisa.grant70,william55@example.net,DO,Lisa,Grant,Geriatrics,Experienced Cardiology specialist with over 15 years of practice.,active,https://example.com/profiles/c7d29320-5d2b-40c3-95f3-e8e4a8003b3e.jpg,MD361649,(518) 544-6988,2025-01-26T16:14:35.229795,2025-09-03T04:29:35.229809
c915351b-5604-44d8-bc1e-350b09643245,judy.daniel986,morrismary@example.com,DO,Judy,Daniel,Geriatrics,Experienced Cardiology specialist with over 13 years of practice.,suspended,https://example.com/profiles/c915351b-5604-44d8-bc1e-350b09643245.jpg,MD515980,(816) 645-7220,2024-08-27T11:59:35.230584,2025-09-02T05:27:35.230598
78e12262-669f-4a3f-8ac1-4be5b2898fa9,joseph.owen560,pcaldwell@example.net,DO,Joseph,Owen,Orthopedics,Experienced Pediatrics specialist with over 21 years of practice.,suspended,https://example.com/profiles/78e12262-669f-4a3f-8ac1-4be5b2898fa9.jpg,MD182869,(339) 256-8743,2024-11-03T03:57:35.231281,2025-08-29T03:16:35.231298
230f4ba0-0f09-46f5-8926-e40bbc06d911,elizabeth.weeks934,lucaslori@example.org,DO,Elizabeth,Weeks,Psychiatry,Experienced Hematology specialist with over 8 years of practice.,pending_approval,https://example.com/profiles/230f4ba0-0f09-46f5-8926-e40bbc06d911.jpg,MD914885,(347) 605-3103,2025-06-13T12:20:35.232114,2025-09-17T18:08:35.232130
e45885c9-9fad-4600-80ce-343c77ca9d19,brent.smith303,patriciaowen@example.net,NP,Brent,Smith,Endocrinology,Experienced Oncology specialist with over 13 years of practice.,inactive,https://example.com/profiles/e45885c9-9fad-4600-80ce-343c77ca9d19.jpg,MD103976,(331) 215-7351,2025-06-28T01:02:35.232925,2025-09-09T22:52:35.232939
4a879dcf-2f10-4db0-98d7-aef1e4ac99f4,larry.orozco606,ryantraci@example.org,PA,Larry,Orozco,Pulmonology,Experienced Orthopedics specialist with over 16 years of practice.,suspended,https://example.com/profiles/4a879dcf-2f10-4db0-98d7-aef1e4ac99f4.jpg,MD427038,(561) 409-4498,2025-07-10T14:11:35.233793,2025-08-30T18:55:35.233809
b4c7d95d-93da-4da9-a77b-e944cf0ca4ae,cassandra.kramer831,gregorybrock@example.org,Dr.,Cassandra,Kramer,Psychiatry,Experienced Neurology specialist with over 12 years of practice.,inactive,https://example.com/profiles/b4c7d95d-93da-4da9-a77b-e944cf0ca4ae.jpg,MD390064,(951) 661-3697,2023-12-21T20:08:35.234643,2025-08-30T20:00:35.234659
fa690393-c7d5-405f-9e23-aa04519c7c6f,erin.chapman95,xmack@example.net,Dr.,Erin,Chapman,Dermatology,Experienced Hematology specialist with over 25 years of practice.,pending_approval,https://example.com/profiles/fa690393-c7d5-405f-9e23-aa04519c7c6f.jpg,MD337278,(586) 508-9131,2024-09-10T10:16:35.235329,2025-09-01T11:39:35.235344
dc7fdf9e-2260-4891-b8ad-3dd2b75d3ef0,jessica.allen834,rose88@example.com,PA,Jessica,Allen,Radiology,Experienced Endocrinology specialist with over 21 years of practice.,active,https://example.com/profiles/dc7fdf9e-2260-4891-b8ad-3dd2b75d3ef0.jpg,MD978569,(817) 724-7610,2025-07-26T11:02:35.235928,2025-08-25T05:54:35.235942
2669fd0f-ac0b-45d7-90f6-79c8976f5b21,gabrielle.ramirez376,kelleramanda@example.org,PA,Gabrielle,Ramirez,General Practice,Experienced Urology specialist with over 24 years of practice.,pending_approval,https://example.com/profiles/2669fd0f-ac0b-45d7-90f6-79c8976f5b21.jpg,MD327908,(804) 647-4597,2024-04-10T05:30:35.236999,2025-08-22T00:24:35.237034
014efbd8-db24-4c33-8a2f-9f329a356e51,edward.morris889,christopher64@example.net,Dr.,Edward,Morris,Hematology,Experienced Hematology specialist with over 8 years of practice.,inactive,https://example.com/profiles/014efbd8-db24-4c33-8a2f-9f329a356e51.jpg,MD275509,(425) 434-6267,2024-12-22T16:59:35.238079,2025-08-20T20:01:35.238104
6ba8e14e-959d-4a8e-a5fd-de324803e533,samuel.burke297,jennifercooper@example.com,DO,Samuel,Burke,Hematology,Experienced Gastroenterology specialist with over 14 years of practice.,inactive,https://example.com/profiles/6ba8e14e-959d-4a8e-a5fd-de324803e533.jpg,MD936297,(719) 768-8591,2024-11-05T19:31:35.239096,2025-08-26T18:45:35.239114
14509ab1-1ca2-41a0-a0f0-10e4728f6254,david.brown7,cassidymcdonald@example.com,DO,David,Brown,Cardiology,Experienced Neurology specialist with over 17 years of practice.,suspended,https://example.com/profiles/14509ab1-1ca2-41a0-a0f0-10e4728f6254.jpg,MD531101,(660) 611-1205,2025-09-15T12:33:35.240280,2025-09-06T11:53:35.240318
6f083d72-12d7-41d8-a1d7-14ce51f83d04,melissa.gordon166,gillmary@example.com,PA,Melissa,Gordon,General Practice,Experienced Gastroenterology specialist with over 10 years of practice.,inactive,https://example.com/profiles/6f083d72-12d7-41d8-a1d7-14ce51f83d04.jpg,MD226796,(951) 417-9248,2024-07-20T16:51:35.242839,2025-09-03T16:11:35.242895
c4298600-6a38-4a72-90b7-0b2d2b164cf2,brad.cortez268,criddle@example.net,DO,Brad,Cortez,General Practice,Experienced Radiology specialist with over 13 years of practice.,inactive,https://example.com/profiles/c4298600-6a38-4a72-90b7-0b2d2b164cf2.jpg,MD727779,(458) 402-1181,2024-11-16T10:12:35.244088,2025-09-07T13:24:35.244126
5b6e3a4a-21b4-4efd-823e-0b1331d1066b,gary.werner859,greenechristina@example.net,DO,Gary,Werner,Geriatrics,Experienced Dermatology specialist with over 17 years of practice.,suspended,https://example.com/profiles/5b6e3a4a-21b4-4efd-823e-0b1331d1066b.jpg,MD792199,(720) 233-5475,2024-03-11T22:47:35.245826,2025-09-16T04:49:35.245878
d6be5297-971f-47af-871d-550ed1f24c2e,mary.short259,michelle11@example.org,NP,Mary,Short,Oncology,Experienced Hematology specialist with over 15 years of practice.,pending_approval,https://example.com/profiles/d6be5297-971f-47af-871d-550ed1f24c2e.jpg,MD706368,(931) 293-2842,2024-04-03T12:42:35.246818,2025-08-22T20:39:35.246843
5d2d807d-5c23-4796-9a83-8981ceaa99b9,erin.lozano101,ggray@example.com,Prof.,Erin,Lozano,Oncology,Experienced Geriatrics specialist with over 8 years of practice.,active,https://example.com/profiles/5d2d807d-5c23-4796-9a83-8981ceaa99b9.jpg,MD507684,(508) 678-2447,2024-05-21T12:00:35.247740,2025-09-09T16:16:35.247763
6d14a2d1-3354-4f4d-aa89-093233d38f06,amanda.spencer744,cooperlauren@example.org,Prof.,Amanda,Spencer,Pulmonology,Experienced Oncology specialist with over 25 years of practice.,active,https://example.com/profiles/6d14a2d1-3354-4f4d-aa89-093233d38f06.jpg,MD187203,(737) 944-6538,2024-02-03T22:02:35.248738,2025-09-07T10:09:35.248757
cffa9d2a-a736-43fc-a021-2b2aa42c7bcb,jacob.wilson566,djohnson@example.net,NP,Jacob,Wilson,Psychiatry,Experienced Oncology specialist with over 10 years of practice.,active,https://example.com/profiles/cffa9d2a-a736-43fc-a021-2b2aa42c7bcb.jpg,MD752911,(516) 711-4233,2025-06-05T03:13:35.249572,2025-08-22T20:49:35.249593
251f582b-368c-444c-93dc-aba5916398be,emily.moore932,edwardscaroline@example.com,NP,Emily,Moore,Pulmonology,Experienced Pediatrics specialist with over 23 years of practice.,suspended,https://example.com/profiles/251f582b-368c-444c-93dc-aba5916398be.jpg,MD285876,(845) 609-8556,2024-07-08T17:30:35.250471,2025-09-03T18:38:35.250487
5ec301cb-45bb-4d2f-8b8b-edd8c890c7db,erika.alvarez582,michael44@example.com,Prof.,Erika,Alvarez,Psychiatry,Experienced Radiology specialist with over 7 years of practice.,inactive,https://example.com/profiles/5ec301cb-45bb-4d2f-8b8b-edd8c890c7db.jpg,MD973934,(609) 291-8954,2024-12-29T14:57:35.251135,2025-08-31T22:47:35.251151
221af9f8-e5f6-42fb-aa11-e7c5c6de659c,jessica.benjamin794,boyererika@example.net,PA,Jessica,Benjamin,Cardiology,Experienced Orthopedics specialist with over 10 years of practice.,suspended,https://example.com/profiles/221af9f8-e5f6-42fb-aa11-e7c5c6de659c.jpg,MD924833,(847) 333-4145,2025-02-25T14:23:35.252008,2025-09-18T12:10:35.252024
d798ec36-a322-4ec8-bdf4-a6445e98b897,kendra.sellers502,christopherchristensen@example.com,DO,Kendra,Sellers,Gastroenterology,Experienced Psychiatry specialist with over 5 years of practice.,active,https://example.com/profiles/d798ec36-a322-4ec8-bdf4-a6445e98b897.jpg,MD198541,(276) 283-4669,2024-01-04T06:40:35.253039,2025-09-09T18:01:35.253062
848bce66-168b-40d7-950d-55c7b0f00b90,peter.jones316,jessica94@example.com,MD,Peter,Jones,Geriatrics,Experienced Hematology specialist with over 18 years of practice.,pending_approval,https://example.com/profiles/848bce66-168b-40d7-950d-55c7b0f00b90.jpg,MD623649,(404) 976-2222,2024-12-25T15:23:35.253785,2025-09-19T08:01:35.253803
8946d4ab-76b3-4ab9-96a9-e13492de5c2f,nancy.tucker885,icuevas@example.com,NP,Nancy,Tucker,Pulmonology,Experienced Gastroenterology specialist with over 17 years of practice.,pending_approval,https://example.com/profiles/8946d4ab-76b3-4ab9-96a9-e13492de5c2f.jpg,MD965618,(806) 920-1303,2024-11-03T13:10:35.254535,2025-08-28T14:25:35.254551
0e1a3b98-50b0-44f8-98e8-525898f2a5ed,hector.murphy979,xlivingston@example.org,Dr.,Hector,Murphy,Pediatrics,Experienced Urology specialist with over 12 years of practice.,active,https://example.com/profiles/0e1a3b98-50b0-44f8-98e8-525898f2a5ed.jpg,MD499948,(803) 827-7240,2024-06-03T12:47:35.255240,2025-09-06T19:50:35.255256
51271767-cc50-408e-927d-27429d9f4125,theresa.taylor38,ijones@example.com,PA,Theresa,Taylor,Pulmonology,Experienced Gastroenterology specialist with over 6 years of practice.,inactive,https://example.com/profiles/51271767-cc50-408e-927d-27429d9f4125.jpg,MD898674,(435) 669-3968,2024-07-04T00:47:35.255945,2025-08-29T04:58:35.255976
a2b2a800-d3e5-4924-8550-90b39fbdc3d6,allen.brooks373,ysmith@example.net,PA,Allen,Brooks,Pulmonology,Experienced Rheumatology specialist with over 10 years of practice.,pending_approval,https://example.com/profiles/a2b2a800-d3e5-4924-8550-90b39fbdc3d6.jpg,MD480708,(814) 306-6964,2024-09-13T12:33:35.256831,2025-08-31T03:51:35.256854
90862217-b2b6-4914-a8dd-66ad181de64b,richard.rivera787,longbob@example.com,DO,Richard,Rivera,Rheumatology,Experienced Cardiology specialist with over 8 years of practice.,active,https://example.com/profiles/90862217-b2b6-4914-a8dd-66ad181de64b.jpg,MD814384,(629) 515-2570,2024-05-29T12:30:35.257924,2025-09-12T13:10:35.257947
9034e9fe-aa04-4e5b-bce6-e724ac86f198,john.calderon188,bradley81@example.net,NP,John,Calderon,Radiology,Experienced Cardiology specialist with over 23 years of practice.,suspended,https://example.com/profiles/9034e9fe-aa04-4e5b-bce6-e724ac86f198.jpg,MD632651,(636) 616-9329,2024-03-02T11:27:35.258718,2025-08-22T13:18:35.258737
46eec03f-2c55-4313-b810-40d8384ab9ff,cynthia.adams564,hansonbriana@example.org,DO,Cynthia,Adams,Endocrinology,Experienced Dermatology specialist with over 21 years of practice.,pending_approval,https://example.com/profiles/46eec03f-2c55-4313-b810-40d8384ab9ff.jpg,MD806268,(980) 685-4284,2024-09-28T17:37:35.259606,2025-08-19T18:06:35.259622
4c8c9abb-984f-4d41-940a-67755a2cffe8,michele.willis850,mcneilbrian@example.net,PA,Michele,Willis,Orthopedics,Experienced Hematology specialist with over 11 years of practice.,suspended,https://example.com/profiles/4c8c9abb-984f-4d41-940a-67755a2cffe8.jpg,MD387107,(562) 708-1836,2025-03-30T21:49:35.260476,2025-09-14T18:36:35.260491
25a94666-2432-4ac6-a5cc-cdd7d04752ef,john.johnson860,derek94@example.com,DO,John,Johnson,Radiology,Experienced Psychiatry specialist with over 24 years of practice.,suspended,https://example.com/profiles/25a94666-2432-4ac6-a5cc-cdd7d04752ef.jpg,MD947747,(541) 953-6485,2024-04-06T19:20:35.261133,2025-08-26T21:37:35.261148
5595c913-b380-4739-899f-8b7fc3abbf19,eric.gonzalez634,ksherman@example.com,MD,Eric,Gonzalez,Oncology,Experienced Rheumatology specialist with over 7 years of practice.,pending_approval,https://example.com/profiles/5595c913-b380-4739-899f-8b7fc3abbf19.jpg,MD470758,(510) 481-8263,2025-01-03T23:20:35.261847,2025-09-17T11:21:35.261864
54baf874-8245-4ee1-b743-14815ddee85d,heather.richardson133,andrewsmadison@example.com,MD,Heather,Richardson,Cardiology,Experienced Psychiatry specialist with over 12 years of practice.,suspended,https://example.com/profiles/54baf874-8245-4ee1-b743-14815ddee85d.jpg,MD619207,(410) 814-1091,2024-02-24T10:44:35.262704,2025-08-28T10:28:35.262719
382a5f18-be6f-430a-857d-3b5e46ce5a4d,bobby.hanson626,dwilliams@example.com,DO,Bobby,Hanson,Pediatrics,Experienced Neurology specialist with over 25 years of practice.,pending_approval,https://example.com/profiles/382a5f18-be6f-430a-857d-3b5e46ce5a4d.jpg,MD448930,(216) 442-8224,2024-09-27T01:26:35.263429,2025-08-23T08:12:35.263445
d9a72bdc-7bd8-4db4-b98d-2e6e159233a6,samantha.meza992,dorothy44@example.net,DO,Samantha,Meza,Cardiology,Experienced Psychiatry specialist with over 12 years of practice.,inactive,https://example.com/profiles/d9a72bdc-7bd8-4db4-b98d-2e6e159233a6.jpg,MD308374,(910) 580-7601,2024-02-03T03:50:35.264079,2025-08-26T14:54:35.264094
66c7f1cd-51e0-4052-ba21-df3141d7e1b5,brittany.taylor254,justin89@example.com,DO,Brittany,Taylor,Pulmonology,Experienced Orthopedics specialist with over 21 years of practice.,active,https://example.com/profiles/66c7f1cd-51e0-4052-ba21-df3141d7e1b5.jpg,MD830466,(564) 999-1478,2024-05-21T02:32:35.264723,2025-09-13T08:10:35.264738
e2c21c5b-eb15-40ed-b08e-f4af638973d2,heather.frost897,williemartinez@example.org,MD,Heather,Frost,Endocrinology,Experienced Psychiatry specialist with over 5 years of practice.,suspended,https://example.com/profiles/e2c21c5b-eb15-40ed-b08e-f4af638973d2.jpg,MD329033,(415) 923-5219,2025-08-19T23:55:35.265603,2025-09-17T10:05:35.265620
d8c9e6b7-80e3-423c-bb84-0c9937cf7d87,crystal.martinez145,wbailey@example.net,DO,Crystal,Martinez,Psychiatry,Experienced Neurology specialist with over 22 years of practice.,suspended,https://example.com/profiles/d8c9e6b7-80e3-423c-bb84-0c9937cf7d87.jpg,MD762322,(951) 642-4374,2025-02-25T00:02:35.266328,2025-09-06T19:44:35.266344
f3ac813b-2d92-4d41-be61-86c41eba061f,jason.mercado664,kathleen66@example.org,DO,Jason,Mercado,Oncology,Experienced Pulmonology specialist with over 18 years of practice.,active,https://example.com/profiles/f3ac813b-2d92-4d41-be61-86c41eba061f.jpg,MD359669,(479) 339-8957,2025-03-01T15:22:35.266989,2025-09-04T01:54:35.267005
db4fd270-78ce-4842-80f3-32692d034294,michelle.harper344,edward79@example.com,PA,Michelle,Harper,General Practice,Experienced Dermatology specialist with over 23 years of practice.,pending_approval,https://example.com/profiles/db4fd270-78ce-4842-80f3-32692d034294.jpg,MD957904,(269) 254-2454,2025-08-29T04:21:35.267637,2025-09-03T20:59:35.267652
58ceaad2-61fa-4fe9-a729-883497a4c722,brian.lyons495,zsmith@example.com,PA,Brian,Lyons,Gastroenterology,Experienced Pediatrics specialist with over 8 years of practice.,suspended,https://example.com/profiles/58ceaad2-61fa-4fe9-a729-883497a4c722.jpg,MD413555,(878) 468-8560,2024-05-19T15:21:35.268642,2025-09-04T03:28:35.268666
1d9f76fd-c316-40c1-a7d4-c75b5850348c,curtis.fisher202,kylehenderson@example.com,Prof.,Curtis,Fisher,Cardiology,Experienced Radiology specialist with over 7 years of practice.,pending_approval,https://example.com/profiles/1d9f76fd-c316-40c1-a7d4-c75b5850348c.jpg,MD363833,(478) 529-8326,2023-11-17T22:44:35.269562,2025-08-27T18:28:35.269578
6bb694c5-08fe-48ca-9bbc-1b313c268326,alex.cole605,katherinewinters@example.com,Prof.,Alex,Cole,Pediatrics,Experienced Cardiology specialist with over 16 years of practice.,inactive,https://example.com/profiles/6bb694c5-08fe-48ca-9bbc-1b313c268326.jpg,MD529805,(219) 390-8656,2025-08-20T10:36:35.270449,2025-08-22T17:31:35.270464
5c5125fe-d71a-4925-be17-4e3a8565f47b,allen.gonzalez343,diazmichael@example.org,DO,Allen,Gonzalez,Urology,Experienced Dermatology specialist with over 20 years of practice.,active,https://example.com/profiles/5c5125fe-d71a-4925-be17-4e3a8565f47b.jpg,MD767427,(915) 896-2961,2025-04-08T14:50:35.271337,2025-09-11T10:36:35.271353
34420589-94e7-4f3c-a15e-481eb2337466,nicholas.gonzalez945,jonesjerry@example.net,Dr.,Nicholas,Gonzalez,Hematology,Experienced Gastroenterology specialist with over 9 years of practice.,inactive,https://example.com/profiles/34420589-94e7-4f3c-a15e-481eb2337466.jpg,MD615882,(808) 459-6962,2024-01-15T13:24:35.272208,2025-09-03T00:18:35.272223
15fbc99e-2109-4bf5-943f-0c438aa5be05,cynthia.davis105,ulamb@example.com,NP,Cynthia,Davis,Hematology,Experienced Neurology specialist with over 20 years of practice.,suspended,https://example.com/profiles/15fbc99e-2109-4bf5-943f-0c438aa5be05.jpg,MD624863,(785) 209-6479,2023-10-09T17:12:35.273136,2025-09-18T18:24:35.273164
af9699b5-1e7d-429d-a144-dc4deb3c2a83,brian.rose68,brooksharold@example.com,Dr.,Brian,Rose,Pulmonology,Experienced Psychiatry specialist with over 8 years of practice.,active,https://example.com/profiles/af9699b5-1e7d-429d-a144-dc4deb3c2a83.jpg,MD958437,(763) 473-1668,2024-04-30T08:32:35.274457,2025-09-03T03:13:35.274485
f7b77cc8-8313-4973-8642-f74a521202ea,charles.sanchez551,kyle94@example.org,NP,Charles,Sanchez,Orthopedics,Experienced Rheumatology specialist with over 21 years of practice.,pending_approval,https://example.com/profiles/f7b77cc8-8313-4973-8642-f74a521202ea.jpg,MD637175,(440) 210-4735,2025-01-01T17:08:35.275694,2025-08-25T22:32:35.275772
5457b468-4601-4cc4-8fd2-89954a081ac5,jenna.schmitt219,jason57@example.net,DO,Jenna,Schmitt,Pediatrics,Experienced Orthopedics specialist with over 5 years of practice.,pending_approval,https://example.com/profiles/5457b468-4601-4cc4-8fd2-89954a081ac5.jpg,MD375062,(339) 690-4026,2024-04-11T08:22:35.277003,2025-09-19T03:54:35.277024
ba7b0ab0-b2bb-4708-bc50-927517a7d9b8,brian.sharp888,armstrongjill@example.net,DO,Brian,Sharp,Neurology,Experienced Pulmonology specialist with over 13 years of practice.,inactive,https://example.com/profiles/ba7b0ab0-b2bb-4708-bc50-927517a7d9b8.jpg,MD875272,(303) 638-9068,2024-04-05T23:14:35.278619,2025-08-30T17:08:35.278663
afe5eb31-be18-4292-9595-4f236ad71781,sarah.walsh274,vgraham@example.com,MD,Sarah,Walsh,Oncology,Experienced Dermatology specialist with over 22 years of practice.,pending_approval,https://example.com/profiles/afe5eb31-be18-4292-9595-4f236ad71781.jpg,MD878498,(956) 420-1392,2025-02-27T04:21:35.279864,2025-09-17T19:21:35.279895
89fdb0fc-ae2e-4e4c-a468-0a54449fefa0,melanie.sullivan909,russellprice@example.org,MD,Melanie,Sullivan,Radiology,Experienced Cardiology specialist with over 15 years of practice.,inactive,https://example.com/profiles/89fdb0fc-ae2e-4e4c-a468-0a54449fefa0.jpg,MD543888,(251) 327-6924,2025-04-10T03:08:35.280897,2025-08-20T13:59:35.280916
ee5145da-be0e-48e8-ba6b-c55afeccc1d4,angela.lee921,jennifer74@example.net,Prof.,Angela,Lee,Pulmonology,Experienced Pulmonology specialist with over 11 years of practice.,inactive,https://example.com/profiles/ee5145da-be0e-48e8-ba6b-c55afeccc1d4.jpg,MD122366,(978) 369-5028,2024-09-17T21:39:35.281570,2025-09-11T09:46:35.281585
60333f44-e0eb-47f1-ae22-e6e9e7e6ebbc,ellen.stevens31,brookstaylor@example.org,DO,Ellen,Stevens,Gastroenterology,Experienced Psychiatry specialist with over 13 years of practice.,active,https://example.com/profiles/60333f44-e0eb-47f1-ae22-e6e9e7e6ebbc.jpg,MD943380,(419) 899-8584,2025-02-18T05:00:35.282446,2025-09-16T05:06:35.282462
73086eb8-4f5d-470c-961b-217eef1f379c,tara.chaney999,zabbott@example.net,NP,Tara,Chaney,Psychiatry,Experienced Hematology specialist with over 7 years of practice.,pending_approval,https://example.com/profiles/73086eb8-4f5d-470c-961b-217eef1f379c.jpg,MD104591,(214) 499-3097,2025-02-26T07:19:35.283322,2025-08-19T16:53:35.283343
4ccb88dd-3357-419a-be93-053ba66a5c40,christopher.baker717,shaffercraig@example.org,Dr.,Christopher,Baker,Pulmonology,Experienced General Practice specialist with over 6 years of practice.,pending_approval,https://example.com/profiles/4ccb88dd-3357-419a-be93-053ba66a5c40.jpg,MD654010,(334) 909-1533,2024-02-17T02:03:35.284744,2025-08-20T08:03:35.284783
e6a5bc5f-427c-409d-b1e0-587246fcc672,frank.morrison984,nburns@example.org,MD,Frank,Morrison,Orthopedics,Experienced Orthopedics specialist with over 19 years of practice.,inactive,https://example.com/profiles/e6a5bc5f-427c-409d-b1e0-587246fcc672.jpg,MD641280,(667) 654-8953,2024-01-13T19:05:35.285830,2025-09-12T15:10:35.285861
744d5059-5f11-4d7a-8b46-f171b60c80d8,melissa.thomas539,rlewis@example.org,NP,Melissa,Thomas,General Practice,Experienced Oncology specialist with over 15 years of practice.,pending_approval,https://example.com/profiles/744d5059-5f11-4d7a-8b46-f171b60c80d8.jpg,MD348200,(906) 307-7139,2025-06-24T16:51:35.286654,2025-09-04T05:06:35.286672
4cd13d0d-4456-4b70-baed-80824c75dbd8,jason.murillo695,croberts@example.org,Prof.,Jason,Murillo,General Practice,Experienced Radiology specialist with over 13 years of practice.,inactive,https://example.com/profiles/4cd13d0d-4456-4b70-baed-80824c75dbd8.jpg,MD715389,(661) 300-9264,2024-10-03T04:06:35.287406,2025-09-07T22:20:35.287424
9e6d1605-fedd-462e-93bb-4b136b91094d,misty.dorsey479,john26@example.com,NP,Misty,Dorsey,Radiology,Experienced Endocrinology specialist with over 15 years of practice.,pending_approval,https://example.com/profiles/9e6d1605-fedd-462e-93bb-4b136b91094d.jpg,MD720493,(229) 449-1878,2024-04-12T06:25:35.288114,2025-09-05T10:15:35.288132
c967c625-6c73-4128-9f76-96f7b006b0e5,nicholas.villarreal873,jonathangonzales@example.org,PA,Nicholas,Villarreal,Pediatrics,Experienced Orthopedics specialist with over 13 years of practice.,suspended,https://example.com/profiles/c967c625-6c73-4128-9f76-96f7b006b0e5.jpg,MD506512,(315) 891-6547,2025-09-03T11:13:35.288989,2025-09-09T17:26:35.289006
cbb912d6-e9ef-4f15-a41a-3b1011fdb178,christy.fletcher289,jenniferdillon@example.net,PA,Christy,Fletcher,Gastroenterology,Experienced Pediatrics specialist with over 5 years of practice.,inactive,https://example.com/profiles/cbb912d6-e9ef-4f15-a41a-3b1011fdb178.jpg,MD786195,(530) 495-7671,2023-09-22T00:59:35.290227,2025-09-12T00:00:35.290260
6dffd5e0-7a75-42e1-8e4f-0b1fdd48f033,donald.taylor455,andrewdavis@example.net,DO,Donald,Taylor,Psychiatry,Experienced Psychiatry specialist with over 16 years of practice.,inactive,https://example.com/profiles/6dffd5e0-7a75-42e1-8e4f-0b1fdd48f033.jpg,MD486156,(628) 720-9368,2025-07-02T08:29:35.291360,2025-08-25T11:53:35.291381
f9ce7a90-e3f6-4d3a-9b7f-ff7419b3fed7,victoria.brown680,jeremyyates@example.net,Prof.,Victoria,Brown,Rheumatology,Experienced Rheumatology specialist with over 15 years of practice.,pending_approval,https://example.com/profiles/f9ce7a90-e3f6-4d3a-9b7f-ff7419b3fed7.jpg,MD568742,(802) 842-9137,2024-05-03T01:38:35.292250,2025-09-01T04:38:35.292266
6acc7b2c-1281-4d76-b290-8b1af6df3860,joshua.taylor291,troy19@example.net,NP,Joshua,Taylor,Gastroenterology,Experienced General Practice specialist with over 11 years of practice.,suspended,https://example.com/profiles/6acc7b2c-1281-4d76-b290-8b1af6df3860.jpg,MD255592,(575) 954-5068,2024-05-12T14:31:35.292914,2025-08-31T09:00:35.292930
810d28e8-cd29-4f21-be96-7b14025b8785,alicia.preston506,marshtimothy@example.com,Dr.,Alicia,Preston,Orthopedics,Experienced Pediatrics specialist with over 16 years of practice.,pending_approval,https://example.com/profiles/810d28e8-cd29-4f21-be96-7b14025b8785.jpg,MD674010,(609) 782-7816,2024-06-04T01:02:35.293788,2025-08-27T06:34:35.293805
c18d7c70-277f-4048-a6fa-67c8ac86015f,michelle.murphy437,hannah26@example.org,Prof.,Michelle,Murphy,Hematology,Experienced Pediatrics specialist with over 18 years of practice.,suspended,https://example.com/profiles/c18d7c70-277f-4048-a6fa-67c8ac86015f.jpg,MD223116,(401) 537-6964,2024-01-28T02:40:35.294461,2025-08-22T09:02:35.294477
bad8c1fc-a397-4de9-86b2-e88d98596e63,robin.ramos173,mcarroll@example.net,DO,Robin,Ramos,Radiology,Experienced Rheumatology specialist with over 13 years of practice.,active,https://example.com/profiles/bad8c1fc-a397-4de9-86b2-e88d98596e63.jpg,MD493849,(605) 326-3537,2025-04-15T18:52:35.295203,2025-08-28T18:36:35.295221
c9cb498a-b2b3-4186-a246-6e3356f28719,chad.arnold370,davidsmith@example.com,Prof.,Chad,Arnold,Endocrinology,Experienced Orthopedics specialist with over 16 years of practice.,active,https://example.com/profiles/c9cb498a-b2b3-4186-a246-6e3356f28719.jpg,MD827114,(445) 482-2691,2024-04-28T13:09:35.296081,2025-09-18T08:40:35.296098
72204511-6767-4ebc-a83e-a202249cc8d9,kristina.rollins290,emilylopez@example.com,MD,Kristina,Rollins,Pediatrics,Experienced Neurology specialist with over 14 years of practice.,pending_approval,https://example.com/profiles/72204511-6767-4ebc-a83e-a202249cc8d9.jpg,MD472922,(630) 572-8129,2025-03-12T06:34:35.296955,2025-09-01T12:48:35.296970
b08c172a-d858-415e-a1b0-945b16bfa9ce,victoria.hardy209,robinvasquez@example.com,MD,Victoria,Hardy,Urology,Experienced Radiology specialist with over 18 years of practice.,active,https://example.com/profiles/b08c172a-d858-415e-a1b0-945b16bfa9ce.jpg,MD687717,(662) 976-1127,2024-11-14T10:24:35.297771,2025-09-17T09:29:35.297786
ed276301-3c14-469b-af97-97d8ad267ff1,steven.harris428,perryjessica@example.net,NP,Steven,Harris,Dermatology,Experienced Orthopedics specialist with over 11 years of practice.,active,https://example.com/profiles/ed276301-3c14-469b-af97-97d8ad267ff1.jpg,MD596657,(307) 579-6400,2023-10-23T18:26:35.298586,2025-09-09T04:56:35.298602
3197f42e-803e-4885-ae81-0af3b77535ab,susan.friedman641,umcfarland@example.com,NP,Susan,Friedman,Rheumatology,Experienced Neurology specialist with over 12 years of practice.,suspended,https://example.com/profiles/3197f42e-803e-4885-ae81-0af3b77535ab.jpg,MD682995,(713) 247-4974,2025-07-10T12:18:35.299285,2025-09-06T08:28:35.299301
b1d59d2a-5179-4b34-8ccc-fa25bbd4d1ed,anthony.lang590,clarkmichael@example.org,PA,Anthony,Lang,Psychiatry,Experienced Cardiology specialist with over 7 years of practice.,active,https://example.com/profiles/b1d59d2a-5179-4b34-8ccc-fa25bbd4d1ed.jpg,MD486456,(703) 980-4226,2024-01-17T07:56:35.300548,2025-09-15T22:08:35.300590
6110f2ff-99b7-4b90-bdf3-16edb65c4fb3,nicholas.johnson210,gavin84@example.org,Prof.,Nicholas,Johnson,Dermatology,Experienced Geriatrics specialist with over 17 years of practice.,pending_approval,https://example.com/profiles/6110f2ff-99b7-4b90-bdf3-16edb65c4fb3.jpg,MD150842,(219) 825-4110,2023-10-17T12:15:35.301275,2025-09-11T11:48:35.301296
59d3a884-4d03-4f25-aa0c-b0ecdffc5ab8,crystal.miller964,bowmankylie@example.com,PA,Crystal,Miller,Radiology,Experienced Neurology specialist with over 20 years of practice.,active,https://example.com/profiles/59d3a884-4d03-4f25-aa0c-b0ecdffc5ab8.jpg,MD293924,(202) 881-4869,2024-03-11T16:21:35.302009,2025-09-04T17:51:35.302025
2d346a59-7e8c-46bf-ba54-80e97ed4730d,jessica.anderson967,rnelson@example.net,NP,Jessica,Anderson,Endocrinology,Experienced Hematology specialist with over 21 years of practice.,pending_approval,https://example.com/profiles/2d346a59-7e8c-46bf-ba54-80e97ed4730d.jpg,MD397089,(801) 732-2627,2024-07-23T19:34:35.302617,2025-09-07T02:14:35.302633
771ab518-6a0f-437a-aea6-93078278096c,miranda.kennedy904,william67@example.com,MD,Miranda,Kennedy,General Practice,Experienced Cardiology specialist with over 22 years of practice.,inactive,https://example.com/profiles/771ab518-6a0f-437a-aea6-93078278096c.jpg,MD413500,(865) 916-2518,2025-03-13T00:50:35.303176,2025-08-26T21:34:35.303192
fdba7761-d682-4999-9296-a7a87c43752f,devin.carroll300,wilkinsonrussell@example.org,DO,Devin,Carroll,Oncology,Experienced General Practice specialist with over 18 years of practice.,pending_approval,https://example.com/profiles/fdba7761-d682-4999-9296-a7a87c43752f.jpg,MD388163,(218) 463-8587,2023-11-25T16:49:35.303885,2025-08-25T12:13:35.303899
2aa7fb49-dc5e-4d7d-b1df-38eb17a4f068,alexander.williams171,glee@example.net,DO,Alexander,Williams,Radiology,Experienced Radiology specialist with over 12 years of practice.,suspended,https://example.com/profiles/2aa7fb49-dc5e-4d7d-b1df-38eb17a4f068.jpg,MD722731,(620) 730-2522,2023-10-20T11:26:35.304461,2025-09-03T19:09:35.304475
c4cdb055-2e9f-4244-9ef9-db87b7b0f990,tina.walters876,yware@example.com,MD,Tina,Walters,Oncology,Experienced Geriatrics specialist with over 14 years of practice.,suspended,https://example.com/profiles/c4cdb055-2e9f-4244-9ef9-db87b7b0f990.jpg,MD652048,(785) 879-2446,2024-11-10T01:37:35.305049,2025-08-23T14:48:35.305064
87906493-c37d-4bac-91db-91615d458be2,sonya.daniel813,ashley45@example.net,PA,Sonya,Daniel,Pediatrics,Experienced Neurology specialist with over 7 years of practice.,pending_approval,https://example.com/profiles/87906493-c37d-4bac-91db-91615d458be2.jpg,MD446324,(773) 613-6094,2023-11-20T05:49:35.305571,2025-08-31T02:01:35.305585
f9dd4ae6-9041-4377-bef3-ae4d8be8cc21,todd.willis965,millsjeff@example.net,Prof.,Todd,Willis,Pulmonology,Experienced Cardiology specialist with over 22 years of practice.,suspended,https://example.com/profiles/f9dd4ae6-9041-4377-bef3-ae4d8be8cc21.jpg,MD381300,(959) 597-7397,2024-07-17T12:10:35.306914,2025-09-03T07:04:35.306950
76d288cf-77f8-49ab-bff0-cb8e7b3509ac,holly.duncan125,igoodman@example.net,NP,Holly,Duncan,Geriatrics,Experienced General Practice specialist with over 23 years of practice.,inactive,https://example.com/profiles/76d288cf-77f8-49ab-bff0-cb8e7b3509ac.jpg,MD354796,(347) 472-7286,2024-02-23T18:53:35.307826,2025-09-14T08:47:35.307880
f7e5fce1-8a8b-4f14-9630-b64d46b30f97,joshua.osborn479,scottrobin@example.net,Prof.,Joshua,Osborn,Neurology,Experienced Urology specialist with over 22 years of practice.,pending_approval,https://example.com/profiles/f7e5fce1-8a8b-4f14-9630-b64d46b30f97.jpg,MD155819,(715) 891-2053,2025-02-22T17:35:35.310255,2025-09-04T00:16:35.310319
c7c30fa5-b057-4aff-9c9f-931884c4fa78,ronald.lawrence905,lisa04@example.net,PA,Ronald,Lawrence,Pediatrics,Experienced Urology specialist with over 21 years of practice.,inactive,https://example.com/profiles/c7c30fa5-b057-4aff-9c9f-931884c4fa78.jpg,MD153957,(541) 537-6371,2024-01-29T21:18:35.311281,2025-08-24T23:18:35.311307
8bd15987-3f3f-4430-b21b-90d95105551b,jacqueline.stanley795,madisonhampton@example.com,DO,Jacqueline,Stanley,Pulmonology,Experienced Psychiatry specialist with over 19 years of practice.,suspended,https://example.com/profiles/8bd15987-3f3f-4430-b21b-90d95105551b.jpg,MD688903,(202) 255-6776,2024-10-09T07:07:35.312281,2025-08-27T05:03:35.312302
e90cea43-5a40-4eb4-a4a9-fef9a077a5a0,kenneth.anderson406,theresascott@example.com,NP,Kenneth,Anderson,Urology,Experienced Radiology specialist with over 13 years of practice.,pending_approval,https://example.com/profiles/e90cea43-5a40-4eb4-a4a9-fef9a077a5a0.jpg,MD730880,(541) 419-7786,2025-02-02T04:32:35.313242,2025-09-17T22:35:35.313259
fa0e7c3c-d145-4d31-9895-54d5d86dd3ac,craig.garcia110,guerrerorenee@example.com,MD,Craig,Garcia,Radiology,Experienced Psychiatry specialist with over 11 years of practice.,pending_approval,https://example.com/profiles/fa0e7c3c-d145-4d31-9895-54d5d86dd3ac.jpg,MD938479,(520) 381-1693,2025-07-19T00:52:35.314218,2025-09-16T12:29:35.314236
a691b1f5-1c1d-41ef-96c7-293b17b121b5,christina.hart442,jeremy00@example.net,DO,Christina,Hart,Oncology,Experienced Rheumatology specialist with over 8 years of practice.,pending_approval,https://example.com/profiles/a691b1f5-1c1d-41ef-96c7-293b17b121b5.jpg,MD243956,(240) 455-6337,2025-06-26T13:25:35.314922,2025-09-16T15:28:35.314938
a7af4adb-f37f-43be-a99c-7d3576e9fcf0,charles.cohen356,kfigueroa@example.org,NP,Charles,Cohen,Cardiology,Experienced Pediatrics specialist with over 18 years of practice.,pending_approval,https://example.com/profiles/a7af4adb-f37f-43be-a99c-7d3576e9fcf0.jpg,MD757823,(314) 441-4666,2024-10-29T16:41:35.315715,2025-09-17T16:56:35.315733
2220186a-90c7-4601-84f3-4a275a77dc7c,renee.velasquez641,sheila42@example.net,MD,Renee,Velasquez,Hematology,Experienced Geriatrics specialist with over 10 years of practice.,suspended,https://example.com/profiles/2220186a-90c7-4601-84f3-4a275a77dc7c.jpg,MD543877,(737) 927-4355,2025-03-12T18:19:35.316899,2025-08-31T11:16:35.316931
6d61fc62-d323-4e73-8212-0b88199afe55,evan.sanders49,sfrancis@example.com,MD,Evan,Sanders,General Practice,Experienced Hematology specialist with over 11 years of practice.,active,https://example.com/profiles/6d61fc62-d323-4e73-8212-0b88199afe55.jpg,MD101639,(725) 241-9280,2023-12-29T07:14:35.318113,2025-08-23T18:59:35.318138
d60b6b31-9018-4399-a5ec-5d5d1f91398b,caleb.palmer40,reginaanderson@example.com,MD,Caleb,Palmer,General Practice,Experienced General Practice specialist with over 24 years of practice.,active,https://example.com/profiles/d60b6b31-9018-4399-a5ec-5d5d1f91398b.jpg,MD654429,(551) 557-8522,2023-11-19T00:24:35.319022,2025-08-23T20:38:35.319040
46ed4a5f-4dc0-4838-9ff9-8fc42480287e,alicia.payne633,qbrown@example.net,PA,Alicia,Payne,Cardiology,Experienced Pediatrics specialist with over 9 years of practice.,suspended,https://example.com/profiles/46ed4a5f-4dc0-4838-9ff9-8fc42480287e.jpg,MD119865,(419) 559-8032,2025-06-14T06:10:35.319753,2025-09-10T03:41:35.319769
58c24e94-afc1-4181-8808-1f6ac50975ed,teresa.roberts926,yboyd@example.net,PA,Teresa,Roberts,Hematology,Experienced Dermatology specialist with over 14 years of practice.,active,https://example.com/profiles/58c24e94-afc1-4181-8808-1f6ac50975ed.jpg,MD757993,(831) 690-7001,2025-05-16T02:59:35.320463,2025-09-06T08:01:35.320477
bde553ee-b70e-4e9e-a6b3-21d98a3934ce,chase.simon610,barbara56@example.com,Prof.,Chase,Simon,General Practice,Experienced Gastroenterology specialist with over 17 years of practice.,suspended,https://example.com/profiles/bde553ee-b70e-4e9e-a6b3-21d98a3934ce.jpg,MD401466,(631) 405-8535,2025-05-30T00:33:35.321118,2025-09-12T05:59:35.321133
6b9406e1-2e52-4be9-bbae-820eee2b2ae2,taylor.petty291,peter58@example.com,Prof.,Taylor,Petty,Endocrinology,Experienced General Practice specialist with over 19 years of practice.,pending_approval,https://example.com/profiles/6b9406e1-2e52-4be9-bbae-820eee2b2ae2.jpg,MD361001,(305) 383-7779,2024-07-10T20:39:35.321777,2025-09-07T08:50:35.321793
3539aa2a-363f-4c47-b583-691cfc1a403e,gloria.hanson227,rlee@example.net,Prof.,Gloria,Hanson,Pulmonology,Experienced Endocrinology specialist with over 18 years of practice.,pending_approval,https://example.com/profiles/3539aa2a-363f-4c47-b583-691cfc1a403e.jpg,MD456256,(864) 222-7857,2025-04-23T01:32:35.322482,2025-09-08T23:40:35.322498
368587e8-3662-4220-a73a-0fabcec96b02,john.smith154,zmoore@example.org,DO,John,Smith,Rheumatology,Experienced General Practice specialist with over 6 years of practice.,inactive,https://example.com/profiles/368587e8-3662-4220-a73a-0fabcec96b02.jpg,MD524864,(816) 965-1941,2025-04-24T19:15:35.323423,2025-09-09T07:01:35.323449
aa9cc184-6e46-4105-9ff4-6c8144fbefc8,brent.daniels8,robertcruz@example.org,MD,Brent,Daniels,Radiology,Experienced Urology specialist with over 6 years of practice.,suspended,https://example.com/profiles/aa9cc184-6e46-4105-9ff4-6c8144fbefc8.jpg,MD707175,(202) 526-8575,2025-07-04T07:50:35.324568,2025-09-16T11:28:35.324592
5f57ce8a-d561-4431-a59b-4c3b18497bb9,adrian.barnes94,rachel78@example.com,DO,Adrian,Barnes,Rheumatology,Experienced Hematology specialist with over 10 years of practice.,inactive,https://example.com/profiles/5f57ce8a-d561-4431-a59b-4c3b18497bb9.jpg,MD482704,(430) 788-4762,2023-10-08T03:00:35.325264,2025-08-29T22:44:35.325280
9a29a398-2162-4ab2-8cbf-322ad6af6942,stephanie.rivera543,wmorris@example.com,MD,Stephanie,Rivera,Pediatrics,Experienced Endocrinology specialist with over 18 years of practice.,pending_approval,https://example.com/profiles/9a29a398-2162-4ab2-8cbf-322ad6af6942.jpg,MD596060,(252) 652-5862,2025-03-11T05:06:35.325998,2025-09-15T11:28:35.326014
b061a369-7010-4ff4-a4e0-9a8325473e7d,pamela.bell233,jonathanjordan@example.org,Dr.,Pamela,Bell,General Practice,Experienced Oncology specialist with over 10 years of practice.,suspended,https://example.com/profiles/b061a369-7010-4ff4-a4e0-9a8325473e7d.jpg,MD816601,(541) 622-9656,2024-10-11T13:02:35.326855,2025-08-28T23:14:35.326870
af0e32f6-112d-4c5a-a0da-d1e5e825f90a,adam.hughes114,ymorgan@example.com,PA,Adam,Hughes,Cardiology,Experienced General Practice specialist with over 6 years of practice.,pending_approval,https://example.com/profiles/af0e32f6-112d-4c5a-a0da-d1e5e825f90a.jpg,MD172167,(262) 530-5993,2024-03-10T17:59:35.327560,2025-08-25T23:55:35.327575
8f91e96e-8d09-45a9-82c8-c8f765d9bf26,lindsey.foley52,felicia51@example.com,PA,Lindsey,Foley,Neurology,Experienced Hematology specialist with over 14 years of practice.,suspended,https://example.com/profiles/8f91e96e-8d09-45a9-82c8-c8f765d9bf26.jpg,MD912320,(681) 940-5060,2025-02-01T20:49:35.328230,2025-08-26T03:01:35.328246
d0472fe4-0eb8-4839-8e36-b8e698a44ec3,patrick.scott324,moorepatricia@example.com,DO,Patrick,Scott,Psychiatry,Experienced Orthopedics specialist with over 11 years of practice.,suspended,https://example.com/profiles/d0472fe4-0eb8-4839-8e36-b8e698a44ec3.jpg,MD834587,(251) 202-9851,2024-12-05T06:36:35.329101,2025-08-26T01:47:35.329117
b8285cbd-846c-4eb2-b4be-d6f5f75ad51a,jordan.carrillo462,afitzpatrick@example.org,DO,Jordan,Carrillo,Dermatology,Experienced General Practice specialist with over 8 years of practice.,suspended,https://example.com/profiles/b8285cbd-846c-4eb2-b4be-d6f5f75ad51a.jpg,MD111244,(561) 651-2007,2025-05-29T04:40:35.329830,2025-08-27T11:06:35.329846
57787098-18df-4704-98b4-abf40d95c0fc,laurie.whitaker638,allisonbarr@example.com,Prof.,Laurie,Whitaker,Neurology,Experienced Hematology specialist with over 25 years of practice.,suspended,https://example.com/profiles/57787098-18df-4704-98b4-abf40d95c0fc.jpg,MD197029,(786) 857-9832,2024-08-31T21:28:35.330691,2025-09-15T19:37:35.330706
03f39c1b-72fe-42eb-8179-47eeca935cd3,andre.rowe620,lori01@example.com,DO,Andre,Rowe,Psychiatry,Experienced Dermatology specialist with over 16 years of practice.,active,https://example.com/profiles/03f39c1b-72fe-42eb-8179-47eeca935cd3.jpg,MD617556,(509) 905-4915,2025-08-18T11:57:35.331346,2025-09-17T12:39:35.331361
65bfc399-4245-45da-841a-c664997ad395,andrew.sanchez739,brandondean@example.com,MD,Andrew,Sanchez,Endocrinology,Experienced Pulmonology specialist with over 24 years of practice.,inactive,https://example.com/profiles/65bfc399-4245-45da-841a-c664997ad395.jpg,MD359363,(272) 699-4471,2024-08-31T00:20:35.332263,2025-09-04T09:28:35.332288
bab075af-b293-4719-bd67-f1e840135ea2,eric.lewis617,cbrown@example.net,NP,Eric,Lewis,Oncology,Experienced Orthopedics specialist with over 6 years of practice.,suspended,https://example.com/profiles/bab075af-b293-4719-bd67-f1e840135ea2.jpg,MD467405,(601) 563-3445,2024-10-11T15:49:35.333671,2025-08-20T22:32:35.333711
8ebc0dd8-eb5d-4c7a-a42f-fbe616db06ca,marvin.williams22,anthonyfranklin@example.com,NP,Marvin,Williams,Urology,Experienced Pulmonology specialist with over 16 years of practice.,active,https://example.com/profiles/8ebc0dd8-eb5d-4c7a-a42f-fbe616db06ca.jpg,MD704555,(539) 601-3947,2025-09-06T18:27:35.334717,2025-08-21T13:41:35.334737
7f4f4380-d8bf-4c18-ae88-e3c01b7c558e,julie.lewis436,silvaryan@example.org,Prof.,Julie,Lewis,Geriatrics,Experienced Rheumatology specialist with over 8 years of practice.,inactive,https://example.com/profiles/7f4f4380-d8bf-4c18-ae88-e3c01b7c558e.jpg,MD530618,(216) 978-3108,2023-12-12T12:37:35.335611,2025-08-24T10:09:35.335629
08e5be9d-44ea-42b6-8346-ad9902de0a49,madison.alvarez983,kparrish@example.com,Dr.,Madison,Alvarez,Gastroenterology,Experienced Radiology specialist with over 21 years of practice.,active,https://example.com/profiles/08e5be9d-44ea-42b6-8346-ad9902de0a49.jpg,MD875425,(325) 227-4609,2024-06-30T09:24:35.336345,2025-08-30T07:24:35.336362
bd3e755e-c699-4309-81cf-95842186b2fb,dennis.nelson286,angelarodriguez@example.com,PA,Dennis,Nelson,Cardiology,Experienced Endocrinology specialist with over 25 years of practice.,suspended,https://example.com/profiles/bd3e755e-c699-4309-81cf-95842186b2fb.jpg,MD151336,(240) 401-3227,2024-04-25T11:36:35.337225,2025-08-29T04:28:35.337240
25e40cc6-0f0d-4343-b750-bf6fed62832a,paul.nelson25,evansrobin@example.com,MD,Paul,Nelson,Rheumatology,Experienced Rheumatology specialist with over 20 years of practice.,suspended,https://example.com/profiles/25e40cc6-0f0d-4343-b750-bf6fed62832a.jpg,MD923021,(240) 286-5547,2023-11-01T15:32:35.338111,2025-09-14T11:37:35.338127
1b4314a2-51b0-4c0e-a84f-ae048460ef2d,james.molina519,fwalton@example.com,Prof.,James,Molina,Gastroenterology,Experienced Gastroenterology specialist with over 23 years of practice.,pending_approval,https://example.com/profiles/1b4314a2-51b0-4c0e-a84f-ae048460ef2d.jpg,MD547534,(978) 610-6012,2024-07-02T09:30:35.338830,2025-09-05T03:21:35.338845
6d78c928-ea74-464a-b5a6-0d708959cc80,vanessa.beltran326,berrytyrone@example.net,PA,Vanessa,Beltran,Psychiatry,Experienced Pulmonology specialist with over 23 years of practice.,active,https://example.com/profiles/6d78c928-ea74-464a-b5a6-0d708959cc80.jpg,MD721640,(409) 352-1604,2024-09-22T06:48:35.339865,2025-09-07T21:46:35.339889
810a8d92-f925-422e-ac50-4e2736c516f3,stephanie.berry877,beasleybreanna@example.net,NP,Stephanie,Berry,Rheumatology,Experienced Orthopedics specialist with over 21 years of practice.,inactive,https://example.com/profiles/810a8d92-f925-422e-ac50-4e2736c516f3.jpg,MD468790,(231) 249-9126,2024-09-19T06:34:35.340789,2025-09-04T10:44:35.340814
79d9f448-020d-4d45-96bd-d15f6a8b6bb4,kathleen.williams901,tsmith@example.net,NP,Kathleen,Williams,Radiology,Experienced Urology specialist with over 11 years of practice.,pending_approval,https://example.com/profiles/79d9f448-020d-4d45-96bd-d15f6a8b6bb4.jpg,MD667636,(330) 764-3141,2025-05-26T18:15:35.342673,2025-09-04T01:29:35.342706
e022981d-4d67-4847-843a-0f72fe8df0f7,john.thomas461,solistara@example.com,MD,John,Thomas,Urology,Experienced Rheumatology specialist with over 24 years of practice.,inactive,https://example.com/profiles/e022981d-4d67-4847-843a-0f72fe8df0f7.jpg,MD491974,(628) 870-6028,2025-02-09T16:46:35.343876,2025-09-07T21:23:35.343903
b8f14f80-7863-4954-97a7-7a2611752487,rhonda.burke593,martinramirez@example.org,PA,Rhonda,Burke,Urology,Experienced Gastroenterology specialist with over 10 years of practice.,pending_approval,https://example.com/profiles/b8f14f80-7863-4954-97a7-7a2611752487.jpg,MD251619,(224) 282-4279,2025-07-17T11:37:35.344896,2025-08-22T01:34:35.344918
0569de7a-3c34-4dff-8042-74fb7df1ecc4,taylor.richard656,billydavis@example.net,PA,Taylor,Richard,Gastroenterology,Experienced General Practice specialist with over 17 years of practice.,suspended,https://example.com/profiles/0569de7a-3c34-4dff-8042-74fb7df1ecc4.jpg,MD217373,(947) 291-7885,2024-01-28T15:49:35.345900,2025-09-12T22:46:35.345923
344c3424-54a9-4d54-a623-e9d3104a0359,scott.stevens695,amanda75@example.net,Dr.,Scott,Stevens,Hematology,Experienced Endocrinology specialist with over 12 years of practice.,suspended,https://example.com/profiles/344c3424-54a9-4d54-a623-e9d3104a0359.jpg,MD683859,(478) 240-6258,2023-12-02T21:28:35.346725,2025-09-14T17:10:35.346760
0620bf19-ba4b-4644-8f24-7c499a3e928a,michael.fry756,carl64@example.net,NP,Michael,Fry,Urology,Experienced Psychiatry specialist with over 12 years of practice.,inactive,https://example.com/profiles/0620bf19-ba4b-4644-8f24-7c499a3e928a.jpg,MD445426,(626) 382-7939,2023-10-14T04:58:35.347607,2025-09-14T14:18:35.347627
212ad660-ce26-4c29-908b-b5a751adaa55,alexandra.moore284,masonkaren@example.org,PA,Alexandra,Moore,Urology,Experienced Oncology specialist with over 20 years of practice.,active,https://example.com/profiles/212ad660-ce26-4c29-908b-b5a751adaa55.jpg,MD219261,(425) 771-3582,2024-08-02T15:07:35.348845,2025-08-28T15:49:35.348873
332f4657-84f6-43d9-ad49-70992ef7bcca,mary.flores298,zhorton@example.com,NP,Mary,Flores,Psychiatry,Experienced Gastroenterology specialist with over 19 years of practice.,inactive,https://example.com/profiles/332f4657-84f6-43d9-ad49-70992ef7bcca.jpg,MD698302,(408) 330-3251,2024-02-05T02:56:35.349783,2025-09-04T13:32:35.349801
99f6c11b-9d1e-4679-bb38-51fb199ca206,daniel.fisher523,deborahrobinson@example.com,DO,Daniel,Fisher,Pediatrics,Experienced Cardiology specialist with over 12 years of practice.,pending_approval,https://example.com/profiles/99f6c11b-9d1e-4679-bb38-51fb199ca206.jpg,MD818966,(774) 582-1908,2024-10-30T23:31:35.350550,2025-08-27T12:30:35.350563
6e74ab01-687b-4462-93e0-04794042c783,anthony.day743,wmoran@example.com,DO,Anthony,Day,Endocrinology,Experienced Rheumatology specialist with over 14 years of practice.,inactive,https://example.com/profiles/6e74ab01-687b-4462-93e0-04794042c783.jpg,MD177766,(336) 885-5935,2025-02-15T00:20:35.351102,2025-09-09T03:39:35.351114
6adfcdb8-0bb6-44d3-830b-967426f7c448,gabriel.fisher254,hcarter@example.org,PA,Gabriel,Fisher,Endocrinology,Experienced Endocrinology specialist with over 15 years of practice.,suspended,https://example.com/profiles/6adfcdb8-0bb6-44d3-830b-967426f7c448.jpg,MD468803,(219) 801-3305,2024-06-06T04:58:35.351631,2025-08-31T01:29:35.351643
ecc29589-fcfe-45c6-a912-4b5153fdbab0,corey.hendrix36,hollycruz@example.org,NP,Corey,Hendrix,Hematology,Experienced Pulmonology specialist with over 23 years of practice.,pending_approval,https://example.com/profiles/ecc29589-fcfe-45c6-a912-4b5153fdbab0.jpg,MD572600,(660) 627-4054,2024-01-02T01:49:35.352272,2025-09-12T15:55:35.352283
be481764-1d84-4a16-bd5a-28d5de42b517,megan.lewis417,watsontina@example.net,PA,Megan,Lewis,Pulmonology,Experienced Rheumatology specialist with over 5 years of practice.,pending_approval,https://example.com/profiles/be481764-1d84-4a16-bd5a-28d5de42b517.jpg,MD440276,(210) 609-5460,2025-01-28T15:20:35.352966,2025-08-21T01:44:35.352979
0cc3b1e0-ae53-41c3-83ae-84acd4835455,sandra.yates822,harrisonvincent@example.com,Dr.,Sandra,Yates,Dermatology,Experienced Endocrinology specialist with over 5 years of practice.,pending_approval,https://example.com/profiles/0cc3b1e0-ae53-41c3-83ae-84acd4835455.jpg,MD252994,(843) 998-8765,2024-12-26T14:49:35.353623,2025-09-08T01:08:35.353634
4a9cce7b-c79f-4d89-be93-034e1e522456,kimberly.mercado599,lorraine94@example.com,Prof.,Kimberly,Mercado,Gastroenterology,Experienced Cardiology specialist with over 8 years of practice.,active,https://example.com/profiles/4a9cce7b-c79f-4d89-be93-034e1e522456.jpg,MD629457,(917) 855-7810,2024-01-02T14:20:35.354104,2025-09-16T03:52:35.354115
1890e074-d64b-4cee-9f0b-ab9dcdc92b19,cindy.wheeler781,mahoneysarah@example.org,NP,Cindy,Wheeler,Neurology,Experienced Psychiatry specialist with over 19 years of practice.,pending_approval,https://example.com/profiles/1890e074-d64b-4cee-9f0b-ab9dcdc92b19.jpg,MD320344,(907) 514-9237,2023-12-10T07:55:35.354734,2025-09-16T23:16:35.354745
851bedd7-fd67-4b7f-aeba-f28e2c91a771,dennis.hardy512,desireewilson@example.net,Dr.,Dennis,Hardy,Hematology,Experienced Orthopedics specialist with over 19 years of practice.,pending_approval,https://example.com/profiles/851bedd7-fd67-4b7f-aeba-f28e2c91a771.jpg,MD514839,(251) 858-2515,2024-07-25T00:08:35.355385,2025-08-20T12:51:35.355397
49d47dca-64ff-4da1-bb58-80ad1372f050,wayne.riley394,nicoleperez@example.net,Prof.,Wayne,Riley,Orthopedics,Experienced Pediatrics specialist with over 15 years of practice.,pending_approval,https://example.com/profiles/49d47dca-64ff-4da1-bb58-80ad1372f050.jpg,MD536444,(407) 203-3914,2025-05-16T02:40:35.356165,2025-08-28T01:11:35.356190
b990f33c-481a-42f4-8c16-6f6d216cceef,maria.brown399,rstewart@example.net,PA,Maria,Brown,Geriatrics,Experienced General Practice specialist with over 12 years of practice.,pending_approval,https://example.com/profiles/b990f33c-481a-42f4-8c16-6f6d216cceef.jpg,MD104158,(845) 285-8287,2025-01-09T12:43:35.357085,2025-09-12T01:37:35.357112
213c7216-5ce0-4eff-99f0-e9c9034397e3,amber.little393,lambertandrea@example.com,Dr.,Amber,Little,Pediatrics,Experienced Oncology specialist with over 20 years of practice.,active,https://example.com/profiles/213c7216-5ce0-4eff-99f0-e9c9034397e3.jpg,MD855753,(240) 627-1831,2025-01-06T15:28:35.358318,2025-08-23T07:58:35.358342
21751359-1abe-4503-a0a4-0377c892eff5,tracey.carpenter453,chad76@example.com,PA,Tracey,Carpenter,Psychiatry,Experienced Gastroenterology specialist with over 17 years of practice.,inactive,https://example.com/profiles/21751359-1abe-4503-a0a4-0377c892eff5.jpg,MD453681,(341) 276-5255,2023-12-11T10:56:35.359140,2025-08-27T05:01:35.359160
1de88092-351c-4aec-9ec3-a48c3fd8ae01,lee.harris935,zhangnatalie@example.net,Prof.,Lee,Harris,Geriatrics,Experienced Orthopedics specialist with over 25 years of practice.,active,https://example.com/profiles/1de88092-351c-4aec-9ec3-a48c3fd8ae01.jpg,MD611290,(631) 608-2103,2024-08-22T17:59:35.360064,2025-08-21T14:40:35.360080
81f52c7f-ecb7-4ea9-8484-a31ea465d768,amber.jennings447,dcurry@example.net,MD,Amber,Jennings,Endocrinology,Experienced Pediatrics specialist with over 13 years of practice.,active,https://example.com/profiles/81f52c7f-ecb7-4ea9-8484-a31ea465d768.jpg,MD301059,(479) 890-4228,2024-06-30T21:38:35.360774,2025-08-27T09:53:35.360791
1e66598a-dd57-42ab-b775-94ede76602fd,carl.aguilar531,troy08@example.net,MD,Carl,Aguilar,Endocrinology,Experienced Pediatrics specialist with over 18 years of practice.,pending_approval,https://example.com/profiles/1e66598a-dd57-42ab-b775-94ede76602fd.jpg,MD678735,(323) 649-2620,2023-11-06T22:15:35.361433,2025-09-03T16:51:35.361448
f9d65d9f-ea92-4d21-a87a-3ad51b72f885,kevin.hicks580,jjackson@example.org,Dr.,Kevin,Hicks,Pediatrics,Experienced Geriatrics specialist with over 14 years of practice.,inactive,https://example.com/profiles/f9d65d9f-ea92-4d21-a87a-3ad51b72f885.jpg,MD278450,(304) 798-2902,2023-11-30T12:55:35.362162,2025-08-30T00:51:35.362180
dfc6e8fb-d24f-4044-ab32-48214d896bac,william.pierce585,hjenkins@example.org,PA,William,Pierce,Oncology,Experienced Gastroenterology specialist with over 14 years of practice.,active,https://example.com/profiles/dfc6e8fb-d24f-4044-ab32-48214d896bac.jpg,MD398051,(205) 969-2377,2025-02-09T17:38:35.363594,2025-08-27T11:36:35.363639
bc62e49d-1494-493b-abab-bcf9ae5dec1f,michelle.chung923,jross@example.org,PA,Michelle,Chung,Hematology,Experienced Gastroenterology specialist with over 14 years of practice.,inactive,https://example.com/profiles/bc62e49d-1494-493b-abab-bcf9ae5dec1f.jpg,MD532210,(617) 357-1093,2025-05-19T04:09:35.364827,2025-08-28T09:55:35.364861
8c59b730-593c-478c-9a32-b853dfdf7461,brittney.maldonado462,dannywelch@example.net,MD,Brittney,Maldonado,Dermatology,Experienced General Practice specialist with over 6 years of practice.,pending_approval,https://example.com/profiles/8c59b730-593c-478c-9a32-b853dfdf7461.jpg,MD835933,(608) 646-9244,2024-04-11T17:36:35.366146,2025-09-06T22:22:35.366179
5ae1b9c1-321a-4e1f-ac91-96a7b486e9ed,carrie.chen305,joanna88@example.org,PA,Carrie,Chen,Endocrinology,Experienced General Practice specialist with over 19 years of practice.,inactive,https://example.com/profiles/5ae1b9c1-321a-4e1f-ac91-96a7b486e9ed.jpg,MD938116,(978) 327-5051,2023-11-11T21:32:35.366882,2025-08-21T12:41:35.366900
356aaf3c-3f17-4dd1-9203-6865a661d656,eric.bradley973,yboone@example.org,PA,Eric,Bradley,Gastroenterology,Experienced Radiology specialist with over 14 years of practice.,pending_approval,https://example.com/profiles/356aaf3c-3f17-4dd1-9203-6865a661d656.jpg,MD827553,(947) 326-6134,2025-03-08T05:15:35.367624,2025-09-15T16:20:35.367641
020dd67a-419f-4c9a-9441-8917d5283ba5,william.anderson27,bankstracy@example.com,Dr.,William,Anderson,Gastroenterology,Experienced Hematology specialist with over 6 years of practice.,pending_approval,https://example.com/profiles/020dd67a-419f-4c9a-9441-8917d5283ba5.jpg,MD244068,(479) 304-6886,2024-08-02T16:12:35.368490,2025-09-14T02:43:35.368516
8d67d05b-790b-4748-b26f-618a31579764,paul.hodges188,marksbrandon@example.net,PA,Paul,Hodges,Oncology,Experienced Cardiology specialist with over 9 years of practice.,inactive,https://example.com/profiles/8d67d05b-790b-4748-b26f-618a31579764.jpg,MD861819,(518) 604-3853,2024-08-12T18:08:35.369373,2025-09-16T13:46:35.369389
e6b2b9a6-5df9-49a8-a6bd-9c8a1dfda8eb,david.castillo800,bridgetthomas@example.net,Prof.,David,Castillo,Cardiology,Experienced General Practice specialist with over 15 years of practice.,inactive,https://example.com/profiles/e6b2b9a6-5df9-49a8-a6bd-9c8a1dfda8eb.jpg,MD975595,(520) 362-4960,2024-03-18T20:33:35.370241,2025-08-25T08:09:35.370256
5365bae2-9220-4be9-800c-35f06ec3b52b,catherine.hall459,rebecca86@example.net,DO,Catherine,Hall,Pulmonology,Experienced Cardiology specialist with over 14 years of practice.,inactive,https://example.com/profiles/5365bae2-9220-4be9-800c-35f06ec3b52b.jpg,MD749151,(442) 867-9769,2024-05-01T13:16:35.370912,2025-08-20T20:16:35.370927
81e06b0a-81e5-4aef-b7b4-be5dd7727a7b,kevin.barrera405,sanchezleslie@example.com,DO,Kevin,Barrera,Orthopedics,Experienced Dermatology specialist with over 22 years of practice.,suspended,https://example.com/profiles/81e06b0a-81e5-4aef-b7b4-be5dd7727a7b.jpg,MD610441,(341) 276-1650,2024-06-16T13:40:35.371811,2025-09-14T00:08:35.371839
19367e9b-9d79-48a8-89cd-3ab0c97981ab,travis.stevens705,yatkins@example.net,Dr.,Travis,Stevens,Cardiology,Experienced Neurology specialist with over 11 years of practice.,active,https://example.com/profiles/19367e9b-9d79-48a8-89cd-3ab0c97981ab.jpg,MD929819,(702) 274-1305,2023-10-15T12:09:35.372599,2025-08-24T14:16:35.372625
7970d5b6-ed86-4498-b28a-ea70043ae72a,michelle.barajas884,matthewvaughn@example.org,DO,Michelle,Barajas,General Practice,Experienced Orthopedics specialist with over 19 years of practice.,inactive,https://example.com/profiles/7970d5b6-ed86-4498-b28a-ea70043ae72a.jpg,MD461407,(564) 387-8082,2024-09-30T00:05:35.373936,2025-09-16T20:14:35.373969
6009d6de-0855-47e7-872c-d0eacf2c33d8,lauren.ramos831,cannonmary@example.net,NP,Lauren,Ramos,Hematology,Experienced Geriatrics specialist with over 20 years of practice.,suspended,https://example.com/profiles/6009d6de-0855-47e7-872c-d0eacf2c33d8.jpg,MD889007,(507) 794-6227,2023-10-04T04:47:35.375755,2025-09-01T12:55:35.375852
7aed409f-f738-45e8-a046-faa976d6e56f,rachel.robinson825,mark05@example.com,PA,Rachel,Robinson,Geriatrics,Experienced Hematology specialist with over 17 years of practice.,inactive,https://example.com/profiles/7aed409f-f738-45e8-a046-faa976d6e56f.jpg,MD803193,(409) 995-8527,2024-03-05T13:34:35.376907,2025-09-03T09:31:35.376936
e258966e-7b42-4148-abd0-685c47aa5bbc,erica.johnson906,dawnwarren@example.net,NP,Erica,Johnson,Dermatology,Experienced Oncology specialist with over 10 years of practice.,inactive,https://example.com/profiles/e258966e-7b42-4148-abd0-685c47aa5bbc.jpg,MD469394,(804) 991-4784,2025-06-30T17:22:35.377960,2025-08-30T22:24:35.377979
17d27c98-e76f-43c0-8f8c-e12cf02d34c8,carrie.wiley241,zacharypage@example.com,Dr.,Carrie,Wiley,Endocrinology,Experienced Radiology specialist with over 23 years of practice.,inactive,https://example.com/profiles/17d27c98-e76f-43c0-8f8c-e12cf02d34c8.jpg,MD807224,(302) 866-4132,2024-10-28T02:42:35.378908,2025-08-27T19:15:35.378931
5b122af8-5de6-43eb-967b-c5fca36e2932,jose.collins59,danieljones@example.org,MD,Jose,Collins,Cardiology,Experienced Urology specialist with over 25 years of practice.,active,https://example.com/profiles/5b122af8-5de6-43eb-967b-c5fca36e2932.jpg,MD619693,(828) 583-1100,2024-02-25T16:03:35.380061,2025-08-26T00:25:35.380083
ec681dee-9324-49fc-9375-fc588402c19c,kyle.webb290,curtisjacqueline@example.org,NP,Kyle,Webb,Pulmonology,Experienced Hematology specialist with over 16 years of practice.,suspended,https://example.com/profiles/ec681dee-9324-49fc-9375-fc588402c19c.jpg,MD496240,(860) 626-7792,2025-05-14T07:46:35.380921,2025-09-02T09:10:35.380938
bc86a696-4fe0-4861-95ea-919e1c8099e0,sharon.levine334,melissa36@example.net,PA,Sharon,Levine,Psychiatry,Experienced Endocrinology specialist with over 24 years of practice.,pending_approval,https://example.com/profiles/bc86a696-4fe0-4861-95ea-919e1c8099e0.jpg,MD679280,(570) 957-6881,2024-12-08T10:51:35.381493,2025-09-13T22:24:35.381506
02981206-6b8c-49eb-ae32-8396924506a3,veronica.wilson341,xfuentes@example.net,MD,Veronica,Wilson,Gastroenterology,Experienced Hematology specialist with over 11 years of practice.,active,https://example.com/profiles/02981206-6b8c-49eb-ae32-8396924506a3.jpg,MD878563,(620) 827-2102,2024-09-25T00:55:35.382095,2025-08-31T20:48:35.382113
d8148cae-83d3-45b1-92cf-c5dbfb3a7988,carolyn.manning676,cjohns@example.net,NP,Carolyn,Manning,Psychiatry,Experienced Gastroenterology specialist with over 8 years of practice.,active,https://example.com/profiles/d8148cae-83d3-45b1-92cf-c5dbfb3a7988.jpg,MD725633,(737) 709-6056,2024-10-04T06:18:35.382862,2025-09-11T20:47:35.382880
eb7c9266-ed79-44d2-8f84-6656d7c0c81c,sean.brown412,jessebeltran@example.net,MD,Sean,Brown,Cardiology,Experienced Pediatrics specialist with over 5 years of practice.,pending_approval,https://example.com/profiles/eb7c9266-ed79-44d2-8f84-6656d7c0c81c.jpg,MD168037,(847) 443-9136,2025-04-27T05:46:35.383615,2025-09-11T05:35:35.383629
2898bb63-e19a-42b2-8702-bf4bd83b06fb,joseph.simmons887,jose79@example.com,NP,Joseph,Simmons,Urology,Experienced Rheumatology specialist with over 6 years of practice.,inactive,https://example.com/profiles/2898bb63-e19a-42b2-8702-bf4bd83b06fb.jpg,MD966185,(413) 421-9929,2025-05-28T05:28:35.384153,2025-09-16T19:57:35.384165
da321f70-5a60-4989-9ed8-a50fdc2fdcf7,angel.juarez909,lorihenderson@example.com,PA,Angel,Juarez,Neurology,Experienced Psychiatry specialist with over 14 years of practice.,suspended,https://example.com/profiles/da321f70-5a60-4989-9ed8-a50fdc2fdcf7.jpg,MD877753,(616) 342-2966,2025-07-09T04:33:35.384863,2025-08-26T23:24:35.384876
6ba0af3a-2a06-4ae6-9e70-0eb5a945a7ef,stephanie.olsen434,reynoldssharon@example.net,Prof.,Stephanie,Olsen,Urology,Experienced Hematology specialist with over 7 years of practice.,active,https://example.com/profiles/6ba0af3a-2a06-4ae6-9e70-0eb5a945a7ef.jpg,MD420668,(984) 410-4909,2025-06-04T09:27:35.385543,2025-09-02T21:51:35.385553
4a146500-0dd7-4495-88fe-b6bf4aef18a1,luis.robinson998,nhunter@example.org,Prof.,Luis,Robinson,Dermatology,Experienced Radiology specialist with over 15 years of practice.,pending_approval,https://example.com/profiles/4a146500-0dd7-4495-88fe-b6bf4aef18a1.jpg,MD806039,(216) 227-4848,2024-03-23T06:29:35.385998,2025-08-25T09:46:35.386008
e592de78-e983-409e-b981-5f3856f0e9c8,michael.duffy722,shawn29@example.net,DO,Michael,Duffy,Orthopedics,Experienced Psychiatry specialist with over 7 years of practice.,active,https://example.com/profiles/e592de78-e983-409e-b981-5f3856f0e9c8.jpg,MD146695,(339) 269-9205,2025-04-16T00:57:35.386413,2025-08-28T02:00:35.386422
f03118b0-9d64-4ba4-bc0e-7734387ecdc6,elizabeth.bates558,danlong@example.net,Dr.,Elizabeth,Bates,Rheumatology,Experienced Dermatology specialist with over 9 years of practice.,pending_approval,https://example.com/profiles/f03118b0-9d64-4ba4-bc0e-7734387ecdc6.jpg,MD543187,(260) 634-8710,2024-03-22T19:20:35.386964,2025-08-24T13:49:35.386974
10f9c009-286c-4d91-a12e-adb0dfd66471,kim.clark189,taylormaria@example.com,Dr.,Kim,Clark,Orthopedics,Experienced Urology specialist with over 5 years of practice.,inactive,https://example.com/profiles/10f9c009-286c-4d91-a12e-adb0dfd66471.jpg,MD797030,(337) 221-5589,2025-03-10T13:42:35.387514,2025-08-28T18:45:35.387524
31b60582-dfa2-4295-b2ce-49ec324b3b24,angie.dorsey219,dawn33@example.org,NP,Angie,Dorsey,Hematology,Experienced Orthopedics specialist with over 14 years of practice.,inactive,https://example.com/profiles/31b60582-dfa2-4295-b2ce-49ec324b3b24.jpg,MD209548,(231) 621-6918,2025-07-14T08:10:35.387927,2025-09-19T00:08:35.387936
7c45f485-69e8-4628-bba1-977deb5c2bb9,kevin.bennett405,casey54@example.net,Dr.,Kevin,Bennett,Endocrinology,Experienced Cardiology specialist with over 25 years of practice.,pending_approval,https://example.com/profiles/7c45f485-69e8-4628-bba1-977deb5c2bb9.jpg,MD215893,(443) 324-4840,2024-10-09T22:40:35.388333,2025-08-19T10:32:35.388342
48f03977-3e66-4ae4-8405-c456ad018f21,john.reynolds585,djohnson@example.org,MD,John,Reynolds,General Practice,Experienced Dermatology specialist with over 20 years of practice.,inactive,https://example.com/profiles/48f03977-3e66-4ae4-8405-c456ad018f21.jpg,MD817889,(337) 895-4801,2024-01-16T22:34:35.388797,2025-08-25T11:32:35.388807
d5edee3d-488e-4720-8f25-f8a0518b4f6c,kevin.norton134,yfletcher@example.org,NP,Kevin,Norton,Endocrinology,Experienced Urology specialist with over 17 years of practice.,active,https://example.com/profiles/d5edee3d-488e-4720-8f25-f8a0518b4f6c.jpg,MD845299,(903) 982-9139,2024-02-29T19:30:35.389297,2025-09-05T18:14:35.389314
af8b3287-089c-4fb5-a3fc-c6d8e44d3204,jessica.reed449,amy17@example.com,MD,Jessica,Reed,Endocrinology,Experienced Hematology specialist with over 21 years of practice.,suspended,https://example.com/profiles/af8b3287-089c-4fb5-a3fc-c6d8e44d3204.jpg,MD587293,(281) 331-4491,2024-01-06T16:56:35.389907,2025-09-01T15:47:35.389924
e4365813-510f-4a6b-951b-a4f83d082ac5,joy.mclean630,colemanscott@example.com,DO,Joy,Mclean,Geriatrics,Experienced Dermatology specialist with over 13 years of practice.,suspended,https://example.com/profiles/e4365813-510f-4a6b-951b-a4f83d082ac5.jpg,MD335745,(225) 481-6918,2025-05-22T15:45:35.390636,2025-09-08T23:14:35.390650
fee130fa-296a-4d23-b715-295b25cd9832,alexander.martin514,chasebeck@example.com,DO,Alexander,Martin,Endocrinology,Experienced Rheumatology specialist with over 12 years of practice.,pending_approval,https://example.com/profiles/fee130fa-296a-4d23-b715-295b25cd9832.jpg,MD218981,(913) 768-1501,2024-04-26T15:19:35.391203,2025-09-07T00:15:35.391213
1075eec9-99cc-4909-a116-849bb6d55d9a,anne.jones694,patricia13@example.com,Dr.,Anne,Jones,Neurology,Experienced Gastroenterology specialist with over 16 years of practice.,suspended,https://example.com/profiles/1075eec9-99cc-4909-a116-849bb6d55d9a.jpg,MD943954,(616) 722-6430,2023-12-25T03:03:35.391633,2025-09-01T06:12:35.391643
0d8c5051-0105-4524-8a76-0abba22f9a86,mary.contreras553,dhale@example.net,NP,Mary,Contreras,Pediatrics,Experienced Neurology specialist with over 17 years of practice.,inactive,https://example.com/profiles/0d8c5051-0105-4524-8a76-0abba22f9a86.jpg,MD134569,(678) 485-6008,2024-01-13T03:12:35.392089,2025-09-11T15:50:35.392099
0f2324e6-b642-4572-81c8-93d9fd5c48b7,brittany.roth459,heathercochran@example.com,Dr.,Brittany,Roth,Pediatrics,Experienced Oncology specialist with over 5 years of practice.,suspended,https://example.com/profiles/0f2324e6-b642-4572-81c8-93d9fd5c48b7.jpg,MD338974,(872) 521-7889,2024-06-09T09:53:35.392502,2025-09-17T10:32:35.392515
f3b77e02-3ea7-44c1-a271-eadb3ddbb811,anthony.davies987,amandaroberts@example.net,NP,Anthony,Davies,Endocrinology,Experienced Psychiatry specialist with over 11 years of practice.,suspended,https://example.com/profiles/f3b77e02-3ea7-44c1-a271-eadb3ddbb811.jpg,MD686072,(567) 390-1903,2023-10-16T22:39:35.392909,2025-08-28T13:39:35.392916
b9cc6120-2c7d-4f9a-a576-59376ca24245,wendy.maddox737,cainroger@example.net,MD,Wendy,Maddox,Neurology,Experienced Pediatrics specialist with over 13 years of practice.,pending_approval,https://example.com/profiles/b9cc6120-2c7d-4f9a-a576-59376ca24245.jpg,MD896205,(224) 660-9456,2023-09-24T15:18:35.393311,2025-09-05T19:32:35.393318
7cfd50cd-d637-49b7-a685-ad6b3d63cfb2,michael.cantu716,andrewsdebbie@example.com,PA,Michael,Cantu,Geriatrics,Experienced General Practice specialist with over 8 years of practice.,active,https://example.com/profiles/7cfd50cd-d637-49b7-a685-ad6b3d63cfb2.jpg,MD876226,(225) 666-3291,2023-10-24T13:01:35.393726,2025-08-21T02:00:35.393733
01695d19-92b8-4b5a-ab8b-39aba6163023,jasmine.lopez788,robertchavez@example.org,PA,Jasmine,Lopez,Orthopedics,Experienced Urology specialist with over 7 years of practice.,active,https://example.com/profiles/01695d19-92b8-4b5a-ab8b-39aba6163023.jpg,MD920291,(413) 502-7595,2025-06-02T11:33:35.394124,2025-09-07T12:30:35.394131
d9b90d87-e865-49b3-bfce-7a6ca5e7255c,carol.gray551,egutierrez@example.org,NP,Carol,Gray,Cardiology,Experienced Oncology specialist with over 8 years of practice.,active,https://example.com/profiles/d9b90d87-e865-49b3-bfce-7a6ca5e7255c.jpg,MD827770,(610) 765-8004,2024-07-27T18:56:35.394451,2025-09-02T20:45:35.394458
5e6578a4-9d55-41a7-a117-00b8c69974ad,donald.edwards974,rherman@example.org,MD,Donald,Edwards,General Practice,Experienced Radiology specialist with over 9 years of practice.,pending_approval,https://example.com/profiles/5e6578a4-9d55-41a7-a117-00b8c69974ad.jpg,MD415221,(856) 260-5239,2024-02-20T16:35:35.394905,2025-09-04T07:54:35.394915
51592cc0-e396-45ec-8e78-a0da6a060af6,lisa.dorsey825,lauramassey@example.org,Dr.,Lisa,Dorsey,Gastroenterology,Experienced Rheumatology specialist with over 19 years of practice.,active,https://example.com/profiles/51592cc0-e396-45ec-8e78-a0da6a060af6.jpg,MD342148,(513) 360-6346,2024-06-02T08:17:35.395318,2025-09-09T12:43:35.395325
2ab618ec-402e-4264-9d24-bfb13aeffa28,erin.irwin230,christina80@example.org,Dr.,Erin,Irwin,Rheumatology,Experienced Neurology specialist with over 9 years of practice.,pending_approval,https://example.com/profiles/2ab618ec-402e-4264-9d24-bfb13aeffa28.jpg,MD980916,(706) 875-7932,2024-03-25T15:22:35.395626,2025-08-22T18:19:35.395633
11bcf69e-ab44-48d7-adbd-71cf9f2f66ff,rachel.clark914,jstanton@example.org,MD,Rachel,Clark,Dermatology,Experienced Hematology specialist with over 25 years of practice.,active,https://example.com/profiles/11bcf69e-ab44-48d7-adbd-71cf9f2f66ff.jpg,MD373449,(503) 725-2656,2024-05-31T19:22:35.395956,2025-08-30T10:29:35.395963
0e029546-18c8-45d4-a250-beb550c62336,patricia.freeman956,davismichelle@example.net,PA,Patricia,Freeman,General Practice,Experienced Oncology specialist with over 17 years of practice.,inactive,https://example.com/profiles/0e029546-18c8-45d4-a250-beb550c62336.jpg,MD397407,(813) 222-5628,2024-03-28T06:55:35.396359,2025-08-20T12:49:35.396366
e6ec1a62-ab07-4a68-9d56-b114f8625748,charles.hernandez61,joshua61@example.com,Dr.,Charles,Hernandez,Radiology,Experienced Orthopedics specialist with over 12 years of practice.,inactive,https://example.com/profiles/e6ec1a62-ab07-4a68-9d56-b114f8625748.jpg,MD359481,(303) 470-6853,2023-10-14T21:09:35.396666,2025-09-08T06:29:35.396673
8f73a893-4b08-4ef0-97ca-3446d42d587a,kelly.jensen807,johngarrison@example.org,Dr.,Kelly,Jensen,Geriatrics,Experienced Rheumatology specialist with over 16 years of practice.,active,https://example.com/profiles/8f73a893-4b08-4ef0-97ca-3446d42d587a.jpg,MD956560,(817) 258-1353,2025-01-11T01:46:35.397065,2025-08-21T19:44:35.397072
c78aa45a-ba6b-4214-932e-053ede4823bc,stephen.york203,ryan42@example.com,NP,Stephen,York,General Practice,Experienced Psychiatry specialist with over 17 years of practice.,suspended,https://example.com/profiles/c78aa45a-ba6b-4214-932e-053ede4823bc.jpg,MD410397,(217) 905-6416,2025-02-15T21:53:35.397369,2025-09-09T07:05:35.397376
1b48e96d-0908-4c5e-a745-503111f13075,lisa.rodriguez665,wsanchez@example.org,NP,Lisa,Rodriguez,General Practice,Experienced Hematology specialist with over 8 years of practice.,active,https://example.com/profiles/1b48e96d-0908-4c5e-a745-503111f13075.jpg,MD961529,(630) 464-2789,2023-12-07T07:54:35.397703,2025-09-01T09:21:35.397710
ff42ea00-14f1-4997-ab78-5d6822438670,noah.jones141,jill69@example.net,Dr.,Noah,Jones,Pulmonology,Experienced Cardiology specialist with over 20 years of practice.,active,https://example.com/profiles/ff42ea00-14f1-4997-ab78-5d6822438670.jpg,MD359885,(725) 865-4340,2025-07-27T08:38:35.398000,2025-08-23T05:50:35.398007
06c484d1-2621-448a-8a8e-e4c4ffb3e8af,matthew.aguilar78,danielletucker@example.com,NP,Matthew,Aguilar,Orthopedics,Experienced Oncology specialist with over 10 years of practice.,suspended,https://example.com/profiles/06c484d1-2621-448a-8a8e-e4c4ffb3e8af.jpg,MD922267,(774) 869-5003,2024-09-10T03:26:35.398392,2025-09-10T12:53:35.398399
636783e6-949c-4569-918a-15a95ae746e3,nicholas.gilmore324,evansbrady@example.org,DO,Nicholas,Gilmore,Gastroenterology,Experienced Gastroenterology specialist with over 18 years of practice.,active,https://example.com/profiles/636783e6-949c-4569-918a-15a95ae746e3.jpg,MD818714,(612) 884-6096,2024-12-16T10:52:35.398796,2025-09-05T11:56:35.398803
56d1ad9b-37d7-441d-a0ad-f14c97fa7510,sara.novak547,aaron25@example.com,MD,Sara,Novak,Pediatrics,Experienced Pediatrics specialist with over 11 years of practice.,suspended,https://example.com/profiles/56d1ad9b-37d7-441d-a0ad-f14c97fa7510.jpg,MD900261,(615) 748-3526,2024-08-03T17:53:35.399096,2025-08-26T13:22:35.399103
45d7c642-48ac-495f-aae1-022c0a198a35,bryan.bowen378,mariecasey@example.com,Dr.,Bryan,Bowen,Gastroenterology,Experienced Oncology specialist with over 24 years of practice.,pending_approval,https://example.com/profiles/45d7c642-48ac-495f-aae1-022c0a198a35.jpg,MD132924,(423) 396-3188,2025-03-03T22:26:35.399450,2025-09-07T15:47:35.399456
6fbd6cd9-aac5-4ac9-8a58-c084a6d343e9,kimberly.schaefer846,nancy67@example.org,MD,Kimberly,Schaefer,Dermatology,Experienced Hematology specialist with over 25 years of practice.,pending_approval,https://example.com/profiles/6fbd6cd9-aac5-4ac9-8a58-c084a6d343e9.jpg,MD776163,(412) 720-9484,2025-08-20T00:00:35.399717,2025-08-20T18:41:35.399723
57a030fc-7b97-484f-81d4-33d760adc98b,henry.lozano47,ashleyturner@example.org,DO,Henry,Lozano,Endocrinology,Experienced Rheumatology specialist with over 11 years of practice.,pending_approval,https://example.com/profiles/57a030fc-7b97-484f-81d4-33d760adc98b.jpg,MD371840,(586) 334-6867,2025-03-18T01:16:35.400066,2025-08-27T18:30:35.400072
0c14230a-e7a3-4382-88d7-f3caa493edfa,sue.jones501,joshua15@example.net,DO,Sue,Jones,Oncology,Experienced Orthopedics specialist with over 13 years of practice.,suspended,https://example.com/profiles/0c14230a-e7a3-4382-88d7-f3caa493edfa.jpg,MD377393,(956) 451-1555,2024-11-09T20:43:35.400327,2025-08-25T08:58:35.400333
fa5d0bce-8bf2-4384-9150-8f94959944a2,timothy.carpenter446,eduardodavis@example.com,Dr.,Timothy,Carpenter,Pulmonology,Experienced General Practice specialist with over 17 years of practice.,pending_approval,https://example.com/profiles/fa5d0bce-8bf2-4384-9150-8f94959944a2.jpg,MD672875,(772) 328-8495,2024-09-11T22:10:35.400682,2025-09-12T18:32:35.400689
4d5376fb-6ddc-485e-81dc-015c8197ec82,heather.chapman608,ulawrence@example.org,Prof.,Heather,Chapman,Psychiatry,Experienced Orthopedics specialist with over 25 years of practice.,suspended,https://example.com/profiles/4d5376fb-6ddc-485e-81dc-015c8197ec82.jpg,MD121703,(952) 303-3289,2025-05-18T09:05:35.400971,2025-08-23T02:00:35.400977
bb70198d-d0df-4fac-ab80-e0a8da96c402,bryan.golden480,robertsbrandy@example.com,Prof.,Bryan,Golden,Psychiatry,Experienced Oncology specialist with over 16 years of practice.,inactive,https://example.com/profiles/bb70198d-d0df-4fac-ab80-e0a8da96c402.jpg,MD732346,(772) 244-2516,2024-07-02T08:25:35.401320,2025-08-23T14:07:35.401326
01c04dd5-a0a4-4edc-9ef8-46fbbd7ee5ad,john.simpson834,gcoleman@example.org,Prof.,John,Simpson,General Practice,Experienced Oncology specialist with over 19 years of practice.,active,https://example.com/profiles/01c04dd5-a0a4-4edc-9ef8-46fbbd7ee5ad.jpg,MD561751,(934) 346-7506,2025-05-02T22:19:35.401613,2025-08-20T06:16:35.401619
dbed472f-b7f8-415d-854a-ee4d92084931,brett.rice489,wayne01@example.net,MD,Brett,Rice,Hematology,Experienced Gastroenterology specialist with over 17 years of practice.,active,https://example.com/profiles/dbed472f-b7f8-415d-854a-ee4d92084931.jpg,MD328177,(340) 580-1962,2023-11-25T02:14:35.401877,2025-08-28T11:12:35.401883
18250057-0c56-4368-938f-c8a9ecb84b96,heather.castillo599,christopherharris@example.org,MD,Heather,Castillo,Neurology,Experienced Oncology specialist with over 13 years of practice.,inactive,https://example.com/profiles/18250057-0c56-4368-938f-c8a9ecb84b96.jpg,MD582270,(929) 786-6857,2025-04-12T12:02:35.402255,2025-09-11T20:56:35.402266
15aad9ba-7eed-4038-8f10-5ab38d1a9d12,mark.mays806,jeremy78@example.com,DO,Mark,Mays,Oncology,Experienced Radiology specialist with over 13 years of practice.,pending_approval,https://example.com/profiles/15aad9ba-7eed-4038-8f10-5ab38d1a9d12.jpg,MD937223,(607) 819-6805,2023-09-21T14:39:35.402600,2025-08-23T19:15:35.402608
3ddd60d8-0e4b-4ed3-816e-7cc12dfed8c8,george.garcia520,tuckeramy@example.net,Dr.,George,Garcia,Geriatrics,Experienced Rheumatology specialist with over 11 years of practice.,active,https://example.com/profiles/3ddd60d8-0e4b-4ed3-816e-7cc12dfed8c8.jpg,MD616960,(575) 897-3354,2024-06-26T10:55:35.402966,2025-09-03T02:53:35.402972
2a88aefe-d334-49e5-a741-9099453dd577,stephen.williams871,umccoy@example.com,Prof.,Stephen,Williams,Oncology,Experienced Cardiology specialist with over 10 years of practice.,inactive,https://example.com/profiles/2a88aefe-d334-49e5-a741-9099453dd577.jpg,MD728832,(463) 603-3119,2024-05-19T21:55:35.403261,2025-09-04T20:03:35.403267
7832857b-52d5-41b5-9d65-2fce78a0e351,kevin.rivera836,acombs@example.net,MD,Kevin,Rivera,Cardiology,Experienced Oncology specialist with over 6 years of practice.,pending_approval,https://example.com/profiles/7832857b-52d5-41b5-9d65-2fce78a0e351.jpg,MD863783,(716) 544-7006,2025-06-10T07:51:35.403562,2025-09-01T21:47:35.403569
1d1c7c29-0a8a-4ddc-b185-4a4cefeb7fb1,amy.monroe517,michelleshort@example.net,Dr.,Amy,Monroe,Gastroenterology,Experienced Cardiology specialist with over 16 years of practice.,active,https://example.com/profiles/1d1c7c29-0a8a-4ddc-b185-4a4cefeb7fb1.jpg,MD242456,(340) 744-3653,2025-08-11T18:12:35.403922,2025-08-30T00:18:35.403930
c5f8f23f-47e1-4513-973e-1819c0e393a4,james.middleton652,watsonjose@example.net,MD,James,Middleton,Psychiatry,Experienced Geriatrics specialist with over 21 years of practice.,inactive,https://example.com/profiles/c5f8f23f-47e1-4513-973e-1819c0e393a4.jpg,MD563841,(757) 702-8889,2024-12-14T04:48:35.404277,2025-08-31T03:41:35.404283
8f5186ef-07f8-4bf4-bec7-99d6ebd19f7d,julia.smith716,brownjames@example.org,MD,Julia,Smith,Hematology,Experienced Neurology specialist with over 25 years of practice.,suspended,https://example.com/profiles/8f5186ef-07f8-4bf4-bec7-99d6ebd19f7d.jpg,MD302927,(341) 932-8216,2024-04-05T03:23:35.404639,2025-09-05T10:24:35.404645
772be3e7-9f7a-480e-a3ad-130e9d593d4d,susan.reynolds192,tiffany50@example.net,Dr.,Susan,Reynolds,Psychiatry,Experienced Gastroenterology specialist with over 6 years of practice.,active,https://example.com/profiles/772be3e7-9f7a-480e-a3ad-130e9d593d4d.jpg,MD244654,(708) 201-9023,2024-06-25T04:57:35.404907,2025-09-11T03:04:35.404913
0dce65bf-5ffd-4474-844c-396041462d8f,mark.guerra644,keithdavis@example.com,NP,Mark,Guerra,Oncology,Experienced Pulmonology specialist with over 23 years of practice.,suspended,https://example.com/profiles/0dce65bf-5ffd-4474-844c-396041462d8f.jpg,MD928452,(641) 421-9138,2025-07-11T22:04:35.405256,2025-09-07T18:46:35.405262
890d5b60-8c9d-4821-91ac-75fc7919e628,kristina.johnson115,gcastillo@example.com,Dr.,Kristina,Johnson,Psychiatry,Experienced Geriatrics specialist with over 5 years of practice.,inactive,https://example.com/profiles/890d5b60-8c9d-4821-91ac-75fc7919e628.jpg,MD168674,(928) 664-4636,2025-08-18T12:10:35.405552,2025-08-31T22:58:35.405559
796efd44-f080-44d6-b0fe-0d840dce8d3f,charles.flores488,andrewbird@example.com,PA,Charles,Flores,Hematology,Experienced Neurology specialist with over 19 years of practice.,suspended,https://example.com/profiles/796efd44-f080-44d6-b0fe-0d840dce8d3f.jpg,MD991280,(503) 307-3132,2024-01-01T18:49:35.405961,2025-08-22T01:56:35.405972
ce391452-e5f8-4659-be48-c09d55994896,roger.wright760,davidfarrell@example.com,MD,Roger,Wright,Pediatrics,Experienced Dermatology specialist with over 10 years of practice.,suspended,https://example.com/profiles/ce391452-e5f8-4659-be48-c09d55994896.jpg,MD802379,(704) 821-1439,2024-03-30T05:35:35.406452,2025-09-01T12:00:35.406463
0f6a670e-43b1-4a04-bc91-c92c265a5c5a,benjamin.esparza1,mistymatthews@example.org,PA,Benjamin,Esparza,Dermatology,Experienced Urology specialist with over 9 years of practice.,inactive,https://example.com/profiles/0f6a670e-43b1-4a04-bc91-c92c265a5c5a.jpg,MD128855,(931) 870-8824,2025-06-24T04:13:35.406977,2025-09-15T17:24:35.406990
f9c824a0-b067-485d-9a00-0f0e3682d5fd,elizabeth.williams866,btaylor@example.org,MD,Elizabeth,Williams,Psychiatry,Experienced Geriatrics specialist with over 12 years of practice.,pending_approval,https://example.com/profiles/f9c824a0-b067-485d-9a00-0f0e3682d5fd.jpg,MD697934,(740) 990-1619,2025-05-08T02:48:35.407455,2025-09-16T23:10:35.407494
da83adb8-6e40-4e0f-a767-2927a3b25a44,susan.stevenson636,jeffersondaniel@example.org,PA,Susan,Stevenson,Rheumatology,Experienced Psychiatry specialist with over 8 years of practice.,suspended,https://example.com/profiles/da83adb8-6e40-4e0f-a767-2927a3b25a44.jpg,MD478303,(785) 835-1484,2025-03-01T04:49:35.408338,2025-09-18T16:28:35.408376
23fac335-e822-492e-b783-8295748069de,jonathan.parker552,barbaralee@example.net,Dr.,Jonathan,Parker,Radiology,Experienced Cardiology specialist with over 24 years of practice.,pending_approval,https://example.com/profiles/23fac335-e822-492e-b783-8295748069de.jpg,MD170294,(812) 544-1193,2025-03-29T10:44:35.409398,2025-09-16T02:02:35.409409
930e4385-6380-48c3-9066-3bd007e37974,grant.white25,hmoses@example.org,Dr.,Grant,White,Rheumatology,Experienced Radiology specialist with over 20 years of practice.,pending_approval,https://example.com/profiles/930e4385-6380-48c3-9066-3bd007e37974.jpg,MD640723,(832) 532-6581,2023-10-20T16:40:35.410648,2025-08-20T09:24:35.410683
a5791df3-4690-43da-b02d-601829da7ab2,eric.quinn347,matthew64@example.com,PA,Eric,Quinn,Gastroenterology,Experienced Orthopedics specialist with over 15 years of practice.,active,https://example.com/profiles/a5791df3-4690-43da-b02d-601829da7ab2.jpg,MD411087,(774) 380-5064,2024-08-14T20:22:35.411332,2025-09-09T12:36:35.411342
ba3807ff-42b8-43b3-8ec7-8f6b9cb4fa25,david.torres132,zevans@example.com,DO,David,Torres,Geriatrics,Experienced Radiology specialist with over 15 years of practice.,active,https://example.com/profiles/ba3807ff-42b8-43b3-8ec7-8f6b9cb4fa25.jpg,MD666416,(334) 494-3200,2025-08-10T00:11:35.411705,2025-08-20T02:20:35.411715
c971a47d-7574-46a3-a7bd-113041581089,chelsea.patterson567,thompsonbrandy@example.com,MD,Chelsea,Patterson,Pediatrics,Experienced Dermatology specialist with over 13 years of practice.,suspended,https://example.com/profiles/c971a47d-7574-46a3-a7bd-113041581089.jpg,MD253340,(317) 698-7325,2024-12-25T12:49:35.412155,2025-08-21T00:23:35.412196
9ead5623-c966-4474-8c44-43ad91c2d7b1,ruben.adams891,blairbrandy@example.com,Prof.,Ruben,Adams,Orthopedics,Experienced Gastroenterology specialist with over 18 years of practice.,suspended,https://example.com/profiles/9ead5623-c966-4474-8c44-43ad91c2d7b1.jpg,MD570949,(531) 234-8235,2024-02-27T12:26:35.412836,2025-08-28T11:35:35.412846
374ed3a1-33e2-4ba8-99ef-6e1cd2bc37f7,john.christensen578,pweber@example.com,PA,John,Christensen,Psychiatry,Experienced Pediatrics specialist with over 19 years of practice.,pending_approval,https://example.com/profiles/374ed3a1-33e2-4ba8-99ef-6e1cd2bc37f7.jpg,MD750740,(276) 969-2409,2025-07-25T21:20:35.413186,2025-08-24T20:32:35.413194
a13a9d1f-cd37-49ae-a7ec-f6bda35a1110,dorothy.pierce657,gregory73@example.com,Prof.,Dorothy,Pierce,Radiology,Experienced Orthopedics specialist with over 7 years of practice.,suspended,https://example.com/profiles/a13a9d1f-cd37-49ae-a7ec-f6bda35a1110.jpg,MD755165,(508) 868-8373,2024-03-17T14:04:35.413487,2025-09-09T03:32:35.413494
81d6810c-cec1-47a2-a112-9bc588ac6fe8,richard.schroeder485,haley66@example.com,Dr.,Richard,Schroeder,Endocrinology,Experienced Geriatrics specialist with over 13 years of practice.,inactive,https://example.com/profiles/81d6810c-cec1-47a2-a112-9bc588ac6fe8.jpg,MD984484,(319) 641-5357,2024-09-19T12:19:35.413787,2025-08-30T17:52:35.413793
2a772d1f-cf30-4f45-8b1a-be932ce4ab55,lisa.hart949,adamskathryn@example.com,MD,Lisa,Hart,Neurology,Experienced Rheumatology specialist with over 22 years of practice.,active,https://example.com/profiles/2a772d1f-cf30-4f45-8b1a-be932ce4ab55.jpg,MD383542,(775) 202-5796,2025-08-09T18:21:35.414182,2025-09-01T03:37:35.414199
324489ca-60f7-4ae2-84cb-c53d363a052d,susan.wood353,monicadixon@example.net,Dr.,Susan,Wood,Rheumatology,Experienced Psychiatry specialist with over 17 years of practice.,inactive,https://example.com/profiles/324489ca-60f7-4ae2-84cb-c53d363a052d.jpg,MD553099,(959) 342-1822,2025-02-05T12:15:35.414588,2025-09-13T18:48:35.414595
c8f3041f-a80c-48c4-b461-6f7718555f4e,sabrina.butler988,adamskirsten@example.com,MD,Sabrina,Butler,Urology,Experienced Gastroenterology specialist with over 9 years of practice.,pending_approval,https://example.com/profiles/c8f3041f-a80c-48c4-b461-6f7718555f4e.jpg,MD508307,(831) 389-2185,2025-04-14T03:01:35.415002,2025-09-18T16:12:35.415009
d6df2aee-1843-438f-9e3f-f042a4485ce9,jeffrey.powell350,erik74@example.com,DO,Jeffrey,Powell,Psychiatry,Experienced Gastroenterology specialist with over 16 years of practice.,inactive,https://example.com/profiles/d6df2aee-1843-438f-9e3f-f042a4485ce9.jpg,MD248752,(607) 385-6577,2024-08-17T22:00:35.415292,2025-09-18T15:27:35.415299
58190a85-b393-4f49-96f1-d95f5aacc53b,ryan.stewart804,matthewhoffman@example.net,NP,Ryan,Stewart,Cardiology,Experienced Pediatrics specialist with over 20 years of practice.,inactive,https://example.com/profiles/58190a85-b393-4f49-96f1-d95f5aacc53b.jpg,MD527047,(984) 247-4367,2025-08-19T03:04:35.415676,2025-08-21T01:57:35.415682
bd7f67cf-a3c7-420b-88fe-b55934756f27,hannah.howe841,kathleengilmore@example.net,Prof.,Hannah,Howe,Pulmonology,Experienced Pediatrics specialist with over 25 years of practice.,inactive,https://example.com/profiles/bd7f67cf-a3c7-420b-88fe-b55934756f27.jpg,MD231082,(959) 727-6294,2024-07-01T10:02:35.416060,2025-09-02T01:22:35.416067
befa2e38-0239-4745-a60b-09d9021e045a,andrea.morgan912,ericharris@example.net,NP,Andrea,Morgan,Rheumatology,Experienced Rheumatology specialist with over 5 years of practice.,suspended,https://example.com/profiles/befa2e38-0239-4745-a60b-09d9021e045a.jpg,MD940190,(231) 636-1720,2025-08-24T18:44:35.416455,2025-08-19T21:55:35.416462
3f6cf537-0a5f-4c9b-8740-6577acb9b5cf,kari.price852,kennethmorgan@example.org,MD,Kari,Price,Neurology,Experienced Neurology specialist with over 19 years of practice.,active,https://example.com/profiles/3f6cf537-0a5f-4c9b-8740-6577acb9b5cf.jpg,MD153353,(567) 950-2299,2023-11-12T18:42:35.416841,2025-08-22T00:49:35.416848
93e89ed3-5bfb-45d3-80cf-fc236d3611d0,eric.ellis397,vtapia@example.net,PA,Eric,Ellis,Rheumatology,Experienced Endocrinology specialist with over 25 years of practice.,suspended,https://example.com/profiles/93e89ed3-5bfb-45d3-80cf-fc236d3611d0.jpg,MD349940,(859) 919-8510,2024-06-29T04:06:35.417162,2025-09-16T22:04:35.417169
5f87a98b-ffe8-46c2-8a80-4b7d0a9bba24,amy.walker490,jason46@example.net,NP,Amy,Walker,Urology,Experienced Orthopedics specialist with over 5 years of practice.,pending_approval,https://example.com/profiles/5f87a98b-ffe8-46c2-8a80-4b7d0a9bba24.jpg,MD367351,(704) 713-8161,2024-07-07T06:28:35.417447,2025-09-15T00:13:35.417454
5fb387c1-4fa6-4a2d-ac9e-c9a0a85158d8,mark.curry553,elizabethjohnson@example.org,NP,Mark,Curry,Urology,Experienced Orthopedics specialist with over 7 years of practice.,pending_approval,https://example.com/profiles/5fb387c1-4fa6-4a2d-ac9e-c9a0a85158d8.jpg,MD278614,(845) 718-6923,2025-01-22T13:57:35.417833,2025-09-11T06:15:35.417840
40b43ba7-1d1b-40e5-b07e-5f952e8b7e9e,phillip.ryan752,ariana93@example.net,PA,Phillip,Ryan,Urology,Experienced Geriatrics specialist with over 18 years of practice.,inactive,https://example.com/profiles/40b43ba7-1d1b-40e5-b07e-5f952e8b7e9e.jpg,MD843232,(534) 902-3818,2025-06-26T13:51:35.418127,2025-09-15T03:16:35.418134
3c395141-2966-4632-955c-35e974429e4f,charlene.preston225,perrymichael@example.org,PA,Charlene,Preston,Geriatrics,Experienced Gastroenterology specialist with over 15 years of practice.,active,https://example.com/profiles/3c395141-2966-4632-955c-35e974429e4f.jpg,MD114993,(808) 915-3013,2025-02-15T05:19:35.418519,2025-08-28T09:43:35.418526
f1afad57-2438-48ef-81b6-7e3f471a5646,emily.porter736,longkimberly@example.net,MD,Emily,Porter,Oncology,Experienced Psychiatry specialist with over 18 years of practice.,suspended,https://example.com/profiles/f1afad57-2438-48ef-81b6-7e3f471a5646.jpg,MD933689,(831) 272-6953,2023-11-07T01:54:35.418913,2025-08-26T19:20:35.418921
73432074-f8c1-4343-ad72-139535f8de45,james.murray713,sancheztyler@example.org,DO,James,Murray,Pulmonology,Experienced Cardiology specialist with over 14 years of practice.,pending_approval,https://example.com/profiles/73432074-f8c1-4343-ad72-139535f8de45.jpg,MD537979,(918) 803-4779,2024-02-07T07:04:35.419363,2025-09-15T21:18:35.419373
66ffa665-3763-4c5a-b235-b562aa1d8899,thomas.gray839,xvazquez@example.org,NP,Thomas,Gray,Orthopedics,Experienced Psychiatry specialist with over 19 years of practice.,suspended,https://example.com/profiles/66ffa665-3763-4c5a-b235-b562aa1d8899.jpg,MD615427,(801) 969-7545,2024-09-02T18:15:35.419855,2025-09-05T21:36:35.419866
a86254ef-a939-4226-ac0a-117c1ba1fd65,sherry.hill882,jolsen@example.net,MD,Sherry,Hill,Urology,Experienced Pulmonology specialist with over 6 years of practice.,pending_approval,https://example.com/profiles/a86254ef-a939-4226-ac0a-117c1ba1fd65.jpg,MD231829,(206) 712-6603,2023-12-03T05:24:35.420362,2025-09-06T00:40:35.420373
f24817a7-fe8a-404c-b951-908f584592a1,andrew.kemp902,kdennis@example.org,MD,Andrew,Kemp,Geriatrics,Experienced Endocrinology specialist with over 20 years of practice.,pending_approval,https://example.com/profiles/f24817a7-fe8a-404c-b951-908f584592a1.jpg,MD165035,(575) 786-9802,2024-04-05T18:28:35.420855,2025-09-14T15:26:35.420865
5624a21a-3f74-4b4f-a929-55c64868efa0,david.krause514,raymond39@example.com,DO,David,Krause,General Practice,Experienced Rheumatology specialist with over 16 years of practice.,pending_approval,https://example.com/profiles/5624a21a-3f74-4b4f-a929-55c64868efa0.jpg,MD876366,(564) 345-3729,2025-09-13T20:57:35.421305,2025-08-28T11:26:35.421315
26a814d9-ff30-4089-bddb-aa5fc8e8b93b,krista.ramos371,marcusramirez@example.org,NP,Krista,Ramos,Dermatology,Experienced Radiology specialist with over 24 years of practice.,inactive,https://example.com/profiles/26a814d9-ff30-4089-bddb-aa5fc8e8b93b.jpg,MD723810,(912) 678-4803,2023-11-28T17:34:35.421896,2025-08-24T12:44:35.421907
c5ee75a1-58a2-44d4-8f53-80040a8f8c60,kaitlyn.frey36,paulpark@example.com,Dr.,Kaitlyn,Frey,Pulmonology,Experienced Urology specialist with over 9 years of practice.,pending_approval,https://example.com/profiles/c5ee75a1-58a2-44d4-8f53-80040a8f8c60.jpg,MD535039,(770) 407-1613,2025-01-11T04:10:35.422508,2025-08-23T07:45:35.422518
72b38c53-a24a-4551-8bcb-e547b46623f5,karen.harris254,carlastevens@example.net,Dr.,Karen,Harris,Hematology,Experienced Endocrinology specialist with over 22 years of practice.,inactive,https://example.com/profiles/72b38c53-a24a-4551-8bcb-e547b46623f5.jpg,MD694197,(510) 447-1324,2025-07-01T06:03:35.423101,2025-09-15T17:45:35.423111
42eb2de6-8a48-4e45-a635-0f015e2498fb,sarah.valencia685,alexander69@example.com,Dr.,Sarah,Valencia,Pulmonology,Experienced Psychiatry specialist with over 13 years of practice.,pending_approval,https://example.com/profiles/42eb2de6-8a48-4e45-a635-0f015e2498fb.jpg,MD459806,(903) 710-6239,2024-09-04T05:17:35.423554,2025-09-09T22:52:35.423564
f4374554-b874-478b-92fa-f1d4814f3868,william.ortega584,whiterobert@example.com,DO,William,Ortega,Gastroenterology,Experienced Pediatrics specialist with over 7 years of practice.,pending_approval,https://example.com/profiles/f4374554-b874-478b-92fa-f1d4814f3868.jpg,MD302225,(737) 823-8495,2025-01-02T22:32:35.424159,2025-08-27T17:48:35.424170
bb95d9fe-f71b-4cb5-8ca6-6ec67785bf46,jennifer.bradley325,olivershannon@example.net,Dr.,Jennifer,Bradley,Rheumatology,Experienced Hematology specialist with over 25 years of practice.,suspended,https://example.com/profiles/bb95d9fe-f71b-4cb5-8ca6-6ec67785bf46.jpg,MD847235,(307) 872-4957,2024-10-17T22:36:35.424760,2025-08-19T20:03:35.424770
abf85bee-d9fc-4c7f-9131-53953d0b232f,anthony.fleming633,jefferywalker@example.org,DO,Anthony,Fleming,Neurology,Experienced Hematology specialist with over 22 years of practice.,pending_approval,https://example.com/profiles/abf85bee-d9fc-4c7f-9131-53953d0b232f.jpg,MD845108,(913) 647-5101,2025-07-11T19:20:35.425354,2025-09-02T05:41:35.425365
1babe1ea-5233-4ffc-bed9-d95093fd3fa7,antonio.blanchard968,jacksonkristen@example.net,NP,Antonio,Blanchard,Pulmonology,Experienced Dermatology specialist with over 8 years of practice.,active,https://example.com/profiles/1babe1ea-5233-4ffc-bed9-d95093fd3fa7.jpg,MD912555,(770) 332-5321,2024-07-11T14:42:35.426536,2025-08-29T18:35:35.426571
a373593f-678c-4127-9e1f-65521f0901cb,anthony.morales721,ashleynelson@example.net,Prof.,Anthony,Morales,Hematology,Experienced Pulmonology specialist with over 22 years of practice.,pending_approval,https://example.com/profiles/a373593f-678c-4127-9e1f-65521f0901cb.jpg,MD244061,(769) 737-6929,2025-05-22T18:24:35.427538,2025-09-05T03:34:35.427557
9b55be8a-2c97-483d-a9d5-50359222ab5d,austin.webster493,jeremynelson@example.com,PA,Austin,Webster,Dermatology,Experienced Endocrinology specialist with over 5 years of practice.,inactive,https://example.com/profiles/9b55be8a-2c97-483d-a9d5-50359222ab5d.jpg,MD786795,(850) 278-1952,2023-10-24T14:41:35.428422,2025-08-22T10:14:35.428439
52b37510-c333-4922-bab0-c4d4791dcd7b,jason.lowery693,qwhitaker@example.org,Prof.,Jason,Lowery,Cardiology,Experienced Hematology specialist with over 22 years of practice.,suspended,https://example.com/profiles/52b37510-c333-4922-bab0-c4d4791dcd7b.jpg,MD266561,(314) 331-3034,2024-09-09T13:57:35.429130,2025-09-01T08:21:35.429145
f6e398e0-a6c1-4721-9a5a-539a8af2ada2,susan.hill281,campbellmargaret@example.net,MD,Susan,Hill,Pulmonology,Experienced Geriatrics specialist with over 14 years of practice.,pending_approval,https://example.com/profiles/f6e398e0-a6c1-4721-9a5a-539a8af2ada2.jpg,MD537332,(423) 354-1584,2025-06-14T21:40:35.430010,2025-09-05T20:48:35.430026
803f2bd6-4d39-4ab7-add0-9c986ff05f1b,laura.baker648,friedmanmichelle@example.com,Prof.,Laura,Baker,Hematology,Experienced Psychiatry specialist with over 6 years of practice.,inactive,https://example.com/profiles/803f2bd6-4d39-4ab7-add0-9c986ff05f1b.jpg,MD401936,(430) 949-3154,2024-08-23T05:41:35.430873,2025-09-11T12:27:35.430890
090ae25a-a309-4b69-b95b-32c3fba30701,caroline.johnson94,regina11@example.com,MD,Caroline,Johnson,Cardiology,Experienced Neurology specialist with over 6 years of practice.,suspended,https://example.com/profiles/090ae25a-a309-4b69-b95b-32c3fba30701.jpg,MD429125,(612) 809-9635,2024-12-03T07:18:35.431539,2025-09-11T04:58:35.431553
8536d3a3-fe80-4059-8ab9-dd1e5ea83405,alex.campbell145,ingrambrandon@example.com,MD,Alex,Campbell,Orthopedics,Experienced Hematology specialist with over 16 years of practice.,active,https://example.com/profiles/8536d3a3-fe80-4059-8ab9-dd1e5ea83405.jpg,MD611557,(570) 577-1237,2024-01-14T03:14:35.432287,2025-08-23T02:50:35.432301
db837da9-2ed3-4ab3-8ece-ac9134a8e2f6,diana.livingston528,hernandezanna@example.com,Dr.,Diana,Livingston,Rheumatology,Experienced Cardiology specialist with over 9 years of practice.,pending_approval,https://example.com/profiles/db837da9-2ed3-4ab3-8ece-ac9134a8e2f6.jpg,MD382937,(203) 509-4313,2025-06-23T09:03:35.433042,2025-08-31T09:32:35.433055
f3a93ce1-4f84-4f02-9b32-cfb1b7e9083c,melissa.frost496,cmoon@example.net,Dr.,Melissa,Frost,Geriatrics,Experienced Neurology specialist with over 15 years of practice.,inactive,https://example.com/profiles/f3a93ce1-4f84-4f02-9b32-cfb1b7e9083c.jpg,MD235495,(845) 686-4614,2024-05-05T20:39:35.433684,2025-09-09T01:33:35.433697
fa51f3d0-44ac-4a82-9cb2-abc3ab68f135,tammie.walter408,wrightdrew@example.org,Dr.,Tammie,Walter,Rheumatology,Experienced General Practice specialist with over 19 years of practice.,pending_approval,https://example.com/profiles/fa51f3d0-44ac-4a82-9cb2-abc3ab68f135.jpg,MD598928,(502) 545-6250,2024-11-05T16:02:35.434459,2025-09-16T00:32:35.434473
1c2ad57c-78ef-478e-b4a0-7f60d4f31a4b,jonathan.woodard961,kevin42@example.org,Dr.,Jonathan,Woodard,Geriatrics,Experienced Pulmonology specialist with over 18 years of practice.,suspended,https://example.com/profiles/1c2ad57c-78ef-478e-b4a0-7f60d4f31a4b.jpg,MD210889,(631) 899-5047,2024-02-03T03:10:35.435064,2025-08-25T15:14:35.435078
f7d15091-d548-48d5-b792-9efc8869284a,jason.gonzalez891,ebrown@example.net,Prof.,Jason,Gonzalez,Oncology,Experienced Geriatrics specialist with over 19 years of practice.,active,https://example.com/profiles/f7d15091-d548-48d5-b792-9efc8869284a.jpg,MD972697,(352) 270-6664,2025-07-20T13:55:35.435769,2025-09-13T01:08:35.435787
133d625c-d447-4e24-a2b7-8dba24e55208,tracey.davis875,harrisamy@example.org,Prof.,Tracey,Davis,Neurology,Experienced Dermatology specialist with over 18 years of practice.,inactive,https://example.com/profiles/133d625c-d447-4e24-a2b7-8dba24e55208.jpg,MD595504,(914) 827-6415,2024-04-21T04:04:35.436589,2025-09-09T19:31:35.436604
37de94ca-e0a6-4235-8a41-51fce7712977,christopher.cobb194,wyattnicole@example.com,Prof.,Christopher,Cobb,Endocrinology,Experienced General Practice specialist with over 24 years of practice.,active,https://example.com/profiles/37de94ca-e0a6-4235-8a41-51fce7712977.jpg,MD331784,(801) 314-2796,2025-04-20T19:39:35.437416,2025-08-31T02:25:35.437432
45677d8b-09d2-4880-9994-aaaba7b14632,darren.mcdowell714,aguilarkyle@example.org,MD,Darren,Mcdowell,Pediatrics,Experienced Rheumatology specialist with over 7 years of practice.,pending_approval,https://example.com/profiles/45677d8b-09d2-4880-9994-aaaba7b14632.jpg,MD941001,(419) 286-2467,2024-07-14T12:50:35.438271,2025-09-14T08:08:35.438288
2f1777d9-9501-48e7-a087-d0c7ffa750ff,wendy.turner949,acaldwell@example.org,NP,Wendy,Turner,Pulmonology,Experienced Pediatrics specialist with over 24 years of practice.,active,https://example.com/profiles/2f1777d9-9501-48e7-a087-d0c7ffa750ff.jpg,MD148085,(202) 934-5523,2025-01-05T03:36:35.438947,2025-09-11T03:36:35.438962
de33098a-c019-4ef4-80f2-42bdc26d8081,tara.meyer274,robertsdavid@example.net,MD,Tara,Meyer,Oncology,Experienced Hematology specialist with over 10 years of practice.,suspended,https://example.com/profiles/de33098a-c019-4ef4-80f2-42bdc26d8081.jpg,MD716813,(309) 458-3414,2025-04-11T11:13:35.439874,2025-08-20T12:01:35.439897
5dbfe6d2-f9c5-4842-a121-f84e5932ada4,stephen.chen647,derrick71@example.net,Dr.,Stephen,Chen,Rheumatology,Experienced General Practice specialist with over 10 years of practice.,suspended,https://example.com/profiles/5dbfe6d2-f9c5-4842-a121-f84e5932ada4.jpg,MD517305,(858) 444-6228,2025-04-11T19:29:35.440661,2025-09-17T13:29:35.440690
19f0b0a3-f086-46a8-917f-23c59013d60b,jason.graham925,travis46@example.org,DO,Jason,Graham,Pediatrics,Experienced Urology specialist with over 8 years of practice.,active,https://example.com/profiles/19f0b0a3-f086-46a8-917f-23c59013d60b.jpg,MD730807,(479) 392-9854,2024-09-03T03:59:35.442337,2025-09-19T08:24:35.442423
1e4a0009-181a-4299-a1a4-15bca5c7452b,cassie.allen45,johnsondana@example.com,Dr.,Cassie,Allen,Radiology,Experienced Hematology specialist with over 25 years of practice.,inactive,https://example.com/profiles/1e4a0009-181a-4299-a1a4-15bca5c7452b.jpg,MD458724,(870) 948-7948,2023-11-28T18:02:35.443540,2025-09-04T23:43:35.443563
f3ac80a6-f062-4a05-a568-7821c6b62beb,christina.rodriguez413,kmartinez@example.com,MD,Christina,Rodriguez,Radiology,Experienced Gastroenterology specialist with over 20 years of practice.,inactive,https://example.com/profiles/f3ac80a6-f062-4a05-a568-7821c6b62beb.jpg,MD679589,(609) 673-1455,2025-01-15T00:44:35.444386,2025-08-24T20:21:35.444404
73302665-4e56-4a08-9994-88bbab2249a9,gary.may222,baileynatalie@example.org,Prof.,Gary,May,Geriatrics,Experienced Orthopedics specialist with over 17 years of practice.,pending_approval,https://example.com/profiles/73302665-4e56-4a08-9994-88bbab2249a9.jpg,MD780009,(740) 741-5670,2025-07-14T23:43:35.445064,2025-08-26T20:14:35.445076
b149a41b-8f07-4eb4-a083-793644d348f2,jennifer.miller206,jeff06@example.net,MD,Jennifer,Miller,Gastroenterology,Experienced Rheumatology specialist with over 15 years of practice.,suspended,https://example.com/profiles/b149a41b-8f07-4eb4-a083-793644d348f2.jpg,MD313923,(612) 974-2113,2024-04-09T22:55:35.445577,2025-08-24T10:08:35.445589
1f6c7b9d-314e-4174-99e2-3f8f148a8edf,elizabeth.church512,paulrussell@example.com,DO,Elizabeth,Church,Pulmonology,Experienced Psychiatry specialist with over 23 years of practice.,pending_approval,https://example.com/profiles/1f6c7b9d-314e-4174-99e2-3f8f148a8edf.jpg,MD708085,(734) 535-7747,2025-09-07T08:11:35.446240,2025-08-20T13:03:35.446251
9ec3661e-a664-4fdb-a6d0-4cb8cfe52e96,lisa.rogers788,gregory74@example.org,Prof.,Lisa,Rogers,Neurology,Experienced Rheumatology specialist with over 15 years of practice.,inactive,https://example.com/profiles/9ec3661e-a664-4fdb-a6d0-4cb8cfe52e96.jpg,MD291195,(937) 604-5457,2024-04-09T01:21:35.446664,2025-09-15T08:01:35.446674
7eb32ecb-f82e-4802-be98-1a5e2c1a5baf,aaron.schultz578,tommy17@example.net,Prof.,Aaron,Schultz,Geriatrics,Experienced General Practice specialist with over 15 years of practice.,active,https://example.com/profiles/7eb32ecb-f82e-4802-be98-1a5e2c1a5baf.jpg,MD867927,(541) 546-6785,2024-05-15T15:21:35.447071,2025-09-07T10:49:35.447081
5796e156-e9fc-4e8b-bb69-804526cd0127,amy.bush465,abigail56@example.com,NP,Amy,Bush,General Practice,Experienced Neurology specialist with over 20 years of practice.,suspended,https://example.com/profiles/5796e156-e9fc-4e8b-bb69-804526cd0127.jpg,MD533284,(234) 479-2148,2024-12-02T05:02:35.447492,2025-09-06T00:48:35.447503
153e63e8-a031-4230-b8d7-eb000e32826a,cassandra.hunter59,tinajohnson@example.org,Prof.,Cassandra,Hunter,Urology,Experienced Dermatology specialist with over 22 years of practice.,active,https://example.com/profiles/153e63e8-a031-4230-b8d7-eb000e32826a.jpg,MD331398,(843) 358-3931,2024-01-23T16:52:35.448047,2025-09-16T09:22:35.448057
c4ed6654-f3e8-4420-ae75-5b42bc9ac480,brittany.fuller798,ryan56@example.org,Prof.,Brittany,Fuller,Psychiatry,Experienced General Practice specialist with over 14 years of practice.,inactive,https://example.com/profiles/c4ed6654-f3e8-4420-ae75-5b42bc9ac480.jpg,MD735553,(401) 370-7050,2025-08-17T07:16:35.448528,2025-08-28T12:02:35.448541
d5f8d692-c0ca-415c-9bd4-b7662229262b,michael.osborne313,olivia27@example.net,PA,Michael,Osborne,Pulmonology,Experienced General Practice specialist with over 22 years of practice.,pending_approval,https://example.com/profiles/d5f8d692-c0ca-415c-9bd4-b7662229262b.jpg,MD126819,(806) 642-6380,2025-02-28T14:58:35.448952,2025-08-20T16:32:35.448962
ce3cbc44-dba5-4392-a75a-c9fa2b85c24c,jennifer.bryant552,wpowell@example.net,Prof.,Jennifer,Bryant,Orthopedics,Experienced Urology specialist with over 17 years of practice.,suspended,https://example.com/profiles/ce3cbc44-dba5-4392-a75a-c9fa2b85c24c.jpg,MD820411,(215) 251-8181,2024-04-20T05:42:35.449425,2025-09-09T21:34:35.449435
19930bdd-1acc-42ca-911d-202c2d2b10cc,michael.richardson402,patrick07@example.org,DO,Michael,Richardson,Orthopedics,Experienced Neurology specialist with over 18 years of practice.,active,https://example.com/profiles/19930bdd-1acc-42ca-911d-202c2d2b10cc.jpg,MD813039,(935) 848-6067,2025-02-15T17:35:35.449852,2025-09-03T04:05:35.449862
bce6bb2b-6a0c-43f0-a117-1c03aedf9726,elizabeth.miller699,daniel30@example.com,NP,Elizabeth,Miller,Psychiatry,Experienced Cardiology specialist with over 21 years of practice.,pending_approval,https://example.com/profiles/bce6bb2b-6a0c-43f0-a117-1c03aedf9726.jpg,MD451682,(949) 385-6475,2023-12-10T20:51:35.450266,2025-08-31T18:11:35.450276
a9acbae8-5164-4bb8-9034-990329eb29b6,william.sosa189,qcallahan@example.org,DO,William,Sosa,Pulmonology,Experienced General Practice specialist with over 11 years of practice.,inactive,https://example.com/profiles/a9acbae8-5164-4bb8-9034-990329eb29b6.jpg,MD443297,(786) 952-3602,2024-05-08T02:21:35.450722,2025-08-20T00:16:35.450731
db013167-5990-4100-b502-57d9fdc19557,kristin.hunt848,mcdowelladam@example.net,DO,Kristin,Hunt,Geriatrics,Experienced Urology specialist with over 6 years of practice.,pending_approval,https://example.com/profiles/db013167-5990-4100-b502-57d9fdc19557.jpg,MD590235,(415) 397-4947,2025-01-02T13:45:35.451272,2025-08-21T20:35:35.451282
75cff20a-0902-4fac-8f12-182f8f7590a6,tina.jenkins408,chambersvanessa@example.org,Dr.,Tina,Jenkins,Dermatology,Experienced Psychiatry specialist with over 8 years of practice.,pending_approval,https://example.com/profiles/75cff20a-0902-4fac-8f12-182f8f7590a6.jpg,MD728616,(714) 289-9959,2025-07-31T21:06:35.451840,2025-09-02T21:51:35.451853
1510a457-8ae1-4327-9f56-618cc107a816,todd.herrera515,ruizgary@example.net,PA,Todd,Herrera,Pulmonology,Experienced Urology specialist with over 24 years of practice.,inactive,https://example.com/profiles/1510a457-8ae1-4327-9f56-618cc107a816.jpg,MD385043,(518) 818-5174,2025-08-31T02:18:35.452419,2025-08-20T13:18:35.452430
18263d5a-7d46-4ddc-96a2-a705be48f438,jennifer.martinez931,donaldthomas@example.org,PA,Jennifer,Martinez,Psychiatry,Experienced Endocrinology specialist with over 21 years of practice.,suspended,https://example.com/profiles/18263d5a-7d46-4ddc-96a2-a705be48f438.jpg,MD751777,(618) 627-2420,2025-01-26T12:42:35.452973,2025-09-11T08:07:35.452983
