user_id,first_name,last_name,date_of_birth,email,phone,address,created_at,updated_at
5ee12ec2-ee1f-46fe-a9ae-b7d647c6e07f,Alexander,Hill,1993-09-14,alexander.hill760@yahoo.com,(563) 450-4657,"181 Johnson Course, East William, AK 74064",2025-05-29T00:21:15.977701,2025-09-10T14:10:15.977706
2b440f73-d95f-4019-b17c-29cc9d5f195f,Mike,Miles,1986-10-06,mike.miles433@outlook.com,(636) 484-3547,"9402 Peterson Drives, Port Matthew, CO 50298",2025-03-16T20:46:15.978037,2025-08-27T12:56:15.978041
ca24b96b-7529-4008-b503-276a3bfd52d9,Ian,Cooper,1978-05-05,ian.cooper82@hotmail.com,(507) 303-7227,"781 Miller Hill, Barbaraland, AZ 87174",2024-12-07T07:15:15.978341,2025-09-08T13:44:15.978345
0ed23f9d-6e8c-438c-97a6-1705e708f2c9,Raymond,Galloway,2003-04-16,raymond.galloway411@yahoo.com,(559) 267-4456,"4752 Kelly Skyway, Jacquelineland, PA 83728",2025-05-29T10:26:15.978653,2025-09-03T12:10:15.978657
b4e1afe6-e253-464d-a28c-f741ca3cc8c0,Joseph,Sanchez,2001-07-30,joseph.sanchez157@outlook.com,(405) 896-7916,"8350 Lydia Valley Suite 641, New Nancy, MD 28370",2025-01-29T14:12:15.978939,2025-08-20T15:42:15.978944
a2497436-4587-4346-bb49-fd843671c0ff,Jennifer,Rocha,1943-07-10,jennifer.rocha520@outlook.com,(317) 840-5889,"2388 Burgess Meadow, Coxberg, NY 65187",2025-08-20T07:02:15.979275,2025-08-31T12:53:15.979279
1d2db640-cfb7-4a42-ae3b-4d244e6de9e0,Peter,Callahan,1945-09-03,peter.callahan779@yahoo.com,(909) 984-3060,"691 James Mountain, Tashatown, TX 94967",2024-12-28T00:51:15.979602,2025-09-11T07:54:15.979606
015a458e-37a7-4de7-8a73-8ffd60a4ba98,Michael,Herrera,1964-09-23,michael.herrera603@hotmail.com,(925) 435-4608,"46270 Stanton Track Apt. 814, East Nathaniel, GA 71198",2025-02-22T08:52:15.979933,2025-09-14T17:31:15.979937
1d7d216d-991e-4556-a7bf-349b8a8b6a8e,Kyle,Burns,1962-03-02,kyle.burns421@gmail.com,(813) 946-1887,"3039 Christopher Oval Apt. 822, Arroyoburgh, KS 69664",2024-12-11T11:55:15.980321,2025-08-28T21:05:15.980325
aabfef9b-8179-4d81-ad97-0984de2701fe,Tracey,Hickman,2006-08-07,tracey.hickman949@yahoo.com,(509) 370-7658,"5787 John Circles Suite 098, New Jeffrey, CA 93279",2025-01-12T10:46:15.980624,2025-09-09T08:55:15.980627
859a147e-9f11-4ff9-90b2-ea9f0ae3e5d0,Darryl,Whitehead,1938-09-09,darryl.whitehead766@hotmail.com,(612) 258-1821,"347 Amber Stream, Sanchezfort, AS 53855",2025-08-08T01:16:15.980971,2025-08-30T20:25:15.980975
986b27cf-eacf-4f3f-99d6-5849ae88283b,Brandon,Hopkins,1967-05-23,brandon.hopkins210@hotmail.com,(612) 444-5351,"7010 Chandler Union Apt. 333, Taylorburgh, KY 61138",2025-04-26T09:30:15.981315,2025-08-22T21:13:15.981319
4efa3b63-ac53-4c68-bdc8-0c493ac5c45e,Shannon,Jones,1968-11-23,shannon.jones827@aol.com,(907) 208-5905,"80132 Tucker Forest, Barreraburgh, MS 00783",2024-10-29T01:05:15.981635,2025-09-10T13:58:15.981639
16c77fdc-8916-4d79-be99-6502cd3d6bef,Deborah,Bowers,1965-07-29,deborah.bowers653@outlook.com,(540) 365-8239,"8723 Robinson Centers Apt. 500, Shawhaven, GA 07956",2025-08-29T03:45:15.981994,2025-08-28T07:16:15.981998
dba6a7cd-4f1c-4036-8ec3-414e26b8e013,Samuel,Jones,1994-03-29,samuel.jones799@gmail.com,(930) 616-3532,"1939 Christine Manor, Sarahborough, TN 94373",2025-08-29T23:44:15.982275,2025-09-12T00:36:15.982279
df69e110-a5b7-426d-a2df-3aff29f186a7,Cynthia,Foster,1968-06-08,cynthia.foster229@hotmail.com,(215) 875-4164,"1079 Charles Forest Suite 251, West Justin, NV 71701",2025-07-24T19:31:15.982563,2025-09-06T15:08:15.982566
3af4066e-279a-4949-8c3b-a5cee61ba8bc,Lisa,Archer,1967-02-22,lisa.archer621@aol.com,(864) 318-7311,"841 Joseph Coves, West Juan, IL 94559",2025-04-10T17:04:15.982837,2025-09-14T15:01:15.982840
2d5c0697-00bb-4f00-8548-7d58cb0c376a,Christina,Walters,1969-01-16,christina.walters317@hotmail.com,(734) 534-7592,"0164 Adam Trail Apt. 427, Hoffmanville, CA 91074",2024-10-18T04:29:15.983148,2025-09-04T00:15:15.983151
44240d7d-4b93-4ab2-83ca-56f45f6af559,Joshua,Davenport,1980-01-12,joshua.davenport485@aol.com,(410) 874-2389,"2045 Rachel Fords, Lake Curtis, WI 73886",2025-02-17T18:22:15.983423,2025-09-11T16:14:15.983426
26a40e0a-bf7a-4787-a57a-a78d0337f2cf,Valerie,Brady,1958-01-25,valerie.brady410@yahoo.com,(513) 351-1090,"60256 Joseph Turnpike, South Monicafort, IN 26659",2024-12-05T19:38:15.983705,2025-08-19T00:19:15.983709
1912c7ec-a949-4f20-bb84-58d5e3a32340,Hannah,Hoover,1943-03-05,hannah.hoover851@yahoo.com,(918) 656-3607,"36541 Bell Pass, Frazierside, MA 04118",2025-07-10T10:44:15.984028,2025-09-05T16:49:15.984032
0a7e3a7b-293a-4392-9680-1ec83d3ef02f,Shawn,Green,1980-08-28,shawn.green425@aol.com,(732) 538-9890,"19655 Obrien Pass Apt. 693, Bradleychester, AL 68647",2024-12-12T19:01:15.984332,2025-09-10T23:44:15.984337
9408c647-ab5e-4b8b-9477-b14808376ec3,Jackson,Jones,1973-02-20,jackson.jones498@hotmail.com,(217) 598-6507,"148 Estrada Islands Suite 482, South Elizabeth, MS 89278",2025-08-24T06:34:15.984639,2025-09-08T08:29:15.984642
94e183d0-eb44-4930-bde3-0908bdf4ef54,Luis,Turner,1966-04-14,luis.turner780@aol.com,(708) 484-7906,"4369 Marshall Mills, New Thomas, MH 96964",2025-05-19T10:28:15.984945,2025-08-28T11:22:15.984949
0c62567e-015d-42ca-9e00-0b6223f489db,Matthew,Campbell,1980-02-04,matthew.campbell717@aol.com,(531) 985-7043,"34332 Brandon Mountains Apt. 769, Lake Heather, NM 52884",2024-11-01T07:52:15.985231,2025-08-27T05:04:15.985235
8d15ebb0-1b1a-439f-809d-56d25b80cdb5,Charles,Watts,1991-12-12,charles.watts802@gmail.com,(229) 555-9728,"28708 Samantha Crossing Suite 278, Stephaniemouth, RI 94777",2024-11-06T21:09:15.985534,2025-09-03T00:31:15.985538
4be81a89-0c57-4d76-beac-3ac9a0dbab18,Sandra,Kelley,1973-04-19,sandra.kelley873@yahoo.com,(515) 288-5569,"4348 Sims Harbor Suite 143, Matthewside, CO 18637",2025-04-29T21:58:15.985840,2025-09-02T08:53:15.985844
f380a1a8-35db-4785-9ecf-a001bc957f09,David,Benson,1977-03-06,david.benson501@yahoo.com,(928) 976-4937,"6587 Brown Village, Priceshire, UT 03061",2025-01-29T06:39:15.986153,2025-09-10T07:51:15.986156
edbf8495-69eb-4cb7-94d6-679a449f6903,Karen,Bender,1983-04-21,karen.bender123@hotmail.com,(912) 980-4033,"8893 Robinson Mews Suite 065, Ramseymouth, PW 17229",2025-08-21T21:40:15.986485,2025-08-27T10:18:15.986488
ec4fbb81-1ba4-4758-b638-454d674bb4cd,Terry,Vargas,1945-08-17,terry.vargas894@gmail.com,(208) 787-5658,"627 Brent Light, Jasonmouth, MA 50193",2024-12-04T05:53:15.986785,2025-09-11T11:23:15.986788
f0393d1d-ff45-4737-b77e-3efb2d8eee48,Nicole,Decker,1953-11-30,nicole.decker611@hotmail.com,(502) 994-9561,"0805 Debra Tunnel, Port Anthonybury, ID 03172",2025-05-19T09:23:15.987074,2025-09-16T09:58:15.987077
51c20d8f-2ec6-4a02-821f-2b689b2891e7,David,Wells,1955-02-18,david.wells706@gmail.com,(972) 681-5771,"4529 Kimberly Estates, Danieltown, ME 75971",2025-05-05T10:54:15.987345,2025-09-17T09:08:15.987349
b4cf0cad-5089-4618-86ac-1e0c02b637c9,Jennifer,Espinoza,1967-12-03,jennifer.espinoza767@gmail.com,(937) 495-8195,"49190 Patel Shore, Caseymouth, AL 55558",2024-11-27T20:57:15.987639,2025-08-24T17:06:15.987643
7df2dc18-6456-4e5f-ac6f-c55ea61f79a4,Ashley,Yu,1972-12-10,ashley.yu42@outlook.com,(414) 681-9502,"2849 Marshall Views, Marcusbury, MP 11860",2024-10-14T02:06:15.987947,2025-08-24T21:56:15.987950
869fa4dc-a0da-44f7-91f3-03fdd296015a,Sierra,Sanchez,1949-08-23,sierra.sanchez323@outlook.com,(520) 531-2899,"0752 Lewis Union Suite 549, Angelahaven, ID 11722",2024-12-11T09:59:15.988254,2025-09-09T00:02:15.988258
f6eaf083-2f02-416c-b2bd-7ad415bd2155,Nathan,Freeman,1945-08-07,nathan.freeman30@yahoo.com,(985) 445-3594,"770 Kelly Lodge Apt. 495, Transtad, NE 98272",2025-07-06T02:46:15.988554,2025-08-19T19:26:15.988557
f5b76c8f-575e-4a13-9336-6576175c032f,Heather,Chavez,1990-08-23,heather.chavez283@hotmail.com,(743) 548-9318,"13518 James Streets Suite 498, Tinaborough, LA 30317",2024-11-30T02:44:15.988835,2025-08-22T01:56:15.988839
99c92086-aa60-4657-8e39-f7a3fa6e7879,Cassie,Smith,1967-02-03,cassie.smith723@aol.com,(712) 595-3492,"0084 Dana Terrace, Garciatown, OK 37769",2024-11-02T16:33:15.989129,2025-08-29T12:04:15.989133
95736b36-e67f-450c-a1c5-c563a282866a,Karen,Peterson,1964-10-23,karen.peterson880@gmail.com,(910) 589-6188,"1167 Barbara Spur Apt. 229, Christopherbury, DE 73648",2025-06-24T16:39:15.989426,2025-08-21T14:56:15.989429
61d6ebc2-43f7-4c6d-bfa3-e114c0c3335c,Lisa,Gibbs,1966-09-05,lisa.gibbs301@yahoo.com,(667) 583-8056,"7496 Carroll Circle Apt. 334, East Johnside, CA 21018",2024-10-12T14:01:15.989735,2025-08-24T00:01:15.989739
49c05b1c-7ae3-4e62-9dd5-8a70f2b735b7,Jason,Norris,1970-10-21,jason.norris560@outlook.com,(404) 275-8237,"34471 Sandra Turnpike Apt. 618, Lake Edward, KY 19144",2025-04-20T14:05:15.990198,2025-08-28T02:41:15.990204
71ac9795-ab34-45ca-bfae-fac291c00de4,Anthony,Sparks,2005-12-08,anthony.sparks886@aol.com,(240) 820-9138,"1746 Mason Park Suite 190, Navarroview, AK 12471",2025-04-13T00:56:15.990776,2025-08-31T03:12:15.990781
ed9e70cf-5031-4bc4-a9ce-54c98014e47e,Vernon,Huff,1991-08-12,vernon.huff932@aol.com,(601) 534-7807,"490 Thomas Run, Moonburgh, OR 57633",2025-05-25T17:12:15.991169,2025-08-28T02:04:15.991174
07a35ea5-9a45-4ffd-b9f0-6205eba22695,Tracy,Harrison,1936-04-06,tracy.harrison93@outlook.com,(719) 214-5332,"1256 Roberts Locks Apt. 715, Marcusfurt, VI 67950",2025-01-23T16:39:15.991596,2025-08-29T01:51:15.991600
4db9b47b-8b10-4349-a97e-ef79de5d5cf8,Matthew,Daniels,1990-09-04,matthew.daniels969@outlook.com,(225) 511-9071,"85977 James Plaza, West Samuel, UT 64033",2025-02-22T06:56:15.991902,2025-08-27T03:45:15.991906
156d8d22-d65b-482a-8a5f-13c0fc358232,Allen,Mccoy,1951-02-22,allen.mccoy974@yahoo.com,(508) 571-2627,"8086 Jeffrey Ville, South Staceyberg, NM 94427",2025-04-01T07:50:15.992206,2025-08-23T20:45:15.992210
c090903b-05eb-40be-b4aa-274397f7e907,Katrina,Hill,1998-12-16,katrina.hill213@outlook.com,(956) 421-4817,"78263 Michelle Harbor Suite 584, West Jessicashire, OR 87000",2025-04-06T14:47:15.992589,2025-09-10T13:50:15.992593
e9796f71-5666-4d5d-bfd1-d11d9dc0c34f,Sharon,Griffin,1954-01-10,sharon.griffin117@outlook.com,(260) 687-8344,"8867 Kane Square Apt. 963, Williamsfort, VT 50469",2025-07-24T23:13:15.993096,2025-08-20T00:54:15.993101
f1b5f56c-b1db-4aaa-b590-994c3605f836,Virginia,Sparks,1997-04-14,virginia.sparks623@yahoo.com,(380) 267-3067,"28951 Garcia Motorway Apt. 262, South Kimberlyview, MA 82192",2025-01-29T02:32:15.993531,2025-08-26T11:38:15.993536
270a4eee-e2c5-41b0-b828-47f7892a65d2,Marie,Christian,1953-04-29,marie.christian682@aol.com,(530) 583-3500,"7809 Jimmy Spur Suite 316, Port Cynthiaville, NV 22306",2025-03-20T17:10:15.993923,2025-09-04T15:55:15.993927
e16889d3-4136-4d8d-a5ee-6a750745f93b,Stephanie,Williams,1970-11-29,stephanie.williams320@gmail.com,(660) 306-9313,"5623 Knight Turnpike Apt. 221, Harveybury, NM 76936",2025-06-18T06:14:15.994395,2025-08-25T05:00:15.994398
987bcfd6-de61-45d1-a228-ae9397b28ea5,David,Little,1964-04-07,david.little7@outlook.com,(419) 346-7566,"074 Charles Key Suite 647, Jamesfurt, PR 63836",2025-06-29T19:55:15.994781,2025-08-28T12:41:15.994785
8f20b8cc-71b3-44dd-98d6-d60aa3988cbf,David,Armstrong,1950-11-03,david.armstrong435@aol.com,(832) 821-8242,"406 Smith Way Apt. 974, New Laurie, IN 83943",2025-06-02T10:10:15.995169,2025-09-10T05:38:15.995173
82608eb0-ae38-4081-9518-d7f299134019,Marc,Byrd,1992-09-23,marc.byrd510@yahoo.com,(769) 379-3116,"047 Bethany Street, North Renee, MD 98474",2025-02-17T05:51:15.995527,2025-09-06T14:38:15.995531
03f1ef3e-ad20-47b7-a1f0-bff31bcd2787,Casey,Anderson,1985-11-16,casey.anderson472@aol.com,(678) 290-8155,"842 Sloan Orchard Suite 517, East Karenbury, VI 89148",2025-03-24T03:12:15.995916,2025-08-18T18:06:15.995920
1515263a-33c6-43da-bc2c-4e7cfa5edfcb,Tracy,Ballard,1989-05-30,tracy.ballard106@hotmail.com,(364) 462-4232,"0481 Richardson Summit, Brendastad, CT 88953",2025-02-03T18:39:15.996251,2025-08-24T06:21:15.996255
bb46acc7-c0d4-456f-8e6f-7dffa22031a8,John,Harvey,2000-03-28,john.harvey520@aol.com,(272) 517-8565,"317 Banks Crescent Apt. 004, Wilsonbury, FM 70958",2025-01-17T22:49:15.996614,2025-08-19T13:30:15.996617
9a504737-442d-467b-862b-7c7080ae58ad,James,Watson,1994-04-04,james.watson732@aol.com,(304) 716-3827,"261 Gilbert Harbors Apt. 537, Sampsonstad, CT 90374",2024-12-06T17:34:15.997003,2025-09-09T06:12:15.997007
b5fff702-fbe8-43a6-89db-26a0b5ff0fc4,Kimberly,Levine,1988-04-10,kimberly.levine84@hotmail.com,(952) 879-3317,"4317 Elizabeth Row, North Kristinbury, DC 74501",2024-12-23T12:17:15.997499,2025-08-28T01:26:15.997505
9b0f24eb-805f-42d2-a3c7-4207b6dea34d,Barry,Hubbard,1961-09-25,barry.hubbard372@yahoo.com,(609) 384-4509,"52904 Vanessa Plains, Laurenville, TN 03880",2024-11-17T02:49:15.998045,2025-09-13T09:05:15.998049
17145cb0-f66a-4b07-9592-9ebb8862c1bd,Adrian,Tyler,1986-02-16,adrian.tyler45@yahoo.com,(737) 573-4891,"24026 Julie Mountains Suite 589, South Williamton, VA 86864",2025-03-06T22:25:15.998524,2025-09-05T09:06:15.998528
4fc65e93-cd2c-4807-9087-3e9b4d0c95d0,Judith,Maynard,1981-11-24,judith.maynard142@gmail.com,(518) 253-8873,"6177 Rachel Islands Apt. 124, Oscarhaven, LA 59970",2025-09-05T01:55:15.998968,2025-09-05T22:35:15.998975
4e0012a8-42c3-4204-bc76-030e31d5d352,Annette,Miles,1977-03-17,annette.miles84@aol.com,(704) 429-1461,"7365 Ross Stream, West Ronaldview, MN 20507",2025-05-10T08:05:15.999542,2025-09-13T21:12:15.999547
cc9d07ba-91b3-43ae-a8e2-f089788820cc,Andrea,Decker,1940-03-07,andrea.decker114@gmail.com,(575) 443-5934,"52809 Santiago Loop Suite 604, Michaelshire, NY 28385",2025-05-17T20:32:16.000421,2025-09-12T17:16:16.000429
36768ebb-73dd-450c-8997-1ec65049840f,Matthew,Walker,1996-12-31,matthew.walker999@gmail.com,(669) 269-9618,"514 Lindsay Vista Apt. 940, West Jacqueline, ME 45042",2025-07-26T20:11:16.001111,2025-08-25T04:50:16.001115
d32fe584-cc17-4f52-b37d-929156275136,Abigail,Kane,2002-03-28,abigail.kane560@aol.com,(631) 858-3868,"20183 Barnes Junctions Apt. 545, North Ericton, TX 11194",2025-02-26T21:28:16.001909,2025-09-10T13:10:16.001919
746dd8e1-166e-415a-8acc-c855eeee0d09,Jessica,Coleman,1983-05-06,jessica.coleman366@aol.com,(239) 871-6438,"4381 Jordan Haven Suite 840, South Tracey, AR 01508",2025-06-17T21:40:16.002548,2025-09-08T11:53:16.002556
d5ffb96f-446a-4a37-a39f-5b681cdff809,Eric,Clark,1965-10-30,eric.clark303@yahoo.com,(607) 656-7981,"5107 Thompson Light Apt. 885, South Michelleton, NE 02957",2024-10-06T09:57:16.003178,2025-09-13T19:15:16.003182
4da8b7f6-9022-4ac1-8b81-0eee13be5283,Tammy,Atkins,1951-09-20,tammy.atkins130@aol.com,(267) 441-7001,"664 Richard Islands Apt. 975, South Meganbury, NE 77685",2025-06-14T23:25:16.003746,2025-09-05T21:51:16.003752
da88e426-63e9-44cb-941f-5f668b42f64c,Kelly,Foster,1974-05-21,kelly.foster721@hotmail.com,(785) 419-5678,"52181 Rebecca Keys Suite 231, West James, PA 20537",2025-04-23T05:04:16.004275,2025-09-12T16:13:16.004280
2338994e-f8f6-48da-baca-dc0649976611,Christopher,Mejia,1985-03-27,christopher.mejia521@outlook.com,(501) 324-4292,"979 Lin Road Suite 271, Ramosport, WY 36503",2025-02-20T01:06:16.004961,2025-08-31T12:50:16.004965
60d23ec1-fdfa-40b6-a67b-9abab1e68e77,Harold,Jones,1966-11-09,harold.jones76@outlook.com,(801) 677-9476,"05411 Ford Plaza Apt. 793, Cassidyhaven, FL 08610",2025-03-24T22:01:16.005472,2025-09-09T12:42:16.005477
d47cbc60-c491-4185-9a4d-8c85e566ec98,Ashley,Nolan,1981-11-08,ashley.nolan980@hotmail.com,(920) 481-3050,"203 Ritter Pine, West Nathan, LA 51280",2024-11-27T06:17:16.007582,2025-09-11T20:32:16.007589
8bdfd21f-f22c-4e72-a544-882410298bdb,Patricia,Shelton,2004-01-13,patricia.shelton911@gmail.com,(917) 496-5949,"51864 Cummings Shoals Apt. 519, West Kyle, SD 92052",2025-07-14T03:26:16.008476,2025-09-01T11:38:16.008479
a3c807c0-e3da-4ab0-af01-4deb169c140e,Betty,Fletcher,1977-02-04,betty.fletcher126@gmail.com,(551) 660-5061,"652 Debbie Manors Suite 054, East Matthew, WI 64237",2025-04-13T23:57:16.008844,2025-09-16T02:26:16.008848
be3dbcfd-830d-499b-9f74-190dd64013cb,Darrell,Taylor,1949-06-06,darrell.taylor221@gmail.com,(952) 561-1797,"88805 Carla Drives Apt. 292, Williamsstad, TX 94818",2024-12-05T08:35:16.009199,2025-09-01T05:54:16.009203
8681ca03-cb1a-426b-9ac6-ca85ed6f1325,Wayne,Bishop,1958-01-20,wayne.bishop462@outlook.com,(919) 486-2946,"347 Micheal Ports, Murrayport, WI 50553",2025-01-28T10:20:16.009514,2025-08-20T22:50:16.009517
616cdbdc-5ffd-4cae-bf2f-62ca43d647b5,Tracy,Montoya,1965-11-24,tracy.montoya327@aol.com,(407) 602-5902,"0758 Jennifer Path, West Christopherburgh, KY 59394",2024-10-17T20:22:16.009847,2025-09-10T15:55:16.009851
ed89aa55-063b-41af-bba6-5cc040b51242,Ronald,Davis,1946-07-13,ronald.davis537@yahoo.com,(708) 351-4968,"0606 Young Common Suite 305, Port Jennifermouth, WY 19643",2025-04-04T17:28:16.010173,2025-09-02T02:38:16.010178
a48ffb7c-b41b-42b7-b528-ef2d5ea8847d,Andrew,Lowery,1985-02-05,andrew.lowery935@outlook.com,(909) 550-9950,"779 Rebecca Brook, Jasonberg, OH 95821",2025-04-08T23:36:16.010464,2025-08-31T15:41:16.010468
661b4592-af60-4faf-9867-35e16bb8da05,Ashley,Roberts,1971-08-01,ashley.roberts588@hotmail.com,(916) 588-7464,"36971 Mary Parks, Lake Zacharybury, VT 19319",2025-05-02T10:52:16.010740,2025-08-29T15:21:16.010744
834ae92e-8bb7-4ef6-9cc9-d22c8e94cc30,Jessica,Mendez,1977-05-29,jessica.mendez52@yahoo.com,(908) 431-4814,"18518 Peter Mountains Apt. 654, West Kristinastad, IA 96569",2025-04-24T18:55:16.010994,2025-08-20T12:17:16.010997
1cb64f76-90c1-461a-a44d-6b4f7f491802,Raymond,Moss,1977-12-31,raymond.moss757@hotmail.com,(225) 379-7846,"58527 Welch Valleys, North Jennifer, NH 05348",2025-03-31T05:29:16.011266,2025-08-28T21:25:16.011270
5dabda63-61dc-4e5e-8dd3-1579bc3d086c,Christina,Moody,1944-08-01,christina.moody872@gmail.com,(860) 679-5470,"8687 Johnson Rue Apt. 450, Joshuastad, NE 52932",2025-02-11T22:38:16.011565,2025-09-16T02:16:16.011569
f2e12ac7-b663-4c49-b4a8-9a1542572f2d,Stephanie,Hughes,1995-06-24,stephanie.hughes144@yahoo.com,(818) 531-5064,"758 Owen Stream Suite 169, New Kelly, CT 10995",2024-10-01T21:59:16.011856,2025-08-20T16:09:16.011860
a0d81847-b964-4a80-a033-16d13424694c,Mary,Parker,1967-10-15,mary.parker121@aol.com,(601) 576-4618,"75705 Hill Turnpike Apt. 165, North Douglas, PA 89379",2025-02-01T22:13:16.012254,2025-09-07T12:00:16.012258
8b569709-e7d2-483d-8dd8-9004e7aaac44,Amanda,Jones,1935-08-15,amanda.jones64@hotmail.com,(918) 717-4312,"9092 Rush Landing Suite 192, Raymondview, IA 15370",2025-08-19T21:29:16.012791,2025-08-28T05:12:16.012795
1d1271da-9afa-413a-8f29-f7cd02a08b83,Noah,Porter,2005-03-05,noah.porter261@outlook.com,(202) 963-4570,"4739 Benson Overpass, North Derek, CA 59751",2024-10-23T01:35:16.013078,2025-08-21T02:30:16.013082
fa69b321-5acf-4071-910a-4bec26e4218e,Steven,Wallace,1959-03-27,steven.wallace83@gmail.com,(914) 336-6697,"518 Vance Vista Apt. 258, North Tracie, WY 18703",2025-03-25T10:41:16.013359,2025-09-11T15:10:16.013363
9c45c8a6-27f4-4aa5-8178-b2ea6dc66ffb,Richard,Johnson,1993-09-10,richard.johnson829@aol.com,(754) 829-1256,"8291 Kyle Stravenue Suite 866, East Teresaland, NV 61558",2024-11-28T04:22:16.013612,2025-08-29T17:06:16.013616
5245b522-ced1-4d38-bcb1-680cfbaa684f,Bethany,Calderon,1966-06-04,bethany.calderon310@aol.com,(361) 876-9540,"68018 Kevin Estates, Sarahbury, MI 68513",2025-04-18T02:47:16.013861,2025-08-24T21:28:16.013865
c8de7506-bec0-48ab-990e-6ffc466f30e4,Sarah,King,1977-06-07,sarah.king308@aol.com,(361) 674-1944,"49818 Brittany Prairie Apt. 299, Meganshire, AZ 04219",2025-08-29T12:46:16.014110,2025-08-23T20:12:16.014114
20147542-e681-4f3f-ae0d-9c65a2e8bd5a,Angel,May,1936-06-21,angel.may491@aol.com,(463) 540-5967,"396 Tyler Road Suite 473, Evansland, UT 08353",2025-01-22T21:17:16.014402,2025-09-07T05:42:16.014405
d737de19-ca12-4466-8c43-08adabd644b1,Jeffrey,Washington,1961-01-15,jeffrey.washington904@yahoo.com,(856) 677-2615,"255 Hester Curve Suite 881, Johnville, KY 59430",2025-07-02T08:37:16.014678,2025-09-11T02:22:16.014681
8b82314d-7875-4bd8-8bbd-53e74479826f,Charles,Williams,1976-01-19,charles.williams564@outlook.com,(630) 463-9005,"25953 Tyrone Passage Suite 747, North Sierrahaven, NH 32053",2024-10-11T13:10:16.014936,2025-09-18T01:50:16.014940
62ce64ea-cdd2-4aec-afe8-3ccb46a17c66,Kevin,Williams,1978-08-27,kevin.williams725@hotmail.com,(386) 209-4583,"748 Melanie Meadows Apt. 456, Brandonton, OK 74139",2025-01-03T16:15:16.015194,2025-09-05T09:52:16.015198
298a9c50-63b1-4fd8-81c3-077cbe7e2f40,Jack,Roberts,1995-01-01,jack.roberts153@outlook.com,(512) 396-9625,"499 David Court Suite 558, Kariborough, PA 67232",2025-03-08T02:23:16.015447,2025-09-03T13:18:16.015450
21c0a3aa-3658-4c70-a8d7-ff9f351b5b82,Kathryn,Williams,2005-09-29,kathryn.williams176@yahoo.com,(303) 711-8109,"8729 Mark Ridge Suite 269, Brittneyhaven, MP 67310",2024-12-13T20:16:16.015726,2025-09-17T08:59:16.015729
da3eb4ca-b278-4156-92ad-42cadf68d83a,Michelle,Evans,1967-09-25,michelle.evans985@gmail.com,(463) 801-3362,"1694 Candice Greens Apt. 097, New Cristina, RI 50333",2025-08-08T22:11:16.015971,2025-09-07T13:52:16.015974
ab14b625-3549-48af-aa70-86cf91e762c8,Roberto,Allen,1952-06-10,roberto.allen859@aol.com,(276) 548-7499,"07562 Vaughn Loop, Salaston, VT 18599",2025-08-12T12:41:16.016289,2025-09-14T02:13:16.016292
775d9c0a-6641-4a45-b642-f27cab3a0cb6,Justin,Bolton,1988-03-12,justin.bolton325@outlook.com,(669) 309-2499,"2785 Lowe Ways Suite 973, West Angela, IN 39509",2025-04-05T02:58:16.016579,2025-09-09T01:34:16.016583
0d2fec35-a391-496a-8fda-2b2df219934a,Michele,Vaughn,1996-12-13,michele.vaughn927@outlook.com,(513) 785-9537,"5844 Ashley Plains Suite 652, Bobbyland, MI 58484",2024-11-07T08:29:16.016843,2025-09-15T10:39:16.016847
3b57dcac-c423-44c7-a1f7-21176d1ce533,Nicole,Lewis,2007-03-05,nicole.lewis341@aol.com,(708) 537-8212,"421 John Skyway Apt. 301, Riverafort, CT 89786",2024-11-28T07:38:16.017129,2025-09-06T06:06:16.017133
93f189d4-b155-42d6-8376-971eb675626b,Aaron,Pierce,1957-04-02,aaron.pierce117@yahoo.com,(934) 404-9939,"773 Morris Rue Apt. 193, East Robertburgh, PW 05264",2025-05-11T17:49:16.017419,2025-08-27T01:08:16.017423
74e6be11-644f-407c-b6e5-d2c57f790dc5,Rachel,Lopez,1959-08-29,rachel.lopez460@hotmail.com,(975) 690-7566,"49915 Gibson Row, Smallberg, PR 66589",2024-10-21T19:56:16.017721,2025-08-30T18:15:16.017725
60b3987b-c642-4f99-8ad9-00c7a93337a7,Denise,Lamb,1956-04-19,denise.lamb989@hotmail.com,(769) 308-1172,"742 Jill Turnpike, Ashleyborough, HI 80580",2025-08-06T11:05:16.017946,2025-08-18T15:49:16.017949
4f4a61b0-c62b-4d59-a1ea-0369d04a1202,Samantha,Robertson,1963-04-28,samantha.robertson352@gmail.com,(804) 411-9537,"122 Morris Gateway Apt. 463, Molinamouth, ME 76845",2025-06-20T21:48:16.018217,2025-09-07T21:31:16.018220
7bbf7496-08e6-4bba-9084-17ee1ca961a4,Dennis,Ward,1948-06-11,dennis.ward817@yahoo.com,(731) 844-4022,"174 Richard Parkway, Hannahport, MN 81061",2025-03-15T04:46:16.018439,2025-09-04T11:42:16.018442
b4912363-1680-456b-be44-6cc495b57ade,Daniel,Anderson,1945-01-11,daniel.anderson990@yahoo.com,(612) 811-7367,"956 Todd Unions Apt. 391, Ricestad, CA 74447",2025-03-10T16:49:16.018706,2025-09-02T02:32:16.018709
5a26ce11-836d-49d9-a33e-053847339b0c,Antonio,Kelley,1989-12-07,antonio.kelley393@aol.com,(760) 390-8973,"822 Bond Mills, Lake Jamieshire, NM 12420",2025-01-02T18:27:16.018993,2025-09-04T17:27:16.018997
c8ce7d0a-00fc-4f6c-9bfd-4703320e5122,Rhonda,Chavez,1953-10-08,rhonda.chavez861@aol.com,(781) 700-3740,"9087 Cummings Locks Suite 039, North Rodneyland, ND 08398",2024-12-14T03:24:16.019273,2025-08-23T13:10:16.019277
e019964c-0468-45dd-851e-6fb87bef3415,William,Kennedy,1951-01-01,william.kennedy224@hotmail.com,(762) 304-5055,"26567 Bennett Springs Apt. 512, Ricebury, MP 00956",2025-07-09T08:06:16.019547,2025-09-12T13:22:16.019550
a9e60ebb-a062-4e1e-955e-7fd1560fc71d,William,Ford,1963-01-05,william.ford288@aol.com,(973) 751-3758,"633 Reed Harbor Apt. 106, East Jamieville, PA 04901",2025-07-05T16:38:16.019811,2025-08-23T07:10:16.019814
97751ffc-e187-4287-8e0e-65f6935ec048,Linda,Warner,1957-01-28,linda.warner146@gmail.com,(947) 847-5402,"067 Amber Throughway, East Williamport, IN 96382",2025-01-26T18:16:16.020087,2025-08-27T03:04:16.020091
4bf3c9e6-cde8-415d-96a6-6d2c74512b58,Laura,Barton,1998-12-26,laura.barton408@hotmail.com,(479) 639-4470,"2836 Hill Point, Lake Erika, OH 65463",2025-07-17T09:30:16.020563,2025-09-04T14:31:16.020569
fe566f53-7838-4e2b-aff0-5ff2ed6cc76c,William,David,1981-10-12,william.david932@outlook.com,(340) 865-5945,"662 Bennett Throughway Suite 334, Port Steven, AR 74214",2025-05-31T23:54:16.021163,2025-09-13T20:44:16.021169
df03243f-105e-4a9c-bddf-6c5c2e6d2734,Tracy,Grant,1940-10-26,tracy.grant456@yahoo.com,(206) 208-6629,"43517 Davis Stream Apt. 046, Port Charlesshire, VA 88509",2024-10-07T10:54:16.022031,2025-09-01T20:58:16.022036
f897c6ee-e62e-4f4b-8a80-fe47cfbb2319,John,Booth,1986-02-15,john.booth360@hotmail.com,(475) 843-3480,"33173 Randy Garden Suite 467, Kylestad, NY 65680",2024-11-14T19:12:16.022465,2025-08-30T05:09:16.022469
e51e581a-8f3d-4464-8ea2-8e2bf415156f,Annette,Zavala,2003-10-22,annette.zavala897@outlook.com,(605) 410-9482,"55609 Joyce Brook Suite 899, Phillipsborough, MA 30650",2025-03-14T21:15:16.022843,2025-09-12T23:09:16.022847
dcb1d4f6-55f0-4beb-9687-11a62b23dfe4,Laura,Sanchez,1998-09-17,laura.sanchez602@aol.com,(267) 214-5295,"7772 Jackson Stravenue Suite 280, Port Melanieton, WV 01337",2025-04-13T12:26:16.023220,2025-08-20T08:07:16.023223
e78e7161-4643-4d6c-a9e8-60a963688205,Brenda,Mccoy,1987-12-28,brenda.mccoy335@gmail.com,(717) 800-2083,"38750 Hopkins Brook, New Andreatown, AK 69892",2025-06-26T23:36:16.023577,2025-09-01T22:08:16.023581
185d2773-c70a-4e0e-bda0-0ffe5cc6d7d9,Kimberly,Mitchell,1974-07-08,kimberly.mitchell381@aol.com,(336) 967-5403,"11823 Christine Glen Suite 461, Susanmouth, OK 32378",2024-12-02T09:35:16.023891,2025-09-13T06:09:16.023896
36397f47-8e8f-4bef-b1ec-a17d54585fc9,Elijah,Clayton,1993-12-07,elijah.clayton691@gmail.com,(323) 433-9336,"66687 Dana Squares, North Vincent, NE 85030",2025-05-14T01:00:16.024208,2025-08-26T04:41:16.024212
bf7e8559-55bd-4bf6-b674-28b06abcac78,Kylie,Hodge,1997-12-07,kylie.hodge382@gmail.com,(330) 714-1862,"39740 Gabrielle Harbors, East Sarahmouth, AK 27653",2025-04-15T15:19:16.024599,2025-09-11T00:35:16.024617
5c2f53c2-903c-4cb3-abca-b3fe3b5f447b,Paul,Marquez,1944-06-30,paul.marquez751@outlook.com,(917) 978-5016,"2939 Rhodes Plains, Patrickberg, WY 90850",2025-08-19T10:13:16.025110,2025-09-10T12:56:16.025114
720ef0f1-15d0-4913-90d4-578df7c09ec2,Jonathan,Mccann,1978-01-07,jonathan.mccann423@gmail.com,(703) 669-2391,"3159 Novak Islands, Lake Joshuamouth, NM 30403",2025-01-30T06:44:16.025537,2025-09-16T08:50:16.025542
80ab0bba-4c2f-4e79-b420-3ca459f14004,Kristen,Bennett,1994-07-09,kristen.bennett109@yahoo.com,(408) 660-8635,"94311 Moore Station Apt. 655, North Adamport, NV 47676",2025-03-20T02:26:16.026049,2025-09-16T17:39:16.026053
24352642-e83f-4699-aed5-69400738b917,Ashley,Miller,1974-07-04,ashley.miller32@outlook.com,(731) 663-5093,"886 Anthony Knoll Apt. 995, Smithchester, MS 11602",2025-08-16T08:01:16.026526,2025-08-29T00:07:16.026530
23822be0-7869-4212-949e-1ce53f85ab3f,Kenneth,Jackson,1991-08-11,kenneth.jackson927@outlook.com,(626) 325-1699,"44472 Gary Harbor, Evansland, MN 33491",2024-11-07T19:19:16.026948,2025-09-10T18:40:16.026953
034da96e-16ab-489d-a0ad-61ce778230d8,Nathan,Simpson,1944-03-12,nathan.simpson904@aol.com,(919) 690-1999,"1240 Cook River, Brockmouth, NV 44375",2024-12-02T22:38:16.027436,2025-09-06T06:47:16.027440
44ca519c-5af9-4bcb-a471-81ca4bee0d7b,Robin,Villarreal,2004-04-13,robin.villarreal612@aol.com,(480) 230-5602,"5937 Thompson Locks, Kellyfort, OK 32276",2025-06-22T09:43:16.027924,2025-08-31T04:07:16.027933
5e0cf2dc-7e7a-4e12-a293-e60f9eabe811,Jamie,Velasquez,1961-12-06,jamie.velasquez29@outlook.com,(660) 781-3328,"93982 Stephanie Mountain Apt. 741, Chambersberg, SC 40193",2025-07-14T04:13:16.028550,2025-09-13T04:55:16.028554
d6c6f67a-4db1-4872-85b6-5df312e444bf,David,Moore,2005-07-10,david.moore601@outlook.com,(360) 992-2817,"79796 Stephens Turnpike Suite 891, Port Johnstad, GA 85304",2024-12-04T16:02:16.029135,2025-08-19T19:08:16.029139
05b64bc6-8792-41e2-9581-31d74dfbd5b4,Justin,Newman,1962-06-12,justin.newman682@outlook.com,(959) 379-7199,"1014 William Path Apt. 756, Bartonshire, UT 66098",2024-10-25T20:52:16.029596,2025-08-19T23:49:16.029602
a5cdc2c0-b488-4193-a401-3f51a68bf8bf,Gregory,Johnson,1965-08-25,gregory.johnson244@gmail.com,(650) 527-3750,"1125 Cooper Tunnel Apt. 875, Davismouth, MD 09305",2025-02-05T15:32:16.030044,2025-09-13T01:27:16.030049
598fcb1d-dfb3-45c9-a485-af55ca68d1f0,Amanda,Page,1959-04-09,amanda.page560@gmail.com,(706) 303-8855,"123 Andrea Isle Suite 736, East Danielle, NE 52350",2025-08-10T21:01:16.030456,2025-09-16T04:20:16.030460
e01ba89e-d4ee-4b9c-bb1f-040b66b96818,Omar,Ware,1945-10-13,omar.ware32@outlook.com,(769) 869-3703,"0334 Barbara Union Apt. 553, Wilsonfort, NC 84270",2025-01-10T10:55:16.030908,2025-09-07T14:31:16.030913
ed602d74-6fc1-4099-b42f-82137e0b1ef6,Linda,Carr,1996-04-28,linda.carr844@aol.com,(978) 691-4271,"5792 Sellers Ramp, Lake Dennisville, IA 40527",2025-03-07T03:47:16.031662,2025-09-04T13:42:16.031667
3b8ba67a-7672-4524-979b-0f6cf29abe90,Clayton,Steele,1951-02-11,clayton.steele270@aol.com,(502) 475-2009,"9296 Lopez Roads Apt. 827, Donaldmouth, MP 59614",2025-05-20T23:39:16.032114,2025-09-16T02:01:16.032118
871951ad-cdc0-4699-a787-8762a99fa72b,Sean,Crane,2003-01-10,sean.crane585@outlook.com,(872) 785-3415,"68876 Perry Ville, Burnsland, OK 04545",2025-08-15T12:34:16.032515,2025-09-01T02:23:16.032519
f9c04a54-9ead-4c40-9de8-c30388d342a9,Edgar,Hill,1966-05-15,edgar.hill533@aol.com,(805) 212-9561,"79788 Ashley Grove Suite 807, South Curtis, MP 86179",2024-10-17T23:22:16.032870,2025-08-29T23:56:16.032873
a5418a19-4059-4ab6-9a39-b75afbe0efa5,Edward,Kidd,1985-05-10,edward.kidd413@outlook.com,(361) 833-7581,"1713 Lisa Radial Suite 962, Port Jamie, IL 08281",2025-05-25T10:39:16.033312,2025-08-26T00:09:16.033316
b5c2fb59-7e87-4de7-b5e3-27563cba8839,Kim,Carlson,1966-05-19,kim.carlson747@yahoo.com,(747) 819-2462,"449 Farley Passage Apt. 260, Michelleberg, UT 17893",2025-06-12T08:05:16.033721,2025-09-17T07:56:16.033725
e4e81519-1a1b-49b9-b56a-55399009d745,Charles,Morris,1949-09-12,charles.morris941@yahoo.com,(669) 921-4262,"2946 Hayes Roads Apt. 684, Shawnfort, MD 76779",2025-05-08T15:05:16.034053,2025-08-27T12:40:16.034056
0337f67e-eb80-4921-8f0a-adc3219e4b73,Sean,Boone,2004-03-10,sean.boone51@gmail.com,(407) 785-4511,"518 Robinson Meadow Apt. 745, Matthewshire, DC 74706",2025-05-11T19:07:16.034409,2025-08-19T05:13:16.034412
49587953-5695-493e-8a48-fa4d4fce41a0,Rachel,Shannon,1972-02-28,rachel.shannon917@gmail.com,(706) 557-8520,"70127 Smith Meadow, Lake Regina, FM 85697",2025-04-29T18:38:16.034746,2025-08-22T06:42:16.034750
2e336a04-d6c0-4178-aee5-94571769088b,Caitlin,Cantu,1969-06-28,caitlin.cantu154@hotmail.com,(872) 983-4937,"541 Beck Run, North Randy, ME 95657",2024-11-30T08:37:16.035071,2025-08-25T16:44:16.035074
a05d7ae8-e57e-4fbd-b684-67ea6111805c,Jeffrey,Davis,1938-11-18,jeffrey.davis804@gmail.com,(817) 887-6873,"71293 Smith Square, Lisachester, UT 17825",2025-05-26T15:03:16.035456,2025-09-09T01:08:16.035461
22d5575f-0ff1-4a4c-80d8-30a506d4d2d2,Andrea,Reyes,1965-03-27,andrea.reyes267@gmail.com,(954) 501-8598,"5426 Darlene Springs, North Alyssa, AL 80496",2025-06-08T04:32:16.035780,2025-08-31T00:49:16.035785
1998d1c1-8e7e-4f09-a0a1-b07736060496,Jeremiah,Bowen,1967-07-03,jeremiah.bowen798@yahoo.com,(302) 699-6449,"731 Donald Crossing Suite 565, East Joshua, CO 33028",2025-02-10T23:34:16.036113,2025-09-18T13:24:16.036117
bd58fc32-6cf7-4306-bb71-2d2627c67308,Peggy,Vaughn,1982-03-22,peggy.vaughn973@hotmail.com,(209) 529-9700,"983 Phillips Center, South Paul, IA 65982",2024-11-16T22:37:16.036442,2025-09-04T17:50:16.036446
93666497-a859-4b9f-a650-712fd0a5c1eb,Joseph,Levine,1964-01-27,joseph.levine368@hotmail.com,(430) 368-7609,"69658 Kathryn Trail Apt. 091, West Jasonton, WY 52664",2024-11-18T13:16:16.036764,2025-09-14T18:05:16.036767
b759a40a-846e-4429-9c0b-0f04b2d655dc,Lori,Mason,2005-08-30,lori.mason707@outlook.com,(323) 626-8279,"618 Joshua Inlet Apt. 832, Peterland, ME 92077",2025-04-27T11:08:16.037057,2025-09-14T23:46:16.037060
569f7ad7-9f3c-4f4b-91de-2be05a7a3f55,Monica,Mathis,1982-05-18,monica.mathis852@gmail.com,(903) 406-6864,"61799 Kyle Streets, North Alexander, DC 92447",2024-12-31T12:12:16.037434,2025-08-26T11:01:16.037442
1581df74-7141-4384-a3ef-f8d581d272c2,Christopher,Benton,1974-11-06,christopher.benton237@aol.com,(804) 503-5327,"52410 Roman Groves Apt. 491, Gibsonstad, AR 65985",2025-06-23T04:36:16.038103,2025-08-21T00:19:16.038108
b985168d-ffc7-43bf-99d8-a4f29b7d052a,Jacob,Scott,1973-08-15,jacob.scott382@gmail.com,(641) 387-2865,"80003 Thomas Lights, East Sarah, PR 05136",2024-11-30T17:30:16.038429,2025-09-12T19:34:16.038433
41052a02-ffea-4051-afd5-f9adc3f1a96c,Courtney,Wright,1961-11-25,courtney.wright30@hotmail.com,(339) 694-8997,"95180 Jeffrey Path Apt. 617, Kiaraport, MD 11823",2024-11-06T11:31:16.038754,2025-08-27T15:43:16.038758
56228d3c-746e-415e-bf0a-e077e9024cf4,Aimee,Gonzalez,1946-04-14,aimee.gonzalez680@aol.com,(714) 352-1894,"937 Vargas Park Apt. 832, South Andrewside, MI 83855",2025-05-21T12:29:16.039058,2025-09-03T20:30:16.039061
d934075a-38b1-4e1f-a9a3-bf9b7ac3dd11,Trevor,Smith,1996-01-14,trevor.smith458@outlook.com,(614) 321-9148,"38367 Teresa Divide Suite 103, Haynesstad, NH 98529",2025-08-22T07:04:16.039357,2025-09-04T04:23:16.039364
d2e6ed0a-0514-498e-afe3-5ddd4625c173,Kevin,Wagner,1946-11-06,kevin.wagner373@outlook.com,(802) 316-2596,"906 Joel Green, Sarafurt, UT 96885",2025-03-01T08:29:16.039633,2025-08-23T08:13:16.039637
096097aa-8261-49df-927e-a4ef9a20acae,Emily,Nelson,1964-08-09,emily.nelson776@gmail.com,(743) 247-3018,"91212 Owens Lodge, New Michaelborough, NV 40911",2025-07-15T11:34:16.040078,2025-08-27T19:20:16.040081
71c9276e-e457-4a9f-a7bc-6a193031e9ab,Deborah,Wilson,1966-01-18,deborah.wilson903@yahoo.com,(713) 628-5067,"903 Hernandez Station Apt. 568, Lake Kentburgh, AK 53505",2025-06-08T08:19:16.040436,2025-08-27T05:15:16.040442
ada7daae-1969-417b-ab1e-632d594229f4,Kristi,Pierce,1962-10-25,kristi.pierce136@gmail.com,(417) 715-9888,"21003 James Locks Suite 199, Samanthaland, AK 08951",2025-07-06T13:16:16.040739,2025-09-17T08:41:16.040743
924faf31-d18c-434e-b78f-92f4334947c0,Steven,Ramos,1987-05-05,steven.ramos700@yahoo.com,(518) 349-2016,"1070 Sandra Meadows, Crawfordfurt, TX 56424",2024-09-28T17:55:16.041034,2025-08-20T02:34:16.041038
a1c6c06d-fd5f-4994-8f10-038f38b38b51,Hector,Odonnell,1953-10-21,hector.odonnell321@hotmail.com,(920) 255-1212,"2099 Deborah Parks Suite 870, West Patrickchester, ID 84734",2025-06-15T09:11:16.041375,2025-09-02T11:34:16.041378
61040bd3-b176-48cf-93f0-56ee311e56e0,Mark,Pham,2002-02-17,mark.pham286@gmail.com,(928) 470-3131,"578 Cooper Port Suite 642, West Carlatown, MH 37323",2024-09-21T04:25:16.041694,2025-09-11T09:25:16.041698
2fc2b1ed-b525-4045-ad4a-7da648d62afc,Robert,Ruiz,1999-01-10,robert.ruiz164@hotmail.com,(743) 756-9798,"13348 Kathryn Forges, Kellyburgh, HI 31506",2024-10-24T19:00:16.041971,2025-08-30T07:56:16.042022
019164c3-1d05-4bc3-bfb5-12c31d2bd91a,Renee,Wolfe,1966-03-22,renee.wolfe938@aol.com,(321) 595-5203,"599 Anna Field, Weaverburgh, NM 05476",2025-09-14T18:54:16.042315,2025-09-11T17:18:16.042319
aa64a40a-52db-494c-beaf-0dad2e63021e,Anthony,Guzman,1979-10-15,anthony.guzman435@gmail.com,(316) 410-9810,"59325 Samantha Vista Suite 002, Port Daniel, NC 48327",2024-11-28T07:00:16.042571,2025-09-10T01:34:16.042575
077079a1-27b7-412a-b68b-3d2189febc0b,James,Mcmahon,1949-11-19,james.mcmahon415@outlook.com,(770) 523-1276,"4522 Conner Oval, Grantside, UT 80941",2025-02-06T02:33:16.042861,2025-08-22T17:57:16.042865
06d3ebcc-8d11-46fc-b6d0-2149e13c0047,Courtney,Chapman,1947-07-20,courtney.chapman547@yahoo.com,(480) 339-7406,"4220 Rosales Trail Apt. 295, Lake Ariana, NM 18935",2024-11-28T19:33:16.043256,2025-08-31T21:53:16.043260
57bd99da-7753-49a0-94d9-c845b1b5e972,Nichole,Young,1968-06-17,nichole.young767@hotmail.com,(646) 416-7760,"157 Joseph Gateway, West Jonathanville, VA 00668",2025-05-13T11:46:16.043572,2025-08-25T20:27:16.043575
285052b6-9c15-465f-a5ab-0a5e49c8e795,James,Oconnor,1965-04-04,james.oconnor132@yahoo.com,(508) 302-5671,"6586 Maria Turnpike Apt. 271, West Andrewview, CT 10226",2024-10-25T01:41:16.043865,2025-08-23T03:50:16.043869
5931dc83-70a8-42fe-84f5-87e0316c011b,Carolyn,Bennett,1965-01-31,carolyn.bennett474@gmail.com,(785) 567-6004,"9970 Dunlap Expressway, Mooreville, MA 27442",2024-11-24T20:33:16.044154,2025-08-24T20:45:16.044157
b6795c0b-7497-4505-8179-dc7455b2cf88,Jason,Spencer,2002-12-16,jason.spencer267@aol.com,(916) 752-8734,"443 Brandon Ports Suite 205, South Christopherfort, ID 13213",2025-06-25T22:50:16.044405,2025-09-04T09:47:16.044409
2abc4612-c080-485e-aa65-62d3a7d75db9,Daniel,Little,1934-12-26,daniel.little676@gmail.com,(364) 953-8921,"46774 Darlene Loaf Apt. 565, South Bradley, NV 61457",2024-09-22T22:18:16.044645,2025-08-23T06:05:16.044649
772611c9-4740-4019-8b93-dcd69f821266,Courtney,Adams,1973-12-09,courtney.adams558@gmail.com,(937) 378-7171,"115 Arellano Radial, New Bruce, MS 68996",2025-07-09T00:48:16.044885,2025-09-11T12:26:16.044888
027910a6-edb8-42e3-8542-11b337be2ed6,Tracie,Mcdaniel,1972-06-15,tracie.mcdaniel154@outlook.com,(425) 361-6934,"4160 David Throughway, Thompsonburgh, IL 25761",2025-06-28T10:18:16.045124,2025-09-02T13:01:16.045128
bc7a7991-f84a-42cc-a285-f72bbfa757fc,Andrew,Miller,1989-08-30,andrew.miller171@outlook.com,(534) 384-9464,"294 Bartlett Valley, North Paulfurt, OH 43247",2025-07-06T20:06:16.045372,2025-08-25T09:19:16.045375
0d4032a8-f001-41bc-ab34-65b500c4eda3,Kelly,Stark,1942-05-27,kelly.stark172@gmail.com,(641) 664-2127,"62299 Sara Port Apt. 485, Bakerfort, OK 80318",2024-10-16T10:01:16.045662,2025-08-29T21:06:16.045666
5a5abdc8-cef5-4fd5-b896-1cd8edaa8877,Amanda,Hill,2006-10-11,amanda.hill665@yahoo.com,(769) 734-7892,"65307 Prince Brooks Suite 444, Garrisonville, VI 30379",2025-08-07T05:20:16.045943,2025-08-20T21:32:16.045946
0e6429fe-09b7-4dad-bb27-c6c8108853e4,Eric,Manning,1975-06-27,eric.manning6@hotmail.com,(205) 791-9561,"691 Scott View Suite 785, New Laceyland, ME 93505",2025-06-06T01:23:16.046177,2025-08-23T21:28:16.046180
133d0ac0-0c3c-4cd5-a689-8e04cbeaa5d8,Brandy,York,1985-03-23,brandy.york573@aol.com,(928) 695-5157,"33030 Williams Lake, West Micheal, NH 66708",2024-12-10T19:14:16.046429,2025-08-27T16:55:16.046432
242a4d8f-d8de-4e7a-99ce-48a4e7dedf2d,Madison,Martinez,1987-03-13,madison.martinez988@gmail.com,(203) 293-3381,"7972 Matthews Keys, Frankview, WA 90790",2025-01-08T00:58:16.046670,2025-09-11T16:59:16.046673
59041852-5146-4a02-85b2-0ca29dde9061,Dustin,Hughes,1941-05-16,dustin.hughes200@yahoo.com,(220) 813-9364,"33468 Michelle Trafficway, South Rhondaburgh, PA 01610",2025-09-10T15:13:16.046901,2025-09-16T12:23:16.046905
3b9a25b2-5b04-48f1-86f5-b794070f2a0c,David,Trujillo,1970-12-20,david.trujillo937@hotmail.com,(952) 556-6693,"6574 Steven Springs Suite 910, Annaport, ME 90208",2024-12-16T20:42:16.047133,2025-08-27T00:34:16.047136
1a654397-34d5-4fa5-bb28-7c7d60f9c74e,John,Rogers,1935-02-06,john.rogers789@hotmail.com,(513) 975-6565,"4432 Rachel Valley Suite 520, Brightview, PW 55363",2024-09-25T06:43:16.047387,2025-09-09T12:33:16.047391
6133bc4e-2287-40f6-b4bd-391d461f292c,Jasmine,Johnson,1964-08-26,jasmine.johnson568@aol.com,(417) 687-6142,"3875 Bruce Ville, West Connor, DC 97614",2024-11-06T03:49:16.047629,2025-08-25T11:51:16.047632
66afab6b-bb36-4ddc-8733-0c7f1f6336ff,Molly,Hansen,1996-10-14,molly.hansen979@yahoo.com,(848) 828-1108,"135 Julie Inlet Suite 554, Stevenville, NJ 07536",2025-08-21T22:07:16.047861,2025-09-04T23:24:16.047864
f7d44185-e63d-41aa-b841-8b6dd3ef7608,John,Lee,2003-01-10,john.lee356@gmail.com,(718) 902-3863,"460 Derrick Flats Suite 697, West Michelle, HI 11093",2024-11-09T04:35:16.048087,2025-09-12T23:31:16.048090
303ae659-e195-445d-98fb-ce3c42b1b68b,Faith,Hatfield,1981-02-27,faith.hatfield718@hotmail.com,(703) 573-7563,"74329 Tracy Track, East Christinachester, MO 56734",2025-02-14T23:50:16.048320,2025-08-20T18:25:16.048323
d1bd795d-2c06-492f-9a2a-34af948c0dba,Janet,Johnson,1939-05-02,janet.johnson805@yahoo.com,(843) 507-5111,"58300 Jeremy Wells Suite 421, Gordonport, GA 09058",2025-09-08T01:51:16.048568,2025-09-06T17:20:16.048571
07f5cfc0-778e-48c8-9b8c-6726978010a1,Edward,Carter,1981-12-08,edward.carter590@aol.com,(913) 378-5663,"2575 Frederick Valleys Suite 033, East Jessica, OR 66644",2025-08-13T12:48:16.048800,2025-09-08T07:38:16.048804
741a44a9-bea4-4c0f-95c5-35831d922c4d,Bryce,Dawson,1966-11-03,bryce.dawson299@gmail.com,(551) 819-7479,"489 Brittney Causeway Apt. 001, Wallaceville, OH 33627",2025-06-03T09:33:16.049055,2025-09-15T11:54:16.049058
f02f1bf3-dae7-44cd-8a7a-0731370bbff5,Mia,Harris,1947-01-01,mia.harris56@gmail.com,(216) 989-7504,"1849 Robert Cove Apt. 411, Gonzalezborough, WI 34972",2024-10-14T03:03:16.049320,2025-08-20T04:03:16.049324
5f1a1d0a-e23b-43ba-8512-8fc709185aa8,Hunter,Ortiz,1947-02-11,hunter.ortiz999@yahoo.com,(914) 478-9987,"737 Young Bridge, North Maryfort, FL 12308",2025-04-14T03:32:16.049566,2025-09-10T10:39:16.049570
feadc8c4-2bb5-4bcc-9cd8-51686bd62a64,Nathaniel,Garcia,2006-09-23,nathaniel.garcia536@hotmail.com,(347) 552-5698,"4470 Lisa Well, Port Kellymouth, NE 97302",2025-05-14T09:13:16.049804,2025-08-25T18:34:16.049808
506f0187-0c41-4a64-976a-fac263875e32,Brandon,Chang,1959-06-15,brandon.chang270@gmail.com,(301) 632-4924,"25579 Johns Course, Lisaburgh, DE 53031",2025-01-30T06:14:16.050046,2025-08-29T23:46:16.050050
10a447e7-2bd3-4211-befa-168e878ce7d5,Tonya,Nelson,1966-09-24,tonya.nelson156@outlook.com,(240) 747-1362,"2120 Dale Ramp Suite 972, Maxwelltown, VI 90215",2025-08-08T10:55:16.050313,2025-09-10T02:54:16.050316
fa1b4450-9828-467f-ae00-c7919f5ae422,John,Freeman,1938-02-12,john.freeman186@outlook.com,(434) 456-7251,"14508 Tiffany Skyway Suite 889, South Dorothybury, NJ 45819",2025-04-06T09:18:16.050582,2025-08-26T13:11:16.050586
720c1dfe-8955-47d9-b1f2-bfa7f060c4a6,Brittany,Serrano,1937-01-17,brittany.serrano126@aol.com,(520) 692-5895,"28772 Karen Islands, West Tara, AR 66945",2024-09-30T19:49:16.050816,2025-09-07T12:43:16.050820
541658b0-1c72-4f78-ab3b-a41cbc313841,Joshua,Gray,1987-01-16,joshua.gray94@yahoo.com,(631) 977-1983,"7971 West Crest, Mcgeetown, CT 53380",2025-07-12T06:01:16.051076,2025-09-16T23:13:16.051080
60fd7fb0-9d7e-4280-881b-3c9b4e1e132c,Amanda,Dunn,1950-12-25,amanda.dunn302@gmail.com,(915) 913-9029,"837 Cox Center Apt. 758, Moranstad, VT 59815",2024-10-26T22:34:16.051350,2025-08-26T09:02:16.051354
0255cbba-dd05-460a-9ae6-82b83ce52bea,Brent,Hopkins,2004-11-10,brent.hopkins878@gmail.com,(681) 994-4912,"4885 Brandon Expressway Suite 261, Cherylborough, DE 51998",2025-07-14T09:03:16.051587,2025-09-17T08:52:16.051590
eaca3334-7767-4f5c-b44f-94a5d8013b36,Jim,Harrington,1945-07-02,jim.harrington102@hotmail.com,(219) 784-7366,"0917 Barrett Parkways, South Adam, WA 06867",2025-02-18T03:08:16.051829,2025-08-27T13:06:16.051832
3645ec87-edfd-48d6-84bf-5c33bcac4039,Sara,Webb,1973-01-04,sara.webb42@aol.com,(270) 511-2276,"922 Paul Rapid, Williamfurt, MT 80323",2024-09-23T17:31:16.052062,2025-08-21T11:48:16.052065
764aa1a4-8e08-4a4e-82c0-55bd1d70a006,Donald,Stuart,1983-12-22,donald.stuart412@hotmail.com,(860) 545-3591,"26984 Joseph Plaza Apt. 339, Glendaberg, VT 85709",2024-12-10T15:42:16.052387,2025-09-07T00:30:16.052391
f2ce1305-7aa1-4fcb-b669-b026fbab1e2b,Jonathan,Benson,1957-10-05,jonathan.benson744@hotmail.com,(220) 491-1267,"8799 Craig Ville, Nataliechester, AS 02174",2025-05-06T03:02:16.052707,2025-08-31T07:44:16.052711
e9109cb4-9d5a-46d1-9b45-c30685ce055e,Alexander,Thomas,1975-05-01,alexander.thomas95@gmail.com,(938) 609-4562,"2442 Hannah Hill, Port Amber, MI 59823",2025-03-31T03:02:16.052938,2025-08-23T01:32:16.052941
c961ea5b-5cd2-4d55-b4bb-8ebb579ba147,Luis,Lowe,1992-06-02,luis.lowe766@aol.com,(979) 211-7266,"863 Schwartz Causeway, Hughesmouth, OH 07552",2025-04-23T02:49:16.053202,2025-09-14T04:53:16.053206
1c4422c7-5640-4691-bc9a-cf33d03db463,Patrick,Harris,1946-12-20,patrick.harris764@outlook.com,(240) 761-7540,"598 Kimberly Fields, Shaneland, HI 23280",2024-10-02T20:53:16.053773,2025-09-14T17:32:16.053779
9936c361-d55b-42b3-b373-571e8b09de60,James,Patterson,1953-04-02,james.patterson357@aol.com,(432) 528-6644,"29405 Mckinney Drives Apt. 259, Port Sarahport, NM 75562",2025-08-06T11:11:16.054183,2025-09-17T07:19:16.054186
1bb13ca8-ce5a-4128-bf71-c840a0467426,Angel,Zimmerman,1989-05-03,angel.zimmerman15@aol.com,(641) 910-2823,"81826 Davis Forges, Lake Martin, MN 38980",2024-10-13T22:56:16.054505,2025-09-10T09:55:16.054509
cacb89dc-2c7c-4b4d-b1e0-1b7f0649b29c,Travis,Montgomery,1971-06-22,travis.montgomery809@outlook.com,(561) 254-8617,"57399 Susan Springs, Patrickville, MS 34132",2024-11-16T21:53:16.054806,2025-09-13T08:26:16.054809
c9c6ab8e-019b-421c-92ac-af98296f3e26,Allison,Black,1948-12-24,allison.black949@hotmail.com,(214) 240-5053,"0435 Stacy Expressway Apt. 133, Houstonborough, ND 92610",2025-09-02T21:41:16.055201,2025-09-11T10:37:16.055205
5d96bde5-7bad-4d87-9939-123003877861,Maria,Case,1956-11-03,maria.case141@yahoo.com,(305) 947-7262,"5011 Gregory Glen, New Lorraineview, MT 51361",2025-06-07T10:39:16.055553,2025-08-26T16:01:16.055556
ff30a26e-c798-40cd-975a-810b5a641a20,Lorraine,Hamilton,1940-08-01,lorraine.hamilton441@gmail.com,(364) 871-3589,"180 Katelyn Prairie Apt. 158, West Kristinport, PA 11839",2025-05-01T10:09:16.055865,2025-09-12T11:50:16.055869
e330024e-9c07-4ab9-bc6a-e7f1890de73a,Pamela,Kim,1984-09-15,pamela.kim781@outlook.com,(551) 820-4783,"2832 Robles Vista, Susanberg, ME 89274",2025-05-26T13:32:16.056200,2025-08-25T13:59:16.056204
6190c270-d2a7-45b5-aba1-5ab255ab9e3c,Tina,Smith,1973-03-04,tina.smith228@aol.com,(445) 975-4351,"00996 Kevin Summit, Jasonhaven, FL 21597",2024-11-17T21:25:16.056492,2025-08-28T16:08:16.056496
dd1e96af-e990-407b-a525-a98f3e33f0a0,Daniel,Davenport,2003-01-01,daniel.davenport112@yahoo.com,(802) 667-1694,"90878 Kelly Cliff, Coreyshire, NM 43866",2024-11-09T13:14:16.056772,2025-09-02T10:29:16.056776
1ee93458-9892-4b2f-907c-170371264ccb,Bethany,Rios,1950-08-22,bethany.rios740@gmail.com,(858) 315-3945,"135 Hayes Ridges Suite 929, Lindseychester, GA 01134",2024-09-19T09:13:16.057078,2025-08-26T11:53:16.057082
3102a56d-5524-4b35-9ef4-b9afd0914209,Danielle,Walker,1992-09-30,danielle.walker461@outlook.com,(678) 287-9582,"2577 Howard Inlet Suite 812, Port Juanberg, MH 71098",2025-02-16T05:39:16.057393,2025-08-26T00:40:16.057397
1a5f00b5-de58-4d9a-98b7-855d154bf67e,Dennis,Mercado,1984-07-30,dennis.mercado921@gmail.com,(340) 407-1057,"80996 Rebecca Plaza, Amyside, NJ 86210",2025-05-15T21:41:16.057672,2025-08-29T18:23:16.057676
08c2d48b-2960-448c-9505-2a9c1b1a55e7,Jacob,Walker,1981-09-04,jacob.walker190@aol.com,(380) 256-6718,"78816 Shaw Shore Apt. 928, South Erik, OK 74663",2024-12-05T09:29:16.057989,2025-08-25T20:35:16.057993
0063c0cf-b12c-495e-a0e0-9c032621a472,Noah,Webb,2003-08-08,noah.webb787@hotmail.com,(603) 530-7038,"73145 Brad Ford, Paulmouth, FM 06587",2024-10-30T22:53:16.058275,2025-09-02T15:14:16.058279
cf575e26-cdde-411a-a33b-b7eee306800c,William,Nguyen,1971-02-26,william.nguyen624@aol.com,(615) 465-9608,"498 Nicholas Lane Suite 918, Nicholasbury, NC 53695",2025-07-19T15:04:16.058572,2025-09-11T19:32:16.058576
e88c1020-1810-42b8-a01e-6846777e3e88,Ruth,Reed,1955-09-13,ruth.reed342@outlook.com,(657) 773-4478,"272 Chris Row, Jasonburgh, GA 47978",2025-04-02T03:59:16.058869,2025-08-27T23:00:16.058872
7f07f2e6-0b84-439f-8876-a1e1f89786e5,Matthew,Perry,1947-09-20,matthew.perry662@hotmail.com,(347) 693-3545,"7739 Deborah Loop, East Bradleyshire, OR 21620",2025-07-04T06:05:16.059161,2025-09-18T04:34:16.059165
010fcb20-da8e-4869-84af-eead53bcbb11,Mark,Williams,1939-07-18,mark.williams585@aol.com,(984) 598-4070,"24286 Natalie Stream, Staceyborough, NV 79999",2025-08-30T08:00:16.059462,2025-09-16T00:26:16.059466
911a4ba6-7e70-476a-bacc-f54b059dc7a5,Sharon,Jackson,2004-01-20,sharon.jackson927@outlook.com,(858) 357-4116,"298 Jackson Spur, Sandrashire, CA 30623",2024-12-25T11:58:16.059782,2025-09-09T13:15:16.059789
05b6e942-87f3-435e-927f-c8be3230c00a,Janice,Rodriguez,1996-04-08,janice.rodriguez479@yahoo.com,(234) 305-9529,"91279 Natalie Place Apt. 172, Port Erikachester, NC 55640",2025-07-22T14:19:16.060104,2025-08-31T22:52:16.060108
c53efd7e-12a0-4e2c-9646-0ecad6618e74,Shelly,Wolfe,1980-12-26,shelly.wolfe359@outlook.com,(919) 526-5440,"6599 Ronald Glens, Cannonland, LA 78920",2025-02-12T02:47:16.060498,2025-08-26T19:01:16.060502
d0bceb34-4ba2-46e8-b9d6-4dd2ed177f4f,Deanna,Smith,1949-11-26,deanna.smith365@gmail.com,(610) 540-4246,"063 Ortiz Coves, South Denise, KS 34750",2025-05-23T07:49:16.060828,2025-08-21T19:42:16.060831
6e4b8325-867e-47b6-9a2e-5792c416c593,Krystal,Carr,1961-03-18,krystal.carr188@outlook.com,(626) 532-8426,"8872 Hansen Orchard, Vanessashire, MI 92971",2025-01-25T02:21:16.061149,2025-09-05T07:19:16.061152
a46c7a28-8845-4182-b2bb-95acd60308e2,Nancy,Wyatt,1975-12-25,nancy.wyatt163@gmail.com,(830) 593-2082,"2138 Hartman Unions, East Paultown, AS 12440",2025-07-31T00:47:16.061475,2025-09-09T02:54:16.061479
fc25aee2-abea-41f3-8621-de382a6bb57f,John,Burke,1993-10-11,john.burke834@gmail.com,(973) 989-7208,"3519 Jenny Locks, Jenniferton, WI 23474",2025-02-02T08:45:16.061775,2025-08-28T04:39:16.061779
57469473-d760-41ab-9ab4-d01ba521d172,Jessica,Harris,1934-10-29,jessica.harris312@aol.com,(772) 935-6640,"09883 Emily Lake Apt. 021, Kimberlystad, TN 52293",2025-09-03T07:31:16.062073,2025-08-26T20:33:16.062076
c6ded353-cb63-494b-b4c8-bc8b12b26098,Laurie,Holmes,1966-10-04,laurie.holmes392@gmail.com,(731) 590-8130,"489 Bailey Via, Jeremyborough, NH 53448",2025-01-11T17:31:16.062379,2025-09-14T12:50:16.062383
d82c254c-8aa1-4405-898d-ab62b1a613a1,Dean,Russell,1954-02-15,dean.russell916@gmail.com,(980) 635-3945,"451 Walter Via, Heatherfurt, OK 63891",2024-12-01T23:13:16.062680,2025-09-07T11:21:16.062685
e698e519-1391-4747-9775-6ba786c96b1e,Peter,Ali,1945-10-20,peter.ali82@outlook.com,(360) 947-9624,"071 Jones Roads Apt. 356, Zacharytown, UT 35018",2024-11-09T13:01:16.062998,2025-09-07T21:09:16.063002
ce8e5659-686e-401e-bc78-87e083bd833f,Dustin,Ross,2006-01-26,dustin.ross465@hotmail.com,(865) 680-6431,"275 Robinson Ports, Ianborough, NM 97115",2024-11-03T14:40:16.063305,2025-09-03T12:50:16.063309
dd6193e7-578e-4db8-9f91-b334801f6584,David,Allen,1943-08-31,david.allen872@hotmail.com,(567) 458-3171,"33952 David Common, Austinside, AZ 63715",2025-09-02T04:53:16.063618,2025-08-19T10:20:16.063622
c02dac29-5b3b-45b8-91e6-1ffee0309a31,Lisa,Vasquez,1988-01-18,lisa.vasquez771@aol.com,(740) 988-7277,"2846 Karen Crossroad Apt. 867, New Michaelburgh, NH 16277",2024-12-20T07:34:16.063935,2025-08-27T16:34:16.063939
adc38990-f1bd-4c57-bf00-b7e9ab0c8228,Emily,Smith,1947-05-27,emily.smith149@yahoo.com,(908) 645-1194,"155 Lopez Greens Apt. 479, Michaelfort, NE 28095",2025-05-05T11:42:16.064259,2025-08-28T20:33:16.064263
d08a55c8-cfc6-44b9-8cd1-21a9733047ce,Mercedes,Watson,1947-10-28,mercedes.watson768@outlook.com,(512) 951-4193,"2929 Lisa Stravenue Suite 386, Gonzalezberg, NJ 01777",2025-09-01T14:19:16.064581,2025-09-16T13:20:16.064584
cc004c09-83e9-4565-abea-3fbaf6ee56fd,Javier,Taylor,1979-11-28,javier.taylor654@aol.com,(331) 925-2965,"4489 Raymond Spurs Apt. 034, Combsville, NV 98096",2025-02-11T16:01:16.064914,2025-08-28T04:42:16.064917
b12fca2a-7eb1-42d6-a3e4-72b151d82bfc,Debbie,Ward,1987-08-22,debbie.ward284@aol.com,(256) 591-7366,"0615 Barbara Run Apt. 455, Hamptonmouth, FM 10778",2024-10-24T11:00:16.065244,2025-09-03T16:42:16.065247
a374bbda-0ce4-4108-a7eb-5a0ab735ab27,Lisa,Ford,1994-09-09,lisa.ford75@yahoo.com,(270) 785-5105,"569 Sweeney Cliffs, East Matthewmouth, MD 86092",2025-02-23T15:09:16.065562,2025-08-24T12:24:16.065566
f37f5627-885d-41ce-b606-fae033a3a844,Michelle,Jacobs,1979-09-29,michelle.jacobs394@outlook.com,(830) 324-9770,"5987 Jackson Walk Apt. 234, East Garrettville, CT 08862",2025-03-05T17:46:16.065899,2025-09-08T16:34:16.065903
bbac6e7f-3b7c-4c03-ae7d-a6235e138e02,Kimberly,Johnson,1993-11-08,kimberly.johnson706@outlook.com,(667) 698-2390,"49216 Perez Street, Scottberg, DC 69542",2025-08-31T04:55:16.066215,2025-09-07T15:56:16.066218
5e8564d9-f754-4680-a691-28920b5700ef,Allen,Alvarado,1956-08-06,allen.alvarado217@hotmail.com,(903) 669-9791,"8487 Tara Square Apt. 997, Millsside, ME 46005",2025-08-24T05:06:16.066533,2025-08-24T11:29:16.066537
535db4ff-e833-44a9-b6b5-aa465b1b115c,Kimberly,Ballard,1985-11-30,kimberly.ballard66@outlook.com,(317) 316-9145,"6424 Aaron Via Apt. 547, Lake Sandrafort, ME 01698",2025-03-31T12:51:16.066842,2025-09-10T10:10:16.066845
c31122f3-f4b9-47cf-a230-8e2ce4ca1cf6,Rebecca,Harper,1954-07-12,rebecca.harper714@gmail.com,(702) 766-3703,"68663 Jennifer Rue Suite 634, South Colleenhaven, WV 80876",2024-11-19T05:32:16.067148,2025-08-26T23:14:16.067152
586e850b-241d-4414-9564-8c6e4048ba18,Dominique,Paul,1991-06-14,dominique.paul147@hotmail.com,(561) 735-8379,"12241 Williamson Groves Suite 350, North Tara, AK 24872",2024-12-21T11:19:16.067473,2025-09-06T21:26:16.067477
19cd96a6-7290-4038-ae91-4a5705eebf5f,Douglas,Martinez,1979-02-05,douglas.martinez789@outlook.com,(463) 483-1869,"12073 Fisher Turnpike, Boltonmouth, UT 04660",2025-07-26T15:55:16.067817,2025-08-19T21:47:16.067821
04b6bf2f-0619-4168-a469-2fef8a446008,Angela,Christensen,1987-09-14,angela.christensen497@yahoo.com,(870) 318-2160,"6187 James Ville, Lisatown, DE 94175",2025-01-19T20:27:16.068113,2025-09-17T01:49:16.068117
22476dee-4b46-4a31-a41c-53510b9ec432,James,Proctor,1979-11-22,james.proctor466@yahoo.com,(417) 596-7119,"71837 Maldonado Inlet, Ericton, WA 72535",2025-04-19T19:48:16.068426,2025-08-23T18:19:16.068430
af32e973-74a4-49d5-8721-e8a5fdba8668,David,Little,1985-12-07,david.little994@yahoo.com,(925) 435-2416,"31365 Gary Harbor Apt. 630, New Kristenfort, UT 78647",2024-11-29T14:32:16.068731,2025-09-17T13:28:16.068735
bdde4847-473f-478c-a62a-dc2712e064de,Jacob,Davis,1943-09-22,jacob.davis436@yahoo.com,(908) 603-8852,"95005 Jacqueline Turnpike Apt. 273, Tinastad, AS 58004",2025-04-15T09:13:16.069040,2025-09-03T20:11:16.069043
cc362d3a-1a68-479d-892b-9360dbf886b8,Alex,Gray,2004-02-04,alex.gray475@yahoo.com,(351) 920-7641,"77848 Lopez Ferry Suite 574, North Amanda, NV 39255",2024-11-28T08:08:16.069439,2025-08-28T12:19:16.069444
d237614a-14a7-4105-9d01-052a76be783f,Kimberly,Gibson,1965-09-05,kimberly.gibson528@aol.com,(681) 252-2818,"209 Parsons Garden Suite 186, New Felicia, WI 72782",2024-11-24T16:45:16.069791,2025-08-24T15:10:16.069795
13b52007-e478-4e4c-8bf4-dd3340410139,Louis,Morris,1979-04-19,louis.morris362@hotmail.com,(551) 715-7929,"81022 James Oval, North Anthony, SD 51435",2025-08-16T08:01:16.070086,2025-08-21T00:53:16.070090
fa97065b-82ca-4764-bbd2-eea445b11f9e,Kelly,Miles,1997-03-09,kelly.miles920@hotmail.com,(417) 495-2260,"3910 Diana Village, South Laurieton, MN 73641",2025-09-08T05:46:16.070389,2025-09-16T14:03:16.070394
b587962e-d0c9-47bd-a6fc-2d645b790670,Samantha,Bauer,1978-01-07,samantha.bauer661@gmail.com,(629) 621-6616,"014 Shirley Path Apt. 138, Lopezhaven, TN 33106",2025-08-25T10:36:16.070727,2025-09-09T00:48:16.070731
0385ef90-cecc-42ce-aa6c-ffe05c91fdeb,Justin,Grant,1986-09-29,justin.grant549@gmail.com,(574) 386-3873,"761 Laura Plaza Suite 852, Mahoneymouth, OH 43054",2025-07-05T03:30:16.071075,2025-09-01T09:24:16.071079
31c3d8d5-66fe-4d83-82cf-0951777ad010,Jennifer,Schultz,1969-08-01,jennifer.schultz943@hotmail.com,(215) 614-9182,"836 Ward Mission, Moyertown, VA 05044",2024-10-01T11:12:16.071413,2025-09-03T13:50:16.071417
7a61df6c-7a04-4ce1-b04e-ec75096c7b6d,Linda,Holmes,1937-08-12,linda.holmes316@hotmail.com,(215) 611-4610,"3350 Ellison Pass, North Benjamin, MI 20962",2025-03-01T08:27:16.071728,2025-09-07T19:20:16.071732
eb4a5a5e-a59d-4e71-bbd4-e27dec08b8f5,Derek,Preston,1942-09-11,derek.preston931@yahoo.com,(669) 607-3423,"4196 Jessica Stream, Lauraburgh, NM 90887",2025-02-12T15:01:16.072074,2025-09-05T10:05:16.072078
5968a2df-5cfb-406e-964f-61ebe9b3247f,Kurt,Evans,1996-07-14,kurt.evans213@aol.com,(606) 686-9606,"05566 Molly Forks Apt. 604, West Amberberg, MD 66351",2025-01-10T13:06:16.072380,2025-08-23T05:05:16.072384
cf9ba9af-05e4-46a5-9a96-728672c576e4,Christian,Nunez,1969-01-23,christian.nunez573@outlook.com,(810) 429-1439,"981 Ryan Turnpike Suite 225, South Ashleyton, OH 52823",2024-11-15T15:35:16.072682,2025-08-30T23:22:16.072685
32853b13-f6b2-487d-8621-1bdfb0cc0bc6,Angela,Shaw,1952-05-27,angela.shaw644@yahoo.com,(817) 910-2959,"8376 Ann Street, East Charles, WI 56870",2025-04-23T05:25:16.072982,2025-08-29T12:26:16.072986
1d7705e7-5f8c-4f34-b098-be1b61336a38,Melinda,Johnston,1982-11-12,melinda.johnston188@gmail.com,(310) 813-3738,"5535 Wheeler Burg Suite 259, Hansonmouth, AZ 31104",2025-01-13T01:37:16.073332,2025-08-20T09:52:16.073335
bf5659b6-b7c4-40dc-b89d-3c32d16c57cb,Michael,Moore,1980-07-12,michael.moore516@gmail.com,(484) 392-9612,"039 Misty Viaduct, Alexanderville, ME 59491",2024-11-16T22:10:16.073628,2025-09-08T09:13:16.073632
8d1671a6-a3e5-4a52-8b6e-1484768fa2e5,Alison,Clark,1969-09-18,alison.clark763@aol.com,(325) 427-3108,"88487 Heather Skyway, South Brandyhaven, AZ 33984",2024-10-15T22:21:16.073951,2025-09-16T23:51:16.073955
7996fdbf-eaa2-4e55-b18b-703f201b9380,Antonio,Gonzalez,1975-09-09,antonio.gonzalez68@aol.com,(605) 883-1168,"70164 Lin Brook Suite 636, West Toddside, CO 24935",2025-05-17T22:22:16.074287,2025-09-16T11:06:16.074291
967b39af-c02e-4461-afd9-7f6539d7a556,Jonathan,Ellis,2005-12-27,jonathan.ellis223@gmail.com,(434) 488-3814,"84576 Andrew Spur, Michaelport, IA 66201",2025-02-13T08:26:16.074586,2025-09-11T01:51:16.074590
c54fbb5c-e01e-4409-823b-d45bf12bb05d,Robin,Garrett,1967-08-01,robin.garrett478@outlook.com,(319) 732-3226,"432 Prince Shoals, North Jessica, NC 89367",2025-08-13T23:15:16.074915,2025-09-07T09:58:16.074920
767330cf-c2ae-478b-8267-6394525f4286,Jason,Berry,1944-10-29,jason.berry108@outlook.com,(719) 648-9563,"578 Jamie Dam Apt. 248, South Wendy, WI 19526",2025-05-22T01:12:16.075227,2025-09-03T06:10:16.075231
9b225130-f517-4c35-9d76-44b6f11ae680,Evan,Grant,1972-11-06,evan.grant966@gmail.com,(724) 564-8795,"2056 Turner Summit, Edwinborough, CT 17742",2024-10-06T14:47:16.075544,2025-09-05T19:15:16.075548
5ded0f33-e37e-401a-80b0-3ecaf7b19f56,Alexander,Odom,1966-07-17,alexander.odom311@aol.com,(312) 978-2253,"993 Jerry Burg Suite 172, Josephstad, HI 51286",2025-01-31T04:04:16.075879,2025-09-06T00:29:16.075883
4fc58c9c-53e4-4af4-97e1-c896696690f3,Kara,Martin,2003-09-08,kara.martin182@yahoo.com,(929) 875-5965,"0463 Katherine Circles, South Michelle, NM 90660",2025-03-02T06:27:16.076181,2025-08-31T02:19:16.076185
036ca611-6a59-49fd-a939-5014b064f7da,Sharon,Clay,1962-05-12,sharon.clay329@outlook.com,(256) 228-1739,"96569 Abigail Mission Suite 038, Terrellton, OH 51278",2024-10-01T12:03:16.076515,2025-09-09T11:37:16.076519
679e7539-130c-4b26-a237-4dbb173ede60,Colton,Gonzales,1986-09-18,colton.gonzales552@hotmail.com,(619) 238-8551,"2649 Hannah Divide Suite 718, East Kimberlyside, DC 52021",2025-01-06T22:07:16.076831,2025-08-24T17:37:16.076835
d1a043f5-0860-4c5b-b638-ccbb8d80c378,Erica,Johnson,1985-11-18,erica.johnson307@outlook.com,(681) 646-4305,"1452 Christopher Squares, Waltersland, NC 93205",2024-12-01T22:28:16.077158,2025-09-05T08:36:16.077162
8acba043-326d-4f1a-8e22-c3f3a00d7250,Monica,Hester,1997-10-27,monica.hester844@aol.com,(605) 716-5913,"8602 Cunningham Shoals, East Misty, HI 93830",2025-05-03T18:24:16.077482,2025-08-23T19:04:16.077486
9ee9f79f-47d1-4938-bea6-c9a314ed3b31,Jason,Collins,1951-12-22,jason.collins745@outlook.com,(254) 734-4287,"212 Adam Track Suite 077, Stephenstown, PA 65180",2024-11-15T07:33:16.077821,2025-09-11T11:49:16.077825
c245af07-801e-4a72-9570-141b5255adf3,Daniel,Keller,1983-09-15,daniel.keller252@outlook.com,(609) 675-8952,"1990 Nicole Harbors Apt. 022, Lake Michaelberg, PR 04751",2025-08-07T04:20:16.078137,2025-09-09T12:01:16.078141
4ac58ebd-c88a-4c31-9a97-0cbb46ed1ebd,Erin,Miller,1955-04-03,erin.miller688@gmail.com,(308) 606-3302,"24999 Tammy Summit Suite 014, Miguelfurt, GU 09370",2024-11-22T15:34:16.078447,2025-08-23T15:11:16.078451
8b38b86d-7fc4-40d9-9f96-8e02fd99b6a3,Sarah,Brown,1977-02-26,sarah.brown224@outlook.com,(361) 309-3869,"45868 Heather Ridge, North Ashleyhaven, CO 63895",2025-04-14T14:17:16.078753,2025-08-18T19:56:16.078757
8e8ae997-770d-4522-9027-c3217d3c68d4,Jessica,Abbott,2000-10-06,jessica.abbott940@hotmail.com,(510) 459-7302,"99787 Morton Ridge Apt. 430, North Stevenville, WA 27676",2025-06-03T09:00:16.079087,2025-09-03T18:38:16.079091
3b03d05c-a23e-4cc1-bebf-2cad20f6bee2,Jennifer,Cook,1955-09-19,jennifer.cook281@aol.com,(302) 998-9055,"34414 Hunter Islands, North Ginamouth, MO 95449",2024-10-25T09:18:16.079421,2025-09-03T18:50:16.079425
1f11aa57-b4c9-4c92-a72e-81352a9e9fa0,Ronnie,Lee,2007-03-02,ronnie.lee205@hotmail.com,(607) 521-2347,"0272 Mcclain Plain Suite 760, Annettemouth, OH 70740",2025-04-04T05:46:16.079753,2025-09-16T01:35:16.079756
319362c9-dfab-4d5e-b09b-8c41cd2adede,Daniel,Jennings,1984-03-11,daniel.jennings898@hotmail.com,(707) 784-4677,"40568 Ashley Loaf, New Darryl, WY 99006",2025-03-14T09:22:16.080060,2025-09-15T14:13:16.080064
6e0a8ee7-2f7f-49ff-bf93-a34454c3692d,Michele,Edwards,1940-03-01,michele.edwards792@gmail.com,(803) 889-9096,"1735 Gallegos Hollow Apt. 842, West Kristenborough, PW 12638",2025-07-06T14:40:16.080405,2025-09-10T07:19:16.080408
c64b2d65-54ca-4bee-850b-bf7fa6f2e079,Katie,Lloyd,1950-06-02,katie.lloyd379@aol.com,(952) 900-8506,"57845 Kayla Courts, East Jenny, NH 51302",2025-03-20T19:16:16.080718,2025-08-18T19:13:16.080722
1049f9d9-881e-4b1e-b153-a5ddac3bd0bb,Aaron,Randolph,2002-09-22,aaron.randolph260@aol.com,(860) 834-7241,"7018 Johnson Trace, Danielleborough, MD 26788",2025-07-08T06:51:16.081045,2025-09-08T13:50:16.081049
523b456b-8030-4ace-9a67-875814ed2faa,Dustin,Patel,1944-05-18,dustin.patel766@outlook.com,(669) 640-5635,"2241 Susan Points, East Amyside, MD 36028",2025-06-14T10:55:16.081359,2025-09-11T09:56:16.081363
ac9c98d8-fe93-43c0-bb07-523622689252,Tony,Brock,1947-05-28,tony.brock168@aol.com,(813) 646-2900,"14958 Williams Burgs, Bergerton, CT 50780",2025-06-23T15:26:16.081713,2025-08-23T06:22:16.081717
e15f6429-8d95-4f41-9bb3-d38e3c515f34,Brandon,Myers,1979-12-06,brandon.myers995@aol.com,(203) 738-3958,"545 Jennifer Skyway Apt. 792, Port Leahmouth, CT 60215",2024-09-20T17:28:16.082029,2025-09-03T18:41:16.082033
910e8f59-d4a8-4d1d-be79-6ee741c71de3,Melinda,Mckinney,2007-04-08,melinda.mckinney994@outlook.com,(231) 871-8423,"32945 White Shores Suite 577, North Thomasstad, NJ 60956",2025-06-19T07:09:16.082372,2025-08-22T02:53:16.082376
4455a34e-958b-488d-a562-fead535f5157,Douglas,Bailey,2005-06-09,douglas.bailey167@aol.com,(715) 998-7592,"161 Hawkins Cliffs, Amandafurt, OR 54691",2025-01-11T00:02:16.082691,2025-09-05T23:41:16.082695
4ed4a305-1b21-44e8-9e29-96ad79a5d689,Marc,Kelley,1934-12-08,marc.kelley434@outlook.com,(308) 974-7922,"53966 Stephens Freeway Apt. 197, New Caitlinmouth, OH 13300",2025-01-22T01:53:16.083021,2025-08-19T23:39:16.083025
402e1157-29c4-49f6-9d29-e5ebea9230bb,Casey,Blanchard,1988-07-24,casey.blanchard701@gmail.com,(603) 454-9570,"965 Newman Circle, East Lisashire, MH 99458",2025-07-21T15:16:16.083355,2025-09-04T09:08:16.083359
0a5761b6-8634-4e77-8669-520c6a43fdbd,Peter,Guerrero,1984-03-11,peter.guerrero47@outlook.com,(303) 626-5876,"9973 Erin Island Suite 946, Veronicashire, AL 80650",2024-12-19T14:58:16.083664,2025-09-06T11:58:16.083668
b9c23ee6-be10-433a-9505-bd4e57d0e8c7,Sarah,Phelps,1985-10-28,sarah.phelps489@gmail.com,(806) 908-7637,"008 Rodriguez Haven Apt. 369, Garrettfurt, MO 50513",2025-09-09T16:46:16.084021,2025-08-22T14:45:16.084025
51cd0317-87c5-4363-838a-c57234c9e119,Kimberly,Bates,1945-11-10,kimberly.bates149@outlook.com,(512) 646-9824,"86562 Bright Skyway, East Alexander, SD 02559",2025-03-02T13:37:16.084350,2025-09-18T11:18:16.084354
fc35dc9c-80d2-45d4-980c-f806426db2b0,Nathan,Tucker,1952-03-08,nathan.tucker869@outlook.com,(850) 954-5764,"26796 Shawn Manors, Cruzbury, HI 56176",2024-10-22T01:02:16.084675,2025-09-03T11:27:16.084678
2f4eda0a-5bb4-4a2a-b645-9590c3167b1e,Kenneth,Bradford,1963-02-17,kenneth.bradford715@yahoo.com,(773) 221-3643,"8950 Ashley Squares Suite 197, East Jessicahaven, PR 98881",2024-10-08T18:11:16.084987,2025-09-06T23:07:16.084991
8c91da4e-f570-460d-9768-488412554f1a,Julie,Miller,1986-11-14,julie.miller213@aol.com,(571) 907-2412,"71894 Rebecca Place, South Shawnfort, OK 96683",2025-01-04T13:07:16.085304,2025-09-16T04:31:16.085311
6f2aae88-2809-453b-bc6f-05faa09edf82,Jennifer,Yu,1992-11-14,jennifer.yu233@hotmail.com,(330) 775-4671,"09494 Crystal Prairie Apt. 904, West Toddberg, NY 10575",2024-11-09T19:08:16.085925,2025-08-22T11:06:16.085930
b0efcceb-c07f-4495-93a5-98cfa4c1e367,Darlene,Gilbert,1936-09-19,darlene.gilbert520@hotmail.com,(316) 371-2934,"19292 Wood Extensions Suite 372, West Traceyberg, PA 20705",2025-01-19T04:40:16.086389,2025-09-02T09:53:16.086394
28dc05b2-82f8-4ccb-bbae-e547d572f20a,Nicole,Gutierrez,1973-03-25,nicole.gutierrez733@outlook.com,(743) 569-5021,"723 Brown Greens, North Garyfurt, NJ 40001",2024-12-28T12:53:16.086795,2025-09-08T04:33:16.086799
aed96b46-8cc7-4307-a2ee-fb1ec86616dc,Nichole,Goodwin,1986-02-18,nichole.goodwin63@aol.com,(718) 977-1607,"6742 Smith Union, Reyesmouth, NC 90006",2025-04-11T03:58:16.087155,2025-08-23T06:01:16.087159
0ab8c124-325f-41a5-be2d-9393b4cf27dd,Brent,Schmidt,1939-12-02,brent.schmidt943@hotmail.com,(380) 917-7618,"454 Lang Glens Suite 739, New Matthew, UT 24083",2025-07-15T22:24:16.087494,2025-09-09T08:53:16.087498
3354ddbc-5814-4605-868d-8dfd161c131e,Kimberly,Chambers,1941-12-31,kimberly.chambers320@gmail.com,(901) 548-3621,"1817 Robinson Haven, Jamestown, RI 12551",2025-04-18T20:11:16.087818,2025-09-18T00:37:16.087822
13da31db-fe60-4cfb-a2ce-66d85ec5bdc3,Todd,Douglas,1976-12-07,todd.douglas580@yahoo.com,(910) 809-4831,"119 Nicholas Track, North Heather, KS 39110",2025-02-20T12:53:16.088124,2025-09-17T01:02:16.088128
ec45c970-5038-48a5-b50a-984c13dcea83,Mary,Jones,1991-01-27,mary.jones220@outlook.com,(785) 279-7050,"5421 Waters Light Suite 504, Gregoryland, NM 26803",2025-01-27T10:13:16.088449,2025-09-01T22:51:16.088453
68515ce8-7496-4468-a47a-28652c7cf731,Cassandra,Vasquez,1980-02-09,cassandra.vasquez485@yahoo.com,(219) 964-3569,"91741 Charles Ports Suite 707, Lake Danielle, AZ 87612",2025-07-07T10:08:16.088751,2025-08-31T01:55:16.088755
8fbc1862-6639-49fc-98f4-0cb1aa678a60,Deborah,Graves,1968-05-10,deborah.graves221@outlook.com,(423) 957-9008,"776 Anthony Tunnel, New Jeremiahfurt, UT 63686",2025-02-01T10:03:16.089066,2025-08-26T04:53:16.089070
673ae832-788b-4a74-908e-f549dfd9858f,Keith,Donovan,1955-03-22,keith.donovan239@hotmail.com,(719) 547-9863,"460 Michael Walk Suite 174, East Angela, MS 87104",2024-11-27T13:22:16.089363,2025-09-02T08:10:16.089367
ef44ebef-4d49-4f23-aee5-0d3f6cfd9296,Edwin,Price,1947-01-24,edwin.price919@gmail.com,(212) 323-9713,"1732 James Stravenue Apt. 761, Victormouth, AK 05356",2025-09-05T22:38:16.089654,2025-09-06T06:53:16.089657
b4acc33f-11ae-474a-9a1c-714245ad8d15,Amy,French,1993-08-07,amy.french555@gmail.com,(410) 492-3359,"38782 Sandy Camp Apt. 707, East Jacquelineberg, AL 23078",2025-04-06T06:34:16.089938,2025-08-19T11:55:16.089941
44cc41c4-c9e8-4561-900b-741b8bb2ba11,Tanner,Hoover,1982-05-30,tanner.hoover771@gmail.com,(973) 800-4874,"291 Danny Ranch Apt. 136, Lisafurt, MD 16334",2024-12-07T18:08:16.090249,2025-09-14T05:22:16.090253
9b73c6aa-6925-4920-b86c-ecfb44bbe01a,Frank,Oconnell,1955-02-20,frank.oconnell86@yahoo.com,(858) 408-3332,"251 Joshua Throughway, Jacksonstad, OH 22128",2024-11-16T06:05:16.090557,2025-08-28T02:36:16.090562
bcbb1ce6-08dc-40fa-bd63-c34674ebf09e,Dana,Perkins,1979-12-05,dana.perkins861@yahoo.com,(864) 488-1745,"962 Nichole Common, North Harryland, VT 85927",2024-10-28T06:10:16.090834,2025-08-27T00:41:16.090838
a9ed7047-5670-425e-bf92-766092e90b7d,Jennifer,Aguirre,1975-10-27,jennifer.aguirre330@outlook.com,(636) 415-8533,"24876 Sharon Ridge, New Hectorfort, RI 12038",2025-08-09T21:57:16.091113,2025-08-20T17:30:16.091117
12a254b4-3d2f-4512-bc5f-693d70d2b844,Hannah,Smith,1992-03-30,hannah.smith996@yahoo.com,(706) 815-6864,"81958 Steven Road, West Brian, DE 20059",2025-08-02T19:18:16.091388,2025-09-08T16:44:16.091392
29ffba19-dc08-4f49-9b9a-82dd3f26ff64,Kathleen,Moore,1978-01-21,kathleen.moore991@gmail.com,(678) 237-5599,"543 King Ridges, Williamston, ND 23554",2024-10-03T19:22:16.091701,2025-09-13T12:21:16.091705
3ff5daa9-139c-4b53-b20d-b91861e4d26e,Richard,Washington,1991-08-25,richard.washington131@gmail.com,(534) 783-4734,"79956 Julie Islands, Port Daniel, IN 13354",2025-04-06T01:04:16.091975,2025-09-05T06:51:16.091979
6330685c-ba2d-45c7-acac-1719653a57a7,Oscar,Kane,1941-02-13,oscar.kane508@outlook.com,(678) 729-1712,"79706 Javier Ridge, Thompsonstad, DC 60497",2025-06-26T04:39:16.092273,2025-09-15T18:18:16.092277
e525ca80-65a3-4880-a8d6-6d95fac64c65,Mark,Cantrell,1995-09-12,mark.cantrell492@yahoo.com,(770) 224-6477,"09042 Melissa Mount Suite 253, Cassandraburgh, OK 72951",2025-08-18T13:34:16.092560,2025-09-07T16:54:16.092564
9c2571de-29f2-4848-a365-71dfd4bc4517,Brandon,Vincent,1991-08-27,brandon.vincent942@outlook.com,(779) 256-5939,"774 Jessica Street, East Mark, OR 29652",2024-11-04T19:52:16.092828,2025-09-07T18:15:16.092832
2f6f305b-5c6b-44f9-912b-45bea9776a36,Thomas,Villanueva,2004-02-04,thomas.villanueva530@outlook.com,(623) 801-4153,"78068 Mendoza Union, South Tylerland, OH 99208",2025-07-15T05:21:16.093123,2025-09-04T22:17:16.093127
b0aeafc5-05e0-4498-8654-151319f50c1d,Michael,Russell,1962-04-28,michael.russell598@yahoo.com,(915) 994-3385,"4310 Caldwell Estates, Hodgeshire, AK 60117",2025-06-07T12:37:16.093433,2025-09-11T17:28:16.093436
bdf1fb0a-0c1d-485d-b3e7-383e4845bfbb,Patricia,Sawyer,1947-12-05,patricia.sawyer710@outlook.com,(626) 792-6499,"7016 Schmidt Hill, Mullinsside, OK 27652",2025-03-10T08:33:16.093743,2025-09-13T14:35:16.093747
50089efd-6faa-4cc6-a266-44fa5202a941,Marc,Rogers,2006-08-17,marc.rogers367@gmail.com,(218) 768-2887,"16579 Michael Extensions Apt. 832, Johnville, SD 63218",2025-06-20T06:00:16.094022,2025-09-15T14:05:16.094026
ea32952b-2534-47c3-97ff-cd5c353f0ed0,Paul,Hodges,1990-03-17,paul.hodges671@hotmail.com,(319) 546-4444,"8640 Nathan Mission Suite 881, Mckinneyside, MH 38808",2025-03-08T16:35:16.094330,2025-09-07T19:31:16.094334
1be94c0b-14df-4ce7-b461-fcb2e325711a,Lisa,Marsh,1976-09-07,lisa.marsh782@gmail.com,(956) 393-9773,"1162 Mullen Club, East Joshuaberg, NM 20227",2025-03-03T18:10:16.094627,2025-09-02T03:27:16.094630
20cef89c-0efe-4480-9d63-b06cec0dfce5,Joseph,Burton,1941-02-14,joseph.burton184@hotmail.com,(617) 929-7125,"827 Fisher Street Apt. 431, Port Lauriehaven, SD 44525",2025-03-08T20:48:16.094923,2025-08-20T03:42:16.094927
85e32dc7-38fc-40be-b826-8483b95d1a7c,Lauren,Rios,1937-08-28,lauren.rios138@hotmail.com,(304) 502-8282,"887 Torres Curve Suite 243, Watsonport, WI 06703",2025-08-11T03:01:16.095241,2025-09-16T05:05:16.095244
c7450753-207c-415c-b0c0-cf7c84dbfc00,Harry,Bryant,1943-01-20,harry.bryant560@yahoo.com,(301) 483-4731,"842 Mary Square, East John, AZ 42001",2024-12-14T06:58:16.095510,2025-08-25T05:40:16.095514
05d79b78-c2e2-4fe6-b0a8-d18cc4fcb476,Jeremiah,Wood,1963-03-12,jeremiah.wood969@yahoo.com,(731) 793-1194,"552 West Estates, Davidtown, MO 65960",2025-06-14T01:09:16.095799,2025-08-18T16:32:16.095803
3cf72523-8396-4381-bfef-825ddf4d1dad,Travis,Reilly,1981-02-17,travis.reilly461@yahoo.com,(929) 230-7139,"885 Wells Highway, Port Annette, PW 58448",2024-12-02T12:59:16.096094,2025-09-14T10:37:16.096098
0ba04407-64be-44e2-bcd2-a427791d9b22,Melissa,Dennis,1934-11-23,melissa.dennis819@gmail.com,(979) 822-7404,"814 Richard Ville, South Michael, MD 07714",2024-09-30T19:27:16.096367,2025-09-18T09:46:16.096370
88804412-7b6b-4449-bc99-ac5093ee16d8,Kevin,Walker,1999-03-12,kevin.walker291@hotmail.com,(458) 438-5769,"18718 Lee Island, Lake Michaelberg, VT 56552",2025-06-05T05:31:16.096666,2025-08-22T16:16:16.096669
27bf9ccb-0e5e-4fbf-8279-81a6fc16642b,Jasmin,Smith,1947-07-19,jasmin.smith619@hotmail.com,(941) 517-4325,"7813 Figueroa Mall Suite 426, Taylorshire, PA 11783",2025-04-23T18:02:16.096988,2025-08-20T00:36:16.096991
5d7a6ee2-49eb-45e8-8dac-76a15c7d76d7,Daniel,Wells,1969-03-16,daniel.wells628@aol.com,(414) 625-5081,"96106 Perry Point Suite 923, Port Patrick, OH 64803",2025-08-14T16:12:16.097286,2025-08-26T08:00:16.097289
845a0673-119b-4b0e-a386-e023e5e9da6b,Rodney,Turner,1944-03-12,rodney.turner781@aol.com,(925) 324-7041,"8730 Eric Hills Suite 146, South Rebecca, SD 32580",2025-08-30T14:42:16.097560,2025-09-14T16:00:16.097563
b010f5c1-cf23-4879-b0d1-2938bf9cda8a,Bryan,Ramirez,1990-04-13,bryan.ramirez687@gmail.com,(810) 696-8558,"796 Burton Mountains Apt. 589, Port Jordanshire, AR 19655",2025-08-09T17:10:16.097858,2025-09-17T17:41:16.097862
31131021-9f69-4534-8706-dd6df0af18f3,Julia,Steele,1988-02-15,julia.steele367@hotmail.com,(417) 421-1564,"45650 Carter Route, New Jamesburgh, WV 12888",2025-03-09T07:59:16.098158,2025-09-11T03:00:16.098162
23a31dac-4bd2-46dc-ae80-32dced1f50bb,Joshua,Brennan,1977-06-20,joshua.brennan94@hotmail.com,(210) 631-1457,"518 Morrow Bridge Apt. 845, Jenkinsburgh, CT 29058",2024-12-04T18:46:16.098475,2025-08-30T07:59:16.098479
cee1f536-7197-473a-b611-79ce0b98f3cc,Jonathan,Decker,1938-03-22,jonathan.decker962@aol.com,(765) 323-4807,"7112 Timothy Inlet, Donmouth, FM 78836",2024-11-15T23:52:16.098745,2025-08-26T21:08:16.098748
2d84a482-6bea-49da-accb-c2c6696d0564,Carrie,Torres,1935-07-16,carrie.torres258@gmail.com,(310) 814-6314,"23423 Tina Manors, North Andrewfort, WV 57025",2025-03-06T22:18:16.099022,2025-08-26T07:26:16.099025
377a553b-fd5a-4a0a-81c5-3571ffe9e140,Craig,Johnson,2006-05-27,craig.johnson22@aol.com,(334) 516-4873,"1401 Contreras Throughway, Port Davidborough, OR 26718",2025-04-29T04:17:16.099317,2025-08-24T13:25:16.099320
232d5f3f-31b7-4226-9c02-964ae90da3aa,Michael,Johnson,1953-11-09,michael.johnson833@yahoo.com,(575) 968-1388,"552 William Cliff Apt. 908, Lake James, LA 23015",2025-08-15T23:54:16.099594,2025-08-19T08:55:16.099597
aeccc88a-93de-460c-ad68-8e59f295589b,William,Garcia,1989-06-15,william.garcia129@yahoo.com,(308) 377-9992,"9271 Mary Light Suite 383, Rodriguezmouth, DE 61567",2025-05-01T23:53:16.099891,2025-08-19T03:33:16.099894
5be1b819-177e-4086-ae24-265536d4a875,Joseph,Simpson,1959-07-12,joseph.simpson483@hotmail.com,(775) 632-9278,"015 Wilson Haven Suite 947, New Richard, PR 56594",2025-04-15T00:40:16.100193,2025-09-05T21:20:16.100197
fffa92c3-17af-4c4f-ae77-94aebd896765,Scott,Jacobson,1946-09-02,scott.jacobson342@outlook.com,(347) 932-8688,"07167 David Locks Suite 912, West Theresamouth, ID 78483",2025-02-21T13:00:16.100494,2025-09-15T01:59:16.100497
94b51cbf-23ea-4d8c-8e0d-b540c22bf5e0,Barbara,Massey,1935-07-20,barbara.massey199@outlook.com,(773) 461-6711,"994 Kelly Shores Suite 784, Port Shawn, DE 33359",2024-10-23T10:42:16.100798,2025-08-30T00:15:16.100802
b0018502-d2c6-421b-bb00-0cdc8e7a940c,Kathleen,Fuller,1989-05-20,kathleen.fuller254@yahoo.com,(979) 792-3644,"01702 Jacobs Islands, West Christy, CT 10530",2024-10-16T02:21:16.101090,2025-09-08T15:32:16.101094
42c34d6d-02cd-4844-a318-bde7b584e184,Rebecca,Harris,1996-08-01,rebecca.harris652@outlook.com,(940) 995-6642,"485 Stephanie Bypass Suite 167, Melissamouth, NH 05217",2025-02-10T09:47:16.101459,2025-09-07T09:13:16.101466
54ca3c70-06b6-4e08-9002-57891e65ceda,Christopher,Hopkins,1990-06-18,christopher.hopkins499@hotmail.com,(423) 714-2806,"6246 Gallagher Port, Kellerside, OK 62081",2025-07-17T06:54:16.101810,2025-09-08T14:21:16.101817
d828f483-14f8-4109-ac5e-93f4172d41b3,Kristina,Moore,1977-01-29,kristina.moore497@gmail.com,(314) 209-2000,"7969 Miranda Haven Suite 009, East Marystad, AS 97763",2025-03-30T03:15:16.102203,2025-08-21T04:38:16.102207
55cc7010-77f8-4d3b-a444-fc65585b1191,Preston,Garrett,1977-03-30,preston.garrett682@outlook.com,(724) 587-1937,"5565 Donna Gateway, Lake Larry, CO 90677",2025-05-14T03:30:16.102500,2025-08-29T17:16:16.102504
00c406b4-e96e-4d27-a4e7-43f41765dec8,Sean,Wilson,1947-01-18,sean.wilson424@yahoo.com,(430) 203-6278,"507 Bradley Manor, Andrewfort, OR 03415",2025-07-28T15:34:16.102816,2025-09-08T19:46:16.102820
ebeec04e-b240-4815-a7fa-ccb21326fefa,Jamie,Myers,1989-01-04,jamie.myers898@aol.com,(938) 933-9267,"1357 Jackson Hills, Taraborough, NM 83789",2025-08-04T11:31:16.103114,2025-08-27T14:48:16.103118
48d3ac75-4f8b-4d38-8a91-1d5fc5d71728,Ryan,Herrera,1966-03-21,ryan.herrera785@hotmail.com,(570) 425-5220,"49639 Jennifer Prairie Apt. 954, New Lauriefort, NE 27991",2025-03-06T18:17:16.103403,2025-08-23T21:04:16.103407
87818ce9-045c-4e37-9ccf-b5d198ec32b7,Rebecca,Pearson,1952-06-09,rebecca.pearson229@hotmail.com,(534) 318-5767,"8536 King Passage Suite 820, New Victor, TN 97783",2025-03-04T01:38:16.103715,2025-08-25T03:07:16.103718
719e122a-9718-4f86-a023-50778616d31c,Debra,Little,1991-01-04,debra.little680@aol.com,(979) 804-4639,"083 Ford Garden Apt. 466, Michelleland, SC 27181",2025-04-30T16:22:16.104020,2025-09-02T18:05:16.104024
7b6dbc5b-45f9-43b3-8b15-daf0823a9b94,Debra,Mitchell,1980-01-20,debra.mitchell299@yahoo.com,(706) 260-6458,"936 Daniel Fields Apt. 347, Castrochester, NE 85294",2024-12-12T02:37:16.104330,2025-09-04T17:28:16.104333
30b8365d-d95c-494a-83ac-e250fa2cca4b,Dakota,Nelson,1963-03-18,dakota.nelson401@gmail.com,(270) 740-5637,"8207 Brian Corner Suite 941, Mosleyland, MO 95427",2024-09-26T23:40:16.104634,2025-08-21T10:45:16.104637
c918f2e0-c216-430e-9f94-012218334dc3,David,Duncan,1980-06-21,david.duncan753@aol.com,(206) 570-2670,"984 Wilkerson Freeway, Port Lindsaymouth, MP 77089",2025-07-03T18:12:16.104930,2025-09-06T07:56:16.104933
5ce72346-0234-4d1e-b31a-597f69cf8e7b,Renee,Manning,1992-05-26,renee.manning407@outlook.com,(845) 509-3826,"12347 King Radial, South Amandaville, MD 72032",2025-01-10T18:16:16.105229,2025-08-19T22:44:16.105232
f24b18ed-1673-487c-8d4c-83bf4c565239,Karen,Sanchez,2004-11-27,karen.sanchez587@hotmail.com,(940) 691-5484,"7540 Mckenzie Shore, Lake Samanthabury, KS 72948",2024-12-17T22:27:16.105506,2025-09-15T22:05:16.105510
ec52d917-e497-45bb-af0f-9c6d6c4387cc,Ellen,Mullen,1938-10-10,ellen.mullen839@hotmail.com,(334) 971-4399,"376 Renee Lock, Kevinbury, ME 28076",2025-07-16T22:39:16.105784,2025-09-06T21:48:16.105787
9c5a2450-b1f3-4948-a954-3a182cfb19fb,Thomas,Welch,1952-11-04,thomas.welch1@outlook.com,(517) 507-1756,"1776 Love Wells, Port Ethanview, NY 09199",2025-08-31T08:49:16.106087,2025-09-09T08:50:16.106091
a379e6e2-813a-4fb0-89ab-7b9d6b1b8fc6,Jennifer,Daniel,1937-06-22,jennifer.daniel606@aol.com,(667) 484-3105,"0027 Aaron Flats Suite 591, East Johnberg, PR 78359",2024-10-28T16:17:16.106378,2025-09-11T16:35:16.106382
04491bf1-48dc-4801-b4d6-d65180596f5a,Rebecca,Flores,1934-11-09,rebecca.flores664@outlook.com,(864) 819-3687,"2954 Christopher Land, South Nancy, MP 75263",2025-04-01T06:49:16.106651,2025-08-22T07:41:16.106654
1dc0c8c0-eb8d-43d8-bc35-009ba31da7bc,Alex,Johnson,2006-08-04,alex.johnson387@aol.com,(484) 587-2720,"73420 Williamson Rapid, Edwardstad, GA 74850",2025-03-03T09:36:16.106944,2025-08-23T15:15:16.106947
54c21256-dace-4590-89b9-49f4802e669d,Adrian,Fox,1939-01-01,adrian.fox609@outlook.com,(727) 688-3090,"33344 Reyes Meadows Apt. 934, South Henry, WY 19630",2025-02-06T03:07:16.107245,2025-09-03T22:40:16.107248
5c6e10cb-4448-4406-bd3d-f41d3b63c7e8,Dylan,Green,1972-02-25,dylan.green534@aol.com,(504) 512-2424,"59710 Anderson Islands Suite 366, Charlesside, AR 07331",2024-10-06T21:59:16.107542,2025-08-26T10:28:16.107545
12c8352d-11b6-49b2-a95d-cc5e8bb86a20,Tara,Ruiz,1944-01-19,tara.ruiz702@hotmail.com,(909) 914-3042,"48964 Lambert Curve, New Harryburgh, NY 65098",2025-05-26T09:54:16.107837,2025-09-07T10:26:16.107841
8bea085c-a544-47e7-bf22-2e593c759829,Sherry,Anderson,1962-09-08,sherry.anderson433@hotmail.com,(850) 588-3793,"41502 Savage Village Suite 564, Chloeview, NC 41527",2024-10-23T22:06:16.108146,2025-08-21T12:59:16.108150
693a2bd9-8654-47be-8f95-c849f3acb52f,Stephanie,Stewart,1947-11-26,stephanie.stewart869@outlook.com,(843) 258-6828,"703 Brian Falls, South Jorgemouth, NE 15708",2025-01-12T14:49:16.108422,2025-08-24T17:42:16.108425
488f7ab7-c549-4e5d-8b10-1d99cbd43b55,Amanda,Kelly,1979-02-02,amanda.kelly405@aol.com,(704) 506-6971,"7121 Davis Ways Suite 228, Annashire, IL 76987",2025-07-12T02:32:16.108718,2025-08-26T04:01:16.108722
a70d029a-9f74-4759-8791-84eda176ea5b,Joseph,Duncan,2003-07-04,joseph.duncan683@outlook.com,(442) 690-5354,"71504 Phillip Ramp, Port Marcustown, CO 60824",2025-07-01T03:26:16.108988,2025-09-17T17:43:16.108992
ab04b99a-646f-4fa5-8bf5-3a8fb0a27923,Jordan,Moses,2000-10-12,jordan.moses850@aol.com,(641) 639-1131,"0975 Jason Causeway, Marcuston, WA 09770",2025-01-18T16:08:16.109263,2025-08-24T11:14:16.109266
eedb2dcf-e160-4685-8d5a-a441d310716b,Anna,Scott,1942-12-01,anna.scott186@yahoo.com,(430) 805-3436,"03266 Holland Shoal Apt. 147, Fitzgeraldport, MH 90280",2025-01-16T13:26:16.109584,2025-09-04T18:55:16.109587
8f476de6-db85-4e42-8e25-5c1464bf9174,Ian,Davis,1969-08-07,ian.davis276@hotmail.com,(681) 487-6751,"7674 Davis Manors, Christinachester, SC 56339",2025-03-31T05:51:16.109885,2025-09-14T17:58:16.109888
9ca92c38-ecfd-4e81-9097-c278d4b150eb,Andrew,Peterson,1937-08-05,andrew.peterson340@outlook.com,(669) 959-6920,"278 Kelly Mews, Port Timberg, DC 90195",2025-06-13T08:13:16.110167,2025-09-04T11:54:16.110170
a3c430d1-23ea-48a5-bc92-0025e4200234,Sarah,Mills,1937-11-28,sarah.mills352@hotmail.com,(605) 942-8769,"108 William Loop, South Donnashire, GU 33712",2025-02-07T12:28:16.110463,2025-09-04T21:59:16.110466
99da2004-438f-4555-b9fe-50ea0d7b382d,Dawn,Miller,1943-09-28,dawn.miller171@aol.com,(975) 480-3112,"72260 Robert Squares, Leemouth, WV 88353",2024-11-12T06:45:16.110737,2025-09-13T14:48:16.110741
98360a08-7866-4428-a810-7bc5e3ab6d6d,Loretta,Baker,1979-12-01,loretta.baker714@yahoo.com,(206) 725-8461,"19416 Adam Crescent, East Dianamouth, UT 53597",2025-08-22T18:43:16.111014,2025-08-23T08:24:16.111018
209f03f7-d58f-4a3c-8252-1bb018349ee3,Elizabeth,Li,1993-09-26,elizabeth.li665@aol.com,(650) 847-7047,"641 Derek Field Apt. 030, South Deborah, SD 32191",2024-12-16T17:03:16.111293,2025-08-24T20:52:16.111297
5883fdd0-6f91-422f-9133-0abfb5b6af5d,Sarah,Garrison,1958-11-05,sarah.garrison264@aol.com,(980) 764-4377,"47276 Darren Drives, Maynardfort, AK 59419",2024-11-30T23:12:16.111587,2025-09-12T18:40:16.111590
7300a2f3-0375-40a6-995c-0a82940730fc,Dakota,Hudson,2005-04-18,dakota.hudson167@outlook.com,(415) 603-4077,"0166 Mclaughlin Ranch, Benjaminfurt, NM 67787",2024-10-24T13:50:16.111882,2025-09-11T12:41:16.111885
ba6d434b-9671-4167-8275-1be227c97612,Crystal,Brown,1988-11-10,crystal.brown615@gmail.com,(208) 209-2742,"581 Orozco Mall Suite 179, Shanechester, AK 21647",2024-10-31T21:51:16.112194,2025-09-18T13:52:16.112198
da66a473-0d9e-4f8a-8389-63a123213a3d,Molly,Harrison,1938-05-12,molly.harrison106@outlook.com,(864) 625-3323,"395 Anderson Hill, Moyerstad, WY 62409",2025-03-20T12:19:16.112515,2025-09-08T11:35:16.112519
45c951c6-185c-4df2-ab11-16a70565180c,Marco,Campbell,1997-09-03,marco.campbell620@gmail.com,(386) 382-8022,"23297 Laura Park Suite 338, North Michaelview, MI 89227",2025-08-10T14:03:16.112797,2025-08-20T10:09:16.112801
3851d625-2194-45e7-aae7-1d7019999f3c,Christopher,Villarreal,1989-04-17,christopher.villarreal152@aol.com,(716) 657-8838,"56193 Anna Oval, Victoriastad, WI 06618",2025-07-09T18:00:16.113067,2025-09-11T02:32:16.113071
64565f9e-ec1a-4ace-b85a-006bdb95ab19,Stephanie,Castaneda,1937-01-29,stephanie.castaneda552@aol.com,(910) 704-9724,"077 Theresa Tunnel, Port Annahaven, CT 22396",2025-07-24T13:00:16.113344,2025-09-07T03:04:16.113348
e7617189-2b55-439e-bc7d-14683b37cd5f,Seth,Bartlett,1990-04-30,seth.bartlett472@yahoo.com,(361) 764-7898,"787 Eric Lakes Suite 213, Montestown, IA 62585",2025-06-30T14:49:16.113647,2025-09-07T10:53:16.113650
8f76c606-9e35-453f-8f41-b0e05fa671d8,Donna,Jackson,1976-08-22,donna.jackson13@hotmail.com,(937) 626-3452,"653 Karen Pines Suite 326, Hardinmouth, PR 68154",2024-11-13T09:26:16.113946,2025-09-13T14:33:16.113949
75ab963a-e97f-4804-ab12-a51b11a45bf7,Terri,Ramos,1952-10-23,terri.ramos971@gmail.com,(803) 767-5227,"55626 Phillip Camp, New Brian, SC 94003",2024-12-05T19:05:16.114229,2025-09-15T16:29:16.114233
a410938d-2973-4d0d-a03d-ae30d3699824,Jennifer,Blackwell,1946-05-01,jennifer.blackwell669@aol.com,(731) 589-3700,"550 Mccullough Ridge Apt. 673, Terryfurt, WI 26360",2024-12-10T08:18:16.114555,2025-08-20T13:43:16.114559
f28b2bbb-d5aa-42be-8de1-e544800d9393,Angela,Medina,1973-08-19,angela.medina584@outlook.com,(935) 245-8926,"843 William Inlet, Katherineburgh, AK 04156",2025-01-04T11:26:16.114827,2025-08-24T10:57:16.114831
d3e14731-12bc-4779-8158-8814b7cae9fe,Daisy,Schroeder,1959-02-03,daisy.schroeder601@outlook.com,(225) 497-3641,"054 Martinez Throughway, South Kennethtown, NH 44931",2025-03-28T00:08:16.115123,2025-09-14T04:40:16.115127
b09c3238-7e09-410c-b848-e94c452cb0e4,Robert,Zhang,1960-11-19,robert.zhang877@aol.com,(769) 240-7350,"4492 Stone Gateway, West Zacharyborough, GU 47853",2025-04-20T09:54:16.115421,2025-09-09T20:35:16.115425
42dcd299-e25c-4dd9-8819-126ec0c43529,Annette,Dawson,1962-08-20,annette.dawson73@outlook.com,(417) 927-8548,"06273 Miller Springs, Chapmanhaven, WI 52245",2025-02-05T03:26:16.115735,2025-08-21T19:38:16.115738
175230ff-27dc-4fb3-8bc8-0ec812d26e49,Lauren,Fields,1960-08-23,lauren.fields699@outlook.com,(740) 718-8374,"622 Todd Mount Apt. 881, South Thomas, WA 21058",2025-08-12T07:34:16.116013,2025-08-22T00:16:16.116016
402b5244-4aa0-48ef-801a-5da5c32dc816,Tammy,Wilson,1996-03-31,tammy.wilson478@outlook.com,(813) 857-9767,"59408 David Inlet, Kevinfort, AK 19227",2025-01-29T13:24:16.116291,2025-09-13T23:49:16.116294
38500518-e444-4996-b2b0-dde9ab1ec622,Richard,Fisher,1980-04-19,richard.fisher582@hotmail.com,(219) 815-7230,"27018 Jones Cape Suite 794, Mcculloughfurt, NJ 94877",2025-04-18T16:30:16.116608,2025-08-22T01:25:16.116611
31e59233-618f-4d53-8d8a-850dc3137dbc,Philip,Wagner,1979-10-23,philip.wagner915@outlook.com,(534) 388-1880,"725 Lauren Shores Suite 636, Ambermouth, WA 36857",2024-11-17T08:54:16.116883,2025-08-25T17:21:16.116887
26811faa-d036-45cd-874a-4d841eeb1fe1,Sean,Mann,1989-04-15,sean.mann681@aol.com,(615) 214-3465,"181 Stephanie Plains Apt. 983, Shawtown, DE 86779",2025-05-29T15:46:16.117180,2025-09-04T16:24:16.117184
a80d5440-a9be-42b7-a875-748d7338d088,Victor,Hill,1985-11-25,victor.hill387@yahoo.com,(478) 556-4436,"971 Morales Cape, Atkinstown, MA 57781",2024-12-15T01:25:16.117590,2025-08-25T04:51:16.117594
1b8c98bc-259b-4e9e-b6fe-dea7fd4fb94d,Jason,Heath,1985-02-06,jason.heath439@hotmail.com,(704) 381-3664,"1118 Justin Falls Suite 124, Gregoryton, RI 43137",2025-02-20T11:27:16.117896,2025-08-25T18:59:16.117900
066fe96e-c872-4e20-a309-c3d5fff37900,Alexander,Brown,1938-08-20,alexander.brown649@outlook.com,(781) 715-1534,"2654 David Crest, East Johnshire, IA 65116",2025-09-15T03:08:16.118198,2025-09-10T22:40:16.118201
4858de24-e966-43ff-8b0f-251f4f43a063,Tiffany,Adams,1972-10-29,tiffany.adams271@hotmail.com,(608) 624-4957,"617 Rick Fort Apt. 489, East Kathrynberg, ME 74982",2024-11-06T18:33:16.118483,2025-08-23T13:07:16.118486
bc7363a3-19e3-4a23-9842-f92a393ac606,Jill,Mathis,1953-08-02,jill.mathis962@aol.com,(716) 945-3846,"58238 Ali Point, Williamsmouth, MP 81861",2025-09-05T01:58:16.118813,2025-08-28T20:49:16.118816
ac7bc2a5-3f13-4259-b33f-60386c1feae6,Marissa,Jackson,2003-11-12,marissa.jackson725@gmail.com,(916) 280-7265,"9465 Brenda Pass Suite 028, West Christopherville, MP 18805",2025-07-06T18:57:16.119126,2025-08-28T20:03:16.119129
4fca67a5-006f-4325-9d04-77d9e4274aaa,Sherry,Clark,1994-08-01,sherry.clark471@aol.com,(973) 325-2754,"547 Sanchez Islands Suite 379, Allenberg, SD 00769",2025-02-16T02:02:16.119453,2025-09-07T18:00:16.119457
44e2697e-888a-4034-add2-877dcf79b8d9,April,Smith,1950-07-17,april.smith185@yahoo.com,(602) 210-3927,"768 Kristin Run Apt. 807, West Teresafurt, GU 79316",2024-12-26T22:10:16.119735,2025-09-14T08:03:16.119738
23f5f0a6-b0f4-4fc3-99dd-736d7e491279,Jasmine,Combs,1961-08-07,jasmine.combs921@gmail.com,(479) 230-6366,"5370 Julia Trace, Erinstad, ID 12293",2025-06-22T08:15:16.120005,2025-08-21T16:41:16.120009
44f299c9-417a-498e-ab76-e045cef29233,Rhonda,Walker,1957-08-14,rhonda.walker598@outlook.com,(956) 519-3714,"47930 Tracey Route Suite 149, Jacksonborough, TN 97338",2025-08-17T00:48:16.120312,2025-08-21T13:26:16.120315
b081eca7-0367-40e6-bb40-c1bfc7272304,Austin,Anderson,1974-12-05,austin.anderson420@gmail.com,(586) 818-9691,"9384 Melanie Brooks, Erinmouth, AL 56483",2025-06-01T00:22:16.120602,2025-08-24T04:01:16.120606
e6e2aed1-8a1f-4c7a-9f24-97f13e35398f,Scott,Morris,1977-12-17,scott.morris68@outlook.com,(714) 490-4476,"87758 Nicole Fork Apt. 468, Stewartfurt, ID 44371",2025-08-26T06:32:16.120909,2025-09-15T11:30:16.120912
5e12fd47-6232-4ae8-bf7e-3d5d323ccd18,Spencer,Aguirre,1985-11-25,spencer.aguirre335@yahoo.com,(970) 592-4873,"33254 Connie Court Apt. 760, Marybury, CT 62573",2025-02-17T15:39:16.121187,2025-09-10T04:10:16.121191
b8844e8b-837d-4d6a-b66a-0cd72fbbb391,Tyler,Wall,1963-03-14,tyler.wall82@hotmail.com,(928) 993-6131,"99717 Christopher Circle, South Lawrenceland, WY 17217",2025-04-05T16:12:16.121463,2025-09-05T07:48:16.121467
a907e68a-416d-4034-b301-bbcc5bfe7dde,Thomas,Ramos,1996-06-20,thomas.ramos742@hotmail.com,(701) 750-1080,"10804 Morales River Suite 399, South Patrickchester, FM 81793",2025-01-26T11:50:16.121771,2025-09-08T10:10:16.121775
c94bc512-bf2f-4eeb-a074-e391e73dee15,Gerald,Pace,1954-11-14,gerald.pace458@gmail.com,(331) 734-9644,"593 Curtis Ranch Apt. 939, Lake William, MI 55683",2025-08-10T12:27:16.122047,2025-09-17T08:58:16.122051
1effee4f-fec1-4da0-b520-925799471dd2,Misty,Wallace,1980-02-03,misty.wallace839@yahoo.com,(714) 392-8989,"02496 Collins Plains, East Terrance, PA 45445",2025-06-07T02:46:16.122354,2025-09-16T06:31:16.122358
e04456f0-1f37-48ae-b32a-79e5c3e7396a,Jackie,Smith,1985-10-12,jackie.smith315@aol.com,(947) 863-2672,"38806 Gonzalez Flats, Port Casey, ID 88038",2025-02-09T22:37:16.122651,2025-09-17T00:41:16.122655
97442518-191f-431b-850b-192d07da9125,Melissa,Holden,1960-08-15,melissa.holden51@aol.com,(712) 949-7923,"959 Barnes Estates Apt. 707, North Danielle, UT 30683",2025-05-19T12:24:16.122950,2025-09-15T06:44:16.122954
cf3b5521-e23b-45d3-b6fb-661f338e5d1a,Lori,Allen,1956-03-19,lori.allen403@hotmail.com,(314) 425-5395,"62050 Michael Point Apt. 247, Lake Brenda, WV 47675",2025-08-14T09:47:16.123228,2025-09-08T00:49:16.123231
e6b474b5-ee04-4442-b794-e9954bf06bf4,William,Gonzalez,2005-10-17,william.gonzalez486@hotmail.com,(765) 542-1341,"42583 James Fall, Reneetown, MP 89296",2025-05-24T22:26:16.123496,2025-09-13T10:09:16.123500
5a718960-6096-4eff-b870-a10da060c084,James,Cobb,1995-08-06,james.cobb312@gmail.com,(629) 663-9039,"47355 Shelley Union Suite 112, Port Jake, ND 50071",2025-09-08T10:32:16.123774,2025-08-22T07:16:16.123778
b145bf25-6f6a-4dcc-b28f-51134d2a6b42,Emily,Jordan,1989-03-29,emily.jordan510@yahoo.com,(218) 450-8056,"938 Clarke Islands, North Crystal, KY 17076",2024-11-21T01:41:16.124064,2025-09-09T08:56:16.124068
08c5fea4-ffbb-49bf-887c-847d1e4b9d63,Christine,Miller,1940-10-15,christine.miller352@outlook.com,(331) 643-8455,"86857 White Station, Aliciafort, VT 65354",2025-01-29T13:45:16.124364,2025-09-08T20:51:16.124367
47bee31c-be16-4a49-a283-3a95184c811c,Debra,Morales,2001-01-17,debra.morales314@aol.com,(203) 640-6771,"33736 Kevin Lane, Port Neil, OH 11610",2025-08-08T05:44:16.124635,2025-09-16T22:59:16.124638
8cdc991d-51b5-4b04-9124-93ce2110fa08,Paul,Phillips,1962-05-30,paul.phillips832@aol.com,(714) 632-7539,"90789 Simmons Mountain Suite 657, Joshuatown, HI 58393",2025-04-15T12:39:16.124934,2025-08-30T18:29:16.124937
13c5a9d5-e0c8-4cf7-8429-0a0deef084dc,Derek,Jones,1938-07-09,derek.jones385@gmail.com,(773) 298-3270,"881 House Courts Apt. 150, West James, MA 33272",2025-07-08T19:00:16.125232,2025-09-09T07:21:16.125235
6422bb74-330b-4f2d-b26a-e5027485adf9,Natasha,Mack,1942-04-01,natasha.mack131@hotmail.com,(916) 779-5806,"928 Smith Hills, Lynnfurt, MO 76516",2025-04-22T20:28:16.125522,2025-08-27T04:03:16.125525
4f4b124a-aaea-4cc4-80c1-0e6506970860,John,Hunt,2000-07-24,john.hunt759@yahoo.com,(954) 890-9369,"33738 Sharp Mountain Suite 153, Carrillochester, IL 57999",2025-08-15T14:49:16.125839,2025-08-30T11:25:16.125842
e4898bf9-bdaa-4b5d-b967-d12951b0b6cb,Sarah,Johnson,1995-05-23,sarah.johnson210@yahoo.com,(316) 685-1403,"0755 Robert Spur, Farmerside, ME 43240",2025-09-07T09:49:16.126138,2025-08-22T15:16:16.126142
dfdfd0e1-604e-44e6-9047-d37337c0a4a3,Keith,Johnson,1977-07-05,keith.johnson524@yahoo.com,(917) 405-8801,"9999 Baird Ford, Brownfurt, ID 62731",2025-03-03T14:21:16.126449,2025-09-09T13:17:16.126452
6ece0142-0fae-4bec-914e-23c193281f28,Gary,Hayden,1951-09-16,gary.hayden930@hotmail.com,(661) 342-8666,"18209 Johnson Flat, South Justinbury, LA 86952",2024-12-04T04:29:16.126740,2025-08-27T10:41:16.126744
653bcc19-d0ee-426e-9091-f51bb7259ca8,Jesse,Wood,1969-03-15,jesse.wood70@gmail.com,(831) 585-8729,"6621 Amanda Neck, South Stephanieborough, DC 27459",2025-05-23T11:16:16.127018,2025-09-14T22:59:16.127021
93d739cc-a3e9-4f55-bd7f-ca42c227c026,Jessica,Mckinney,1947-04-26,jessica.mckinney779@outlook.com,(505) 990-4876,"949 Wayne Spur, Hilltown, FL 58923",2025-06-21T04:52:16.127313,2025-08-27T00:34:16.127317
cdd7c73e-8bad-4ae0-94df-423f0e8741cc,Roger,Jacobs,1989-11-05,roger.jacobs588@yahoo.com,(928) 404-4206,"777 Jo Heights Suite 546, South John, MH 81468",2025-09-16T03:09:16.127591,2025-09-04T20:24:16.127595
677f9d87-e0f4-4f74-af79-5289c5973ffe,Judith,Bartlett,1998-04-04,judith.bartlett190@yahoo.com,(907) 708-4115,"0324 Estrada Cliff, South Robert, WV 72960",2025-07-29T11:27:16.127884,2025-09-11T13:20:16.127888
97815ac0-cc9a-45e2-8981-c6f962d76f87,Zachary,Jones,1938-04-24,zachary.jones24@gmail.com,(501) 496-5118,"7243 Steven Cliffs Suite 656, South Benjamin, KS 15532",2025-01-20T06:17:16.128168,2025-09-18T13:37:16.128173
1cd2ceb8-eb1b-4209-9f2f-2bff401bba56,Gabriel,Goodman,1954-05-26,gabriel.goodman206@outlook.com,(629) 983-1973,"18372 Hoover Ville Apt. 209, East Kellyside, WA 51730",2025-08-07T21:28:16.128472,2025-08-19T10:41:16.128475
0c67a518-488a-4932-bdcc-3f786a104c00,Billy,Gallagher,2002-08-02,billy.gallagher37@hotmail.com,(856) 719-4690,"5230 Scott Causeway, South Hannahmouth, AR 78908",2025-08-23T02:09:16.128745,2025-09-05T16:50:16.128748
6a00f28a-d5b8-4528-8c67-3b4f4804e4a3,Anthony,Bennett,1951-10-13,anthony.bennett438@yahoo.com,(919) 341-2893,"3310 Johnson Bridge, Loriland, IN 13162",2025-08-26T14:03:16.129037,2025-08-26T07:06:16.129041
8280dd37-0039-4e27-90ca-366906451ca9,Nathaniel,Williams,2000-08-16,nathaniel.williams59@aol.com,(336) 649-3958,"5839 Sarah Locks, Martinezborough, CT 47238",2025-03-20T07:30:16.129326,2025-08-27T05:35:16.129330
1a1a0bba-0bc1-476d-8b23-45a8072f6a0a,Carrie,Morales,1937-05-14,carrie.morales890@hotmail.com,(515) 739-5383,"3731 Santos Land, North Nicolechester, ME 78995",2025-07-08T13:43:16.129620,2025-08-27T00:17:16.129624
a0983e08-a949-46ff-bd8f-f35a14b3dffa,Victoria,Garcia,1949-08-10,victoria.garcia22@aol.com,(857) 234-5428,"1956 Martin Roads, Tiffanyfort, CA 44423",2024-12-20T13:16:16.129894,2025-09-09T13:24:16.129898
c60c73b3-4242-4ccc-b5ea-6ce88750d002,Lee,Richards,1963-09-21,lee.richards932@outlook.com,(985) 972-6508,"903 Christina Crossing, Joelchester, WV 32423",2024-10-06T05:04:16.130203,2025-08-18T21:29:16.130207
eadc39e3-d737-4ab4-8d01-a5cabc5c8aad,Anthony,Brooks,1952-12-17,anthony.brooks737@hotmail.com,(936) 987-9501,"63039 Stevenson Isle, West Lonnie, WY 05692",2025-08-29T19:41:16.130493,2025-09-07T06:16:16.130497
cce18b8c-c8f1-4dd0-94b4-4a8080c1f050,Maria,Roberts,1974-11-01,maria.roberts830@gmail.com,(985) 212-3036,"553 Amber Shores, Port Grace, VA 29657",2024-11-09T21:38:16.130767,2025-08-19T12:30:16.130771
df1f9e09-f530-4c08-9a6e-9e4921dbe3ab,Kelly,White,1984-05-19,kelly.white785@gmail.com,(564) 465-9108,"1302 David Extensions, East William, NE 95526",2025-05-09T06:57:16.131039,2025-08-28T03:24:16.131043
e5269cac-c5e9-4b27-90f5-c3c5a705f945,Emily,Griffith,2001-11-21,emily.griffith241@yahoo.com,(657) 311-2269,"93449 Faulkner Flats Suite 715, Grayfort, NV 55904",2025-02-21T18:35:16.131359,2025-09-03T05:19:16.131363
58dc80cc-0f21-44a5-b8e2-d49454e084c5,Paige,Weiss,2004-07-03,paige.weiss378@outlook.com,(231) 497-3458,"6149 Angela Extensions, Oscarport, NH 37623",2024-10-21T12:54:16.131631,2025-08-19T07:22:16.131634
276f3e8a-516b-467b-a4ba-159f024d1e9d,Kristina,Castillo,1942-12-19,kristina.castillo646@hotmail.com,(918) 951-7849,"732 Adam Wall, Travischester, MO 97781",2025-01-28T04:11:16.131902,2025-09-14T16:43:16.131906
5205ca8a-8f48-406d-92ae-99272f8f1dbc,Janet,Parker,1951-03-12,janet.parker371@aol.com,(301) 560-9284,"0169 James Mews, Kelseystad, NY 93447",2025-04-25T04:38:16.132212,2025-09-15T12:32:16.132216
367dfac0-24bb-4150-9074-70d30db70541,Madison,Richardson,1954-01-21,madison.richardson152@gmail.com,(941) 706-4245,"3370 Mccoy Springs Apt. 249, Blackburnberg, KS 32930",2024-12-21T02:01:16.132534,2025-09-05T03:50:16.132538
65d9ab32-e0db-4023-9789-cb200e329fb7,Adam,Wise,1955-10-15,adam.wise571@outlook.com,(512) 929-5806,"918 Nancy Expressway Suite 448, Willischester, WV 95875",2025-01-16T16:50:16.132837,2025-08-26T09:12:16.132841
20ae8b0f-8d44-4542-8abb-a1b14332e3b6,Brian,Armstrong,1942-08-28,brian.armstrong156@hotmail.com,(205) 807-7060,"3640 Lisa Alley, North Kimchester, NC 55137",2025-08-27T15:02:16.133163,2025-08-26T08:31:16.133167
3b4314eb-e2ff-4c53-8fca-a0bed2a6863b,Morgan,Jackson,1941-05-20,morgan.jackson589@hotmail.com,(612) 301-6690,"237 Wayne Creek, Bradleyborough, HI 26838",2025-06-24T14:20:16.133474,2025-08-21T13:01:16.133477
75e2dd84-7b0e-4aaa-876b-6a8a805f5867,Paul,Lamb,1938-01-08,paul.lamb819@yahoo.com,(435) 206-9001,"7912 Kelly Lane Apt. 415, New Jimmyfort, TX 13714",2025-07-10T06:12:16.133755,2025-08-28T11:36:16.133759
b30cf0be-a943-4149-9339-8993e2ee3e83,Antonio,Walton,1997-06-04,antonio.walton745@gmail.com,(276) 534-3567,"38069 Frederick Mountains, Cassandramouth, MN 89873",2024-10-28T18:58:16.134045,2025-09-11T10:21:16.134049
d7c125b6-f549-43a2-abbc-c65f539d59e2,Yvonne,Montoya,1959-06-15,yvonne.montoya690@hotmail.com,(440) 471-8702,"9055 Aaron Ways Suite 209, Port Alyssabury, MN 59734",2025-06-19T13:32:16.134335,2025-08-27T06:19:16.134339
b7ef2476-1e1e-4337-aede-f1ff7dae571d,Kayla,Keller,1958-11-16,kayla.keller598@gmail.com,(508) 853-6713,"50573 Ross Ridge Apt. 567, Lake Paulborough, VT 19265",2025-02-02T04:43:16.134638,2025-08-28T01:51:16.134641
9d378b49-26df-49ee-9bbb-6edbb476ec9a,Carl,Robles,1985-02-03,carl.robles980@hotmail.com,(616) 876-2860,"71783 Jason Terrace Apt. 160, West Raven, WI 37248",2025-04-09T01:33:16.134917,2025-08-24T00:31:16.134920
8f65986d-c1ba-4e6b-baaa-0511faecb2a0,Nathan,Wade,1956-05-25,nathan.wade935@gmail.com,(251) 474-8954,"715 Sarah Trafficway, Lake Matthewfurt, SD 84662",2025-03-08T12:09:16.135188,2025-08-27T04:00:16.135192
5712ef6d-c5e2-436f-88db-ef36f89f3b88,Rhonda,Walker,1961-12-25,rhonda.walker65@gmail.com,(240) 731-4448,"11593 Ashley Crossroad Suite 690, Bryanside, ID 51376",2025-01-05T02:08:16.135468,2025-09-03T13:48:16.135472
e19f449c-7696-4f58-8c29-a20e424e3919,Emma,Diaz,1971-05-01,emma.diaz25@yahoo.com,(504) 846-5051,"60875 Lisa Hill, South Erin, FL 79336",2024-12-14T19:00:16.135746,2025-09-14T11:11:16.135749
5b767ff4-dd53-4d36-adf5-64c3bc23bd92,Brianna,Ortega,1957-06-28,brianna.ortega852@gmail.com,(984) 519-6303,"8149 Welch Forge Suite 460, Ericborough, PR 96531",2024-09-23T21:26:16.136044,2025-09-11T02:57:16.136048
8674b686-8dba-452d-a400-ed504fed388a,Michael,Williams,1944-03-21,michael.williams975@yahoo.com,(703) 981-9955,"642 Amy Junction Suite 756, Jonesport, LA 91776",2025-01-10T20:43:16.136349,2025-09-16T10:33:16.136353
ddb4b385-8e33-4b8b-9f5c-3888c85eed7a,Michael,Kelley,1947-01-14,michael.kelley741@gmail.com,(936) 978-4808,"9047 Barbara Mills, Carterberg, IL 29092",2025-05-21T04:29:16.136644,2025-08-26T23:26:16.136648
fb59d774-ca3e-424f-8bf6-63ce5f43f5f5,Nicolas,Smith,1936-08-30,nicolas.smith944@aol.com,(316) 635-2269,"266 Sara Court, Terriburgh, AR 15881",2025-09-14T05:51:16.136917,2025-09-05T05:12:16.136920
65787051-f1e6-409c-9ce7-90192a73b7d8,Leslie,Booker,1973-01-07,leslie.booker331@outlook.com,(703) 777-3718,"13674 Denise Lane, Port Stevenfurt, KY 83382",2025-04-09T01:47:16.137197,2025-09-13T23:54:16.137200
455f4855-3ebe-4904-8cc6-8af6458e57ef,Holly,Wilson,2007-04-17,holly.wilson719@gmail.com,(430) 404-2537,"8309 Hill Summit, Port Brittanyfurt, NJ 84989",2025-04-15T03:19:16.137495,2025-08-25T01:59:16.137499
9b05d42e-3afd-40c9-9fa5-dbab189d5ae7,Elizabeth,Martinez,1974-12-18,elizabeth.martinez555@hotmail.com,(445) 279-3497,"826 Phillip Viaduct, Brownshire, ND 94053",2025-09-17T07:45:16.137789,2025-09-15T19:49:16.137793
46cc1c06-6e98-48b7-96d6-85611272aaad,Paul,Clark,1989-07-05,paul.clark487@gmail.com,(201) 531-2274,"208 Mcbride Crossing, East Baileyburgh, CO 74228",2024-12-21T12:02:16.138088,2025-08-30T08:48:16.138092
2a311f7b-96e6-4526-ad84-183c4da922fc,Sarah,Johnson,1971-10-03,sarah.johnson147@gmail.com,(773) 773-8235,"8260 Kevin Path Suite 872, Nealhaven, PW 46653",2025-03-11T08:59:16.138396,2025-08-26T14:46:16.138399
7246792e-c77c-4680-95fa-f1bab6207a87,Michael,Bates,1951-04-06,michael.bates539@gmail.com,(435) 205-6085,"32432 Brittany Harbors, Lake Cindy, CA 72570",2024-11-30T14:03:16.138672,2025-08-26T23:20:16.138676
bf5b329e-c556-42c1-a5c9-74addaa37e28,Debbie,Santos,1949-01-29,debbie.santos178@yahoo.com,(816) 967-9938,"1462 Chad Street Suite 359, South Lorraine, MD 57337",2025-07-30T21:41:16.138956,2025-08-22T08:17:16.138959
6939a717-3dbf-4e0e-98d5-05617067cde7,Allison,Munoz,2005-04-06,allison.munoz858@gmail.com,(615) 926-3772,"81861 Bowman Lake Suite 423, Alejandrofurt, IN 50129",2024-11-11T08:14:16.139262,2025-09-02T01:47:16.139266
9738151d-f65d-43b5-8ef8-d208a881ea20,Richard,Martinez,2007-04-17,richard.martinez281@aol.com,(931) 559-2928,"718 Graves Way Suite 849, North Georgefurt, HI 45743",2025-08-07T15:43:16.139562,2025-09-08T17:17:16.139565
2ef97035-c823-4c12-b77e-91b2bc4cded7,Karen,Anderson,1983-07-24,karen.anderson318@gmail.com,(251) 588-5703,"226 Brown Stream, Jasminebury, TX 80284",2024-10-24T22:30:16.139863,2025-08-22T18:15:16.139867
b3e55e36-4c71-432f-ac72-0dff7c15463f,Michelle,White,1986-09-10,michelle.white973@hotmail.com,(954) 594-3551,"446 Kevin Walks Apt. 465, Lake Christopherbury, CO 22142",2025-01-22T06:56:16.140149,2025-08-20T11:25:16.140153
95757c87-75bf-41eb-a1c3-89db612e4fcc,Bradley,Mitchell,1984-01-29,bradley.mitchell144@outlook.com,(813) 800-6291,"8277 Richard Ridges, Port Julie, VT 56203",2025-03-19T05:48:16.140448,2025-09-03T21:47:16.140452
72bffafd-cd26-4928-baa1-df60b1bf8042,Dana,Stevenson,2005-02-11,dana.stevenson829@aol.com,(804) 807-8126,"728 Gregory Lakes, New Michael, AR 55908",2024-11-19T14:48:16.140721,2025-09-02T08:59:16.140724
3ca82ed6-9c7e-4add-b812-3e4e1538f578,Jamie,Brooks,1968-12-01,jamie.brooks989@gmail.com,(904) 403-3286,"381 Evans Hill Suite 309, Robinsonport, SD 68072",2025-05-21T08:31:16.141045,2025-09-15T15:43:16.141049
f7bdea52-f794-47d1-b681-d5793b1a6c30,Timothy,Stafford,1987-10-13,timothy.stafford569@outlook.com,(704) 205-8820,"0975 Gomez Avenue, Pamelaburgh, MO 46970",2025-04-04T05:06:16.141340,2025-08-27T15:03:16.141344
f273a1bd-6954-4610-b71c-727c813c8a35,Brian,Vasquez,1952-12-05,brian.vasquez404@gmail.com,(910) 273-6683,"1702 Perez Locks, Kevinchester, MH 24379",2025-07-09T23:46:16.141630,2025-09-17T08:39:16.141633
c3da87dc-d8bf-4e06-88d8-ca30f3cb22cc,Ashley,Gonzales,1952-08-20,ashley.gonzales348@outlook.com,(713) 869-3947,"56053 Jake Canyon, South Robert, MA 04643",2024-10-18T02:07:16.141901,2025-08-24T14:48:16.141905
3d62c054-3089-4fa3-af34-bf21ee71a21d,Melvin,Vaughan,1967-07-30,melvin.vaughan589@hotmail.com,(862) 593-8449,"7872 Potter Tunnel, Shawfurt, DC 14883",2024-12-19T03:51:16.142220,2025-08-24T09:31:16.142223
8caaec8f-bc01-462c-82b2-19946644e540,Ricky,Martinez,1939-03-28,ricky.martinez892@hotmail.com,(301) 353-1113,"305 Bray Street, South Timothyport, NM 11329",2025-03-13T06:31:16.142512,2025-09-07T17:40:16.142516
e00b3f9c-0b35-48a7-bc4f-1391a97e5692,Danielle,Hernandez,2003-12-21,danielle.hernandez274@aol.com,(417) 500-6847,"41436 Thomas Tunnel, Lake Jessicaburgh, ID 77990",2025-05-01T03:29:16.142792,2025-08-26T19:43:16.142795
d83502d8-39f6-4506-ac4d-0c00ca95b391,Dave,Anderson,1939-12-23,dave.anderson470@gmail.com,(228) 278-6350,"26093 Michelle Light Suite 843, West Ronald, AR 67329",2024-10-18T15:02:16.143068,2025-09-16T01:51:16.143072
b3ab0e19-c9f8-42bf-b93e-fa5d5b84c351,Maria,Torres,1982-12-11,maria.torres268@hotmail.com,(606) 830-9422,"5635 Hunter Alley Apt. 534, Ramirezville, NE 24728",2025-06-17T17:40:16.143373,2025-09-10T14:32:16.143376
994fa8dd-9b3c-4c82-876e-12aa10c28ce4,Tiffany,Cox,1981-09-20,tiffany.cox801@hotmail.com,(743) 872-3126,"08255 Paul Radial, Johnview, IL 77089",2025-03-02T22:59:16.143669,2025-09-01T14:37:16.143672
9560de53-f4bb-450d-9217-597e104acebf,Anita,Rodriguez,1964-04-23,anita.rodriguez355@aol.com,(781) 355-8568,"93371 Shelly River, Kevinfort, WV 26977",2025-04-22T04:30:16.143943,2025-08-28T00:57:16.143947
7607392b-ceeb-48c4-ae09-08bf0b9f7116,Andrew,Lee,1987-11-13,andrew.lee599@aol.com,(409) 839-6761,"557 Rhonda Cliff Suite 688, East Carolberg, LA 06457",2025-04-23T09:03:16.144235,2025-09-12T15:33:16.144238
34a15653-ebb6-4d7d-9445-4c7032102c69,Robert,Benson,1937-03-15,robert.benson361@outlook.com,(479) 628-5569,"881 Samuel Pass Suite 866, Jamietown, GA 75460",2025-06-20T02:40:16.144517,2025-09-17T21:05:16.144520
8c5bfe95-cc3e-407a-b6be-7cfb93e2fdd7,Kevin,Smith,1965-02-08,kevin.smith672@aol.com,(413) 899-2610,"844 Kenneth Grove Apt. 230, West Benjamin, FL 36907",2024-11-10T07:48:16.144792,2025-08-30T18:28:16.144795
16bdf39d-3500-4561-996f-32373c949caf,Devin,Gibbs,1996-03-20,devin.gibbs24@yahoo.com,(978) 869-7378,"105 Nguyen Squares, Jenniferchester, MH 80649",2025-01-25T00:43:16.145079,2025-08-27T19:30:16.145083
84bf9eea-ea23-4f96-a834-c6b81d5a191a,Erika,Brown,1977-07-02,erika.brown997@gmail.com,(808) 712-2821,"42408 Jennifer Spurs Suite 498, Port Scott, MD 35732",2024-12-17T11:13:16.145359,2025-08-24T19:17:16.145363
18d82cd9-153d-4394-a6bd-9b7c70c2fc49,Kevin,Morton,1938-10-10,kevin.morton25@outlook.com,(774) 692-1979,"3652 Davis Falls, Lopezburgh, ID 75167",2025-07-22T15:48:16.145668,2025-09-07T01:16:16.145672
e47713fe-e1d7-4519-bb9b-29398c7889eb,Terri,White,1964-07-23,terri.white935@hotmail.com,(513) 694-4442,"2269 Chad Cliffs, Sanchezfurt, CT 95437",2025-07-09T10:25:16.145960,2025-09-09T14:44:16.145964
605459f1-3804-4f40-9e11-129041ccace3,Nicholas,Morton,1959-12-21,nicholas.morton372@aol.com,(585) 514-3593,"6010 David Trail, West Douglastown, WY 01732",2025-09-12T06:35:16.146239,2025-08-25T22:11:16.146242
478a5b78-7aa3-4120-adbe-e8c7ba6b61b3,Joshua,Meyers,1941-03-16,joshua.meyers489@gmail.com,(412) 552-3553,"79724 Mendoza Gardens, New Heatherside, DE 03280",2025-04-28T19:09:16.146532,2025-08-26T11:17:16.146536
6fbd03c8-4df6-4668-bb16-cc647e8b2a00,Brian,Phillips,1982-03-31,brian.phillips511@aol.com,(806) 783-1199,"03036 Hernandez Shoal Suite 361, Jacksonville, IN 13835",2025-08-09T13:30:16.146850,2025-08-30T22:43:16.146854
2cf2b3c8-7c47-41e0-8f3f-bdc816dac7c8,Heather,Gilbert,1976-05-22,heather.gilbert817@gmail.com,(423) 906-5015,"09226 Greene Springs Suite 249, Michaelville, KY 65938",2025-05-16T20:10:16.147149,2025-08-30T23:29:16.147153
4ac908cf-91e7-48f4-a1b7-289c57decda7,Tasha,Cochran,1994-12-26,tasha.cochran903@gmail.com,(248) 526-2196,"25267 Briggs Creek, Moyerview, FL 12356",2025-01-28T14:42:16.147462,2025-08-25T01:20:16.147466
5f7e5f4c-6b11-4d77-b25c-e41243aa2b99,Wendy,White,1973-01-22,wendy.white647@outlook.com,(415) 536-9311,"7676 Taylor Shoal Apt. 668, Ryanfort, ND 70783",2025-01-08T09:47:16.147782,2025-09-16T01:15:16.147785
0074a656-e5a2-4c23-bb45-410aa10a102a,James,Carpenter,1969-08-15,james.carpenter948@outlook.com,(779) 550-9824,"135 James Vista, West Angelaberg, PW 14939",2025-02-28T09:04:16.148053,2025-09-12T19:16:16.148056
5eeddaa2-adb1-499b-8315-b4505a70206f,Thomas,Ward,1987-04-15,thomas.ward980@yahoo.com,(872) 685-7830,"2863 Maria Centers Apt. 126, Lake Tammiestad, AR 92435",2025-02-24T13:32:16.148357,2025-09-06T18:07:16.148362
50b9ae8a-7dd3-4675-8f40-e1415d7a12b7,Matthew,Jones,1990-02-06,matthew.jones786@aol.com,(563) 219-4313,"25213 Alexander Village, Hernandezburgh, NJ 97960",2025-01-15T15:21:16.148821,2025-09-03T13:09:16.148825
0d3d3ffb-4db2-421e-9f77-46f08dd7b046,Paul,Hale,1957-10-18,paul.hale983@hotmail.com,(843) 455-5589,"5704 Eric Row Apt. 928, North Randy, NE 89617",2025-07-02T20:39:16.149132,2025-08-31T08:23:16.149135
79e6ba1a-1f0d-48cc-8dda-a23c24f07c63,Kristen,Gallegos,1996-02-14,kristen.gallegos252@aol.com,(620) 786-9955,"362 Dudley Pike Suite 236, East Philipside, PA 10620",2025-01-22T07:29:16.149454,2025-09-07T04:46:16.149458
12c6d3ee-d80a-4200-a230-d1178a18d7ec,Karen,Delgado,1974-05-24,karen.delgado619@outlook.com,(214) 343-2952,"05634 Dan Lake Suite 034, New Daniel, IL 78765",2025-08-14T15:54:16.149737,2025-08-31T12:23:16.149740
e1c7c9ae-07da-4680-8918-1182477039f7,Peter,Parker,1992-12-28,peter.parker163@aol.com,(865) 289-8675,"034 Tiffany Port, New Valeriefort, AZ 06798",2024-12-21T16:11:16.150010,2025-08-23T01:02:16.150014
02e15e60-777f-4df1-8034-f44172695649,Anna,Parker,2005-03-02,anna.parker589@hotmail.com,(586) 206-7388,"8356 Dickson Squares Apt. 568, New Lindseyberg, AK 77463",2025-04-14T09:52:16.150331,2025-09-17T21:20:16.150335
c2adb0a7-8af3-476c-93e6-02afcedb3ab8,Karen,Melton,2002-07-21,karen.melton554@gmail.com,(651) 270-6365,"27113 Lindsey Shoal Apt. 288, Sethberg, MA 38622",2025-02-02T15:04:16.150668,2025-08-26T08:34:16.150672
fe4fffd3-eb03-43bd-b74a-12d075de89b2,Loretta,Bentley,2001-02-08,loretta.bentley450@gmail.com,(724) 403-4369,"39912 Davis Bridge Apt. 481, Davismouth, GA 39246",2025-06-03T12:07:16.151028,2025-09-02T03:28:16.151031
f9795769-c737-4246-b1e0-2c27d9158005,Barry,Ray,1975-01-14,barry.ray115@hotmail.com,(804) 216-1118,"27474 Santos Dam, New Tracystad, PR 38069",2025-04-30T15:17:16.151344,2025-08-21T04:56:16.151347
68f8e70e-9d49-454d-87fc-8d8f21b83c71,Jennifer,Harvey,1989-05-23,jennifer.harvey182@yahoo.com,(935) 209-3096,"8955 Evelyn Parkways Suite 409, Lake Krystalside, AL 20759",2024-10-11T09:35:16.151630,2025-08-21T11:08:16.151634
0824d223-afbc-4494-889c-8fcc22145f08,Earl,Moore,1987-09-13,earl.moore510@outlook.com,(447) 513-7613,"67157 Day Viaduct, Rodriguezburgh, VA 14702",2025-06-24T09:52:16.151956,2025-09-18T03:01:16.151960
be2a77f8-73fa-4faa-9965-3eef4e8fc854,Patricia,Gonzalez,1979-08-14,patricia.gonzalez430@hotmail.com,(262) 315-8793,"5973 Wilson Motorway, New Ericfort, FL 84415",2025-07-30T23:27:16.152289,2025-08-25T20:46:16.152293
f4becaf7-14f7-4de6-a37f-fd93bfa5e12a,Francisco,Johnson,1991-06-07,francisco.johnson528@aol.com,(339) 346-4695,"56730 Miranda Trace Suite 442, East Chadfurt, CO 39604",2025-05-05T10:38:16.152576,2025-09-05T03:16:16.152580
00576865-830b-4a2b-9f53-5fb82d60f50e,Shelby,Warren,1988-12-05,shelby.warren755@hotmail.com,(220) 965-7308,"16542 Michael Manor, Alvarezburgh, UT 57751",2024-11-27T02:30:16.152874,2025-09-12T00:19:16.152878
c715f7d2-f0c0-4b8f-9d1a-6bca6acb92b8,Susan,Hudson,1973-12-26,susan.hudson451@gmail.com,(325) 962-5576,"99255 Edward Mount, South Michelle, DE 88836",2024-10-25T14:24:16.153154,2025-09-14T11:44:16.153158
2b2e4cc8-e062-49d3-9db5-75c2a23b1a41,Deborah,Bowen,1949-08-12,deborah.bowen124@outlook.com,(919) 929-5844,"791 Jeffery Field, Hortonburgh, PA 49988",2025-03-20T22:20:16.153450,2025-08-25T10:22:16.153453
8c524cf1-548b-4d74-b11d-c473892d7148,Gregory,Farley,1940-01-15,gregory.farley49@aol.com,(909) 571-9838,"5044 Holly Run, Gutierrezstad, MI 71603",2025-08-24T02:40:16.153739,2025-09-05T22:32:16.153742
9b3e8489-f463-49db-91fd-3a126ecfcfbf,Kelly,Hubbard,1947-02-11,kelly.hubbard330@gmail.com,(347) 938-5915,"6528 Amy Light, Meganchester, SC 37626",2025-03-01T20:46:16.154012,2025-09-11T03:54:16.154015
1a9ecc2e-c449-4dc2-94fc-fd8b5beabb46,Zachary,Shaffer,1979-05-12,zachary.shaffer144@gmail.com,(725) 326-3487,"096 Tyler Terrace, Lake Seanshire, AS 04778",2025-07-02T12:02:16.154292,2025-08-24T15:37:16.154296
a925b8fd-efa7-4a07-bbfb-ff3ad8f47dc5,Sarah,Lewis,1973-09-11,sarah.lewis391@outlook.com,(530) 315-8643,"37157 Odonnell Rue Suite 053, Josephview, ME 54858",2025-02-15T13:18:16.154593,2025-09-15T06:05:16.154596
3fc3082f-8399-4518-a663-ed43ee7ee524,Aaron,Stout,1972-05-26,aaron.stout656@gmail.com,(863) 536-7875,"25895 Jackson Ports, Allenfurt, ID 81276",2024-12-03T02:20:16.154909,2025-09-01T17:34:16.154913
b717d7e1-de41-4a2c-a278-3fda9e70af01,Sandra,Solis,2001-11-20,sandra.solis111@aol.com,(970) 858-2615,"62658 Samuel Courts Apt. 819, Cameronview, MP 72971",2024-12-25T13:33:16.155209,2025-08-22T18:11:16.155213
8e60074c-fddf-4777-a318-3ef5a61eb0ed,Travis,Harris,1951-10-30,travis.harris930@gmail.com,(216) 421-3961,"0920 Ashley Burg, South Cynthia, WI 47440",2024-09-25T18:42:16.155478,2025-08-25T09:45:16.155482
e7624ac0-f0c4-446e-bacd-c823473ae0e4,David,Hurst,1936-01-04,david.hurst664@hotmail.com,(617) 958-7575,"364 Joshua Divide, Lake Traciville, DE 60679",2024-11-03T23:18:16.155748,2025-09-13T02:46:16.155751
7c0b3750-50ed-45e9-9c45-73d5c8d6dfa3,Brian,Campbell,1973-10-04,brian.campbell498@yahoo.com,(657) 545-8172,"75361 Pope Loop, South Susanland, IL 90591",2025-08-02T16:20:16.156039,2025-08-19T17:33:16.156043
2f643517-be0b-4c33-8ef0-8419656a8bf8,Jaime,Edwards,1974-07-19,jaime.edwards734@outlook.com,(636) 745-6796,"40299 David Junctions, Timothyside, AL 21261",2025-05-26T16:44:16.156318,2025-09-11T07:30:16.156322
951afe83-7ff6-49ec-b03a-bcb06c288b0d,Tammy,Lee,1980-07-17,tammy.lee13@gmail.com,(601) 449-1340,"823 Wilson Forge, West Dillonland, VA 91150",2025-03-13T03:01:16.156613,2025-08-20T07:38:16.156616
6efd4aea-d7ca-4f5e-abcc-ccbd1ad45eef,Derek,Olson,1938-04-11,derek.olson79@gmail.com,(341) 529-5045,"847 Graham Locks Apt. 423, Suzanneville, OR 77516",2025-05-03T20:05:16.156913,2025-09-17T00:19:16.156916
4612754e-6a25-4283-a568-8fd9dc9cdc2d,Carol,Harris,1951-01-26,carol.harris606@outlook.com,(773) 266-3807,"6945 Catherine Meadow Apt. 955, South Garyton, NY 33670",2025-07-12T02:45:16.157196,2025-08-28T00:39:16.157200
ec3a012d-98e5-4864-adfc-8023d9c44c60,Elaine,Serrano,1938-10-19,elaine.serrano691@aol.com,(606) 538-4810,"0125 Gibbs Knolls Apt. 135, Dustinmouth, DE 01763",2025-08-16T22:32:16.157497,2025-08-26T09:12:16.157500
8e106a8b-7b7d-44e4-98fc-2822bb0cbc77,Melissa,Love,1983-05-25,melissa.love616@yahoo.com,(417) 385-1483,"538 Paul Rapids Apt. 831, Jenniferland, OK 85208",2025-06-19T16:31:16.157777,2025-08-21T06:27:16.157780
789b628f-3d1a-496e-82b9-29bf71063b1d,Melanie,Graham,1996-06-23,melanie.graham267@hotmail.com,(725) 405-4713,"07704 Wilson Mission, New Mark, MS 31489",2025-09-16T04:34:16.158074,2025-09-09T14:07:16.158077
df1904fe-0270-415d-a6cb-0384497ed8f3,Dustin,Schneider,1934-12-27,dustin.schneider384@aol.com,(269) 376-4088,"4260 Matthew Brook, South Codychester, VA 39953",2024-11-04T12:59:16.158357,2025-09-01T11:07:16.158360
999dae52-bca4-4e79-895f-c47e3695d1c4,Emily,Reed,1968-05-06,emily.reed111@gmail.com,(651) 899-3955,"9064 Snyder Row Apt. 591, East Brandontown, DC 14281",2025-05-15T03:49:16.158661,2025-09-10T23:46:16.158664
c1918190-8d49-48ee-9bc1-a0f81c918aa3,Shannon,Ramsey,1956-09-14,shannon.ramsey367@yahoo.com,(254) 691-2618,"35800 Ware Cape, North Staceyland, KS 43666",2025-02-12T02:31:16.158956,2025-09-06T12:27:16.158960
a4b25c56-c981-4fc4-b75a-d3abf0d43c58,Debra,Jackson,2004-01-16,debra.jackson107@yahoo.com,(617) 774-8931,"25296 Barnett Pike Apt. 977, Marcfort, IN 12533",2025-08-25T05:34:16.159263,2025-09-12T03:24:16.159266
d530a2ed-aee1-4b68-87fc-19676b063a24,Pamela,Dawson,2000-10-09,pamela.dawson895@hotmail.com,(772) 956-9329,"311 Brown Bridge, South Lori, ID 64417",2025-09-11T12:59:16.159560,2025-09-06T08:01:16.159564
c6fa1095-4c0b-4f80-a739-ce479c6435c2,Gilbert,Cervantes,1993-05-01,gilbert.cervantes5@aol.com,(512) 875-6419,"7281 Jeffery Lakes Suite 798, Port Ricardo, CA 36917",2025-06-05T18:11:16.159847,2025-08-20T06:32:16.159850
9e2209ae-daba-4fbf-9096-515125c7d541,Carly,Parker,2006-02-23,carly.parker844@aol.com,(740) 586-5556,"71130 Lopez Burgs, Stanleymouth, MI 35310",2025-01-11T12:47:16.160173,2025-09-01T04:48:16.160177
77c4dd8d-be24-4f40-8737-922337dd691b,Timothy,Miller,1974-10-18,timothy.miller733@outlook.com,(720) 491-9786,"68685 Scott Land, North Deborahchester, ID 39036",2025-05-24T13:05:16.160485,2025-09-06T09:53:16.160488
df9b1135-6e87-4992-8713-b7b596a37207,James,Wheeler,1999-05-25,james.wheeler447@aol.com,(702) 648-3338,"610 Susan Forges Apt. 009, Johnside, CT 36606",2025-03-02T02:49:16.160763,2025-08-19T05:26:16.160766
0e9e541a-6885-4bb8-a791-2fde872ec63f,Stephen,Lyons,1999-06-02,stephen.lyons189@outlook.com,(435) 543-8190,"1347 George Ford Suite 494, North Jacksonfort, WA 40520",2025-04-07T03:56:16.161045,2025-09-14T11:15:16.161049
e7b1d573-19e7-4542-8c62-5325a58fecde,Christopher,Maldonado,1978-09-27,christopher.maldonado391@yahoo.com,(202) 776-1957,"7207 Cook Fall, Nicoleburgh, TX 01776",2025-05-19T17:27:16.161336,2025-08-30T06:36:16.161339
c82c6797-ee6e-4825-91cb-1b6283bd27f3,Tracy,Aguilar,1949-02-04,tracy.aguilar942@outlook.com,(401) 665-9789,"1009 Conley Pine, Port Dwayne, CT 13607",2025-05-25T02:50:16.161627,2025-08-22T18:36:16.161630
2b6752a8-bf61-40e7-8f4a-97213f5aef3d,Regina,Rogers,1981-03-06,regina.rogers432@outlook.com,(747) 671-8410,"474 Ellis Views Suite 458, Rodriguezhaven, VA 84360",2024-10-24T05:45:16.161947,2025-09-06T10:28:16.161950
5b9c7c8e-be14-4054-9d41-27b2dfc3fe6e,Charles,Jenkins,1993-12-23,charles.jenkins668@yahoo.com,(802) 507-7752,"7039 Howard Summit, East Samanthafurt, SC 14647",2025-02-24T20:08:16.162281,2025-08-24T08:49:16.162284
0b712168-28b2-46a4-be8d-1aa6c0bfc0c4,Sherry,Shelton,1955-04-27,sherry.shelton480@outlook.com,(515) 956-3139,"5569 Landry Harbor, Jamesshire, NC 92492",2025-03-20T08:11:16.162578,2025-09-14T08:39:16.162582
31eea915-c62e-4ddf-b18a-2eed4b70bbdf,Sandra,Martinez,1999-03-24,sandra.martinez639@outlook.com,(614) 797-8317,"1072 Becker Pike Suite 982, Tommyland, AS 39131",2025-04-27T16:04:16.162880,2025-08-21T07:51:16.162884
45f003ca-8f06-4636-b1af-31ccd14d5ba7,Jesse,Robinson,1989-02-12,jesse.robinson100@aol.com,(228) 338-7241,"74065 Brendan Dam, Natashahaven, TN 73999",2025-07-10T19:39:16.163151,2025-08-28T02:00:16.163154
2cc63291-e347-491a-b82d-75032ab46ee0,Troy,Reeves,1988-08-02,troy.reeves958@yahoo.com,(440) 849-6254,"9143 Thomas Knoll, Port Erika, MS 55887",2025-04-08T09:55:16.163419,2025-08-29T07:14:16.163422
e0c70012-724f-436d-b900-a21096e79730,Tracy,Garcia,1968-05-21,tracy.garcia460@hotmail.com,(770) 545-1662,"429 Shelton Islands Apt. 342, Spencerport, ME 11720",2025-03-04T13:14:16.163737,2025-08-28T06:14:16.163740
e77dc38a-bb87-41a4-ad48-8b73e177f30c,Lacey,Fuller,1959-04-17,lacey.fuller376@aol.com,(865) 634-7671,"6128 Benson Parkway, Taylorchester, NH 55617",2025-07-15T11:43:16.164036,2025-09-16T09:35:16.164040
af620fa3-af0c-42d0-9a36-65c76760aeb4,Julia,Gaines,1999-07-09,julia.gaines586@gmail.com,(509) 997-2431,"29439 Martinez Plains Suite 062, Santiagomouth, AS 68397",2025-07-09T08:00:16.164489,2025-08-26T12:47:16.164495
a4691498-16f6-4fa6-bdf7-0c2de19e85b2,Sara,Miller,1996-08-10,sara.miller4@hotmail.com,(770) 902-4818,"9149 Vaughn Way, North Joyhaven, WA 94473",2025-06-15T22:58:16.164844,2025-09-16T09:46:16.164848
cafacefd-ac43-47b0-b4e9-223062744ab6,Michael,Black,1974-07-20,michael.black900@aol.com,(915) 789-4102,"32440 Hanson Flats Apt. 102, New Collinborough, CT 62595",2025-03-25T15:43:16.165149,2025-09-02T14:17:16.165152
44085ef3-dde4-4898-ae1f-eda73386fdb1,Ross,Wallace,1975-05-10,ross.wallace773@gmail.com,(406) 266-2009,"6723 Underwood Springs, Villarrealville, NE 19669",2024-10-04T19:15:16.165462,2025-08-19T12:22:16.165465
ef774034-433a-489c-af77-3b69fe902626,Cody,Cardenas,1974-04-21,cody.cardenas462@yahoo.com,(667) 960-8871,"837 Roberts Shores, New Trevorview, MO 51071",2025-07-02T10:11:16.165756,2025-08-25T02:32:16.165760
4fed0ea2-44f7-40ae-8dae-b1b9831c7d24,John,Li,2004-07-14,john.li808@yahoo.com,(615) 590-3447,"7196 Beverly Bypass, Williamsstad, DC 61830",2025-04-15T21:41:16.166054,2025-09-11T08:27:16.166058
110bd63d-e2ae-4949-8b27-4d37f2c700c0,Destiny,Holden,1944-03-01,destiny.holden446@hotmail.com,(405) 699-1979,"8681 Diana Knoll, Stephenberg, KY 86804",2024-10-02T19:31:16.166329,2025-08-30T11:20:16.166333
51361251-3256-4e21-a344-0eede019c9ef,Tammy,Jones,1990-12-30,tammy.jones289@outlook.com,(636) 942-7117,"9298 Anderson Islands Suite 996, North Anthonyburgh, IN 13154",2024-11-27T04:14:16.166631,2025-09-12T10:38:16.166634
68a5fe54-fac2-4674-9d58-997b466c69e8,Jonathan,Shelton,1977-10-03,jonathan.shelton608@hotmail.com,(989) 442-5081,"312 Campos Manor, North Cherylville, AZ 98796",2025-04-29T16:49:16.166925,2025-09-07T13:28:16.166928
31123f80-7877-4fc1-91a7-686eda6c40d4,Jeremy,Brooks,1976-06-08,jeremy.brooks649@gmail.com,(202) 535-6835,"1762 James Overpass, Sheltonbury, ID 97776",2025-06-10T22:07:16.167213,2025-09-02T05:43:16.167217
bc62f6a2-3517-4990-a407-a374db53be5f,Jeffrey,Rice,1959-03-03,jeffrey.rice718@yahoo.com,(207) 505-5276,"013 Lisa Avenue, Kimshire, ND 09933",2025-05-01T00:41:16.167482,2025-09-11T16:20:16.167486
88f2596a-3e7e-4130-b0b0-923e6e284873,Cathy,Blair,1949-05-15,cathy.blair167@aol.com,(956) 331-6288,"39785 Montgomery Points Apt. 176, Sawyershire, CO 17172",2025-04-27T04:22:16.167804,2025-08-24T20:56:16.167807
36105925-3126-4b22-805d-ed6428d4786c,Ashlee,Jimenez,1942-09-11,ashlee.jimenez741@gmail.com,(340) 708-2046,"34465 Monique Estate Suite 189, Port April, RI 66043",2024-10-25T02:14:16.168091,2025-09-13T21:06:16.168095
b0128fe3-d526-4fba-9c2a-883cda84673a,Jennifer,Brown,1996-06-11,jennifer.brown460@gmail.com,(405) 318-5272,"0056 Gonzalez Track Apt. 238, Sandraton, IA 65192",2024-10-28T17:33:16.168390,2025-09-17T22:10:16.168394
f4bb3e79-8a04-4b76-842b-812fb0c69bf6,Robert,Elliott,1970-01-23,robert.elliott25@aol.com,(743) 763-2113,"1699 Paige Neck, West Jennifer, CT 05167",2024-11-04T05:41:16.168658,2025-09-01T03:26:16.168662
09ebf57c-23d2-4f83-96b9-0c001281797f,Katie,Santos,1958-07-16,katie.santos855@outlook.com,(445) 972-5198,"3000 Amanda Wall Suite 087, South Katieberg, NE 92426",2025-06-05T08:10:16.168940,2025-08-30T15:11:16.168943
2fa5fe8c-b02d-453d-b3d0-dcfd2b3bfcd4,Kirsten,Wilson,1968-10-14,kirsten.wilson691@gmail.com,(475) 807-5970,"3560 Jesse Radial Apt. 368, Port Alexisbury, GU 07956",2025-03-01T19:10:16.169223,2025-09-12T23:28:16.169227
6acb9ec6-d5a3-493a-b85b-c85cd66b1ec7,Anthony,Gonzales,1935-12-10,anthony.gonzales293@hotmail.com,(517) 279-2757,"5934 Catherine Neck, Lake Chaseview, ND 27483",2025-03-12T12:41:16.169494,2025-09-04T18:57:16.169498
ccbbc926-3faf-4e93-80b9-2ddc83e484ac,Michele,Li,1969-09-15,michele.li921@yahoo.com,(330) 509-3323,"458 Melton Gardens Suite 588, North Michaelchester, VT 82010",2025-01-27T20:14:16.169796,2025-09-01T06:41:16.169800
4351fae6-0525-4cd2-8f61-01cd7f940695,Diana,Harris,2004-09-29,diana.harris577@yahoo.com,(828) 264-3511,"8315 Barry Freeway, Santosmouth, DE 03291",2025-05-05T14:16:16.170094,2025-09-10T08:43:16.170097
f5de7939-75c0-4eda-a5ad-147029008655,Sara,Nelson,1950-10-07,sara.nelson666@aol.com,(231) 776-8132,"1049 Simpson Wall Suite 670, East Nicolas, TN 57004",2024-12-16T10:38:16.170401,2025-08-25T18:36:16.170404
1d87b2c1-f702-44cd-8ddf-6ebf3df237c6,Matthew,Johnson,1955-07-09,matthew.johnson595@hotmail.com,(725) 581-8659,"549 Katherine Junctions, Glennton, AS 14815",2024-12-15T17:48:16.170720,2025-08-21T13:37:16.170724
7aab62b2-f4e9-484a-b1b1-b7b6b5e44320,Tiffany,Randolph,1942-11-23,tiffany.randolph149@hotmail.com,(975) 549-9850,"9984 Susan Mountain Apt. 204, Christopherbury, WI 71647",2024-12-10T17:48:16.171009,2025-08-26T07:15:16.171013
277b951a-47a2-4937-bae4-61fb48a45e14,Gail,Foster,1965-01-26,gail.foster120@aol.com,(619) 949-7116,"4490 Kurt Shore Suite 427, Smithtown, NH 05351",2025-09-17T22:07:16.171311,2025-09-14T23:49:16.171315
47f24619-3dd0-4d6e-8ea9-a3adb3621f03,Karen,Richard,1997-10-05,karen.richard973@yahoo.com,(607) 447-7653,"91498 Ashley Mill Apt. 444, Martinezburgh, FL 81496",2025-03-18T17:33:16.171641,2025-09-17T16:20:16.171645
8a196406-1f76-451b-a888-a3758ddf37c4,David,Pena,1969-04-10,david.pena398@yahoo.com,(704) 413-5977,"508 Bruce Station Suite 405, New Jimmyville, CA 66946",2024-11-21T19:02:16.171926,2025-09-06T17:27:16.171929
13ed5961-7615-4cfa-8ded-c01e27ed7dcc,Ashley,Jones,2004-03-13,ashley.jones40@yahoo.com,(843) 977-2422,"561 Liu Divide Apt. 595, Theresastad, NJ 39044",2025-01-30T08:19:16.172226,2025-09-05T11:58:16.172230
2d804062-8422-4027-bd2b-d7ddbe4a6bd3,Christopher,Williams,1990-11-28,christopher.williams884@yahoo.com,(217) 718-8281,"93588 Case Lane, Lake Jessicafurt, WV 85594",2025-02-12T11:15:16.172517,2025-09-14T12:46:16.172521
bcfe4d6a-bd92-47dc-a5b9-41e0c0921858,Tyler,Benjamin,1946-02-02,tyler.benjamin256@yahoo.com,(203) 596-3893,"180 Hopkins Pike Suite 543, Rhondamouth, IA 47944",2024-12-04T14:30:16.172831,2025-09-03T03:08:16.172834
321657c3-6c19-42e7-856c-39fd2a536069,Jesus,Goodman,1952-09-26,jesus.goodman726@gmail.com,(904) 910-7034,"6515 Robin Shoal, Jacobsmouth, WY 55400",2025-09-06T09:53:16.173130,2025-08-31T09:16:16.173134
eb3ffcfd-8b5a-4273-b6c5-0425649079bd,Keith,Serrano,1982-02-13,keith.serrano676@yahoo.com,(917) 582-5309,"9294 Peterson Crest, South Robertberg, OK 65276",2024-12-23T17:41:16.173424,2025-08-30T22:58:16.173428
300da2e2-184d-4dfe-b526-a1c9340abe12,Steven,Walter,1969-07-24,steven.walter328@gmail.com,(513) 691-4498,"64871 Molly Village, Johnsonburgh, CA 17852",2024-12-30T12:22:16.173715,2025-09-13T07:18:16.173718
0b15bed5-532d-4a64-9e34-47ff3f4ecd1d,Sue,Gomez,1954-11-20,sue.gomez371@outlook.com,(502) 468-7658,"415 Vargas Ridges, Lake Brandonstad, NV 54093",2025-02-21T18:03:16.174016,2025-08-24T18:48:16.174020
b6dcd0e6-f3b6-4214-affd-2f295bb065a0,Natalie,Graham,1976-11-28,natalie.graham534@outlook.com,(575) 709-2229,"298 Edwin Avenue, Emilymouth, MS 42501",2025-04-04T05:04:16.174288,2025-08-18T23:26:16.174292
b4f0acc0-e0a5-425e-9b9c-911726b2b680,Cassandra,Sharp,1945-03-25,cassandra.sharp776@hotmail.com,(959) 911-3248,"47509 Mitchell Lights, Katherineberg, AZ 96789",2025-03-24T05:46:16.174587,2025-08-23T04:25:16.174590
39c5f116-5d86-45e8-b22a-a979f0eb0180,Jeffrey,Ramirez,1955-05-17,jeffrey.ramirez271@aol.com,(975) 634-4085,"54214 Tucker Fork Apt. 449, East Elizabethberg, CT 27612",2025-04-21T18:43:16.174886,2025-09-11T19:08:16.174890
7aa3ed45-e652-4f62-916e-c1f052f35b2e,Alexander,Orr,1964-07-02,alexander.orr909@aol.com,(856) 583-5024,"70534 Dennis Pike, Port Shawn, PW 14868",2025-01-07T23:59:16.175183,2025-08-31T20:06:16.175186
4ac24933-1bfb-42f3-9106-b561feabe30e,Jeremy,Reynolds,1972-01-14,jeremy.reynolds582@hotmail.com,(757) 403-5353,"41513 Mark Parkways, Joshuahaven, TX 10211",2025-05-04T10:08:16.175453,2025-09-14T15:15:16.175457
2c066d93-cd93-43cf-9421-db32f00ee56f,Stephanie,Johnson,1953-06-24,stephanie.johnson41@gmail.com,(936) 261-1161,"80032 Wiggins Forges Apt. 472, Cervantesfort, LA 17775",2025-05-29T09:07:16.175773,2025-08-19T02:45:16.175776
bc88cfdf-5cae-45b4-8eab-7650fe91c6f8,Mark,Davis,1937-11-29,mark.davis18@aol.com,(406) 293-5419,"61789 Jennifer Camp, Wattsfurt, SC 77033",2025-03-05T00:45:16.176071,2025-09-11T11:04:16.176074
fde68870-54bc-40da-ad5e-a5c695948862,Mark,Washington,1997-02-28,mark.washington730@yahoo.com,(781) 653-3463,"47769 Daniels Hill Apt. 314, Montesmouth, IA 87325",2025-02-03T19:45:16.176389,2025-09-07T10:13:16.176393
d7787df1-77e1-4eb4-b9b0-774655186102,Audrey,Marshall,1997-11-22,audrey.marshall858@hotmail.com,(707) 372-7619,"6277 Mcdaniel Burgs, Josephborough, FM 54110",2025-09-07T02:22:16.176681,2025-09-07T03:34:16.176684
f3a447ca-9341-4e2f-9514-e56a62fa6106,Justin,Morris,2005-01-15,justin.morris447@hotmail.com,(785) 634-2465,"7664 Joseph Stream Apt. 504, Ortizshire, FM 22329",2024-09-21T09:53:16.176976,2025-08-29T16:23:16.176979
dcb30394-3332-4473-8dbb-280a3c3b908d,Richard,Rodriguez,2001-05-19,richard.rodriguez82@aol.com,(904) 461-8423,"98006 Kimberly Isle Suite 810, West Amanda, GA 70716",2025-04-23T21:28:16.177252,2025-08-19T01:01:16.177256
287642c6-6f60-4007-822e-20826fcb02c1,Shannon,Perez,1986-05-31,shannon.perez18@yahoo.com,(440) 817-2262,"6383 Barry Brooks Apt. 867, East Justintown, IN 83280",2025-05-01T22:06:16.177531,2025-09-17T22:26:16.177535
6c94eb73-418f-450c-a14d-b1e1210e1ad1,Andrew,Brady,2000-03-07,andrew.brady139@outlook.com,(409) 249-8685,"41118 Smith Summit Apt. 196, Port Catherine, ME 42932",2025-07-11T14:40:16.177826,2025-09-03T22:07:16.177829
3eaa8dd8-ee05-4696-a3e6-81e9d43584c9,Kayla,Johnson,1944-10-27,kayla.johnson773@hotmail.com,(719) 763-9871,"14976 Jordan Forges Suite 847, Rebeccaside, NY 32563",2025-08-31T08:54:16.178135,2025-08-30T03:05:16.178138
13275580-5f5c-4aa2-854e-fbde8cf94fda,Alicia,Crawford,1969-08-04,alicia.crawford619@outlook.com,(740) 591-7159,"173 Ray Fort Suite 579, Lake Lanceberg, AS 83065",2025-05-25T00:42:16.178417,2025-09-03T02:29:16.178420
7f6807b8-dc88-4c9b-a386-78306ca199e8,Brandon,Jackson,1948-03-31,brandon.jackson904@outlook.com,(447) 674-3136,"26978 Brian Park, Robertmouth, MP 20242",2025-01-17T12:59:16.178691,2025-08-21T23:54:16.178695
5431b7df-e33c-4e73-a123-10f0275633e4,Frank,Cunningham,1962-04-18,frank.cunningham199@outlook.com,(609) 718-3718,"3878 Edwards Run, West Steven, NJ 67928",2024-12-27T20:51:16.178981,2025-08-21T00:10:16.178985
f3c8e6ab-2b36-4fca-923c-409b78756661,Thomas,Simmons,1945-03-01,thomas.simmons782@gmail.com,(870) 237-9978,"02812 Samuel Crescent Apt. 672, Taylorside, MT 52851",2025-08-28T13:39:16.179283,2025-09-18T10:46:16.179287
7645a82d-e12e-4a7e-af92-d90be07c4106,Edward,Graham,1953-12-19,edward.graham199@hotmail.com,(747) 355-7994,"595 Donald Pike Apt. 958, Thomasborough, MA 98380",2025-08-08T17:29:16.179559,2025-08-24T04:19:16.179563
a1eb6e80-ba6c-493d-a910-2c0dc0d9562a,Christopher,Espinoza,1960-02-07,christopher.espinoza979@outlook.com,(534) 790-9977,"6227 Victoria Avenue, Jacquelineborough, UT 12801",2025-01-01T05:27:16.180582,2025-08-26T02:55:16.180589
5773dbf5-ad80-4ace-a7f9-9aa9ff2baf6b,Erin,Brown,1969-05-24,erin.brown110@outlook.com,(380) 768-4663,"58350 Joshua View, Silvaport, MN 82355",2024-10-14T12:09:16.181001,2025-09-08T13:31:16.181005
b58fccf3-f8c2-4e88-9823-14dd5b9e66c2,Taylor,Hoffman,1956-02-27,taylor.hoffman158@yahoo.com,(743) 684-1501,"213 White Port, East Laurashire, SD 50694",2024-11-19T02:04:16.181323,2025-09-16T11:53:16.181327
4ab72b49-5593-4d77-81d4-08fbf35b30e1,Laura,Castaneda,1997-09-21,laura.castaneda154@aol.com,(914) 638-9071,"973 Aaron Fort Apt. 192, East Thomas, AL 42881",2024-10-11T20:53:16.181646,2025-09-17T09:01:16.181651
6dc70cd7-a1ad-493c-b4a6-78a4abc9aa17,Steven,Williams,1968-04-16,steven.williams103@aol.com,(225) 796-2349,"7548 John Lock Suite 675, Marymouth, NC 10750",2025-05-08T09:17:16.181946,2025-08-24T16:26:16.181950
19bc9abe-f39b-43b6-a4bf-d030079d6712,Tyler,Dougherty,1995-01-15,tyler.dougherty622@hotmail.com,(501) 905-5648,"8774 Angela Mews, Gregorystad, PR 61590",2025-07-03T16:49:16.182221,2025-09-17T12:55:16.182224
01f5c31d-3964-4f3d-8a3a-5dd72abb4c4e,Monica,Lewis,1992-07-13,monica.lewis111@aol.com,(786) 329-3446,"5203 Ward Fields, New Lanceville, PW 48849",2025-03-16T09:33:16.182522,2025-09-12T03:54:16.182526
be964783-44fc-4aaf-ba57-82db230d4e26,Kathryn,Smith,2001-09-08,kathryn.smith862@hotmail.com,(520) 598-4056,"476 Wendy Squares, Joshuaton, OK 04489",2025-03-31T10:56:16.182796,2025-08-21T10:43:16.182800
41fc04ed-4a03-44d5-b228-22a586ea67e0,Yolanda,Chen,1941-12-04,yolanda.chen508@outlook.com,(567) 407-3957,"8105 Chloe Station, Lake Jill, VI 17756",2025-01-03T06:25:16.183070,2025-09-05T22:21:16.183074
8ab95496-e4c3-4f4b-be62-0c6a3369dd75,Jason,Singleton,1982-02-19,jason.singleton789@gmail.com,(228) 665-9964,"051 Lucero Fields Apt. 552, Zacharyfurt, MT 88020",2024-11-20T07:30:16.183381,2025-09-10T05:01:16.183385
3957a4d8-4db4-4176-8d6c-5450d2303c29,Austin,Bryan,2003-05-30,austin.bryan685@aol.com,(949) 460-7468,"412 Williams Rest, Lake William, HI 83771",2024-10-26T05:09:16.183684,2025-08-29T17:55:16.183687
df90b0e5-1d53-493d-af26-814590a9b764,Eric,Castro,1943-12-16,eric.castro219@gmail.com,(910) 877-5711,"9197 Darren Course Apt. 125, Port Garytown, IL 84117",2025-05-09T09:16:16.183968,2025-09-08T17:42:16.183972
6d3a89e3-f690-4362-b782-d6b463fa5e54,Julia,Wiley,1954-07-16,julia.wiley928@yahoo.com,(763) 408-3685,"324 Nicolas Heights Apt. 429, Robertborough, KY 26613",2025-07-22T00:37:16.184256,2025-09-14T22:09:16.184259
5cdaad84-1817-47f3-9c4d-cd5c55e8a786,William,Green,1939-02-14,william.green524@outlook.com,(331) 692-5559,"75955 Gallegos Spur Apt. 096, New Ashley, UT 57367",2024-09-29T21:46:16.184556,2025-09-02T18:36:16.184560
fec0631c-a8f4-4c72-bf38-3c3df6fc2d74,Maria,Fleming,2004-04-02,maria.fleming874@hotmail.com,(716) 974-8084,"8841 Jonathan Mountain, Anthonyville, NC 86789",2025-04-06T18:35:16.184829,2025-09-12T13:56:16.184832
5ec97425-9781-4011-b4cc-29d18128bc4f,John,Mcdonald,1950-07-03,john.mcdonald4@hotmail.com,(938) 563-1280,"690 Haynes Roads Suite 026, Cookville, HI 47425",2025-03-28T11:19:16.185144,2025-08-24T13:08:16.185148
d241d71b-84fb-492d-ad5b-6094b6413232,Carla,Payne,1967-05-31,carla.payne320@gmail.com,(912) 635-5807,"799 Simon Mountains Apt. 459, Timothyfurt, ME 05760",2025-04-18T01:57:16.185443,2025-09-18T05:38:16.185447
df141af0-e584-4438-be83-6c60b54b06a3,Phillip,Santana,1983-09-30,phillip.santana96@aol.com,(351) 737-2640,"6496 Frank Expressway, Oliviahaven, ID 74948",2025-04-18T21:16:16.185721,2025-09-09T11:01:16.185725
207eb183-a6f4-4cca-9477-a56fa843fca5,Carlos,Cook,1956-09-15,carlos.cook320@gmail.com,(757) 295-6460,"2576 Steven Shoals, East Nicole, ME 40809",2025-05-15T12:37:16.185994,2025-09-13T09:17:16.185997
a4aa0834-2723-494e-8853-a156c4a272ee,Cody,Hodge,1934-10-18,cody.hodge888@outlook.com,(316) 845-1275,"328 Smith Estate, Coryside, TX 52149",2024-11-08T17:34:16.186282,2025-09-11T22:40:16.186286
070deff8-0e7e-413c-b4a1-cea080df1fd0,Thomas,Barnett,1963-07-27,thomas.barnett415@outlook.com,(970) 621-5713,"62526 Villanueva Viaduct, Carlsonside, CA 45965",2025-07-18T17:43:16.186592,2025-09-13T16:56:16.186596
b30a554c-0c6f-4e59-ae4f-aa6047ad83d7,Mckenzie,Cordova,1978-05-26,mckenzie.cordova763@gmail.com,(234) 948-2182,"235 Morgan View, New Carolfurt, PW 10628",2025-07-17T03:38:16.186884,2025-09-05T02:16:16.186887
31153716-9fc3-4884-a520-06d0e2016382,Charles,Lopez,1940-10-26,charles.lopez282@yahoo.com,(781) 879-4302,"1562 Hernandez Inlet Suite 704, Whitefurt, TX 68310",2025-08-18T15:29:16.187205,2025-09-02T05:45:16.187209
2dc38974-0db0-4b49-a4e2-5e7ccf40d980,John,Miller,1955-08-11,john.miller903@gmail.com,(575) 344-5643,"25298 Parks Branch Suite 660, Ronaldville, PA 59518",2025-02-06T10:57:16.187507,2025-08-25T07:17:16.187510
fa899fbf-5c8e-4dc7-9a8d-63bebb59c23f,Priscilla,Joseph,1945-03-26,priscilla.joseph225@aol.com,(920) 721-3370,"26861 Adam Station Suite 389, Grahammouth, LA 05723",2025-05-15T16:59:16.187815,2025-08-31T19:22:16.187819
6f8c6dc7-f393-4d59-b39c-d01e76d73c7f,Sean,Stevens,1940-07-08,sean.stevens643@gmail.com,(856) 741-1055,"6540 White Knolls Suite 075, Cynthiaville, MI 96433",2024-11-01T02:16:16.188113,2025-08-22T19:22:16.188117
4acbf2ae-83f1-433c-8fb1-82efe4d8b788,Joseph,Foster,1935-04-12,joseph.foster99@yahoo.com,(708) 683-4215,"122 Jordan Harbor, Teresabury, PW 96535",2025-01-22T01:24:16.188405,2025-08-26T12:52:16.188409
5df4407b-5a9e-4e8c-b686-92bb08783821,Amanda,Nguyen,1937-02-27,amanda.nguyen736@gmail.com,(347) 426-4514,"168 Matthew Route, Robertotown, HI 98381",2024-11-15T21:11:16.188681,2025-08-29T07:56:16.188685
4fc5b3f7-2687-43e4-a6f0-40a66344e359,Mikayla,Newton,1946-10-21,mikayla.newton284@gmail.com,(915) 371-1104,"39449 Heather Causeway Suite 973, Hillburgh, KY 66241",2024-09-27T09:57:16.188986,2025-08-26T11:18:16.188990
095fb325-22b9-4958-a233-ff5c7a6b3517,Larry,Browning,2004-10-17,larry.browning282@hotmail.com,(434) 376-3571,"63062 Adams Rapid Suite 133, Lake Markland, RI 38227",2024-10-02T01:49:16.189291,2025-08-27T12:05:16.189294
0cd20b00-1be2-4907-92db-5822c292fa77,Leah,Walters,1987-01-29,leah.walters388@hotmail.com,(205) 375-7136,"8055 Reed Mills Apt. 773, Lake Peter, MO 04730",2024-10-06T22:01:16.189604,2025-08-19T20:01:16.189608
140550ab-eb28-4599-bd6b-13c87b742985,Mark,Hoffman,1965-02-14,mark.hoffman162@hotmail.com,(972) 745-4532,"85445 Craig Burgs, New Brenda, RI 46589",2025-08-02T20:51:16.189903,2025-08-23T16:50:16.189906
f0b0834c-0fe1-4d77-81af-72cda5c6c6ca,Jennifer,Hubbard,2001-05-30,jennifer.hubbard755@hotmail.com,(910) 315-8853,"68269 Collin Forge Apt. 194, Port Erik, WI 96768",2024-12-17T12:42:16.190188,2025-09-10T04:23:16.190192
1e473a96-5954-49ed-a4ab-0f772153a4e0,Krista,Bell,1990-06-28,krista.bell46@yahoo.com,(763) 702-4363,"455 Elizabeth Spur Suite 888, Perezfurt, NM 99699",2025-03-30T14:56:16.190539,2025-08-25T14:09:16.190543
589c76b9-a067-48ab-87b0-15ac9abe62f4,Donna,Middleton,2003-10-19,donna.middleton708@yahoo.com,(215) 940-1497,"4085 Douglas Springs, South Bettychester, MT 54279",2025-07-04T03:38:16.190864,2025-09-05T17:51:16.190868
832a0ed2-c9c5-41f7-a1fd-c1ccc5814304,Mark,Montgomery,1942-11-13,mark.montgomery297@yahoo.com,(585) 467-3609,"960 Bishop Expressway, Cohenstad, AK 97882",2025-01-21T13:26:16.191207,2025-09-05T00:57:16.191211
e2717903-39b0-4786-ac85-df38ea65c87c,Kristen,Boyer,2001-11-22,kristen.boyer51@yahoo.com,(202) 877-5280,"3273 Anderson Circles Apt. 397, Sanchezmouth, IA 23684",2024-10-15T13:35:16.191542,2025-09-09T09:08:16.191546
59a4f9e4-947f-4436-b134-06a5d70bb62f,Kathryn,Rodriguez,1959-09-14,kathryn.rodriguez566@aol.com,(228) 840-8696,"37100 Camacho Mountains Suite 164, Lake Kimberlyside, VT 03610",2025-07-18T02:42:16.191894,2025-08-22T22:51:16.191898
ea903a0e-7a7e-4c92-a415-4c2c9cd78f75,Karen,Barber,1936-01-14,karen.barber757@hotmail.com,(203) 467-5237,"056 Patterson Crossing Apt. 249, Lake Garychester, TN 45043",2024-09-27T02:19:16.192203,2025-08-28T05:12:16.192207
22783d62-cc5e-4f32-8f84-fc16a2c35687,Thomas,Pope,1986-01-04,thomas.pope586@yahoo.com,(608) 617-5875,"51773 Peterson Spurs Suite 574, Brookeberg, FL 68891",2024-10-30T02:48:16.192507,2025-09-07T03:10:16.192511
f86b8efd-cf2e-4ffc-9a98-ffa79bee6043,Allison,Beard,1970-09-11,allison.beard192@aol.com,(727) 434-7046,"442 Alvarez Mill Suite 222, Micheleview, SC 30374",2025-09-07T07:12:16.192815,2025-09-15T03:43:16.192818
9b7da890-4a57-4e21-8fa4-52ee8f8638f7,Samuel,Aguilar,1935-10-19,samuel.aguilar513@yahoo.com,(878) 382-5512,"5886 Montgomery Extension, Dawnshire, PR 66180",2025-03-21T08:05:16.193109,2025-09-02T06:21:16.193113
e74c0e59-f1e6-4a68-baec-bab377661544,Kelly,Gray,1966-10-06,kelly.gray126@outlook.com,(719) 945-4635,"727 Smith Circles, Jeffreyborough, IN 20173",2025-01-09T08:50:16.193402,2025-09-05T18:38:16.193405
54078575-4dcb-447c-9d80-03d895c04b84,Lisa,Daniel,1979-09-10,lisa.daniel904@gmail.com,(732) 235-2258,"7790 Judith Lakes, South Conniemouth, NY 09308",2025-09-02T20:52:16.193690,2025-09-08T01:51:16.193693
f9e781d1-754d-42bf-ac8b-3d96fdd6ab46,Kristen,Nichols,1937-08-06,kristen.nichols858@aol.com,(973) 736-1214,"79833 Robles Falls, East Hannah, NH 23757",2025-03-25T10:02:16.194136,2025-09-17T12:39:16.194142
0b3ee66f-7804-4713-9578-792f4458976a,William,Baker,1998-07-24,william.baker892@hotmail.com,(906) 854-5699,"312 Brown Forks, New Kathleen, NJ 61353",2025-05-19T00:41:16.194527,2025-09-08T04:32:16.194531
411e54e9-199c-4c29-8215-5e16661a3c54,Joshua,Harrington,1998-08-09,joshua.harrington262@hotmail.com,(224) 912-5816,"71717 Cory Radial, New Tony, OK 01759",2025-07-20T15:50:16.194861,2025-09-05T14:56:16.194865
5d92baaf-80f3-4dc5-b7c3-39998335d130,Shannon,Rodriguez,1983-09-01,shannon.rodriguez533@outlook.com,(447) 569-7399,"970 Webster Rapid, Travisburgh, MA 66992",2025-08-23T01:26:16.195189,2025-09-01T09:31:16.195193
1a246b70-b527-44d7-bbab-af3d60d24bd4,Kayla,Bean,1994-01-21,kayla.bean642@hotmail.com,(832) 634-3336,"354 Garrett Creek Apt. 705, Simpsonburgh, CA 57126",2024-12-10T15:01:16.195557,2025-09-02T10:32:16.195561
a5f36f0e-ca60-40f8-8758-cd1e8ee9270d,Anna,Atkins,2002-06-08,anna.atkins240@hotmail.com,(704) 829-3033,"13348 Flores Pines, Garciaport, RI 28064",2025-01-30T06:21:16.195991,2025-08-24T09:33:16.196001
9e119d4d-3822-43c6-8022-23ec0a3d2031,Franklin,Lee,1953-11-21,franklin.lee587@outlook.com,(706) 999-5856,"92587 Chan Grove, West Thomas, PR 40296",2025-07-05T04:22:16.196338,2025-09-15T05:57:16.196342
9215a749-251c-4db7-8183-c67ace078c8f,Brianna,Cook,1943-05-04,brianna.cook584@hotmail.com,(435) 379-4119,"4696 Smith Lodge Apt. 652, Wangtown, GU 92820",2025-02-26T18:51:16.196675,2025-09-04T01:01:16.196678
c79c9504-9674-4ea6-bcea-43da9d0d27ef,Daniel,Moran,2003-10-31,daniel.moran453@hotmail.com,(414) 967-4537,"56658 Lauren River Suite 411, East Mark, NJ 95038",2025-09-17T03:32:16.196967,2025-08-20T17:51:16.196971
b7c17643-1023-4837-b787-3581afbc7a43,Tiffany,Arroyo,1988-10-07,tiffany.arroyo580@outlook.com,(989) 644-6592,"49960 Brian Junctions Suite 857, Danielberg, FM 98782",2024-12-04T23:07:16.197256,2025-09-05T11:15:16.197259
57683d05-66ee-4f39-8a9a-f80a635e92d4,Frederick,Rowe,1989-06-22,frederick.rowe827@outlook.com,(907) 521-6518,"94938 Samuel Islands, Angelaport, UT 03365",2025-05-27T14:58:16.197605,2025-08-27T22:31:16.197610
f9ab2d82-d0cf-45d7-938e-e74275edfe96,Raymond,Jones,1957-03-20,raymond.jones65@hotmail.com,(252) 319-7343,"3257 Steven Isle Apt. 449, East Davidchester, NE 52445",2024-11-12T12:04:16.197956,2025-08-26T04:55:16.197960
51d90e78-2475-46cd-84da-06d787975a76,Rebecca,Decker,1949-03-13,rebecca.decker793@gmail.com,(415) 844-9549,"96085 Campbell Isle Apt. 191, New Erichaven, PR 11999",2024-09-18T00:02:16.198414,2025-09-13T15:33:16.198418
6e2278f4-c48a-4e40-8dce-896031263624,Lisa,Kaiser,1954-10-28,lisa.kaiser134@gmail.com,(973) 340-6645,"7725 Hunter Ports Suite 786, South Autumntown, RI 51612",2024-12-19T06:54:16.198744,2025-09-12T08:46:16.198748
23c62232-cea1-4cf8-90c6-102e0c8bb6f9,Adam,Morris,1949-06-11,adam.morris92@yahoo.com,(340) 521-6863,"95873 Barry Stravenue Apt. 323, Huntertown, ND 79396",2025-03-08T11:44:16.199099,2025-08-25T01:43:16.199103
3b6222bd-b00c-42e1-b760-20b9511ddfd9,Richard,Fernandez,1941-11-01,richard.fernandez326@gmail.com,(340) 678-9122,"3334 Roger Groves Apt. 350, South David, MS 03833",2025-02-28T05:26:16.199456,2025-09-17T11:31:16.199460
5e81d357-27cd-4d83-b96d-c2cda9299027,Sharon,Dickerson,1972-05-09,sharon.dickerson55@yahoo.com,(509) 662-4356,"77633 Lawrence Crossing Apt. 289, East Katherineville, NM 97578",2024-11-20T21:06:16.199903,2025-09-13T11:18:16.199908
8af86139-af9f-4e43-946c-30de81b83f79,Nicole,Stewart,1983-05-19,nicole.stewart532@yahoo.com,(754) 375-9947,"85748 Sierra Brook, South Lindafurt, PR 13616",2025-09-04T04:44:16.200201,2025-08-31T00:11:16.200205
c073bf59-ed27-4f49-a837-8c210ceb82d2,Heather,Collins,2005-01-14,heather.collins805@gmail.com,(959) 757-8023,"431 Liu Brook Suite 502, East Anne, DC 68477",2025-07-07T12:16:16.200551,2025-08-23T09:47:16.200555
04992a63-75c1-4e6a-941e-a9c93d32b9d7,Charles,Harrison,1978-11-12,charles.harrison358@gmail.com,(620) 890-3608,"345 Morrow Manor, East Sharon, FL 97752",2024-11-30T10:38:16.200902,2025-08-31T02:29:16.200906
fc11444b-9355-4ed3-b4a7-f8cab9200b04,Jacob,Buckley,2001-12-13,jacob.buckley605@yahoo.com,(910) 991-5399,"3465 Howell Burgs, West Anthonyfort, AZ 96832",2024-09-29T06:26:16.201205,2025-09-08T18:50:16.201209
3dc067b6-916f-4c3e-aa14-ef05640f1374,Thomas,Williams,1968-11-26,thomas.williams346@outlook.com,(989) 724-2081,"10531 Mcneil Creek, Marshallchester, PR 70850",2025-03-02T23:46:16.201624,2025-08-31T17:47:16.201630
4ad4881b-a9e8-44fb-ae12-f732d70c37ce,Brandy,Morrison,2003-11-13,brandy.morrison463@gmail.com,(563) 589-2277,"7425 Krueger Skyway Apt. 779, East Jeffrey, DC 19191",2025-07-14T04:25:16.202068,2025-08-31T08:27:16.202072
9113394e-1241-4e85-87a9-6d6c6caf8dbd,Matthew,Paul,2002-10-30,matthew.paul545@outlook.com,(615) 897-9591,"133 Lopez Shoals Suite 579, Kathleenberg, MD 55816",2024-12-01T13:57:16.202451,2025-08-28T11:48:16.202455
78c39242-3e6e-4eb4-9817-d2c8e56359aa,Mary,Riley,1971-12-29,mary.riley181@gmail.com,(641) 583-5396,"032 Douglas Bypass Apt. 265, New Timothystad, ID 82907",2025-03-02T07:03:16.202755,2025-08-19T08:24:16.202759
622fa6c2-d17f-43c7-a6f1-cf293b50c5cf,Jodi,Lewis,1994-04-05,jodi.lewis415@aol.com,(408) 466-2304,"714 Rogers Ferry Suite 578, Alvaradomouth, WV 68536",2025-03-26T22:20:16.203079,2025-08-23T17:35:16.203082
3977e204-acb9-412e-a69e-0b8d96042a55,Amy,Diaz,1994-06-04,amy.diaz882@gmail.com,(860) 308-7409,"37118 Martinez Key, Shaunside, CO 66656",2024-11-03T11:02:16.203381,2025-08-27T22:06:16.203385
11fff200-da6e-47f8-b8e6-65db73fcdbf4,James,Pugh,1998-07-30,james.pugh936@aol.com,(830) 813-8933,"30358 Anna Pines, Port Amandaside, IN 91424",2025-07-26T08:12:16.203674,2025-09-13T03:19:16.203677
a53c2c9d-b80d-4f10-9d1a-7b4dce87690f,James,Garcia,1980-02-28,james.garcia488@yahoo.com,(904) 299-4901,"289 Garrison Harbors, South Kennethhaven, MT 62962",2025-03-05T19:25:16.203969,2025-08-19T11:14:16.203973
d1bd7022-4b90-4609-b83f-3c0fb9b84e45,Erica,Griffith,1940-02-10,erica.griffith575@hotmail.com,(254) 819-3156,"48439 Brian Loop, East Timothy, GA 32281",2024-11-23T22:32:16.204242,2025-08-24T00:24:16.204246
711c9350-7b45-4155-847a-d0e3bef45986,Rachel,Lucas,1951-05-17,rachel.lucas306@outlook.com,(409) 341-9072,"51342 Martinez Streets, East Scott, TX 36607",2025-04-15T19:00:16.204548,2025-09-15T12:07:16.204551
164f686e-a7bf-445a-b3c7-9ee9c8d9dcda,Alexandra,Wilson,1953-04-19,alexandra.wilson27@hotmail.com,(347) 206-1645,"973 Evans Crossing, Hernandezmouth, FM 36166",2025-03-27T23:56:16.204858,2025-09-02T08:18:16.204861
b9e1444f-5d06-4701-a277-e8243fdefd5a,James,Vance,1952-12-26,james.vance756@gmail.com,(423) 898-2644,"9274 Alexandra Corners Suite 376, Brownville, VI 37227",2025-04-21T18:32:16.205157,2025-09-13T15:58:16.205161
12407844-1058-45b8-a9b5-d911392d8fbe,Summer,Bowman,1991-03-24,summer.bowman867@hotmail.com,(870) 956-3747,"451 Craig Valley Suite 397, New Ryan, KY 14127",2024-10-23T14:18:16.205458,2025-09-08T19:53:16.205463
3a44c346-5cba-490a-a999-e4664b73cd42,Kristina,Monroe,2000-03-15,kristina.monroe757@outlook.com,(206) 292-9512,"91919 David Track Apt. 599, Ochoaton, MI 85316",2025-04-07T06:11:16.205801,2025-09-06T21:18:16.205805
d258f77b-c87b-41e1-b16f-e1e7fc69070c,Sarah,Berry,1973-01-27,sarah.berry139@aol.com,(708) 358-1535,"6039 Andrew Isle, West Samanthatown, VA 60351",2025-01-21T09:54:16.206143,2025-09-03T17:45:16.206151
45324c19-cbfc-413b-a352-2d6e3abe7e75,Heather,Vega,1982-02-15,heather.vega807@hotmail.com,(479) 778-4049,"7057 Mack Estates, New Kelli, OH 85473",2024-10-26T05:43:16.206479,2025-08-31T21:49:16.206483
ac0b4539-f7de-47d2-9321-f6d570de2c7c,Natalie,Mullins,1977-07-07,natalie.mullins333@yahoo.com,(681) 919-5006,"55983 Poole Courts Apt. 659, Fowlerfurt, ID 35193",2025-09-07T20:37:16.206833,2025-09-10T06:22:16.206838
f890d579-4d1f-4822-b990-55c38f9731cc,Heather,Shaffer,1943-12-01,heather.shaffer733@hotmail.com,(323) 384-8320,"50139 Stout Squares, Katherineside, HI 52663",2024-09-21T04:50:16.207151,2025-08-30T21:00:16.207154
e3a87818-11cb-4519-a82a-352b7cb8aaca,Craig,Davis,1941-06-07,craig.davis134@aol.com,(385) 228-2614,"2585 Anderson Lights Apt. 499, West Yvonnemouth, GU 05845",2025-03-23T17:45:16.207491,2025-08-26T15:12:16.207494
cf096e01-430c-43fb-aab9-743b69813c53,Joshua,Contreras,1959-10-29,joshua.contreras527@hotmail.com,(662) 389-4879,"3333 Wong Forge, North Kenneth, AK 80745",2024-11-30T12:57:16.207821,2025-08-25T10:17:16.207824
b8310a00-0a17-49c3-8d1c-3319f5af4fb3,Sara,Perry,1985-12-02,sara.perry768@aol.com,(651) 879-1393,"2896 Francis Squares, Lindaview, NE 49027",2024-11-11T11:49:16.208133,2025-09-06T13:18:16.208137
bda00e41-1cd9-4fde-b804-c6baf1aff7ad,Stephanie,Giles,1988-07-12,stephanie.giles119@hotmail.com,(463) 361-2934,"25389 Colin Tunnel Suite 851, Lake Michael, UT 85037",2025-07-18T19:12:16.208423,2025-09-17T00:50:16.208426
7dcbb81e-8af2-4d6c-9791-6f59b6a9edc7,John,Andrews,1963-10-31,john.andrews761@gmail.com,(907) 978-8170,"779 Brown Extension Apt. 878, West Thomasberg, CA 89893",2025-04-16T22:52:16.208728,2025-09-14T05:47:16.208731
ff3b4d3b-edc4-4eff-98c2-e8a91318b915,Ana,Higgins,1995-08-11,ana.higgins292@aol.com,(214) 771-7468,"097 Padilla Dale Suite 374, Markshire, AS 67079",2025-08-15T15:11:16.209072,2025-08-29T14:07:16.209076
220513cd-10f3-4733-a04a-6673355f17ed,Brianna,Ryan,1979-10-24,brianna.ryan583@aol.com,(973) 553-3100,"90591 Christina Pines Suite 233, Port Howard, SD 65378",2025-09-05T06:54:16.209395,2025-08-20T15:09:16.209398
b9f9c11f-06d0-47ca-9d5e-fe8e17d10c27,Gary,Davis,1988-09-14,gary.davis145@outlook.com,(830) 255-7921,"6725 Cody Knoll Apt. 647, East Jorgeborough, IN 46533",2025-07-16T05:25:16.209684,2025-08-29T11:37:16.209688
a1f514cd-2d76-4174-b8a1-b276cadd2ab3,Gerald,Walton,1967-05-23,gerald.walton976@aol.com,(405) 900-1124,"90805 Gary Pines Apt. 056, Anthonyshire, OK 49631",2025-08-16T03:30:16.209967,2025-08-30T17:09:16.209971
b3931b44-0b2a-4b8f-8a04-fe221bbfd18a,Tyler,Lopez,1963-03-28,tyler.lopez292@aol.com,(762) 376-5032,"83512 Berry Mill Apt. 827, New Benjaminside, FM 16266",2025-02-18T21:44:16.210304,2025-09-15T00:33:16.210308
fdcf90a0-0fa0-4f66-89b0-227f8f436393,Taylor,Rodriguez,1972-08-16,taylor.rodriguez501@yahoo.com,(406) 633-9458,"73929 Pace Shoals, Bowersville, TN 73175",2025-01-30T11:43:16.210629,2025-09-17T00:13:16.210632
340254b1-e139-40dd-8d9b-d64059681b24,George,Diaz,1978-04-13,george.diaz82@yahoo.com,(239) 494-6916,"60507 Melanie Course Suite 899, Shermanborough, LA 42485",2025-01-07T14:45:16.210948,2025-09-14T21:58:16.210952
fb4cf678-56a5-4d02-a721-f8c908b47818,Jerome,Gonzalez,1965-06-24,jerome.gonzalez688@outlook.com,(443) 821-7595,"6170 Garcia Points Suite 964, Gayport, WI 90161",2025-09-02T13:41:16.211635,2025-09-06T01:31:16.211641
54c1dd85-a237-44e2-b98a-071efef0e811,Joseph,Williams,1995-04-20,joseph.williams989@gmail.com,(626) 841-1408,"982 Stevenson Place Apt. 046, West Tamara, AR 90175",2024-09-24T16:18:16.212051,2025-08-27T06:22:16.212056
5d562c10-1f85-4ccf-9ba1-48abe50cc454,Nancy,Warren,2007-04-15,nancy.warren256@yahoo.com,(262) 524-3820,"031 Dodson Forges Suite 137, New Danielle, AL 06429",2024-11-20T00:15:16.212426,2025-09-15T01:34:16.212431
b2af496d-5a66-4428-a5ac-d12a80d596a2,Christine,Norris,1936-05-14,christine.norris105@hotmail.com,(737) 591-2631,"52635 Williams Divide, New Elizabeth, FM 55923",2025-09-11T12:13:16.212814,2025-08-23T06:48:16.212819
3724db1f-8c7f-4913-a53a-c0a44e62ee7c,Christine,Johns,1951-11-03,christine.johns143@hotmail.com,(216) 419-8655,"066 Ramirez Field Suite 490, Williamsmouth, DC 87396",2025-08-07T07:35:16.213205,2025-08-27T16:10:16.213211
25871394-8b41-49f3-967e-e99d986eca87,Benjamin,Wilson,1941-12-09,benjamin.wilson517@yahoo.com,(954) 659-3401,"28524 Mitchell Heights Suite 941, South Mackenzieborough, CO 73213",2024-12-19T10:48:16.213668,2025-08-25T11:30:16.213674
f8348850-e8f4-48bc-bbea-c66fe261ed56,Christina,Holmes,1962-01-10,christina.holmes526@gmail.com,(507) 784-8214,"1130 Lopez Track Apt. 369, Samuelberg, NV 78751",2024-11-18T02:53:16.214202,2025-08-24T18:16:16.214208
1fc067ad-023d-4aa8-91f5-78289846596f,Matthew,Gordon,1997-07-07,matthew.gordon524@yahoo.com,(857) 890-5430,"509 Stacy Junctions, Sandrastad, NH 26800",2025-03-21T07:13:16.214664,2025-09-15T06:01:16.214669
aafed66a-f03b-42c3-91d2-a62810daf955,James,Hernandez,1995-12-03,james.hernandez434@hotmail.com,(320) 563-7998,"23570 Jones Gardens, Angelaberg, OH 42123",2024-10-25T02:47:16.215087,2025-09-08T18:56:16.215093
ba87e6e4-9513-4d91-9a2c-bef5f28afb51,Brian,Brown,1953-10-12,brian.brown656@aol.com,(571) 824-7165,"255 Douglas Cove, North Patrick, OK 08157",2025-05-16T18:32:16.215469,2025-09-09T21:24:16.215475
7352c0dc-b3a1-42ca-b49f-145f2b630a13,Patricia,Wilson,1991-09-27,patricia.wilson515@yahoo.com,(940) 997-4637,"810 Pineda Rue, Campbellfurt, NV 98551",2025-08-17T12:39:16.215931,2025-09-16T08:05:16.215937
e0f9cdf4-48f2-4725-b8ca-00758a194474,Michael,Salazar,1992-11-30,michael.salazar918@hotmail.com,(517) 566-3674,"2785 Drew Route Apt. 642, Jodychester, AS 39803",2024-09-25T14:00:16.216311,2025-09-13T03:00:16.216317
7d2f8695-4349-4afc-b5af-f416def1d2ba,Andrew,Jenkins,1972-04-30,andrew.jenkins508@aol.com,(364) 468-3040,"2536 Stephenson Mount, Wallacefurt, NH 48153",2024-09-25T06:20:16.216705,2025-08-31T20:10:16.216710
f26832e7-9a20-4d46-a267-851356d3e955,Erika,Ross,1937-11-22,erika.ross43@aol.com,(917) 754-1046,"33939 Mccullough Plaza, Brooksport, IL 51989",2025-05-05T21:31:16.217093,2025-08-29T17:24:16.217099
3e29e28b-c8e3-46c5-90e0-5a6f6318d3d7,John,Daniels,1975-10-09,john.daniels999@outlook.com,(951) 605-8214,"603 Matthew Estate Suite 862, Johnsonborough, MS 74870",2025-06-18T13:04:16.217472,2025-08-27T23:35:16.217477
7a420855-1b97-455e-9a3e-181a6081169b,Donald,Reese,1975-10-10,donald.reese952@aol.com,(712) 911-1728,"693 Robert Mountain, Port Joanna, WV 64291",2025-07-28T22:21:16.217837,2025-09-10T04:35:16.217843
1eccb974-2ce4-4d58-9520-89fd5d88c445,Lisa,Hines,2000-03-14,lisa.hines498@aol.com,(205) 250-1405,"111 Alan Wall, West Melissamouth, MH 47253",2025-08-24T04:08:16.218229,2025-09-05T06:48:16.218236
990c6d6e-e3c4-42fe-b5e7-10ed0963156d,Patrick,Rubio,2006-04-17,patrick.rubio323@hotmail.com,(760) 572-9028,"9597 Morgan Extensions, Kevinside, GA 20426",2025-02-23T02:08:16.218659,2025-09-13T18:47:16.218666
21e70901-25bc-4c1f-9c3d-1bb9b002e33c,Jason,Patel,1954-04-17,jason.patel718@aol.com,(580) 255-2776,"88743 Elizabeth Drive Suite 102, Kennedyfort, GA 03116",2025-01-16T16:16:16.219122,2025-09-03T05:33:16.219128
f192168d-0966-42d1-ae68-7be18f71536c,Tara,Richards,1990-04-19,tara.richards628@yahoo.com,(267) 599-1454,"79551 Jones Dale Suite 621, Lake Malik, VT 11389",2025-07-24T23:21:16.219584,2025-09-02T02:28:16.219591
0bc88ed4-5a17-4a59-ad91-49aff93e2fff,Lindsey,Lloyd,1943-12-27,lindsey.lloyd131@gmail.com,(440) 281-3832,"54384 Tracy Expressway Apt. 344, Ferrellmouth, AZ 36262",2025-06-26T13:45:16.220069,2025-09-02T06:44:16.220077
ed8469fd-8162-4805-9d3f-fc3912991182,Mary,Cook,1946-04-16,mary.cook234@gmail.com,(769) 554-7322,"090 James Mountains, Priceview, UT 49671",2025-05-04T13:56:16.220605,2025-08-28T01:42:16.220612
458b557a-f692-4b72-b267-e69110152024,Holly,Hunt,1967-11-03,holly.hunt377@outlook.com,(574) 867-8654,"525 Tran Overpass Suite 417, Port Elizabethmouth, VI 67189",2025-02-06T02:10:16.221089,2025-09-12T07:16:16.221096
0efcbc87-5145-4af0-88ad-bf7aa6cfacba,Alexander,Anderson,1969-11-06,alexander.anderson657@gmail.com,(409) 701-3780,"25129 Kimberly Way, North Jennifermouth, VI 81432",2025-04-02T16:18:16.221480,2025-09-12T13:34:16.221485
93a79e74-b3f1-4e9e-b7bd-b782890a9024,Christopher,Sims,1978-04-17,christopher.sims737@outlook.com,(917) 715-3372,"191 Janet Flats Apt. 211, South Latashabury, IL 07054",2025-08-15T01:36:16.221880,2025-09-13T06:42:16.221886
7ed85287-c7fd-4d0e-b07d-3ff149405fc5,James,Garrett,1974-10-23,james.garrett979@yahoo.com,(669) 467-5290,"79274 Scott Parkways Apt. 123, Douglasside, OK 25318",2025-04-07T07:17:16.222417,2025-08-30T11:49:16.222425
2987ecaa-ed06-42e3-bb5b-78d16d7dde56,Michael,Jones,1939-02-19,michael.jones984@yahoo.com,(859) 724-5185,"26949 Hunter Heights Apt. 645, New Adrian, FM 90092",2025-01-16T11:41:16.222955,2025-08-23T00:15:16.222973
333ac925-07fe-4337-91b2-2386c2a6978b,Diana,Martin,1990-05-21,diana.martin386@gmail.com,(507) 237-2467,"5096 Emily Stravenue, Smithland, MD 77589",2025-07-28T10:51:16.223290,2025-08-28T17:23:16.223294
43e20cd4-3637-4364-8e7c-b7f1f924a391,Melissa,Jacobs,1944-09-23,melissa.jacobs402@gmail.com,(404) 780-4442,"575 Wood Hills Suite 583, New George, UT 46755",2025-08-16T16:25:16.223627,2025-09-06T00:31:16.223631
c5485ecd-1e8c-4539-85ea-ad68f52a0839,Julie,Murray,1959-08-08,julie.murray47@outlook.com,(218) 720-8878,"7226 Herring Well Apt. 562, Diazchester, WY 87240",2024-12-31T13:08:16.223937,2025-09-03T06:32:16.223942
20e3475c-5acc-4d11-973c-2230a0085abd,Chris,Shah,1936-11-16,chris.shah142@yahoo.com,(435) 522-6068,"67245 Andrew Lock, West Maria, PR 72502",2024-11-21T02:30:16.224212,2025-08-23T12:37:16.224217
3536cf88-5f5e-45cc-a300-12758a68c0cf,Crystal,Tucker,2004-10-06,crystal.tucker48@outlook.com,(773) 643-7388,"2705 Carl Islands Suite 942, New Sherry, AS 28865",2025-07-29T02:19:16.224578,2025-08-22T20:41:16.224582
9f98e0cb-970c-4af7-a9b7-e5c329807852,Katherine,Frye,1947-09-17,katherine.frye536@yahoo.com,(209) 576-4189,"496 Carol Pines Suite 552, Annettefort, CA 02822",2024-12-25T18:22:16.224885,2025-09-14T23:25:16.224889
602f6959-f279-410b-b2be-45a684c45bd6,Jacqueline,Sanchez,1944-11-28,jacqueline.sanchez75@hotmail.com,(681) 231-7078,"7485 Hale Crossroad, Kimberlyshire, PW 30506",2025-03-19T00:04:16.225140,2025-08-18T18:25:16.225143
35f9c06d-b4d6-4ea3-8f7f-c8eddae8e8d7,Robert,Wright,1936-07-07,robert.wright390@aol.com,(209) 509-2288,"58162 Miller Overpass Suite 941, Priceborough, WY 36704",2024-10-09T15:50:16.225405,2025-09-03T05:34:16.225408
dfa7baa2-f73f-4b9f-b5cd-be3eb9670840,Jack,Strickland,1984-08-21,jack.strickland99@outlook.com,(915) 889-3370,"05597 Kristen Island, Gallowayside, ID 85152",2025-03-15T06:00:16.225647,2025-09-14T11:06:16.225650
7d4fe16d-4643-47c6-b0ea-8d877129776a,Tyler,Harper,1937-04-16,tyler.harper698@gmail.com,(586) 581-8964,"038 Wright Lane Suite 044, East Kenneth, AK 85912",2024-09-23T04:32:16.225895,2025-09-10T13:29:16.225898
48e39e77-0189-4ee1-8780-7246869e37c4,Angela,Marshall,1986-06-12,angela.marshall848@yahoo.com,(347) 485-8700,"682 Blake Coves Suite 743, Mitchellshire, DC 42811",2025-08-03T10:32:16.226362,2025-09-16T01:59:16.226365
de0d31f7-5a37-4e91-a8b9-3d45c21e1f2e,Caleb,Parrish,1938-04-02,caleb.parrish7@aol.com,(830) 267-1965,"2568 Cristina Rue Suite 625, Lake Justinshire, WV 75019",2025-08-26T15:35:16.226629,2025-09-11T00:55:16.226633
ea09bb12-dd45-4ba8-8724-d71c5cbcb941,Stephen,Brown,1935-08-03,stephen.brown205@yahoo.com,(231) 233-8575,"12218 Shelby Freeway Apt. 555, South Matthewland, NM 53003",2025-04-03T16:40:16.226887,2025-09-10T18:49:16.226890
ebab3f00-95c4-4544-9821-9925eb95b5a3,Joseph,May,1935-01-17,joseph.may480@outlook.com,(740) 807-4495,"137 Darius Ways, Jeremyton, SD 90091",2025-05-31T15:09:16.227130,2025-09-16T13:42:16.227133
a50d7328-24f4-4e7f-acf3-0400f7d1b798,Anthony,Cameron,1965-09-10,anthony.cameron158@yahoo.com,(660) 993-7607,"03322 Morris Throughway Suite 084, Johnsonchester, OH 09408",2025-02-08T13:11:16.227395,2025-09-05T00:46:16.227399
af98e1a7-7131-466b-ab14-cf78cb66b511,Curtis,Johnson,1937-06-20,curtis.johnson735@yahoo.com,(518) 506-9879,"51958 Randy Drive Apt. 944, Williamburgh, MP 26923",2025-02-03T06:13:16.227626,2025-09-17T02:35:16.227629
6ce8b3b0-34a1-4b60-9ef0-8027578e7efd,Felicia,Murphy,1949-11-24,felicia.murphy344@hotmail.com,(660) 281-6967,"47079 Harris Creek Apt. 613, Port Ashley, WA 39640",2024-11-15T11:02:16.227874,2025-09-11T11:53:16.227878
71c2a793-cd69-4da4-9c71-7ae692d21d3c,Stephen,Meyers,1995-02-02,stephen.meyers798@hotmail.com,(862) 597-2552,"39438 Kyle Forge Apt. 537, Cortezmouth, MO 79381",2025-05-03T16:53:16.228127,2025-08-28T09:58:16.228131
5c4be9a0-46f6-44f4-ac3a-70bb16e199fe,Thomas,Castillo,1996-10-19,thomas.castillo139@aol.com,(423) 648-6140,"319 Nicole Walk Apt. 900, Sarahport, NV 50494",2025-06-17T03:07:16.228354,2025-08-28T17:15:16.228358
58e190fc-6bc8-405e-b384-f9e896d9be4b,Brent,Richardson,1974-02-18,brent.richardson649@yahoo.com,(631) 232-8177,"514 Valdez Hills Apt. 142, Stephenborough, DE 83955",2025-08-16T13:58:16.228603,2025-09-06T05:15:16.228606
b3aacac0-c544-4750-bc48-7b7411691d9b,Spencer,Frederick,1980-04-27,spencer.frederick792@yahoo.com,(208) 408-2941,"13798 Nelson Squares, Brownberg, IL 09041",2024-10-19T04:02:16.228856,2025-08-29T19:01:16.228860
dafe56d0-fd92-4ab6-abab-8eb86a77233b,Megan,Johnson,1984-12-23,megan.johnson368@outlook.com,(650) 978-4991,"6209 Diane Trail Suite 473, Andrewview, VI 25151",2024-12-12T13:54:16.229086,2025-09-01T02:13:16.229090
b3130bf1-c47b-42cb-a837-73950010ed92,Michael,Patrick,1951-02-05,michael.patrick270@gmail.com,(231) 996-4958,"730 Cox Rapid Suite 778, West Donna, MN 95685",2025-03-09T09:37:16.229330,2025-09-08T14:45:16.229333
46098b5d-a09a-4920-8ca1-f2fb93a85e41,Frank,Fowler,1986-11-08,frank.fowler357@outlook.com,(207) 274-9081,"657 Saunders Drive, Lowechester, MN 57086",2025-09-10T15:08:16.229616,2025-09-16T20:56:16.229620
72f51ae3-f8a5-488a-85d5-889f1d2e89f2,Lance,Dyer,1953-10-25,lance.dyer48@hotmail.com,(662) 450-1092,"778 Pamela Junctions Apt. 958, Port Lauren, DC 27477",2024-10-06T03:59:16.229866,2025-08-20T00:37:16.229871
8008831d-3398-4bd4-8e14-e47a8f59eb8b,Angela,Barnes,1934-12-31,angela.barnes809@gmail.com,(916) 661-6296,"190 Michael Shores, Lake Jeremy, VT 44396",2025-01-27T03:36:16.230255,2025-09-02T09:54:16.230259
13a674d7-a16e-4d08-a029-50543506103a,Audrey,Dennis,1975-02-07,audrey.dennis475@hotmail.com,(215) 911-3065,"639 Brady Spurs Apt. 372, Lake Aaron, WY 66628",2025-06-23T12:36:16.230639,2025-08-19T22:08:16.230643
de06b713-f214-4d51-9a2e-48a62f614a71,Jon,Moon,1992-01-03,jon.moon587@hotmail.com,(845) 940-1070,"4381 Andrew Burgs, Davidburgh, GU 89693",2024-09-22T16:52:16.230941,2025-09-05T21:25:16.230945
7fd44ad8-2e56-4c9e-a316-90ec3baf56d7,Austin,Chavez,2001-09-27,austin.chavez52@gmail.com,(631) 442-8843,"6094 Hughes Fords Suite 699, Reidshire, AZ 89514",2025-08-21T17:52:16.231280,2025-09-02T10:48:16.231283
7090c562-da18-4f4d-b737-224375704f36,Vanessa,Porter,1946-07-17,vanessa.porter2@hotmail.com,(251) 381-4502,"7681 Barker River, Stacyfort, AK 50304",2024-12-23T15:51:16.231545,2025-09-16T01:35:16.231548
82388688-5bd1-4e65-9cc6-814a3360c2ca,Victor,Blake,1981-10-06,victor.blake11@gmail.com,(336) 953-1213,"8113 Shawn Summit Suite 397, West Kylemouth, IL 80942",2025-08-28T10:26:16.231800,2025-09-16T01:37:16.231804
a583c9c7-4cf1-466a-86db-07e55f465c42,Anna,Sutton,2001-02-28,anna.sutton260@aol.com,(719) 401-1047,"718 Steven Square, Solisside, SD 95440",2024-11-16T12:32:16.232080,2025-08-27T17:11:16.232084
29c35dd3-5a4c-4bfd-9257-3228e20fecc7,David,Wilson,1998-01-28,david.wilson306@aol.com,(707) 822-1669,"74204 Simmons Spur Apt. 137, Wrightfurt, WI 98088",2024-12-02T12:07:16.232374,2025-08-22T08:51:16.232378
66b8c32b-75f5-4ab3-bccd-27d843350aac,Raymond,Williams,1954-01-30,raymond.williams15@yahoo.com,(858) 257-7011,"9737 Craig Dam, Lake Tiffany, PA 74264",2025-03-17T13:39:16.232600,2025-08-31T05:09:16.232604
a6994583-0b27-4ea6-8889-3ea95d32bddd,Jeffrey,Richardson,1975-05-01,jeffrey.richardson672@outlook.com,(224) 651-8069,"858 Robert Bypass, Samuelchester, CA 09043",2025-02-08T11:53:16.232824,2025-09-09T10:42:16.232827
f380a8dd-5cba-4806-9dac-c3e4bec790e3,Dennis,Fry,1980-03-03,dennis.fry682@hotmail.com,(351) 956-6628,"8321 Fernando Ports Apt. 378, Angelafort, CA 86518",2025-02-22T10:18:16.233057,2025-09-10T15:39:16.233060
00d875ec-a1bc-4331-a3f6-ac6dbfb5ce6a,Kevin,Wilson,1996-10-24,kevin.wilson616@gmail.com,(938) 899-7230,"24260 Brown Turnpike, North Aliciaview, OR 70037",2025-05-16T06:46:16.233300,2025-08-19T13:07:16.233303
2e09fb7d-41ae-497a-81b2-732e6b447685,Eric,Cain,1977-08-22,eric.cain81@hotmail.com,(682) 884-9667,"3377 Lewis Extensions, Transide, PR 09796",2025-05-03T15:09:16.233556,2025-08-18T18:37:16.233560
008ce816-4c8e-4d79-af4f-5cd8ff605bb7,Michael,Hodge,1982-03-29,michael.hodge991@yahoo.com,(510) 647-7073,"8192 Courtney Loop, Sharonview, MT 08322",2025-09-06T21:14:16.233780,2025-08-20T14:22:16.233783
7a35338b-f3cf-43c8-b468-cd1f2071d233,Amanda,Flores,1964-11-21,amanda.flores940@outlook.com,(607) 720-2434,"56793 Timothy Turnpike, Lucasburgh, IA 79010",2025-03-13T16:21:16.234026,2025-09-15T06:47:16.234029
1e56378d-a64e-4e25-ae6e-763e41154da5,Kathleen,Jones,1958-08-04,kathleen.jones956@aol.com,(574) 253-5338,"1812 Mike Lock, Stevenmouth, ME 70662",2025-01-27T07:52:16.234252,2025-08-18T17:01:16.234255
ea130675-e385-4c62-a746-eaa111ebfe25,Tamara,Wyatt,2005-09-08,tamara.wyatt547@outlook.com,(331) 707-9697,"9899 Taylor Course Suite 588, West Crystalview, VI 38373",2025-01-03T00:42:16.234484,2025-09-09T17:17:16.234488
2a5d1de6-225a-4e9e-9769-72b70a83c3de,Erik,Bullock,1944-09-14,erik.bullock116@yahoo.com,(856) 398-3680,"4358 Ramirez Rapid, Santiagoborough, WI 80855",2025-02-22T08:46:16.234737,2025-09-04T14:51:16.234741
8f779b47-0b27-4b73-9389-1de5b9b3755c,Robert,Barker,1972-08-31,robert.barker662@yahoo.com,(234) 981-6850,"885 Lauren Prairie Apt. 143, New Kristy, MP 44721",2025-07-15T12:39:16.234963,2025-09-13T04:29:16.234966
1b67f2a9-6732-48d7-91ee-23bb3ec604aa,Stephen,Pacheco,1983-07-30,stephen.pacheco436@hotmail.com,(216) 818-5933,"7497 Thomas Rest, West Davidfurt, GU 72680",2025-03-22T16:49:16.235208,2025-09-02T02:47:16.235211
e7ede390-8689-4e1d-bcbe-c08309be74fa,April,Lopez,2003-11-21,april.lopez661@hotmail.com,(425) 789-8940,"8948 Gonzalez Center Suite 791, Kimmouth, DE 18815",2024-09-24T19:46:16.235493,2025-08-20T22:20:16.235496
e03dd9c9-0a69-4169-9546-50a06442c229,Bryce,Wolf,1985-09-28,bryce.wolf295@gmail.com,(681) 685-4638,"41884 Kristen Summit, Harrisshire, AR 01792",2025-07-18T22:07:16.236070,2025-09-13T08:34:16.236077
f1b8edc0-3e86-4afc-94d7-d83aae2a4087,George,Weber,2003-08-05,george.weber15@hotmail.com,(847) 327-3555,"3339 Reilly Knoll Apt. 208, Kathrynburgh, AS 50737",2024-09-21T06:24:16.236474,2025-08-22T06:09:16.236479
c1efa820-3265-4b6f-a6f2-9dfe2b439a9d,Joshua,Smith,1956-02-04,joshua.smith206@yahoo.com,(619) 653-5303,"947 Cody Vista, Walkermouth, RI 22212",2024-12-05T17:04:16.237110,2025-08-25T20:49:16.237117
8f92e75a-f29c-4932-b949-f3f5424f6fae,Thomas,Ramirez,1984-06-29,thomas.ramirez752@gmail.com,(661) 614-1936,"469 Griffin Fort, Port Christophermouth, NV 20212",2025-08-21T06:33:16.237609,2025-08-27T23:41:16.237616
627ec40b-4a83-4640-8ac9-53dc19f19201,Sarah,Christensen,1994-05-29,sarah.christensen7@gmail.com,(832) 885-6165,"76855 Victor Ridges Suite 793, Drewland, PA 92111",2025-02-26T07:22:16.238133,2025-08-22T15:28:16.238139
3083526d-95ee-4ee5-9493-2ce62984466b,Caroline,Powell,1961-03-21,caroline.powell65@yahoo.com,(612) 948-5535,"6434 Nicolas Wells Suite 093, South Jennifertown, MS 75429",2025-04-03T01:41:16.238763,2025-09-17T19:59:16.238769
e586c156-eef0-44a1-8062-51760788ced8,Heather,Smith,1995-12-05,heather.smith739@outlook.com,(706) 806-4465,"1645 Joseph Green Suite 223, Port Barry, MS 48286",2025-07-31T10:12:16.239243,2025-08-28T12:49:16.239248
f85c33cd-1eea-402d-bcbb-adf30e61e7ea,Philip,Davis,1968-08-26,philip.davis964@yahoo.com,(445) 785-4991,"804 Alicia Glens, Hernandezberg, PR 57634",2025-08-08T19:09:16.239763,2025-09-13T10:30:16.239770
b1a64fd5-e991-4f3e-802e-d0c4410ac828,Shelby,Lopez,1957-10-25,shelby.lopez783@outlook.com,(217) 671-6556,"81319 Ashley Tunnel Apt. 487, Jacobsonbury, AK 26110",2025-03-07T04:39:16.240254,2025-09-12T14:26:16.240259
a99b1ad2-940f-4451-8c9a-bc161c466820,Austin,Garcia,1965-07-02,austin.garcia239@yahoo.com,(334) 348-1748,"8522 John Branch, Melissaview, NY 03216",2025-02-14T21:29:16.240747,2025-09-06T05:39:16.240754
f1098057-c87a-4044-a9a4-8959c6e0e867,James,Jackson,1937-11-04,james.jackson781@outlook.com,(772) 708-7568,"39594 Sanchez Extensions, Lake Johnton, CA 49970",2025-04-09T16:44:16.241204,2025-09-03T08:56:16.241211
6363c48b-bc0d-45d8-bb37-6b2f5e86e112,Aaron,Murray,1958-05-19,aaron.murray579@outlook.com,(763) 831-4055,"868 Hayden Pike Suite 996, Alexandrachester, GA 66450",2025-03-14T03:51:16.241673,2025-09-12T22:48:16.241679
55c8019e-ce4c-442b-8638-c4a20bea43d4,Beth,Johnson,1948-03-10,beth.johnson691@gmail.com,(458) 636-5910,"1966 Evans Burg Suite 730, South Kimberly, WV 19790",2025-05-07T05:11:16.242170,2025-09-11T05:13:16.242177
9535ca49-5274-43bb-8475-68b7de470125,Sharon,Gibbs,1975-08-25,sharon.gibbs811@yahoo.com,(607) 826-2987,"3203 King Locks Suite 753, Andersonton, IA 19576",2024-10-16T16:23:16.242674,2025-09-13T10:44:16.242681
6ce49983-7a46-4ff2-8ccc-9644b4796520,Edward,Brown,2000-11-25,edward.brown337@outlook.com,(858) 630-3102,"619 Kelly Passage Suite 071, Markport, NY 22251",2024-11-30T00:50:16.243131,2025-09-16T16:47:16.243137
e329e623-3663-4270-8423-b81e90d5fd09,Willie,Thomas,1993-01-24,willie.thomas780@aol.com,(231) 690-6354,"08385 Shane Isle Suite 595, Michealhaven, OR 16661",2024-12-02T01:04:16.243559,2025-09-09T01:59:16.243566
4759d19b-359c-4ee3-a024-d2d0863ff203,Olivia,Hamilton,1999-07-12,olivia.hamilton741@aol.com,(989) 428-1894,"898 Yolanda Drives, Riveramouth, VA 95206",2024-11-24T04:18:16.243954,2025-08-27T23:58:16.243958
c936ac37-5ac3-4442-8434-56db60166640,Briana,Gill,1936-03-04,briana.gill995@yahoo.com,(301) 787-4578,"646 Bobby Hollow, East Jamesshire, ID 55235",2025-02-22T08:59:16.244313,2025-08-27T15:50:16.244317
263b3879-5d08-4a72-a043-5bce6236428b,Jeffery,Carroll,2003-05-20,jeffery.carroll200@yahoo.com,(609) 668-5796,"20471 Taylor Expressway, Wilsonmouth, AS 45424",2024-09-19T16:01:16.244656,2025-09-13T20:03:16.244660
c025ff98-0005-4166-af42-475d6c1e6aee,Sarah,Sosa,1972-03-20,sarah.sosa772@hotmail.com,(952) 251-3506,"582 Drake Tunnel Apt. 306, Nelsonhaven, ME 65889",2025-06-27T09:06:16.245107,2025-08-31T19:41:16.245111
d0079329-a6aa-4528-98e7-76036aec7800,Amber,Vargas,1953-03-20,amber.vargas347@hotmail.com,(419) 659-6517,"83337 Sara Square, Robertfurt, MT 74762",2025-09-13T07:57:16.245621,2025-09-11T08:42:16.245628
46fe2987-69e5-4802-8845-d9c16626d8c2,Elizabeth,Sanchez,1955-02-09,elizabeth.sanchez452@aol.com,(267) 951-3012,"150 Sullivan Meadows Apt. 670, Sharonville, ME 31392",2025-03-13T08:55:16.246329,2025-09-16T09:00:16.246333
53fb6d16-06bd-4fb1-9d16-20ed4b70ef43,Sherry,Vasquez,1977-12-07,sherry.vasquez570@outlook.com,(534) 699-3795,"6343 Matthew Rapid, Brittneyland, CT 11261",2025-07-13T05:55:16.246827,2025-08-21T03:55:16.246832
9b89e20d-b5f7-404f-8dd1-57d461b513e9,Robert,Smith,1951-03-10,robert.smith939@aol.com,(534) 876-9953,"1200 Thompson Dale Suite 559, North Frederickport, MA 13604",2025-05-24T21:03:16.247378,2025-08-20T00:49:16.247385
01d107f5-4599-448b-97c7-ca579db24e02,Zachary,Miller,1946-11-20,zachary.miller152@gmail.com,(631) 717-2050,"26714 Gilbert Pine, Port Cheyenneberg, CA 61100",2024-11-29T12:08:16.248314,2025-09-13T11:50:16.248318
7ee999ff-c7bd-4bd2-a7fa-7460e992cdbb,Brooke,Parsons,1997-08-12,brooke.parsons49@aol.com,(330) 743-8502,"9340 Phelps Shores, Lake Thomas, NV 47523",2024-09-28T13:07:16.248961,2025-08-29T07:20:16.248966
059353d0-71f0-4fcc-b353-3b0e8bc896d3,Elaine,Thornton,1988-03-31,elaine.thornton107@outlook.com,(956) 834-5125,"45337 Jacqueline Camp Apt. 091, North Whitney, DC 20073",2025-09-08T03:04:16.249553,2025-09-09T10:49:16.249559
88f0778f-3369-45eb-88af-21ead495f6c0,Douglas,Cook,1993-03-18,douglas.cook181@hotmail.com,(706) 895-6251,"766 Sarah Skyway, Sharonborough, MH 62527",2025-01-03T22:27:16.250043,2025-09-01T19:21:16.250047
05810385-b020-402a-8e6b-4236531a93d9,Jackson,Myers,1965-09-27,jackson.myers278@hotmail.com,(810) 221-3723,"04627 Barrett Locks, Shannonmouth, WA 93219",2025-02-11T18:16:16.250495,2025-09-12T09:02:16.250499
fb0a2cd7-a769-4a44-9d45-8b066eb84584,Mary,Rubio,1967-03-05,mary.rubio239@aol.com,(559) 389-8411,"24617 Hernandez Dam, New Cassandra, KY 27011",2025-06-30T10:21:16.250896,2025-09-09T11:54:16.250900
952135d8-e887-4b05-9ec4-280de160b2b7,Jason,Townsend,1966-03-07,jason.townsend224@hotmail.com,(229) 355-6205,"550 Timothy Views Apt. 325, Alyssahaven, OR 80777",2025-03-30T17:42:16.251261,2025-08-29T22:57:16.251265
940b0577-c94d-405a-8ff0-1c2389c250cf,Jeffrey,Dodson,1937-04-20,jeffrey.dodson100@gmail.com,(435) 409-2752,"984 Williams Isle Apt. 691, Gallegoschester, NH 80292",2025-06-22T12:35:16.251755,2025-08-26T05:26:16.251758
bf5e04b5-1693-4344-95dd-0c55ffc27e19,Thomas,Davenport,1992-09-27,thomas.davenport382@yahoo.com,(913) 357-8134,"4039 Foster Avenue Apt. 037, South Aaron, AR 10476",2025-08-28T02:47:16.253146,2025-08-30T22:00:16.253150
8e77f1b6-1da6-4cdb-8548-e53a985bea7c,Kimberly,Lam,1944-02-25,kimberly.lam654@outlook.com,(904) 691-5006,"490 Zhang Forest, Kimberlybury, MS 74000",2024-11-10T10:13:16.254166,2025-08-20T01:07:16.254170
a82b57db-b584-4915-9d3f-41cb525ad9fd,Cassandra,Douglas,1989-06-28,cassandra.douglas77@gmail.com,(434) 387-1280,"53701 Sarah Street Suite 244, Martinchester, IL 96073",2025-02-21T20:19:16.254853,2025-08-29T19:41:16.254859
042d4909-f239-4a5b-ae20-11ab9944bcdd,Isaiah,Hubbard,1940-08-21,isaiah.hubbard668@hotmail.com,(406) 726-4263,"811 Morgan Walk Apt. 314, North Kathy, MA 16418",2025-06-10T21:33:16.255287,2025-09-12T11:58:16.255293
8ee2f7f6-0fbe-4bfe-ab27-716865dab6ee,Kayla,Olson,1965-11-14,kayla.olson48@aol.com,(620) 383-5426,"51526 Amy Glen Apt. 911, East Matthew, NC 90879",2025-06-27T00:10:16.255783,2025-09-05T07:04:16.255787
ea0531a9-25f3-407c-add7-f6c8f84bc40c,John,Middleton,1978-07-02,john.middleton865@hotmail.com,(928) 411-9218,"6618 Lewis Field, Ayalaland, WA 30221",2024-12-10T05:09:16.256223,2025-09-15T14:54:16.256227
1c23f0b0-af48-4fa1-b913-dcf8a5925b0d,Kristin,Ellis,1983-07-12,kristin.ellis680@hotmail.com,(860) 360-4295,"00730 Smith Shores Suite 560, Michelleland, DC 13080",2025-09-08T02:01:16.256631,2025-09-02T23:34:16.256635
fb2ecdb7-3ec3-41e5-ba7c-0596705014f4,Kevin,Kennedy,1994-10-28,kevin.kennedy45@aol.com,(760) 973-7065,"90534 Carter Walks Apt. 042, Lisaberg, KY 45057",2025-01-03T16:51:16.257122,2025-09-06T20:32:16.257126
eedcc4de-1a53-4c6e-82ef-f3fb5a593dac,Vicki,Hester,1938-11-15,vicki.hester253@hotmail.com,(915) 909-5897,"4460 Tina Islands, Lake Christopher, DC 69307",2025-03-20T20:05:16.257814,2025-09-15T10:38:16.257818
f99778aa-2528-4a3b-b4be-68ead3da9d22,Jack,Davis,1950-06-25,jack.davis316@hotmail.com,(862) 807-3662,"1293 Jesse Harbor Suite 881, Rebeccaport, CT 53408",2024-11-06T01:31:16.258460,2025-08-31T05:54:16.258466
919beddf-8297-4272-a421-787a0098aed5,Eric,Humphrey,1950-12-18,eric.humphrey634@gmail.com,(719) 696-1353,"0211 Daniel Neck Apt. 756, West Erikside, MH 32951",2025-01-03T05:51:16.258888,2025-09-05T00:43:16.258892
e4640517-bbc2-4f09-a648-0b4ec55ed152,Geoffrey,Lopez,1971-02-10,geoffrey.lopez532@aol.com,(641) 411-7531,"073 Gary View, South Adam, NC 36324",2025-09-13T04:48:16.259286,2025-09-15T13:48:16.259290
8339283c-297c-4828-ba15-ddf8c8d26e79,Johnathan,Young,1956-07-26,johnathan.young985@outlook.com,(805) 240-7499,"638 Cooper Lodge, Bartlettport, KY 33141",2025-06-12T17:07:16.259720,2025-09-17T04:28:16.259723
ab74c005-8ed8-4dd9-9531-22326df462bd,Michael,Scott,1967-10-27,michael.scott835@aol.com,(914) 764-4882,"16934 Barbara Via Apt. 320, East Julie, VA 09964",2024-10-06T03:12:16.260037,2025-09-05T17:33:16.260041
fcb9cf69-2f8c-4cb4-aaa7-8631798810b3,Brandi,Robinson,1993-11-27,brandi.robinson910@gmail.com,(973) 564-4330,"310 Rodriguez Ford, Thomasville, VI 48834",2025-01-15T15:00:16.260452,2025-09-17T18:51:16.260457
ad9197c4-3683-4945-87a2-1943219bba82,Vanessa,Gray,1940-02-11,vanessa.gray166@aol.com,(743) 858-1572,"3236 Lopez Shores Apt. 774, Williamstown, NE 61263",2024-10-13T04:31:16.260837,2025-09-01T02:06:16.260841
55a4b289-27f9-4286-a463-bb71ada3d57b,Antonio,Small,1960-07-12,antonio.small309@gmail.com,(225) 586-3322,"436 Nicole Divide Suite 426, South Kristihaven, CA 77372",2024-10-27T18:16:16.261203,2025-09-09T00:08:16.261207
d3793208-1135-4eab-b4c4-3dcdc3cd9d35,Hannah,Newman,2004-05-14,hannah.newman511@outlook.com,(608) 691-7370,"476 Martin Forges, Conwaytown, WI 31227",2025-04-24T04:12:16.261552,2025-09-07T08:52:16.261556
18049fd5-34b0-495f-9bd2-62d2d1fb1706,Janice,Downs,1985-10-04,janice.downs849@aol.com,(973) 257-1054,"45841 Atkins Path, Julietown, CA 74839",2024-10-24T21:12:16.261877,2025-09-10T19:36:16.261881
a5709a7e-c5c7-42de-acda-8d8e6621eb87,David,Campbell,1936-04-29,david.campbell730@yahoo.com,(617) 767-6320,"780 Susan Islands, Bradleytown, NJ 25852",2025-03-30T13:25:16.262180,2025-08-21T18:55:16.262185
890c087f-fd06-46d6-a30c-ced70f6ae181,Brian,Torres,1961-04-30,brian.torres614@outlook.com,(309) 464-8343,"493 Santiago Rapids Suite 167, East Mark, PR 44560",2024-09-23T20:29:16.262479,2025-09-12T06:40:16.262483
6ef152f0-9d9c-4210-9f8a-5ec0d2559751,Kaitlin,Allen,1981-09-11,kaitlin.allen342@hotmail.com,(505) 700-9364,"68011 Jesse Way Apt. 376, North Erinside, NV 94667",2025-06-20T21:54:16.262764,2025-09-07T09:28:16.262767
8e430b78-40d8-455e-8512-f7492382e45b,Daniel,Lewis,1938-02-09,daniel.lewis202@hotmail.com,(206) 492-8123,"40961 Day Mission, North Matthew, IA 80687",2025-07-26T03:31:16.263078,2025-08-27T23:46:16.263084
9c3ea1ae-f631-4062-913f-94476f4432aa,Brandon,Wright,1970-05-13,brandon.wright891@aol.com,(712) 708-2435,"74820 Montoya Forge, Clayville, CO 66522",2025-03-28T13:19:16.263465,2025-08-30T20:21:16.263469
f6b78ff2-33a0-404b-a27d-8a2d473a65a5,Tim,Ramirez,2003-10-06,tim.ramirez38@outlook.com,(320) 249-9720,"7820 Tina Ports Apt. 432, East Joan, VA 24014",2025-04-23T05:48:16.263797,2025-08-29T05:34:16.263801
8f1799bc-6803-42e0-9567-a31ed7fba837,Ronald,Gonzalez,1972-01-12,ronald.gonzalez796@hotmail.com,(872) 504-8500,"73920 Jessica Stream Apt. 546, Lake Bryan, MH 21350",2024-11-24T00:12:16.264097,2025-08-31T19:16:16.264101
1dcda659-c1af-4e40-a2b7-c45cf5d82118,Jamie,Jackson,1998-07-17,jamie.jackson307@gmail.com,(907) 753-4072,"611 Jason Drives, Rodriguezbury, UT 22283",2025-01-07T09:25:16.264401,2025-09-05T22:52:16.264405
91ce212f-42ee-4877-92b9-fb98814cb272,Michelle,Reeves,1997-06-24,michelle.reeves744@aol.com,(479) 853-1486,"2989 Stephanie Manors Apt. 974, Jorgeborough, VA 03126",2024-11-05T17:00:16.264687,2025-08-21T15:22:16.264691
0568382c-5ce4-4898-af13-740c4440e485,Jared,Bennett,1986-08-06,jared.bennett456@aol.com,(813) 790-1769,"91203 Ann Locks Apt. 082, Port David, PW 07153",2025-06-11T10:15:16.264968,2025-09-06T14:11:16.264971
1341b081-4afb-4d1d-ad34-8624cbcbee01,David,Tran,1992-07-26,david.tran590@hotmail.com,(512) 798-2307,"4582 Bradley Overpass, East Leah, IN 92090",2024-12-19T11:04:16.265238,2025-09-01T16:51:16.265241
a0a1a24c-c94d-4bc3-9232-699bb9f5439e,Joseph,Weber,2002-05-02,joseph.weber336@gmail.com,(256) 338-5904,"815 Martin Harbor Suite 000, Port Elizabethtown, VI 95277",2024-11-16T02:22:16.265537,2025-09-11T08:36:16.265541
64fc3748-090d-4e6c-be12-08f7263ef705,Bradley,Martin,1976-11-18,bradley.martin62@aol.com,(205) 841-6470,"37178 Brown Roads, Lake Edwardstad, MD 50183",2025-01-11T20:47:16.265841,2025-09-07T03:08:16.265845
6dc50cf1-7324-40fb-a2a7-598c423037d1,Robert,Gordon,1993-08-06,robert.gordon389@hotmail.com,(580) 452-7437,"2182 Mitchell Pike Apt. 224, West Nicolaston, NY 57476",2025-06-19T22:53:16.266145,2025-09-06T06:42:16.266149
641910b2-4afc-45e6-83fb-e7bbb7ca0c7d,Allison,Greene,1998-09-30,allison.greene700@gmail.com,(740) 278-1572,"65515 Moreno Lodge Suite 913, Hernandezview, NY 30365",2025-06-13T17:23:16.266468,2025-09-01T14:50:16.266473
5965683a-472c-47ac-8ef7-f336c043edb9,Jaclyn,Williams,1945-06-21,jaclyn.williams9@hotmail.com,(541) 346-8972,"608 Colleen Center, Clarkchester, PA 81006",2025-02-19T20:07:16.266761,2025-09-17T01:27:16.266765
df92311e-9fef-439c-85ae-276988a6c585,Lisa,Buchanan,1956-05-25,lisa.buchanan712@gmail.com,(984) 841-1058,"10401 King Pines, New Rosetown, KS 82496",2025-01-10T11:29:16.267064,2025-09-10T08:57:16.267068
e8b90b32-5b03-41eb-942c-e56d3f26e9d9,Tonya,Schneider,1952-12-27,tonya.schneider983@aol.com,(930) 322-2731,"3836 Allison Circles Suite 432, East Heatherport, VA 22897",2025-03-18T22:44:16.267350,2025-08-26T07:45:16.267354
aeab74f2-ec0c-401c-8cd7-7b7f01a30984,Jennifer,Moore,1956-05-13,jennifer.moore780@yahoo.com,(817) 660-1228,"258 Lewis Inlet Suite 170, Carterfurt, GA 46989",2025-03-24T06:08:16.267683,2025-09-13T12:59:16.267692
7ded10fe-cb95-429e-9548-49517d6ffa9d,Nina,Cline,1974-08-28,nina.cline671@gmail.com,(412) 438-2392,"3558 Kelly Way, Lake Christopherfurt, ME 54396",2025-05-18T21:17:16.267968,2025-09-16T13:19:16.267971
e0c2c170-d52d-4be3-8258-d3551871f65e,Sharon,Palmer,1945-10-08,sharon.palmer631@aol.com,(609) 301-3366,"15388 Maria Harbor, Jessicaberg, NH 80467",2025-04-19T10:47:16.268241,2025-09-09T14:42:16.268245
d84cc153-cd71-45ca-8a43-5cf802f0075b,Michael,Morgan,1980-07-03,michael.morgan430@hotmail.com,(314) 310-9742,"3333 Lee Pine, Brendaville, MO 95980",2025-09-01T13:20:16.268536,2025-09-08T07:33:16.268539
496c96f7-741e-4aab-8103-8b266b68fb7d,Robert,Shaffer,1954-07-29,robert.shaffer72@gmail.com,(938) 569-4220,"978 Griffith Turnpike, New Brandonborough, IA 78268",2025-06-13T13:17:16.268845,2025-09-04T09:48:16.268849
7758e305-131e-4338-9a3c-e19643a7dede,Mark,Gonzalez,1996-08-01,mark.gonzalez210@yahoo.com,(914) 589-1675,"5306 Jennifer Corner, Changmouth, MS 12993",2024-12-12T12:28:16.269207,2025-08-23T14:29:16.269211
ae8c04c3-937e-458f-9e8e-49324c5aa207,Tonya,Garrison,1975-04-28,tonya.garrison251@aol.com,(732) 255-3370,"23009 Matthew Mall, New Davidhaven, AL 32533",2024-10-12T15:57:16.269495,2025-08-31T06:39:16.269499
ce144036-e4c1-4cff-9148-0319d4155cc8,Felicia,Walsh,1950-02-07,felicia.walsh905@outlook.com,(419) 584-1370,"491 Rangel River Apt. 659, Denniston, CA 41294",2024-09-29T03:21:16.269809,2025-09-01T03:51:16.269813
e37f1680-2aff-4429-b3ef-7ec95b8aa457,Robert,Pitts,1959-09-17,robert.pitts135@aol.com,(317) 308-2809,"84336 Cooper Burg Apt. 632, East Catherine, NY 19884",2025-02-15T10:45:16.270117,2025-09-04T02:55:16.270121
9a2f1b81-9633-45a1-a364-056889a530ca,David,Hill,2006-01-10,david.hill539@hotmail.com,(559) 519-8474,"14042 Shepard Canyon Suite 053, Wallschester, NE 97986",2024-11-29T15:12:16.270446,2025-08-24T21:59:16.270450
d2399684-6c81-4814-8a1c-f3be2464778d,Joseph,Davis,1982-03-12,joseph.davis623@yahoo.com,(337) 402-6341,"03083 Myers Rest Apt. 062, Jonesborough, CT 23505",2025-09-14T09:54:16.270823,2025-09-13T08:11:16.270826
e9c26919-7d17-47f1-90a9-3d382cce52de,David,Peterson,1944-10-22,david.peterson962@gmail.com,(380) 214-6886,"826 Todd Vista Suite 682, New Marie, LA 98760",2025-09-16T22:25:16.271104,2025-08-30T20:53:16.271108
4936e57a-3fae-478d-9cb1-21f6cd9d9bcf,Brian,Torres,1992-05-20,brian.torres122@aol.com,(731) 202-1379,"735 Young Wall, South Brandon, IN 85060",2025-03-30T05:24:16.271403,2025-08-23T12:04:16.271407
805b154e-ccf8-4da2-9fb7-feed4e1b40ea,Lisa,Martinez,1937-03-07,lisa.martinez492@gmail.com,(534) 597-5013,"0908 Kaiser Prairie Apt. 449, North Jennifer, NV 33956",2025-08-06T04:53:16.271713,2025-08-27T19:23:16.271717
99bd9a19-96c6-475b-8cad-f16564e74d61,Jamie,Harper,1959-10-15,jamie.harper266@aol.com,(623) 713-3318,"964 Davis Pike Suite 285, Walshshire, IA 19759",2025-03-09T20:20:16.272031,2025-08-30T06:40:16.272035
cb150346-157c-4f27-9584-958b4522ccb8,Krystal,Phillips,1973-03-08,krystal.phillips443@aol.com,(779) 351-1879,"932 Daniel Villages Apt. 426, Elliottton, MT 82056",2025-04-24T14:49:16.272331,2025-08-19T02:49:16.272335
01e670bd-d7e8-4ba1-836a-0791d539562d,William,Kennedy,2002-12-27,william.kennedy355@outlook.com,(858) 271-9140,"6072 Kyle Stream, New Catherine, MD 88338",2025-07-31T21:50:16.272602,2025-08-31T16:37:16.272606
09ecbc89-ad7d-4a99-a0b9-f437370b6466,Marie,Roach,1993-12-19,marie.roach119@aol.com,(754) 271-3894,"804 Phyllis Lodge, East Rachelshire, RI 57405",2025-08-22T12:50:16.272878,2025-09-01T07:25:16.272881
8406315f-2dd6-49d4-84b8-081e1f4e5503,Amanda,Ballard,1989-02-05,amanda.ballard89@yahoo.com,(218) 291-3879,"582 Guerrero Course Suite 965, Mccoyborough, AL 74136",2025-04-05T07:06:16.273195,2025-08-24T15:00:16.273199
50c6b31d-5bb8-46bb-9324-9347a897e0d2,Rhonda,Garcia,1974-04-25,rhonda.garcia391@yahoo.com,(234) 512-3911,"595 Johnathan Fields, Raymondberg, IA 77520",2025-04-12T23:04:16.273468,2025-09-14T06:43:16.273472
6ae77454-7a3b-499f-9ead-b819f12469c1,Sarah,Nelson,1962-12-23,sarah.nelson985@gmail.com,(757) 285-9047,"73008 Burke Loaf, North Darrylfurt, NY 26985",2025-03-04T02:59:16.273991,2025-08-27T02:49:16.273995
26e8ab1a-1654-4320-b9aa-cc1594e41fce,Brad,Lee,1991-05-09,brad.lee79@aol.com,(779) 618-9942,"01680 Miller Roads Apt. 507, Ayalahaven, ID 76845",2025-01-04T20:28:16.274366,2025-09-09T10:50:16.274370
8e0dcd8e-a78a-451e-be7f-0f862efb00f8,Maria,Sims,1977-04-23,maria.sims885@gmail.com,(562) 414-6039,"44077 George Lock Apt. 072, Hineschester, TN 17544",2025-05-09T20:08:16.274737,2025-09-13T14:33:16.274741
8c97ade1-ed04-48b3-92c7-fa989bd9c4f6,Gregory,Peters,1972-05-10,gregory.peters659@gmail.com,(307) 984-3027,"760 Ariana Rapids Apt. 406, Carlosborough, ID 27064",2025-01-04T09:12:16.275052,2025-09-15T22:25:16.275056
ff8835fd-4289-4640-98d9-81d7d99aa096,Crystal,Pineda,1971-12-06,crystal.pineda821@hotmail.com,(754) 749-1380,"235 Rodriguez Plains Apt. 703, Lake Craig, PA 21915",2025-06-15T07:03:16.275411,2025-09-18T11:13:16.275415
020b5951-8c6a-4694-9565-f9d6bd7ccc89,James,Robinson,1956-09-09,james.robinson319@outlook.com,(989) 961-9648,"527 Payne Key, Martinezborough, NV 10244",2024-11-18T19:20:16.275759,2025-08-20T13:53:16.275763
dfd44d8c-6768-467b-9dcd-14184a5cc133,Elizabeth,Watkins,1996-05-07,elizabeth.watkins34@yahoo.com,(208) 414-5879,"26480 Ryan Haven Apt. 373, Marilynfurt, NJ 70517",2025-03-20T17:13:16.276083,2025-08-30T13:12:16.276087
ce0695b5-23b6-48a3-a37c-5fee987f8c1d,Timothy,Stein,1943-05-30,timothy.stein101@outlook.com,(951) 863-5667,"10217 Curtis Fields, Aprilchester, GA 75542",2025-06-24T21:25:16.276397,2025-08-28T00:25:16.276401
3815ce89-2393-410a-8586-6d5ed882058d,Morgan,Henry,2007-01-25,morgan.henry141@aol.com,(813) 813-1921,"63831 Amy Island Suite 053, Moyertown, NM 92620",2025-03-06T06:28:16.276746,2025-09-03T11:24:16.276750
a9a994f7-67b5-4f7a-bdc5-00d2acb8902b,Jennifer,Ho,1982-01-24,jennifer.ho347@gmail.com,(503) 241-8330,"0673 Holmes Valley Apt. 050, Fernandezland, TN 22906",2025-05-09T17:03:16.277137,2025-09-09T08:07:16.277140
13f42695-83a4-4558-bb8c-6193315e2c35,Danny,Bailey,1990-06-10,danny.bailey898@yahoo.com,(719) 390-3658,"5058 Giles Spur, Richardberg, VA 10051",2025-03-20T12:31:16.277545,2025-08-29T16:51:16.277549
d9c336a6-8821-4ca7-8332-4a824baa15c4,Benjamin,Duncan,1975-12-10,benjamin.duncan871@hotmail.com,(681) 913-3327,"9089 Young Road Suite 802, North Melissa, AS 04945",2025-06-30T05:04:16.277934,2025-09-11T16:11:16.277938
5d4adb75-6c0b-4b0a-a4ef-aeb0975253e2,Matthew,Daniels,1992-11-13,matthew.daniels552@aol.com,(484) 791-3243,"424 Mathis Ridge Apt. 145, Garretthaven, NH 98958",2025-07-29T03:00:16.278315,2025-09-16T02:28:16.278319
12621bfa-27f5-4ff7-bd2a-01ca68e28a46,Michael,Alexander,1960-10-04,michael.alexander564@hotmail.com,(715) 915-5764,"86767 Amber Shoals, North Sarah, NV 36532",2025-01-02T20:08:16.278609,2025-09-05T11:38:16.278613
cf58632a-f200-4f48-9cc2-08d5a2160518,Penny,Stuart,1947-06-04,penny.stuart566@gmail.com,(630) 528-2821,"9876 Melody Ports Suite 872, West Zachary, ID 65238",2024-10-26T13:10:16.278913,2025-08-27T19:29:16.278917
1f487ec1-4186-4f4d-bf09-92a7fde5ad5e,Richard,Patel,1987-06-04,richard.patel752@aol.com,(713) 219-3515,"2350 Ware Shore, Karlafurt, MS 95880",2025-01-05T00:51:16.279210,2025-09-07T02:07:16.279213
dda1d580-a98e-4898-a357-07924cb77195,Melissa,Carroll,1973-11-02,melissa.carroll493@gmail.com,(909) 856-4766,"48255 King Pine, Murrayfurt, ID 18897",2024-10-10T09:34:16.279557,2025-09-17T09:22:16.279560
907971a7-efb6-439a-88de-af7f8ec4c8b0,Samantha,Carr,1985-04-11,samantha.carr266@yahoo.com,(718) 901-9652,"289 Clarke Village, Port Shelia, ND 75552",2024-09-22T08:37:16.279856,2025-09-11T15:23:16.279859
9d7482cc-d3cb-405e-bb1d-a4ecad7fd4f4,Gerald,Martin,1956-02-05,gerald.martin428@gmail.com,(351) 566-3054,"85725 Jackson Ports Apt. 693, West Alyssa, WY 90473",2025-03-31T03:09:16.280163,2025-09-11T06:58:16.280168
de304371-728a-4cda-9e76-10651b1a49b2,Ashley,Dalton,1963-09-21,ashley.dalton704@aol.com,(904) 818-3372,"655 Stephanie Overpass, Stephanieside, MD 02549",2024-11-18T00:27:16.280462,2025-08-27T04:36:16.280466
295b7795-9e13-4efa-9511-f20abd773bd0,Nicole,Mejia,1975-07-12,nicole.mejia447@hotmail.com,(281) 800-1452,"03491 Sara Creek Suite 972, East Adriennemouth, OR 31436",2025-01-15T11:52:16.280746,2025-08-25T12:05:16.280750
7439a159-4410-42ad-8a35-2d41c7f83d58,Rebecca,Miller,1948-04-01,rebecca.miller667@hotmail.com,(845) 636-2977,"4154 Rodriguez Views, Jamesborough, VA 23243",2025-02-12T20:58:16.281037,2025-09-11T20:04:16.281040
bba5c421-3b99-44bd-9dfe-cbe09d2a000e,Lisa,Lewis,1985-06-25,lisa.lewis31@outlook.com,(419) 964-7770,"813 West Island Apt. 094, Lake Michelle, AS 14801",2025-01-24T14:00:16.281345,2025-09-12T12:33:16.281349
083351e5-3d44-4cb2-89df-569b6506e607,Tiffany,Sparks,1983-02-13,tiffany.sparks909@gmail.com,(228) 550-1176,"76981 Hoffman Rapids Apt. 704, Davidhaven, NC 73613",2025-05-17T21:58:16.281649,2025-09-01T07:22:16.281652
ff8a4bb4-b2c5-4b8a-8e48-fd9aee86c558,Jennifer,Wu,2003-03-05,jennifer.wu775@hotmail.com,(619) 466-1997,"0598 Sparks Mission Suite 442, South Janice, NY 44709",2024-11-29T11:06:16.281949,2025-09-06T07:36:16.281953
77f22710-64c6-474e-8022-b2329e6c8955,Kimberly,Morgan,2001-04-25,kimberly.morgan999@aol.com,(934) 639-1974,"5942 Kevin Ridges Apt. 165, East Sarahtown, FM 05665",2024-11-22T03:57:16.282260,2025-09-03T15:58:16.282264
9b5611ad-1069-49c6-b127-9d196b70ffc4,Christopher,Parker,1943-01-03,christopher.parker446@yahoo.com,(605) 202-7859,"32155 Jared Islands, Timothyhaven, IL 83524",2025-03-12T05:02:16.282552,2025-08-23T07:19:16.282555
5103dbce-ae94-4063-8ca8-f878ea056d1d,Kristi,White,2003-05-04,kristi.white266@gmail.com,(915) 786-1566,"4889 Cruz River Suite 273, Colemouth, VA 38861",2025-08-19T11:19:16.282885,2025-08-20T15:44:16.282889
52ef260c-d3d7-4fc9-a254-1fbeba389bc6,Brittany,Smith,1964-05-11,brittany.smith337@hotmail.com,(220) 431-7632,"4318 Linda Extensions, Lake Dennisland, DC 26739",2024-12-17T14:36:16.283162,2025-08-30T15:11:16.283166
e77d90ca-c0b6-4963-8e45-ae000514b557,Shawn,Brewer,1938-11-14,shawn.brewer237@hotmail.com,(331) 329-5414,"60183 Baker Estate, Lake Angela, MI 03676",2025-06-09T12:28:16.283462,2025-09-04T05:21:16.283466
33dbd549-1a70-4486-a48e-aa9d715aa5dd,Randall,Powell,1960-05-15,randall.powell164@gmail.com,(262) 215-7290,"25775 Francis Lake Suite 726, Port Ashley, AZ 43156",2025-01-15T03:44:16.283764,2025-08-26T02:50:16.283768
9c000b10-efd9-47fc-bc39-68915e71da98,Luke,Dixon,1953-05-19,luke.dixon485@outlook.com,(616) 354-9334,"831 Brown Ways Apt. 717, North Stephen, IL 26495",2024-12-20T06:38:16.284062,2025-08-22T10:41:16.284066
031289b8-bb1f-41b9-8608-f717c44463c9,Rachel,Chandler,2000-06-19,rachel.chandler171@aol.com,(317) 264-6797,"52229 Joyce Extension, Lake Ronaldmouth, TN 77201",2024-10-27T10:42:16.284341,2025-09-03T19:50:16.284344
9a5f470d-9a06-4eb8-948c-d0a51c22537f,Martin,Young,1959-10-16,martin.young760@aol.com,(518) 334-3512,"25539 Luke Inlet, Robertfort, VA 84990",2025-01-08T18:34:16.284613,2025-08-22T20:46:16.284617
fb8e2b3f-f1fb-453d-ab9b-0376a96fd87d,Nancy,Khan,1981-06-01,nancy.khan776@yahoo.com,(412) 803-8045,"4309 Green Glen, Carrville, HI 59067",2024-12-22T22:46:16.284927,2025-08-22T15:24:16.284930
20042726-9aea-44cb-bba4-ac8ff194d7a2,April,Duncan,1986-04-17,april.duncan717@outlook.com,(773) 927-8828,"05397 Higgins Forest, Zimmermanmouth, DC 76467",2024-12-08T09:47:16.285250,2025-09-13T03:58:16.285254
18566592-a2a4-4150-8771-b5b70717a8c4,Carlos,Johnson,1993-12-27,carlos.johnson188@gmail.com,(660) 946-7647,"6083 Benjamin Cape, Kathleenfort, PA 90418",2025-04-23T20:22:16.285563,2025-09-12T19:58:16.285567
0784ae43-22ba-4d92-9212-113af7e75bdf,Kelly,Hunter,2005-11-17,kelly.hunter720@aol.com,(747) 603-3789,"3585 Joel Place Suite 003, West Tiffanybury, MS 85095",2025-08-29T14:13:16.285893,2025-09-10T19:54:16.285897
b3d3bf8e-9bb9-4c48-9eb3-af234154be91,Robert,Wyatt,2001-08-12,robert.wyatt589@aol.com,(480) 451-7074,"71523 Andrew Drive Apt. 950, West Jamesview, SD 96828",2025-08-30T04:33:16.286175,2025-09-10T02:51:16.286179
26576c82-148a-489b-8fd0-2c039ce19715,Anthony,Morrow,1954-09-08,anthony.morrow486@gmail.com,(773) 332-7404,"1397 Charlotte Crescent Apt. 602, North Jared, DE 90519",2025-07-24T08:03:16.286454,2025-08-21T08:08:16.286457
eee30b9f-f375-4ef1-874c-90bcc402c569,Jennifer,Goodwin,1955-08-09,jennifer.goodwin13@yahoo.com,(534) 489-2526,"91116 Garcia Falls, North Christinaton, NV 18325",2025-03-16T23:32:16.286751,2025-08-21T13:31:16.286754
4bdbf726-b870-4f78-816c-f6dcf69ff3c0,Mary,Schaefer,1981-05-24,mary.schaefer619@outlook.com,(585) 384-1737,"93049 Ryan Junction, New Alexander, HI 60183",2025-06-24T05:23:16.287025,2025-09-11T00:39:16.287028
b4537bf9-ff84-4852-a162-240faca49005,Paula,Garcia,1973-05-18,paula.garcia80@hotmail.com,(856) 372-4588,"14086 Sandra Wall, New Elizabethberg, FL 78662",2025-07-10T01:23:16.287307,2025-08-31T13:41:16.287310
d010ffde-7232-48af-b27e-6f9955ba29f7,Jaime,Smith,1948-07-11,jaime.smith203@aol.com,(872) 644-5361,"556 Lisa Street, Port Sarahshire, PA 45752",2024-11-19T19:57:16.287582,2025-08-23T13:21:16.287586
486a77ff-c5f2-41cc-8852-80e50b283607,Richard,Silva,1979-01-29,richard.silva547@gmail.com,(281) 468-8001,"71243 Mcconnell Plaza, Amberfurt, ME 17584",2025-01-29T18:04:16.287873,2025-09-07T01:42:16.287876
9a6eceb9-2876-4e11-b581-4eea805881d9,Ryan,Green,1954-02-09,ryan.green135@gmail.com,(715) 973-4831,"27061 Mendez Neck, New Troy, AR 22305",2024-11-27T11:58:16.288166,2025-08-24T22:39:16.288170
04047355-c184-420e-ae77-d02e6336361c,Jeremy,Griffith,1965-09-13,jeremy.griffith715@gmail.com,(803) 865-7308,"9063 David Haven Apt. 554, Port Natalie, SC 84654",2025-01-13T18:30:16.288442,2025-08-28T08:57:16.288445
4ce7a08b-4002-4fcc-b438-554ed033d275,Daniel,Page,1956-02-07,daniel.page718@hotmail.com,(330) 761-3222,"01095 Frye Port, Richardsonport, RI 09005",2024-11-16T13:34:16.288752,2025-09-03T08:22:16.288756
b4af6289-2ed4-4726-8383-fdd97fb39af2,Jessica,Rhodes,1954-06-24,jessica.rhodes312@hotmail.com,(410) 913-9438,"6234 Skinner Dam Suite 760, North Angelaville, AS 67895",2025-01-28T13:42:16.289054,2025-08-28T21:31:16.289057
03e7926b-0150-4a3d-9385-95e72f318619,Andrew,Johnson,1997-12-20,andrew.johnson886@outlook.com,(725) 899-8254,"76417 Rodney Canyon, New Connorstad, NV 14578",2024-12-31T19:53:16.289498,2025-08-27T20:06:16.289502
12f438ee-6b97-4d66-b23e-01c1dc1c480c,Kevin,Oneill,1939-07-21,kevin.oneill503@gmail.com,(330) 775-3521,"071 William Lodge Suite 130, Marquezmouth, CO 06766",2025-06-30T14:45:16.289843,2025-08-26T16:21:16.289847
59b20fa5-3548-4e8f-962e-67663296dd4d,Heather,Schmidt,1938-10-24,heather.schmidt977@hotmail.com,(508) 289-4889,"3621 Angel Port Suite 258, Seanchester, PA 33761",2024-12-17T00:46:16.290137,2025-09-18T03:42:16.290141
635b17ba-2846-46ae-a114-8d340277cdef,Alyssa,Martinez,1940-07-18,alyssa.martinez982@gmail.com,(562) 437-9398,"39627 Massey Lock Suite 215, New Johnberg, UT 62760",2024-10-29T02:17:16.290485,2025-09-09T17:44:16.290490
e7bd94f9-0b6a-4205-ba4c-4d94408e0929,Andrew,Whitney,1993-04-04,andrew.whitney905@outlook.com,(907) 793-1848,"1459 Kari Underpass Apt. 079, Estradaville, PW 33572",2024-11-16T10:32:16.290793,2025-08-29T05:56:16.290797
24b95737-0e9d-4ff5-b512-ca8a970d291e,Alejandro,Rios,1950-09-13,alejandro.rios209@aol.com,(218) 725-9837,"819 Andrews Island, Lake Whitney, CA 42007",2025-09-09T00:49:16.291102,2025-09-01T22:16:16.291106
0b8872f7-e636-409a-9e4e-f2490d9bfa33,Andrew,Bishop,1963-12-19,andrew.bishop189@aol.com,(813) 846-5515,"497 Logan Pines, Fowlerland, ID 61219",2024-12-21T10:05:16.291426,2025-09-18T07:19:16.291430
6bec83b0-35fc-4c0a-afc8-82daa380dfb1,Melinda,Cervantes,1992-02-06,melinda.cervantes59@outlook.com,(414) 631-4188,"66123 Mitchell Causeway Suite 794, East Mariah, WV 42748",2025-04-19T16:59:16.291732,2025-08-28T10:39:16.291735
c396b820-4420-41b8-a2db-83f3ee10d4fe,Catherine,Mclaughlin,1986-10-27,catherine.mclaughlin898@aol.com,(704) 420-7681,"919 Roman Cliff Suite 262, East Tannerhaven, NH 71352",2025-02-01T14:50:16.292035,2025-08-20T05:43:16.292039
0e46428f-4495-4fd8-b7c0-28041ca22b25,Brian,Jenkins,1959-04-26,brian.jenkins137@yahoo.com,(608) 243-6766,"418 Joe Spur, Lesterville, CO 58756",2024-12-30T21:49:16.292330,2025-09-15T03:03:16.292334
617ac7e3-f023-4795-b3c5-03c056f64041,Nicholas,Medina,1935-02-22,nicholas.medina511@aol.com,(517) 730-7052,"801 Shannon Hollow Apt. 217, Alejandrabury, OK 58219",2025-04-12T20:06:16.292634,2025-09-02T17:01:16.292637
12f2792f-61e9-4fc3-9b0b-ebee96aeb70b,Jessica,Smith,1985-07-21,jessica.smith767@yahoo.com,(240) 462-4047,"48067 Kennedy Course, Port Jacob, OK 11658",2024-11-19T19:16:16.292935,2025-08-23T10:21:16.292938
ba7a340f-0070-4918-85a7-c687c9a4e1ba,Linda,Davis,1937-06-06,linda.davis221@gmail.com,(617) 969-8822,"794 Carol Manors, South Jessica, MO 76338",2024-11-11T07:52:16.293216,2025-09-08T08:20:16.293222
7527046e-2814-4f90-9e1d-926b0d20583c,Mary,Williams,1940-07-04,mary.williams783@gmail.com,(975) 286-3535,"14196 Michael Cape Suite 832, Mitchellside, OH 29878",2025-09-01T05:12:16.293552,2025-08-19T20:54:16.293556
cd130cff-cba2-4f9d-a1f7-58654fe85e91,Miranda,Gomez,1980-04-29,miranda.gomez122@outlook.com,(210) 409-9463,"40964 Reyes Gateway Suite 960, Shawnport, FL 08989",2025-07-11T05:00:16.293857,2025-09-18T04:19:16.293860
8713d4de-62fa-4b01-adee-f24c10775739,Alexandra,Hoffman,1988-08-30,alexandra.hoffman532@gmail.com,(423) 439-6518,"25936 Daniels Crossroad Apt. 893, Amandaside, UT 66274",2025-08-31T18:04:16.294156,2025-09-07T02:24:16.294160
27a8eafc-715f-4772-9580-fa3f81c7b908,Lucas,Beard,1991-09-25,lucas.beard88@yahoo.com,(816) 874-6971,"7287 Roger Road Apt. 141, Port Daniel, MH 99681",2025-05-10T11:13:16.294443,2025-09-13T04:44:16.294446
4d968001-075a-46da-9a1f-7aa3a0586574,Hunter,Campos,1997-10-24,hunter.campos199@aol.com,(830) 876-6173,"61337 Kline Junctions, East Bradley, KS 42603",2024-09-28T04:05:16.294739,2025-08-29T15:05:16.294743
b212e302-aadb-4fd9-b047-bfd927ec85f3,James,Chan,1997-11-27,james.chan204@gmail.com,(872) 695-4168,"4472 Martinez Court, Stewartton, VI 25830",2025-02-18T10:09:16.295059,2025-09-11T04:54:16.295063
dd80e3db-6f53-4f94-b953-7e9d409063b3,Denise,French,2006-10-04,denise.french858@outlook.com,(814) 623-6265,"77182 Wheeler Ports Apt. 880, Murrayside, FL 13201",2025-03-25T12:41:16.295388,2025-09-07T02:46:16.295392
52939618-c73d-4b30-aa91-0313b09d4e4f,Angela,Nelson,1975-09-13,angela.nelson620@aol.com,(272) 771-6800,"59266 Gardner Ridges, Lake Theresa, MO 91789",2025-02-27T13:17:16.295681,2025-09-02T23:58:16.295684
043bd0c6-16d9-475a-97f7-948a90db92bd,Emily,Hunter,2001-05-02,emily.hunter12@aol.com,(956) 451-1206,"155 Werner Unions Apt. 119, Lake Carol, HI 08180",2025-03-01T09:09:16.295980,2025-08-18T15:12:16.295984
dd08a89a-b914-4208-9f99-9f671c27f9fe,Wendy,Sanchez,2002-05-25,wendy.sanchez527@outlook.com,(703) 757-7542,"1171 Vega Circle, Port Caitlin, WV 73277",2024-11-15T08:03:16.296282,2025-09-11T15:43:16.296286
627c0c20-f468-4b17-a13d-6dc62025ca42,Christine,Edwards,1964-03-04,christine.edwards136@outlook.com,(443) 256-4110,"89455 Nicholas Avenue, North Brookeshire, ME 18311",2025-07-19T19:14:16.296560,2025-08-30T12:24:16.296564
f08118f2-1e18-444f-b476-77f530d18f5d,Kerri,Carpenter,1971-06-11,kerri.carpenter81@yahoo.com,(309) 404-3379,"6648 Reynolds Loop, West Kristinaview, GA 02382",2025-01-28T17:15:16.296855,2025-09-13T10:57:16.296859
a6278fc4-b2c8-497d-8b61-141d6abaa353,Emily,Grimes,1967-06-10,emily.grimes616@outlook.com,(814) 894-1114,"8097 Tate Forges Apt. 890, Andersonstad, KS 53511",2025-03-02T15:54:16.297183,2025-08-22T19:22:16.297186
2fc40438-6630-48d9-b597-6ffdd81ee232,Rachel,Dickerson,1964-06-01,rachel.dickerson591@yahoo.com,(562) 631-8961,"4016 Munoz Key Apt. 006, Port Jacob, HI 20444",2025-04-17T14:50:16.297487,2025-09-06T23:06:16.297491
e7bc3c35-1b0c-414b-8ae5-29c5c3fd4623,Catherine,Gill,1936-02-24,catherine.gill7@outlook.com,(478) 597-9469,"7462 Austin Loaf Apt. 112, Jennaville, CO 49326",2024-12-12T20:51:16.297790,2025-09-18T08:21:16.297793
417d476e-015d-488b-bc19-29b432d7daa9,Kim,Holmes,2001-11-25,kim.holmes122@outlook.com,(408) 260-4887,"80179 Olson Park, East Nancy, HI 76239",2025-08-28T13:19:16.298083,2025-08-26T21:31:16.298086
81eb58a8-258a-46d7-90f2-361a5beda3d4,Jill,Floyd,2002-07-18,jill.floyd884@gmail.com,(810) 557-9077,"2642 Jones Stream Apt. 203, Jeremyfort, MA 30382",2025-08-03T11:23:16.298388,2025-09-17T18:23:16.298391
f34a3e7a-4e72-4cd5-92a9-fa168ca22357,Haley,Chapman,1991-12-21,haley.chapman610@outlook.com,(716) 556-6740,"8525 Gould Extensions, Davidside, UT 98959",2024-09-25T01:34:16.298682,2025-09-18T07:07:16.298686
1cd6419f-0fb0-4fc8-a28d-5375ad8420d2,Jonathan,Johns,1955-08-15,jonathan.johns831@hotmail.com,(757) 342-6072,"06445 Pearson Junction Apt. 311, East Eric, VT 59149",2025-06-08T17:58:16.298979,2025-09-16T00:44:16.298982
5401dace-d6be-4ee0-b46f-071dc462b8a4,Patricia,Mendez,1996-02-22,patricia.mendez509@outlook.com,(310) 523-7934,"7633 Newman Springs, South Geoffrey, ID 73257",2025-03-15T08:52:16.299287,2025-08-28T04:14:16.299291
b51ec26f-90ff-48c3-b55a-d2b4792a7f0e,Melinda,Weiss,1947-12-14,melinda.weiss56@outlook.com,(616) 940-8540,"080 Catherine Loaf Apt. 045, North Paul, WY 30587",2025-07-16T21:43:16.299569,2025-09-12T04:13:16.299572
6f743d8c-a93e-49fe-a486-c313c18b3b0b,Michelle,Shaw,1944-05-26,michelle.shaw643@yahoo.com,(930) 671-7487,"353 Smith Walks Apt. 816, Wellsport, NY 09277",2024-10-25T11:22:16.299893,2025-09-13T09:57:16.299897
11fdcd89-d694-4c68-9892-8d18274cd1e4,Haley,Jackson,1961-02-25,haley.jackson501@hotmail.com,(512) 422-4107,"544 Brown Place Apt. 851, Morrisonborough, NV 92851",2025-06-27T01:59:16.300220,2025-08-24T00:34:16.300224
4dcf27ec-ac73-4a53-a8f8-e71d57b4c9ab,Alan,Parks,1984-05-19,alan.parks170@hotmail.com,(774) 684-4879,"912 Horne Passage, Morganfurt, AS 82040",2025-05-25T09:25:16.300545,2025-09-10T05:50:16.300551
3a8efab8-17c1-4587-a41e-d5deb6b817ff,Virginia,Rose,1980-04-30,virginia.rose507@yahoo.com,(270) 819-9606,"5792 Garcia Villages, Beckerview, MS 30981",2024-11-04T12:46:16.300864,2025-09-01T07:51:16.300868
b3d7cbf5-72f5-438d-8139-53ac66a2228e,Robert,Hensley,2004-09-22,robert.hensley734@aol.com,(718) 491-5028,"424 Rebecca Village Apt. 972, East Ashley, CT 20286",2025-09-01T02:33:16.301150,2025-08-20T05:12:16.301154
dfc003dd-1ebc-4060-a4f4-ddf1e77aa282,William,Keller,1946-09-24,william.keller948@outlook.com,(779) 203-4396,"2932 Jennifer Point, East Dustin, AZ 15832",2025-08-22T10:01:16.301440,2025-09-03T06:57:16.301444
1d02208b-2fe2-4009-83fc-9d9cbcbebd49,Cody,Thompson,1952-02-07,cody.thompson801@gmail.com,(682) 718-3736,"86766 Brandon Burgs, Espinozaville, AL 72294",2025-08-13T05:22:16.301741,2025-09-04T06:38:16.301744
8db9bde8-1265-4eed-b125-03e1f82ce6ac,Robert,Lopez,1944-11-12,robert.lopez601@outlook.com,(463) 306-9564,"0384 Santos Row, New Williamton, WY 63754",2025-08-31T20:11:16.302041,2025-08-30T04:06:16.302044
5a050ae2-fd4d-4971-b0c4-3bf97af02a00,Jennifer,Potter,1967-09-26,jennifer.potter888@aol.com,(571) 811-4400,"54695 Austin Flat, South Maryfurt, PW 24405",2024-12-18T18:54:16.302315,2025-08-28T11:37:16.302318
e956e059-167b-4ac5-baf2-ddecad91129d,Jacob,Ochoa,1970-12-19,jacob.ochoa956@hotmail.com,(631) 433-5120,"1500 Reynolds Skyway Suite 641, North Rebeccafurt, PW 49124",2025-03-28T02:13:16.302616,2025-09-03T15:26:16.302619
20f36470-1d48-4d8f-b99a-ccb320248afd,Sharon,Fletcher,1945-09-06,sharon.fletcher868@yahoo.com,(865) 992-9211,"78516 Barton Mountains Apt. 890, Kendraborough, NE 55510",2025-06-07T16:12:16.302929,2025-09-09T20:17:16.302932
28cc1b5b-3697-4dd7-81ff-c4769ea2c15e,Edward,Taylor,1960-03-13,edward.taylor314@aol.com,(813) 965-9789,"69708 Amber Point Apt. 787, West Anthonyshire, NE 24173",2025-02-03T10:46:16.303225,2025-09-06T11:55:16.303229
b10e196b-cbad-4766-8f1d-aa92ba13fe3f,Jody,Jones,1938-09-10,jody.jones588@outlook.com,(360) 627-2370,"93201 Ryan Squares Suite 789, South Alexis, CO 73022",2025-01-09T03:52:16.303511,2025-08-19T09:42:16.303515
362dfe67-d2d3-4a1c-ba1b-09743c51e07f,Philip,Baird,1947-03-02,philip.baird282@aol.com,(203) 207-1856,"17558 Mata Crest Suite 774, Lake Juliefort, LA 50976",2025-04-17T06:54:16.303824,2025-08-24T22:21:16.303828
b4dfa4c5-5fc1-4f0e-a20f-90dcbd10535b,Richard,Davis,1947-05-10,richard.davis6@aol.com,(361) 406-4302,"1996 Ryan Fall, East Carrie, NJ 44314",2024-11-04T05:07:16.304097,2025-08-20T06:49:16.304100
cd2dd20d-fd1d-4e04-99c8-3e8aa40c6469,Jerry,Shepherd,1980-01-11,jerry.shepherd659@hotmail.com,(737) 262-3840,"2185 Watson Village Apt. 568, North Megan, FL 17059",2025-02-08T18:54:16.304395,2025-08-22T19:28:16.304398
a543f32e-f91d-43a5-9dc6-4b5fc68225a5,Kathleen,Smith,1944-12-18,kathleen.smith899@aol.com,(843) 338-5468,"016 Sara Junctions, Hillton, NH 23003",2024-11-29T04:27:16.304687,2025-08-28T18:44:16.304691
2879c2ce-b7b4-4a74-a782-306fe67852ce,Ronald,Ramirez,1974-10-20,ronald.ramirez20@outlook.com,(630) 798-9986,"289 Clay Turnpike, Adamland, NM 68680",2024-12-26T06:19:16.305120,2025-08-23T14:29:16.305124
855f5a2e-10c7-4c3c-989a-17c9c2b4844e,Christopher,Green,1983-04-23,christopher.green158@outlook.com,(228) 432-2578,"26168 Smith Circles, Port Michaelside, SD 91991",2025-09-16T22:25:16.305497,2025-08-24T15:50:16.305501
d7cd1307-59d6-4204-8051-2ae253abf47b,Brandon,Andrews,1966-11-09,brandon.andrews533@gmail.com,(719) 913-9426,"1152 Miller Cape, Jeremymouth, AR 75148",2025-01-15T04:59:16.305813,2025-09-02T08:52:16.305816
d74b4f87-21cc-4f50-acc1-693de4b1454d,Curtis,Johnson,1951-07-01,curtis.johnson717@gmail.com,(202) 593-7600,"500 Scott Squares Apt. 894, Hollybury, AS 85155",2025-07-05T02:06:16.306129,2025-09-07T04:22:16.306133
53dc6795-be29-412e-8aec-dca62d54c503,Robert,Boyd,1968-03-04,robert.boyd638@outlook.com,(918) 807-1383,"5294 Frye Trafficway, South Maryland, RI 94997",2025-08-30T16:06:16.306429,2025-08-24T01:38:16.306432
e22c4253-4740-4150-a939-9b98d20c49a9,William,Harris,1972-10-01,william.harris556@hotmail.com,(786) 256-5596,"10450 Michael Points, Walkerburgh, CA 61878",2025-01-29T15:45:16.306732,2025-09-03T22:54:16.306736
d1069cca-77be-4f99-a530-300f1f1a9a5e,Cindy,Keith,1961-12-10,cindy.keith67@hotmail.com,(617) 705-1951,"8352 Moreno Lodge Suite 860, Westshire, OH 29209",2024-10-02T23:33:16.307069,2025-09-16T10:43:16.307072
cfe7eaa1-74f0-4b53-91a0-b189ccffd68f,Stephanie,Galvan,1955-10-23,stephanie.galvan112@aol.com,(419) 317-1456,"425 Patrick Union, Richardberg, ND 06718",2025-01-11T14:00:16.307348,2025-09-06T02:13:16.307351
9f8f70a2-babd-433e-bd5e-ed9c8e121a5c,Felicia,Griffin,2003-07-26,felicia.griffin49@outlook.com,(803) 800-3161,"065 Harvey Knoll Apt. 562, New Ian, GU 01776",2025-08-26T07:13:16.307649,2025-09-08T13:32:16.307653
a0f6f845-be83-4edb-91ef-53720bf8ca63,Joshua,Cook,1945-04-24,joshua.cook472@hotmail.com,(864) 828-7779,"74091 Cory Corner, South Kimberlyfurt, CT 79278",2025-04-06T04:37:16.307933,2025-08-29T13:15:16.307937
69aafd46-b5b0-4952-812b-d2cafc99913e,Charles,Trujillo,1967-02-20,charles.trujillo693@outlook.com,(219) 566-3080,"22069 Calhoun Island Suite 120, Lake Derekmouth, MH 41624",2025-01-14T13:17:16.308238,2025-08-19T16:52:16.308241
1ad1853a-dc84-4ae2-a733-6deede471076,Shelby,Brown,1988-06-03,shelby.brown664@yahoo.com,(618) 250-4251,"015 Matthew Wall Apt. 594, Schultzmouth, AZ 57918",2025-07-08T07:18:16.308541,2025-09-08T18:41:16.308544
01931ad9-a41d-44eb-a7fc-f538df15080f,Amanda,Davenport,1962-02-28,amanda.davenport525@gmail.com,(585) 469-7750,"327 Sarah Station Suite 031, North Toniport, TX 82033",2025-05-29T23:26:16.308827,2025-08-28T08:03:16.308830
2b8ae55d-8a73-4cba-a923-2abdcee3fe8a,Wayne,Mejia,1992-03-29,wayne.mejia597@gmail.com,(857) 574-8422,"910 Bailey Bypass, South Brandon, RI 92084",2025-03-13T16:16:16.309125,2025-09-08T18:48:16.309129
3dfb5f3d-73df-4511-bffd-4a938b6a9610,Amy,Daniels,1978-06-06,amy.daniels180@aol.com,(603) 292-7158,"59928 Reed Terrace, West Gina, MA 19704",2025-05-11T02:47:16.309434,2025-08-26T11:36:16.309438
c539a73e-9beb-4532-a4b4-cd597aa76086,Isaiah,Jones,1961-12-30,isaiah.jones291@gmail.com,(303) 842-8979,"9900 Duncan Views Apt. 186, Woodston, WI 91655",2024-10-23T05:01:16.309755,2025-09-15T07:08:16.309759
c4112dd3-3b0e-4a7c-b76f-55849d3a4a80,Zachary,Mason,1969-05-15,zachary.mason684@yahoo.com,(828) 595-1959,"394 Carpenter Landing, North Aaron, NM 60594",2025-09-04T10:31:16.310047,2025-08-18T18:36:16.310051
54dd6e5e-ebf5-48de-83b9-d7af16ec6adc,Olivia,Bradford,2003-12-04,olivia.bradford744@hotmail.com,(954) 593-4066,"32501 Lewis Light Suite 426, West Daniel, ND 33894",2025-06-21T13:50:16.310359,2025-08-24T10:50:16.310363
dab1b126-a6d3-44c2-892a-cde7d408b894,Kevin,Burton,1979-05-16,kevin.burton629@aol.com,(959) 757-1649,"34511 Jo Bypass, Lake Pattychester, MP 89206",2025-04-16T06:06:16.310664,2025-09-06T11:41:16.310667
