id,user_id,vital_code,min_value,max_value,trigger_type,enabled,notify_to,provider_id,created_at,updated_at
497d9fcf-798d-4587-814e-ddfc92662512,9de4c69f-e2d9-48e8-bda1-1afe97882387,SPO2,,120.0,"[""push"", ""email""]",True,barbara56@example.com,bde553ee-b70e-4e9e-a6b3-21d98a3934ce,2025-07-31T08:16:36.169332,2025-08-29T21:37:36.169368
4fdd1a68-1dda-4800-bdd0-b1beabe1b2fb,d562be6e-286f-4952-88bf-50c9dd12e0ff,RR,9.600000000000001,24.0,"[""sms"", ""email""]",False,philliphayden@example.net,170b51b8-7d90-4b32-a596-c6a5364a706b,2025-04-15T21:36:36.169476,2025-09-13T11:07:36.169500
5428d85c-19bc-444c-be18-4f4ec16c288e,d1b8efbd-84b5-426e-8db1-475130ff0bd4,BMI,,30.0,"[""sms"", ""push""]",True,carloswerner@example.net,0fc75aad-27df-4100-93e1-dcc082b66f34,2025-09-19T06:02:36.169559,2025-09-07T03:16:36.169571
d51cca29-46af-4eba-b6cc-d6d80d15b545,935583ae-ddef-40d9-85d2-3ccb3f2dc868,HEIGHT,46.400000000000006,,"[""email""]",True,jillian19@example.com,a8bd9bf0-b327-4c67-82f7-6f5947b7fcc9,2025-08-15T10:14:36.169617,2025-08-22T23:41:36.169629
d9e4848c-78d3-43cd-89a7-2740dde0d3ff,7ed3878d-d65f-4ca4-b35b-e063b9d8cb8a,BMI,,,"[""sms"", ""push""]",True,tracywilkins@example.net,4cf46812-3e41-4858-823b-ca0917c430a2,2025-04-15T14:07:36.169719,2025-08-27T21:39:36.169752
bbe2fe92-2ee2-42b3-87bc-d9da1b79dc33,ea2bde4d-d85f-45a6-965c-e1d5c538ab81,GLUCOSE,,,"[""push""]",True,jason57@example.net,5457b468-4601-4cc4-8fd2-89954a081ac5,2025-03-29T17:19:36.169788,2025-08-27T12:10:36.169794
d1cf89cd-ef06-413f-9d96-49ae5ba751e0,84ce04d9-84a8-4c12-bf81-e0747dc3a130,HR,48.0,,"[""sms"", ""email""]",False,84ce04d9-84a8-4c12-bf81-e0747dc3a130,,2025-09-05T16:56:36.169817,2025-08-19T10:06:36.169823
908a7220-c0b8-4b8d-9114-718c19f52189,ad563605-e182-4ec0-9d33-e8f048fa0df4,RR,,,"[""push"", ""sms"", ""email""]",False,stewartjeremy@example.org,57be058d-0bae-46a1-bb08-f009d1cd95a5,2025-06-09T17:10:36.169844,2025-08-20T03:13:36.169849
e67447e3-518c-4cac-bd15-09c7773f67c7,57d3140e-cc6f-41e2-a281-fb59a95b070a,GLUCOSE,56.0,,"[""email"", ""sms""]",True,57d3140e-cc6f-41e2-a281-fb59a95b070a,,2025-09-16T23:37:36.169868,2025-09-11T22:34:36.169873
a9bb42d1-f925-4f18-830f-cfca7736b3c6,c2526f2d-724a-444c-a1ba-7243aa8e46ff,GLUCOSE,56.0,168.0,"[""email"", ""push""]",True,c2526f2d-724a-444c-a1ba-7243aa8e46ff,,2025-04-14T12:16:36.169891,2025-09-16T07:00:36.169896
f64fb853-3302-403f-b397-3c0681f468a4,c2e31e0f-ca23-42d6-a2fb-b209dc2d6f4d,DBP,48.0,108.0,"[""push"", ""sms""]",False,c2e31e0f-ca23-42d6-a2fb-b209dc2d6f4d,,2025-04-17T17:30:36.169916,2025-08-23T02:45:36.169921
2d70189b-e399-4900-a4bd-579fc8bad864,fdb8beb9-2ffe-4acc-b153-5b9cf8e3441e,GLUCOSE,,168.0,"[""push"", ""sms"", ""email""]",True,kristy47@example.com,54c1d2e1-7efb-4adb-a4e5-91fe7b424aa5,2025-07-31T01:48:36.169941,2025-08-19T19:13:36.169946
3a7568a6-e3ac-4e9e-8f1d-9b2f26f68e1a,ff153331-b49b-43dd-812d-c323282ffd77,BMI,14.8,,"[""sms""]",False,ff153331-b49b-43dd-812d-c323282ffd77,,2025-08-27T19:25:36.169965,2025-09-10T03:16:36.169970
8bdcf3ff-64ee-4e57-b107-15845ddc39bb,babff307-52ea-4e5b-bafa-ee0c54ffff84,WEIGHT,,360.0,"[""sms"", ""email"", ""push""]",True,babff307-52ea-4e5b-bafa-ee0c54ffff84,,2025-09-16T03:09:36.169988,2025-09-01T14:33:36.169994
c55accdb-dbb8-4e23-bd61-863633c8d1f8,4163304f-d09a-4c77-b3f8-9ae3a0cd2a28,RR,,24.0,"[""email"", ""sms""]",False,4163304f-d09a-4c77-b3f8-9ae3a0cd2a28,,2025-06-09T05:58:36.170014,2025-09-02T18:10:36.170019
b22e5fcf-91f4-416d-8aff-6ae7e745f40f,5042d50e-692d-406c-a343-9ae66ea9e13d,DBP,,,"[""email""]",False,5042d50e-692d-406c-a343-9ae66ea9e13d,,2025-03-25T01:02:36.170036,2025-09-03T04:05:36.170040
4563923a-f08e-48db-b65f-80cb725f909b,8045d7d4-6423-4394-a896-70968dbc34c5,RR,9.600000000000001,,"[""sms"", ""email"", ""push""]",False,kevinli@example.net,399a0e77-d6d8-4340-9b3a-4144491e86b5,2025-05-29T21:15:36.170060,2025-08-29T23:33:36.170064
81e4427d-da9b-4588-87f3-cd0db0a81e04,4e26eb9f-4e07-4812-a1ac-764465c91ae3,DBP,,108.0,"[""sms"", ""push""]",True,4e26eb9f-4e07-4812-a1ac-764465c91ae3,,2025-08-31T03:22:36.170082,2025-08-26T20:37:36.170087
93e0f43d-6335-4c61-b628-08d62165dccf,6204e6fc-a409-4c23-906a-df7e9abc5240,SBP,72.0,,"[""email"", ""push""]",False,pdixon@example.org,0ff9edb7-ec52-4736-ba12-182b387a365a,2025-06-05T06:49:36.170105,2025-09-02T18:33:36.170110
1f8104b6-3e4c-409f-8e7e-620d868a11ba,bd638e85-0e46-4966-86c7-4d06c935848d,SPO2,,120.0,"[""push"", ""sms"", ""email""]",False,bd638e85-0e46-4966-86c7-4d06c935848d,,2025-05-18T11:03:36.170130,2025-09-12T21:38:36.170135
839bc4cd-b28d-4be0-a008-f9176afe8046,bfb4f04e-9096-470e-995b-15021e613cf5,HEIGHT,46.400000000000006,93.6,"[""push"", ""sms""]",True,ernesthoward@example.org,6d06966b-3827-486b-9006-99a7c1581d0e,2025-09-15T09:17:36.170154,2025-09-03T07:02:36.170159
481797e7-07ce-4136-bf4c-b5e2ed3c1c18,a684dcce-35be-4f57-8a07-bad0feb6a5f4,TEMP,77.60000000000001,,"[""sms"", ""email""]",True,a684dcce-35be-4f57-8a07-bad0feb6a5f4,,2025-04-13T05:48:36.170184,2025-09-16T19:52:36.170189
dd2e2317-85c8-4683-bbeb-7bd5a0b371f0,d0fb7135-b65c-46da-b518-6a4c7d5cff0f,RR,9.600000000000001,,"[""sms""]",False,d0fb7135-b65c-46da-b518-6a4c7d5cff0f,,2025-06-13T16:52:36.170207,2025-09-12T13:02:36.170211
e12fd941-0415-4ec7-b3a3-b72abbecbd11,584724cf-24e8-4c8a-b49e-c80fe82cd498,HEIGHT,46.400000000000006,,"[""push""]",False,washingtonleslie@example.net,3b99a301-f81c-4877-9709-e2e51d853f3b,2025-05-16T03:24:36.170229,2025-09-13T20:28:36.170234
b61ffc71-34cd-44e7-822e-f09c9ac3a95c,77e1972c-24fe-47b4-b89b-cec2c9a128b4,SPO2,76.0,120.0,"[""push"", ""sms""]",False,frank18@example.net,2eda3988-ce52-48b2-9851-3767b770ea37,2025-08-21T12:33:36.170254,2025-08-22T15:53:36.170258
0fd1e143-04a4-4fe9-9282-1d2e22714a81,70eea398-b89b-4395-a83c-c6a67c5d3e30,TEMP,,,"[""email"", ""sms"", ""push""]",False,julia17@example.org,14c1f18e-37a7-40aa-b445-355bf5384fe1,2025-07-01T03:10:36.170278,2025-09-18T10:50:36.170283
6125b254-c052-4636-9ee2-aa0e3172a431,fc8be14f-ced2-4427-ae23-d924ca27513c,HEIGHT,46.400000000000006,,"[""email"", ""push""]",True,dcurry@example.net,81f52c7f-ecb7-4ea9-8484-a31ea465d768,2025-08-14T21:10:36.170304,2025-09-18T09:07:36.170309
a6bef05d-0eb0-493e-bbc9-c1873bfe9fd7,9d05d416-35fa-46ed-a2e6-aff074a18897,WEIGHT,,360.0,"[""sms"", ""push""]",False,9d05d416-35fa-46ed-a2e6-aff074a18897,,2025-04-13T23:23:36.170327,2025-09-03T10:41:36.170332
97266709-d1ff-4031-a140-02c0e77d00fe,7d76ff96-2ead-4e0f-a916-b58e00b14dfb,HR,,120.0,"[""sms""]",False,7d76ff96-2ead-4e0f-a916-b58e00b14dfb,,2025-05-20T04:48:36.170349,2025-09-07T09:23:36.170353
c07d0832-d228-4096-b43f-0cb78768263e,f126e7d9-b0db-4d51-ba04-3681f1e11016,SPO2,,120.0,"[""email"", ""push""]",True,f126e7d9-b0db-4d51-ba04-3681f1e11016,,2025-04-13T03:43:36.170370,2025-09-16T12:34:36.170375
d83d7f71-a3ec-414a-a751-52ff7ade494a,7ae992dc-4e8a-4d80-a1f2-ba6a29658ecf,RR,,24.0,"[""sms""]",True,justin46@example.com,6a8a7385-52bd-4c0f-8697-216e33873798,2025-04-08T03:32:36.170392,2025-09-11T05:32:36.170397
a61c1338-d194-44d6-8f16-2441074dfb5a,76d25b35-0c99-4883-97b2-fcb04356904d,RR,,24.0,"[""sms"", ""push"", ""email""]",False,76d25b35-0c99-4883-97b2-fcb04356904d,,2025-05-07T02:06:36.170415,2025-09-08T19:56:36.170419
6ba6023e-7c89-41a1-ab3f-abed440a916a,1f767f5a-3ea5-422c-89dd-617af71cfb3a,SPO2,,120.0,"[""sms"", ""push""]",True,1f767f5a-3ea5-422c-89dd-617af71cfb3a,,2025-04-15T11:07:36.170439,2025-09-02T03:06:36.170444
24083999-03c6-415c-b992-bbff0ebf5b57,49380dbd-8002-420e-b011-a41c7ffe1ca9,SBP,72.0,,"[""push""]",False,fking@example.org,01dac726-ede1-4d70-a241-3aaf3706ed81,2025-06-25T17:15:36.170463,2025-08-30T01:49:36.170468
89ecfca3-2ed7-4deb-a076-afd87108f1c4,9e816658-e443-4189-9cb5-644f9ca8afd6,TEMP,77.60000000000001,119.39999999999999,"[""sms"", ""push""]",False,nelsongabriela@example.com,80b943c5-d08f-414d-b4a3-aa97cf9073f8,2025-08-23T02:45:36.170487,2025-08-23T08:42:36.170492
ff555a2c-b150-4db9-b096-ac05da04afde,0d22ec5b-c65a-4a7f-9404-f7bb5d340796,HEIGHT,,93.6,"[""push"", ""sms"", ""email""]",True,0d22ec5b-c65a-4a7f-9404-f7bb5d340796,,2025-06-24T22:04:36.170510,2025-08-26T07:45:36.170515
5cfd1bd9-a96f-4863-9ad6-fc14ba6118d2,95bc5662-9dec-400d-90a3-93cb302fc696,DBP,48.0,,"[""sms"", ""push""]",True,ymiller@example.org,413f3bcd-7d8b-485f-b506-14a7fa34f9cd,2025-07-23T05:18:36.170533,2025-09-11T18:28:36.170537
dbfa6fd2-e396-49cb-af39-dee30c285b76,ab3abfc4-35be-425e-adb2-a3759b3a9f19,HR,48.0,120.0,"[""email""]",False,ab3abfc4-35be-425e-adb2-a3759b3a9f19,,2025-08-03T12:27:36.170554,2025-09-13T19:52:36.170559
0d53a4cb-90e7-427a-a033-87fc321de94b,77e1972c-24fe-47b4-b89b-cec2c9a128b4,HR,48.0,,"[""email"", ""push"", ""sms""]",False,perrywayne@example.org,947f7433-85e1-476e-be39-ebf0d74599f0,2025-07-03T06:08:36.170579,2025-09-15T14:59:36.170584
30fbf5a9-aa76-4e47-a0e9-a7fb5b556132,bfb4f04e-9096-470e-995b-15021e613cf5,RR,9.600000000000001,24.0,"[""email""]",False,ewood@example.net,0c26f45f-52a3-4dd0-b6a7-91fd42a2714e,2025-08-21T17:07:36.170601,2025-09-14T18:06:36.170606
cf5502e9-cd0c-43f7-91e6-067fef638c18,19d7f340-f1ab-4b56-a4f9-5180d31de6a2,SBP,,168.0,"[""push"", ""email""]",True,19d7f340-f1ab-4b56-a4f9-5180d31de6a2,,2025-05-02T08:19:36.170623,2025-09-08T03:42:36.170628
fab4d2db-1ec2-41d5-ad04-c1de42c3f505,0455b8b7-b090-4cbb-a67a-0feb5e7ae9f2,RR,9.600000000000001,,"[""email""]",True,0455b8b7-b090-4cbb-a67a-0feb5e7ae9f2,,2025-04-09T06:52:36.170645,2025-09-07T16:17:36.170651
f354715e-c22b-441b-995a-082be5a479bc,24b94ea6-10f7-4b2e-a22e-41a7c430cfae,SBP,72.0,,"[""push"", ""sms""]",True,ypeterson@example.org,c69bd4f4-3d4b-451f-a8fb-41aa3187537b,2025-04-13T11:20:36.170668,2025-08-27T08:38:36.170673
e1323733-05a0-4324-9d02-9db9a57d0b45,c5d7a1f2-a586-4e96-b745-1b74a49613a4,SPO2,76.0,,"[""sms"", ""push""]",True,c5d7a1f2-a586-4e96-b745-1b74a49613a4,,2025-05-11T08:14:36.170690,2025-08-28T03:47:36.170695
0ac7a4e1-2f87-49b5-a462-aa12417773c4,b6b466e1-5960-4007-8ff1-a57e44567d47,TEMP,,,"[""push"", ""email""]",False,hunter12@example.org,cb075eb7-0bea-4493-89e3-3bab12c1b2f1,2025-04-22T03:46:36.170713,2025-09-05T23:24:36.170718
dd0ed2c1-d15a-4480-a5ee-50b4531bc0ee,ce4f3092-64e6-4bab-a1fd-2247ae2e3847,DBP,,108.0,"[""push"", ""sms""]",False,amanda14@example.net,9c144fc5-fd5c-4088-8c1d-9bc8ec30b08a,2025-07-05T12:40:36.170737,2025-09-08T08:38:36.170743
d72a8159-ec26-420e-a363-a57fb65cc732,f38e7ba9-c756-4636-a1e4-825754bab827,BMI,14.8,,"[""email"", ""push"", ""sms""]",True,silvaryan@example.org,7f4f4380-d8bf-4c18-ae88-e3c01b7c558e,2025-06-23T18:13:36.170761,2025-09-05T02:05:36.170765
e969a6ee-de50-4c25-b57b-4b65577c664b,bf7414c3-46e2-42e7-be77-403fd01cbb83,TEMP,,,"[""email""]",True,bf7414c3-46e2-42e7-be77-403fd01cbb83,,2025-05-31T04:29:36.170782,2025-08-20T06:29:36.170787
95c6dd05-ad31-4f6e-b675-9c527608504b,96a0d75a-f0c4-466c-9c45-8c14300e470d,TEMP,77.60000000000001,,"[""sms"", ""email""]",False,alejandro92@example.net,da1b2b9d-8f8d-41ea-b9cd-8b6aaeca4f98,2025-09-18T04:14:36.170805,2025-08-31T09:55:36.170810
8c4b6291-bb2d-4c7b-bb89-547aaf7ecf1d,526e0dfb-7442-4175-8df5-2ee4baa2c926,SPO2,76.0,120.0,"[""sms"", ""email"", ""push""]",True,carloswerner@example.net,0fc75aad-27df-4100-93e1-dcc082b66f34,2025-06-19T05:33:36.170835,2025-09-18T17:59:36.170839
73f3780e-955b-4ee5-8fef-458d532c4a9d,8f8cc081-5d03-4d8a-ab1f-7812df45d7c7,WEIGHT,80.0,,"[""email"", ""push""]",False,lhoward@example.org,3f55438b-8d50-4b73-b035-730870558025,2025-07-28T07:39:36.170857,2025-08-23T23:03:36.170862
808c0eba-ce76-4c2c-87c7-4ce4d90166da,bf55316f-92e8-4bfb-b1eb-d8295e0f054c,HEIGHT,,93.6,"[""sms"", ""email""]",False,bf55316f-92e8-4bfb-b1eb-d8295e0f054c,,2025-07-17T05:12:36.170879,2025-09-04T03:41:36.170883
861e0d68-a2b8-43df-bfc6-bb24750c607f,274518a4-55ad-4101-aed9-834fb8bddfed,BMI,,30.0,"[""sms"", ""email""]",True,adamskirsten@example.com,c8f3041f-a80c-48c4-b461-6f7718555f4e,2025-04-25T05:05:36.170902,2025-09-07T05:09:36.170907
5ac41a40-cead-4d52-a413-128d92b403d7,be412543-1401-4de1-9b1d-c587d70753fb,BMI,14.8,,"[""sms""]",True,johnsonsandra@example.net,5ea83ad3-6652-4dce-8c4c-db1f5700629f,2025-06-07T01:56:36.170924,2025-09-01T16:41:36.170929
a54fe573-a566-471c-937f-35a610b46fd7,e08982a0-70f2-475d-b8fe-571889627aa2,BMI,,30.0,"[""sms"", ""push"", ""email""]",True,jake77@example.com,27cded7f-4000-4ad1-b40c-45c60374e818,2025-06-30T11:12:36.170948,2025-08-22T08:39:36.170953
48bce7dd-104d-462a-a17c-0a3239a0b75d,d1b8efbd-84b5-426e-8db1-475130ff0bd4,SPO2,76.0,120.0,"[""sms"", ""push""]",True,carlastevens@example.net,72b38c53-a24a-4551-8bcb-e547b46623f5,2025-04-03T12:20:36.170971,2025-09-13T02:48:36.170975
bb49bb6b-22f4-44f8-bf81-d570ea743cfa,0d503179-3f2e-4d70-ad3d-1e178bb1808c,SPO2,,,"[""push"", ""email"", ""sms""]",True,0d503179-3f2e-4d70-ad3d-1e178bb1808c,,2025-07-11T18:12:36.170992,2025-09-14T00:34:36.170997
94fb14a1-ab7f-45a7-9e0e-28630cdf0285,d93cb049-6634-4bfa-9d34-6275fc37f1dc,TEMP,77.60000000000001,,"[""sms""]",False,d93cb049-6634-4bfa-9d34-6275fc37f1dc,,2025-05-07T18:55:36.171015,2025-09-13T03:41:36.171020
d5611151-3622-4bd5-bb87-dbfd5cb12c65,61850ab2-0b71-41e7-84f3-aa80860a6810,WEIGHT,,360.0,"[""email""]",True,61850ab2-0b71-41e7-84f3-aa80860a6810,,2025-06-21T06:05:36.171036,2025-08-20T11:09:36.171041
0ea45af1-7823-4517-b850-bc03bb522acf,f9f6d20c-0f52-43dc-9fad-abc57a12ec2f,TEMP,,119.39999999999999,"[""push"", ""email"", ""sms""]",False,samueljones@example.net,c7d5b71b-188a-488c-b49f-e415805a51d6,2025-06-26T14:46:36.171059,2025-09-04T01:22:36.171064
09d8a8ef-0e06-4d92-bd03-18c6dcb7d0a2,567bf8b8-f6ea-4007-9329-c8452438a08c,HR,48.0,,"[""push"", ""sms""]",True,567bf8b8-f6ea-4007-9329-c8452438a08c,,2025-08-13T06:58:36.171081,2025-08-23T11:50:36.171086
20792898-5fb6-404d-9a69-ef8122c1484b,2e3955e0-0605-4f7f-b066-ca849d3b96af,RR,9.600000000000001,24.0,"[""sms"", ""email""]",True,mallory61@example.net,b1e545b2-02da-4854-bfc4-3a48e944925c,2025-06-19T03:19:36.171106,2025-08-27T09:06:36.171110
40b830b2-97f4-4a23-9472-ea804dec2da8,c9f73bf9-5a85-426e-80fa-daffa0aba9db,BMI,,30.0,"[""sms""]",False,ryan42@example.com,c78aa45a-ba6b-4214-932e-053ede4823bc,2025-06-06T16:25:36.171127,2025-09-11T21:34:36.171132
a364ff31-9c96-4f99-a39c-dea3da498555,1c7d9b92-8690-45ca-a4ab-2cb31b735f33,GLUCOSE,56.0,168.0,"[""sms""]",False,1c7d9b92-8690-45ca-a4ab-2cb31b735f33,,2025-06-12T09:19:36.171148,2025-08-23T16:26:36.171152
c9d3ee4b-9450-45b5-814d-87b7d53c7da5,51d4eea9-9a0d-493a-8eab-954032669d7a,GLUCOSE,56.0,168.0,"[""email"", ""sms""]",False,chad76@example.com,21751359-1abe-4503-a0a4-0377c892eff5,2025-03-23T02:16:36.171183,2025-08-29T15:06:36.171187
32abf664-69be-46de-bfb4-845e4ae87558,5e2c9072-9e01-4076-85a1-3ca73abd4c50,TEMP,77.60000000000001,119.39999999999999,"[""sms"", ""push""]",False,ysmith@example.net,a2b2a800-d3e5-4924-8550-90b39fbdc3d6,2025-03-25T08:43:36.171206,2025-09-15T09:07:36.171210
9b694f64-d27d-4465-bd2a-808e2025ce44,49380dbd-8002-420e-b011-a41c7ffe1ca9,RR,9.600000000000001,,"[""email"", ""sms""]",True,49380dbd-8002-420e-b011-a41c7ffe1ca9,,2025-04-11T04:06:36.171236,2025-08-28T19:18:36.171241
76214e41-dd3c-43ca-9960-8d4ac69a5949,542774c0-6bc8-49e7-9ea0-fc7ccaa62b7e,SBP,72.0,,"[""email"", ""sms""]",False,542774c0-6bc8-49e7-9ea0-fc7ccaa62b7e,,2025-07-10T20:48:36.171257,2025-09-08T21:02:36.171262
f0a80b9b-af6b-4157-8ede-044e4f7b66d9,ec4f602c-2962-4224-9cdf-e73abe5390f7,TEMP,77.60000000000001,119.39999999999999,"[""sms"", ""email""]",False,ec4f602c-2962-4224-9cdf-e73abe5390f7,,2025-04-07T22:49:36.171279,2025-08-26T20:25:36.171283
38ef4a01-b212-420d-8571-98bc8e4d965b,60e02da5-4dad-4af2-9025-cc480a58a409,TEMP,,,"[""push""]",True,wtapia@example.org,9ae61abe-6c37-4245-acef-f73c7af6666d,2025-08-12T08:38:36.171300,2025-09-03T06:18:36.171305
4e7c8566-eb89-491f-8c7d-8f5762e456e8,fc8be14f-ced2-4427-ae23-d924ca27513c,RR,9.600000000000001,,"[""sms"", ""email""]",False,fc8be14f-ced2-4427-ae23-d924ca27513c,,2025-06-12T18:59:36.171321,2025-08-26T11:33:36.171326
4736e9c3-7e3c-4c4b-93e6-ea57251998a6,ff2fc364-a2d1-457b-b12c-db03367a1d6b,RR,9.600000000000001,,"[""push"", ""sms""]",True,vsanchez@example.net,998f35ed-ba67-422d-829a-1e641b5ca3bc,2025-08-11T16:32:36.171345,2025-09-19T07:55:36.171349
25a14d82-5d2a-474f-9306-8749a2158e78,c6d86fbe-d743-433f-baea-ddac2aa314ae,SPO2,76.0,120.0,"[""email"", ""push"", ""sms""]",False,c6d86fbe-d743-433f-baea-ddac2aa314ae,,2025-05-02T11:19:36.171367,2025-08-29T14:21:36.171372
6a0bc687-3bbd-4c86-b1dc-a80c60ba891b,9f4ba15b-036f-4869-a930-2c8be8479510,GLUCOSE,,168.0,"[""email"", ""push"", ""sms""]",False,9f4ba15b-036f-4869-a930-2c8be8479510,,2025-04-16T18:11:36.171389,2025-09-17T21:00:36.171394
31f92df0-75c0-4511-88c8-9375b82661c6,f6a0845f-4040-4af5-8f0e-a22c3464de4c,HR,,,"[""sms"", ""email""]",True,f6a0845f-4040-4af5-8f0e-a22c3464de4c,,2025-07-11T03:09:36.171411,2025-09-06T14:24:36.171416
7cdcb50c-a9d6-4125-8142-098378190ded,5f6598e9-226b-4811-b4ba-143ad27edf0a,WEIGHT,,360.0,"[""sms""]",False,johnmerritt@example.com,d27483c5-9981-437f-bd40-3f573b7c5f74,2025-05-23T04:34:36.171432,2025-08-23T18:35:36.171437
986755c7-7be0-45f3-ace4-193c174206ad,7236eedf-cd41-40bb-af49-1d068124e9d5,TEMP,77.60000000000001,119.39999999999999,"[""sms"", ""push"", ""email""]",False,7236eedf-cd41-40bb-af49-1d068124e9d5,,2025-04-24T08:34:36.171454,2025-08-26T07:12:36.171458
d1735786-b717-44b1-9ec7-c458b1414eaa,9f73f2b0-46a4-4a6d-b1a6-d900c43b749e,SPO2,76.0,120.0,"[""email"", ""sms""]",False,9f73f2b0-46a4-4a6d-b1a6-d900c43b749e,,2025-08-29T09:37:36.171477,2025-08-27T16:28:36.171481
68adf6ba-c712-4b55-8233-b12538195401,b6608b8f-b6c5-44d1-8b17-3579cd0b75db,SPO2,76.0,120.0,"[""email""]",False,andrewsdebbie@example.com,7cfd50cd-d637-49b7-a685-ad6b3d63cfb2,2025-09-13T13:55:36.171497,2025-09-07T18:02:36.171502
8dfe809d-c755-42e6-9954-de76802a1140,6c8c1415-0adf-4f86-9b8e-8e3e21d15349,BMI,,30.0,"[""email""]",True,madisonhampton@example.com,8bd15987-3f3f-4430-b21b-90d95105551b,2025-08-08T23:15:36.171519,2025-08-29T03:11:36.171523
fcf280a6-082e-40cb-8a11-7247086b514e,0ac4168a-02fe-4260-8ae5-c3e83b950d2b,RR,,24.0,"[""email""]",True,0ac4168a-02fe-4260-8ae5-c3e83b950d2b,,2025-06-09T10:11:36.171539,2025-08-28T19:46:36.171543
2d1363e0-8c7f-46e9-96ea-fde3647125e7,7d4bc0fc-44e4-4610-8af8-0556201fd3ea,SPO2,,,"[""email"", ""push""]",True,7d4bc0fc-44e4-4610-8af8-0556201fd3ea,,2025-08-29T05:45:36.171559,2025-08-24T16:59:36.171564
31ea40ca-dfaa-4663-8990-cdeca0516307,4e067245-993b-4599-956a-fb69948951ef,WEIGHT,80.0,360.0,"[""sms"", ""email""]",False,4e067245-993b-4599-956a-fb69948951ef,,2025-06-05T17:37:36.171579,2025-09-09T20:44:36.171584
9189b7a2-3d86-45f1-aa70-70d7891e53c7,64045bdf-e2fa-4290-ac24-f3d28ac774c4,HEIGHT,,93.6,"[""push"", ""email"", ""sms""]",True,banderson@example.com,78f66741-06be-49f0-841f-98c3ea18599c,2025-06-13T00:44:36.171601,2025-09-13T09:27:36.171605
3c61111a-1edf-4548-990b-25a465feadf3,35913bd4-1412-4c07-9d94-27371b572549,RR,9.600000000000001,24.0,"[""push""]",True,alyssaparsons@example.com,488d16fd-f4e0-40f9-b244-e2159737b7d2,2025-06-27T10:18:36.171623,2025-09-07T07:43:36.171628
ad7d25f2-5e4d-415f-8bb2-9c623b40d151,d005ab04-7080-4482-880f-391c4a351436,WEIGHT,80.0,360.0,"[""push"", ""sms"", ""email""]",True,gomezgrant@example.net,f5982700-b49c-442f-a189-0493dd796fe6,2025-07-08T18:07:36.171645,2025-09-09T18:04:36.171650
2cd6ac08-6104-46bc-b367-cee8502ac572,f2ad3f49-2b52-4074-91e2-9b643bb465e2,BMI,14.8,30.0,"[""email""]",True,barcher@example.net,9ac3e159-7983-4174-b03a-0538b13a10a5,2025-04-04T19:27:36.171667,2025-08-21T06:08:36.171671
69de028f-3e0f-414c-b8ab-0ba6ad876cd6,0256365d-f2d8-48db-a870-8bd437552b54,TEMP,,,"[""email""]",False,0256365d-f2d8-48db-a870-8bd437552b54,,2025-09-04T13:41:36.171688,2025-09-08T00:38:36.171692
fc60fc7e-a1be-4818-a8cb-5dbe52f60db4,99fca50b-96bf-4e4b-b252-2163393b0b30,SPO2,,120.0,"[""email"", ""push"", ""sms""]",False,99fca50b-96bf-4e4b-b252-2163393b0b30,,2025-06-05T19:01:36.171708,2025-08-24T16:16:36.171713
177d0775-787e-42a9-b441-474e4e77af3d,c4213633-c0bf-4a17-b39a-ea462e509d1e,RR,9.600000000000001,24.0,"[""push""]",False,c4213633-c0bf-4a17-b39a-ea462e509d1e,,2025-06-25T05:07:36.171729,2025-09-11T02:20:36.171734
20c25ad8-2328-41b8-8468-5738e2ef0e7e,b9b24464-ce4f-4b3c-9646-231ffd5b0580,RR,,,"[""sms"", ""push"", ""email""]",True,vincent74@example.org,c534be4d-43a9-490b-8f20-84a86ec5806b,2025-04-05T00:45:36.171752,2025-09-16T09:55:36.171757
77e1d7b7-cf05-4a60-9497-38f8f8887a5d,ea61d5c5-a19b-4709-a652-a2fd6e73efc7,HEIGHT,46.400000000000006,93.6,"[""push"", ""sms""]",False,hjenkins@example.org,dfc6e8fb-d24f-4044-ab32-48214d896bac,2025-05-12T15:22:36.171774,2025-08-21T00:54:36.171779
e47defab-10b3-48e0-b6ed-bbd5726ebfec,42677311-f3aa-4585-986f-a68b8ac0d8f9,SBP,72.0,,"[""push""]",True,williemartinez@example.org,e2c21c5b-eb15-40ed-b08e-f4af638973d2,2025-04-21T14:07:36.171796,2025-09-18T01:11:36.171800
131c99b5-20db-4778-83ed-f9a3dd982219,bd835801-8731-462e-8df1-142f7ac239b5,TEMP,,,"[""email"", ""sms""]",True,bd835801-8731-462e-8df1-142f7ac239b5,,2025-07-06T01:53:36.171817,2025-08-19T20:44:36.171822
ab777bcf-de7d-4149-8eea-f57cd531dcd6,bc65e1ae-0854-44dd-af10-3196fd7be0a9,TEMP,77.60000000000001,,"[""email"", ""push"", ""sms""]",False,martinmorgan@example.net,c5545d51-a75a-4d56-a9a9-a83a0edad61b,2025-07-05T04:00:36.171840,2025-08-28T17:01:36.171845
0ef4d537-6b2d-4e84-84e5-891e369f6b5f,c4213633-c0bf-4a17-b39a-ea462e509d1e,SBP,72.0,168.0,"[""sms"", ""push"", ""email""]",False,c4213633-c0bf-4a17-b39a-ea462e509d1e,,2025-06-23T17:54:36.171861,2025-09-05T23:01:36.171865
d68214f3-8927-4e3d-a103-5d03858dfecf,a9bbe07a-a9a3-4163-bd07-3d9a05fff9d3,SBP,,168.0,"[""email"", ""push""]",True,a9bbe07a-a9a3-4163-bd07-3d9a05fff9d3,,2025-08-23T20:22:36.171881,2025-09-04T15:43:36.171886
3bef40e7-408d-41a8-9ebc-1b00e1cb5e70,12755319-b15a-4cac-ab28-35b3c860c275,TEMP,,,"[""email"", ""push""]",True,longbob@example.com,90862217-b2b6-4914-a8dd-66ad181de64b,2025-08-13T22:06:36.171902,2025-09-18T10:29:36.171906
0668b55e-46e6-4cfa-adc2-23f77687908e,1b4b6aa2-b189-4ec7-92b4-80d8f678faaf,BMI,14.8,,"[""sms"", ""email"", ""push""]",False,1b4b6aa2-b189-4ec7-92b4-80d8f678faaf,,2025-04-06T10:46:36.171923,2025-08-26T22:34:36.171927
590297a7-005c-49f3-b866-01a845838f7f,9d1e6baa-1534-45ee-836b-406e58902195,DBP,,108.0,"[""sms""]",False,9d1e6baa-1534-45ee-836b-406e58902195,,2025-08-28T00:30:36.171944,2025-09-05T19:15:36.171948
b2c3e5cd-f122-4149-884f-a6e202a8018b,f6aa5609-14fe-4909-9dfa-2c895deac204,RR,9.600000000000001,,"[""push"", ""sms""]",True,jessebeltran@example.net,eb7c9266-ed79-44d2-8f84-6656d7c0c81c,2025-05-13T15:29:36.171966,2025-09-16T17:51:36.171970
71c2c0d8-011e-4fdf-89ba-be5f8e00c643,d13f5ce2-71e0-41b8-9d18-d6128a81b566,BMI,,30.0,"[""email"", ""push""]",True,d13f5ce2-71e0-41b8-9d18-d6128a81b566,,2025-07-13T05:39:36.171986,2025-08-24T16:56:36.171990
be4849f6-619a-41f1-9fc0-ad47eb40f88e,347c95b5-b4c9-4a86-8c85-58b9ad6423d8,TEMP,,,"[""sms"", ""email"", ""push""]",True,347c95b5-b4c9-4a86-8c85-58b9ad6423d8,,2025-09-15T09:50:36.172007,2025-09-19T05:08:36.172011
0701e355-c32d-40de-970c-d476067c9edd,a5cf2d83-9abc-4897-839d-e0806d6cafe9,BMI,14.8,30.0,"[""push"", ""email""]",False,a5cf2d83-9abc-4897-839d-e0806d6cafe9,,2025-07-27T06:35:36.172029,2025-09-16T08:53:36.172037
79585d27-e5fe-49ee-8137-3ab91a7e9481,5de63d21-a73b-40af-bbb3-36e923c9a63b,WEIGHT,80.0,360.0,"[""sms"", ""email"", ""push""]",True,5de63d21-a73b-40af-bbb3-36e923c9a63b,,2025-08-16T18:01:36.172066,2025-08-26T09:24:36.172073
d08c5e35-06ff-464c-80ac-57e988b1e705,cbb4460f-e451-4595-9ddf-5b360e4d2ad0,HR,48.0,,"[""email"", ""sms""]",False,cbb4460f-e451-4595-9ddf-5b360e4d2ad0,,2025-06-25T09:14:36.172100,2025-08-23T15:09:36.172105
5b29ff6a-4b3d-4375-8ce1-fbaee6e19bd3,1c41e6c5-a12a-4e2d-a3bc-248972ea75b4,HR,48.0,120.0,"[""push""]",True,1c41e6c5-a12a-4e2d-a3bc-248972ea75b4,,2025-06-29T14:39:36.172123,2025-09-15T21:54:36.172127
a3aed0b3-03f9-426e-8554-b4d1cbf6f90e,d8fdbec2-3457-465a-a250-355331b28f41,TEMP,77.60000000000001,,"[""email"", ""push""]",True,d8fdbec2-3457-465a-a250-355331b28f41,,2025-08-18T05:01:36.172144,2025-08-22T20:53:36.172149
41744102-3502-4645-a5a1-796d81111c88,497f06f8-2b4a-4cb5-8383-9478189f89cc,WEIGHT,,,"[""push"", ""email""]",False,497f06f8-2b4a-4cb5-8383-9478189f89cc,,2025-06-14T21:43:36.172166,2025-08-21T19:40:36.172171
2736ef3e-acaa-4fe7-ae2c-c32d4683915c,00905f96-b745-425b-b041-3a6ab217bc0c,RR,,24.0,"[""push"", ""email"", ""sms""]",True,00905f96-b745-425b-b041-3a6ab217bc0c,,2025-09-18T05:52:36.172190,2025-08-23T01:20:36.172195
ba7e6203-2f37-430a-8662-67712c9ee3df,9f80925a-76e7-4df1-ac63-dcd7050247ee,DBP,48.0,108.0,"[""push""]",True,9f80925a-76e7-4df1-ac63-dcd7050247ee,,2025-05-22T11:29:36.172219,2025-08-27T23:32:36.172226
639417e4-174e-4533-9fc6-b76ca7ebda52,765ce83b-40b6-4286-b8c1-1dc3606e5fa8,GLUCOSE,,168.0,"[""email"", ""sms""]",False,washingtonleslie@example.net,3b99a301-f81c-4877-9709-e2e51d853f3b,2025-03-31T06:11:36.172271,2025-09-17T11:23:36.172277
1f130905-e543-4a8d-8c6f-84b50cf5ac87,dc9dd0fc-1044-49d6-8bb4-456453080e42,RR,,24.0,"[""email"", ""sms"", ""push""]",False,dc9dd0fc-1044-49d6-8bb4-456453080e42,,2025-05-07T03:15:36.172302,2025-08-20T05:40:36.172309
3877d25c-b1eb-4b64-89df-17d49693042e,7adec392-9fb1-4694-9131-e8f99319324f,RR,9.600000000000001,,"[""push"", ""sms"", ""email""]",True,7adec392-9fb1-4694-9131-e8f99319324f,,2025-06-03T06:15:36.172334,2025-09-10T19:38:36.172342
e210cb82-457e-45bb-9407-b80b44228edc,619ef1cd-9b62-4a03-a449-f739b18731c1,HEIGHT,,,"[""sms""]",True,619ef1cd-9b62-4a03-a449-f739b18731c1,,2025-06-01T11:57:36.172369,2025-09-02T01:29:36.172376
a1e7f738-2be0-46ee-8fd5-e79b9fcb4015,a1ed58dd-3e64-45da-94fc-7901f77fea08,HEIGHT,46.400000000000006,93.6,"[""push"", ""email"", ""sms""]",True,a1ed58dd-3e64-45da-94fc-7901f77fea08,,2025-08-30T11:14:36.172402,2025-09-02T12:59:36.172409
3b18eb7f-e1c4-4ae6-b2b1-0ed99580a997,567bf8b8-f6ea-4007-9329-c8452438a08c,SPO2,,,"[""sms"", ""email""]",False,perrymichael@example.org,3c395141-2966-4632-955c-35e974429e4f,2025-05-30T03:42:36.172437,2025-08-21T00:21:36.172445
e78fd7bd-80a7-4bfb-bb03-71ab4c4432a0,5fdcd7cd-fb6b-465b-963b-12fb7681bc73,RR,9.600000000000001,24.0,"[""email"", ""sms"", ""push""]",True,dawnwarren@example.net,e258966e-7b42-4148-abd0-685c47aa5bbc,2025-09-15T04:40:36.172475,2025-09-03T09:23:36.172482
e3b6afb1-dca3-499c-9a09-f7a54a3ff7ee,153262f8-bb83-4018-b950-95d89ff2de07,BMI,14.8,30.0,"[""sms"", ""push"", ""email""]",True,allisonbarr@example.com,57787098-18df-4704-98b4-abf40d95c0fc,2025-07-10T09:06:36.172595,2025-09-09T12:41:36.172624
d761402c-0c6c-41c1-b7cf-18882e119e71,ed978de6-901d-4b3c-be3d-04dd08a1ea64,GLUCOSE,,168.0,"[""push"", ""email""]",False,ed978de6-901d-4b3c-be3d-04dd08a1ea64,,2025-08-08T08:54:36.172712,2025-09-16T14:39:36.172722
45043eb5-1fdd-4123-a307-d9e0c05b6a3f,520af470-a8b9-4ba8-9f31-ec396f26ed64,TEMP,,,"[""sms"", ""push"", ""email""]",True,520af470-a8b9-4ba8-9f31-ec396f26ed64,,2025-07-13T04:20:36.172759,2025-09-04T21:25:36.172768
f0286bc3-2a95-45f2-841e-373fa3484952,62c8f545-451b-45e0-a9e7-c84696591565,HEIGHT,,93.6,"[""sms"", ""email"", ""push""]",True,62c8f545-451b-45e0-a9e7-c84696591565,,2025-08-13T19:29:36.172800,2025-09-01T06:57:36.172808
7f2c4ecf-a01b-4dc1-8bf8-ef39802d64f6,4bd9b45b-23d7-4dfb-9714-2cf5150cca45,GLUCOSE,,168.0,"[""sms"", ""email""]",True,ruizgary@example.net,1510a457-8ae1-4327-9f56-618cc107a816,2025-07-06T03:01:36.172841,2025-09-12T15:51:36.172849
f99d82e6-9998-4ab8-b298-f91cf04e084d,07881a52-260e-48c1-9fbb-1769ac60fdf0,SPO2,76.0,,"[""sms"", ""email""]",False,chad76@example.com,21751359-1abe-4503-a0a4-0377c892eff5,2025-04-11T02:56:36.172880,2025-09-15T06:31:36.172889
143cc8ff-1595-4cac-a55b-8674b764befc,f0a63acd-4105-4ed4-9fc9-790320058098,TEMP,,,"[""email""]",True,f0a63acd-4105-4ed4-9fc9-790320058098,,2025-05-16T11:42:36.172921,2025-09-17T22:17:36.172929
4a8c915b-4963-4f7c-8d3f-e30acd39b4cd,41268cbb-7d4e-409b-86c8-5deadaad3b6e,GLUCOSE,,168.0,"[""sms"", ""push""]",False,felicia51@example.com,8f91e96e-8d09-45a9-82c8-c8f765d9bf26,2025-09-16T18:25:36.172960,2025-08-21T12:31:36.172968
9341b5af-a076-4a35-8e19-765f9af45097,4d66fc72-1b34-4f14-9855-36340199a0b6,SBP,72.0,,"[""push""]",True,marynunez@example.org,7742defe-7b08-4c1c-bdc2-4a87c31b759e,2025-05-03T16:18:36.172996,2025-09-07T10:28:36.173004
6de7c80a-8841-447e-bb4c-dbea789a7e1d,b9b29dd1-e53a-439b-bbf3-a74bdb427a35,WEIGHT,,,"[""email"", ""sms""]",True,b9b29dd1-e53a-439b-bbf3-a74bdb427a35,,2025-04-02T15:28:36.173063,2025-08-20T12:30:36.173077
81a0f069-65bf-439a-9607-d72ec67376ed,f5709076-a2ef-424f-8e6c-0063b17ec9a6,RR,9.600000000000001,,"[""sms""]",False,stephenjohnson@example.net,d3afb6c8-4178-45c8-bd5a-5d37877e801d,2025-05-15T05:27:36.173119,2025-08-20T12:13:36.173128
344ddfa1-ccd0-4475-b637-032e34115d2d,270e34d9-dcbf-4461-9a27-a76e8451635e,SBP,,168.0,"[""push"", ""sms""]",True,elizabeth15@example.net,8db6efba-d097-4725-87b6-dc6b3eac3e04,2025-05-04T08:20:36.173172,2025-09-03T04:44:36.173181
26c8f5f8-5222-460d-a0b7-68aa039c153e,8d76678e-eeee-4250-b7e2-c3c77bd8bad7,RR,,24.0,"[""sms"", ""email"", ""push""]",True,christina80@example.org,2ab618ec-402e-4264-9d24-bfb13aeffa28,2025-08-23T19:35:36.173217,2025-09-05T03:43:36.173221
661750af-06a7-49ad-9876-82d034ea710d,27136bdd-59bc-421d-9316-e5469cf1bba0,HR,48.0,,"[""email""]",True,27136bdd-59bc-421d-9316-e5469cf1bba0,,2025-05-26T03:17:36.173239,2025-09-01T14:44:36.173243
20aae920-dade-4ac3-88b4-c6b191d00f63,7615add7-7447-4602-9d2d-4d11bd130ae6,HEIGHT,46.400000000000006,,"[""sms"", ""push"", ""email""]",True,7615add7-7447-4602-9d2d-4d11bd130ae6,,2025-09-18T18:20:36.173261,2025-08-28T17:58:36.173266
654d354e-326f-4a58-9049-c86fbbfcf60a,76f70611-472b-40ee-bf1a-a558fa5742e9,HEIGHT,46.400000000000006,93.6,"[""push"", ""email"", ""sms""]",True,76f70611-472b-40ee-bf1a-a558fa5742e9,,2025-08-28T03:46:36.173285,2025-09-07T04:41:36.173289
87395208-a98a-451d-b04d-e27d4c74a27d,c95af266-7d78-4398-829f-56a339d9fae4,TEMP,77.60000000000001,119.39999999999999,"[""sms"", ""email""]",True,fergusontrevor@example.net,6d2f6d10-07e1-4e97-b5fb-b2bbefaf0dcd,2025-07-01T15:00:36.173312,2025-08-22T11:49:36.173317
b59a4fd1-c2c7-411b-b386-ec5c856a13d4,6caa4ea4-a0e1-4244-992e-0736406aee4d,SBP,,,"[""push""]",True,jross@example.org,bc62e49d-1494-493b-abab-bcf9ae5dec1f,2025-08-07T17:34:36.173335,2025-09-01T19:51:36.173339
b8614b10-88d3-4980-881e-8ed8f4ac7940,b730513f-c21d-4478-821b-fd0b943e01c7,HEIGHT,,93.6,"[""email"", ""sms""]",True,vhill@example.com,8b9033be-901a-4a4e-b1d6-218ef92e1ef8,2025-08-07T02:02:36.173357,2025-08-22T19:35:36.173361
240830e1-49e4-4146-b21f-c763ef13637b,c16dc6c3-1dcb-41f2-909a-6acc9e35a652,DBP,48.0,108.0,"[""email"", ""sms"", ""push""]",True,c16dc6c3-1dcb-41f2-909a-6acc9e35a652,,2025-07-13T13:57:36.173379,2025-08-20T16:12:36.173383
04122d81-f8cd-4126-9f18-60967f9e16f4,0d19ca7e-d9d7-4bc5-9627-132a18beb004,HEIGHT,46.400000000000006,,"[""push"", ""sms"", ""email""]",True,0d19ca7e-d9d7-4bc5-9627-132a18beb004,,2025-07-22T18:04:36.173401,2025-08-29T22:51:36.173405
97021154-f9df-4612-b885-7cd93040e941,4163304f-d09a-4c77-b3f8-9ae3a0cd2a28,RR,,24.0,"[""sms"", ""push""]",True,kennethmorgan@example.org,3f6cf537-0a5f-4c9b-8740-6577acb9b5cf,2025-06-03T18:22:36.173423,2025-09-04T22:08:36.173427
e0b3d27e-c09e-401d-bf66-ef74467f377b,a85cfd31-0b55-400f-93b7-75120138d5ba,SBP,,,"[""email""]",True,a85cfd31-0b55-400f-93b7-75120138d5ba,,2025-08-31T09:26:36.173443,2025-09-14T00:59:36.173448
2218a54c-6bf3-4a7e-b158-e017cd09e74a,96a0d75a-f0c4-466c-9c45-8c14300e470d,DBP,48.0,108.0,"[""sms""]",False,hsimmons@example.com,14785fc0-fa35-4102-9221-0f80d4d53aa2,2025-09-05T08:00:36.173466,2025-09-13T05:58:36.173470
c82daa15-30fb-48de-8286-f47b408c82a6,9d363fb8-cede-40c5-84d4-fa2041736501,WEIGHT,,,"[""sms"", ""email""]",False,lmahoney@example.com,6b0f39b4-7b4b-49c0-8c4b-c751bb876ead,2025-04-06T13:50:36.173488,2025-09-04T03:55:36.173492
705f22f9-bae0-46d3-a120-be26694016a4,ff2fc364-a2d1-457b-b12c-db03367a1d6b,WEIGHT,,,"[""push"", ""sms""]",False,ff2fc364-a2d1-457b-b12c-db03367a1d6b,,2025-04-09T14:45:36.173509,2025-08-31T12:20:36.173513
b6d09796-3d22-4f18-8e0c-33948e277aa9,b39ea725-158b-41d4-8fa3-57d6143b9093,GLUCOSE,,168.0,"[""push""]",True,b39ea725-158b-41d4-8fa3-57d6143b9093,,2025-08-10T12:53:36.173530,2025-09-12T13:33:36.173535
77b77688-99a8-4b64-b18f-31e8b0badfc4,9f4ba15b-036f-4869-a930-2c8be8479510,TEMP,77.60000000000001,119.39999999999999,"[""push"", ""sms"", ""email""]",False,9f4ba15b-036f-4869-a930-2c8be8479510,,2025-03-27T03:08:36.173552,2025-09-03T20:10:36.173557
685c4259-8c1f-463e-947b-54847ce90abc,0e9f6392-5d97-4519-994d-1f01ddea85bb,SBP,72.0,,"[""email"", ""sms"", ""push""]",False,barrettashley@example.com,892743f2-c2fb-445b-9558-cb6c708b73c6,2025-08-27T02:39:36.173580,2025-09-02T09:49:36.173587
c12c92f4-84b5-411b-b3c0-085f242b0f8c,1796ed75-cbc7-48db-984e-499bc19a1c12,WEIGHT,,,"[""email"", ""sms"", ""push""]",True,kparrish@example.com,08e5be9d-44ea-42b6-8346-ad9902de0a49,2025-04-28T20:57:36.173712,2025-09-06T10:30:36.173726
f06be717-0ec4-4e97-890d-9bad65a7daa8,ddf75788-d054-45c5-8704-b907dda9dc94,SBP,72.0,,"[""sms"", ""email"", ""push""]",False,stephenjohnson@example.net,d3afb6c8-4178-45c8-bd5a-5d37877e801d,2025-09-02T01:23:36.173759,2025-08-31T02:54:36.173767
0a4798ad-269e-43dd-b453-860975cc30c9,0455b8b7-b090-4cbb-a67a-0feb5e7ae9f2,DBP,48.0,108.0,"[""email"", ""push"", ""sms""]",True,troy08@example.net,1e66598a-dd57-42ab-b775-94ede76602fd,2025-03-28T02:57:36.173803,2025-09-17T08:24:36.173811
507752e8-6d66-4059-859e-eef48c7f7da5,785e7255-02b2-433f-b869-dfa962a770f9,DBP,,,"[""email""]",False,785e7255-02b2-433f-b869-dfa962a770f9,,2025-03-25T20:21:36.173857,2025-09-04T17:52:36.173871
28285a9a-beff-4c26-808b-09396b6543ab,2e3955e0-0605-4f7f-b066-ca849d3b96af,RR,9.600000000000001,,"[""email"", ""push""]",True,2e3955e0-0605-4f7f-b066-ca849d3b96af,,2025-07-22T11:40:36.174054,2025-09-05T09:07:36.174108
65da4f97-074c-45a3-9fd1-d3315bb7ee6c,96a0d75a-f0c4-466c-9c45-8c14300e470d,HEIGHT,,93.6,"[""email"", ""sms""]",False,nelsonandrew@example.org,cde47e90-94d6-4edc-8468-149f02e8a9cf,2025-07-06T16:22:36.174247,2025-08-19T19:15:36.174282
fb0859d6-a1c1-4675-a660-00140f5a995b,0719e7a7-baa3-43a1-92c4-b38d0c2275a1,BMI,14.8,30.0,"[""push"", ""sms""]",True,0719e7a7-baa3-43a1-92c4-b38d0c2275a1,,2025-09-06T00:37:36.174426,2025-09-14T04:31:36.174441
747b12c3-2a64-4ba1-8975-60b0c0cd0299,8db37608-fccd-4cfe-b367-fcc1d93def4b,BMI,,30.0,"[""sms""]",True,ronaldjohnson@example.com,1f9bae02-132b-4a26-89e6-34ee9ffd1333,2025-08-10T22:38:36.174564,2025-09-14T20:19:36.174595
d7bb69d0-5acb-433b-b0f4-f17dd6d29a8b,d6dbeb3a-6132-4d42-b619-458d6e118e33,SBP,72.0,168.0,"[""sms"", ""push"", ""email""]",True,jeremyyates@example.net,f9ce7a90-e3f6-4d3a-9b7f-ff7419b3fed7,2025-06-02T02:33:36.174678,2025-09-18T02:02:36.174695
41fb11d6-3ea7-4473-ae23-712ff031e99b,c28b72c2-25a2-48e7-afbc-a8035b5ed3d5,SPO2,76.0,120.0,"[""sms"", ""email""]",False,omorris@example.net,eccd7177-7b15-46d1-a5c1-df9e233910cd,2025-07-03T21:46:36.174761,2025-08-20T09:46:36.174771
b8e071b2-06da-4924-8e50-b6854f90c527,03906226-0c04-4e02-9563-a8b058490531,SPO2,,,"[""push"", ""email"", ""sms""]",True,03906226-0c04-4e02-9563-a8b058490531,,2025-09-05T06:08:36.174802,2025-09-13T15:51:36.174808
d6b78e66-397a-4ef5-aa1a-9ca0e809af84,4f484f02-708d-4a5a-900d-82045801d687,SPO2,76.0,,"[""push"", ""email""]",True,4f484f02-708d-4a5a-900d-82045801d687,,2025-04-17T09:14:36.174831,2025-09-16T15:00:36.174836
ef5e28ab-d78b-4424-ad28-a2b3f4e73c8f,d42bbf60-ac8c-4990-bb67-976d85eb8dc5,TEMP,77.60000000000001,119.39999999999999,"[""push"", ""sms""]",False,taylormaria@example.com,10f9c009-286c-4d91-a12e-adb0dfd66471,2025-04-27T23:02:36.174871,2025-08-27T11:11:36.174877
d509d1e9-108d-41da-b7c8-1127dadc1ec1,a16bb13e-0efc-4583-bb19-0c4c6ba2cbcd,BMI,,30.0,"[""sms"", ""email"", ""push""]",True,a16bb13e-0efc-4583-bb19-0c4c6ba2cbcd,,2025-09-12T00:25:36.174901,2025-08-23T08:46:36.174907
bb1b9fce-eadf-445d-9d07-df49baf48b57,ff2fc364-a2d1-457b-b12c-db03367a1d6b,RR,9.600000000000001,24.0,"[""push"", ""sms""]",False,ff2fc364-a2d1-457b-b12c-db03367a1d6b,,2025-03-28T17:18:36.174931,2025-09-09T15:50:36.174937
e2c50fe7-8949-445e-8988-7f76de7ca133,604ee47b-79a4-4fd3-b105-66950ce8bcea,TEMP,,119.39999999999999,"[""push""]",True,604ee47b-79a4-4fd3-b105-66950ce8bcea,,2025-07-30T19:57:36.174964,2025-09-06T20:41:36.174973
9d0d090c-25d8-435b-b1fc-35fd54f37fb8,f6aa5609-14fe-4909-9dfa-2c895deac204,DBP,48.0,108.0,"[""push""]",False,f6aa5609-14fe-4909-9dfa-2c895deac204,,2025-06-23T09:48:36.174995,2025-09-05T06:25:36.175000
639e8e22-207d-49d6-82bc-47f1f592d90e,03a81692-c2ab-46ba-922e-2291f589ec91,DBP,48.0,,"[""sms""]",True,gking@example.org,07a862c9-97be-4c19-990a-7fca116af485,2025-07-06T19:08:36.175048,2025-09-17T21:01:36.175053
55f394a1-2cbb-4a33-918d-0e755f1161e7,973a4f65-30ea-41c5-b27b-2b2e86b17a9d,HEIGHT,,93.6,"[""sms"", ""push""]",True,973a4f65-30ea-41c5-b27b-2b2e86b17a9d,,2025-07-24T11:49:36.175087,2025-08-25T09:26:36.175095
f5b87299-805e-4e63-a2e9-9eac59e4cfef,03906226-0c04-4e02-9563-a8b058490531,HR,48.0,120.0,"[""push"", ""email"", ""sms""]",False,rperez@example.org,a52828c2-036c-4ea7-af56-2ca165b25ecd,2025-05-04T17:25:36.175123,2025-08-21T15:13:36.175129
26c90d47-6cf1-475e-8a37-12e4d67e7bf3,0a480ca2-7686-40a1-b1b7-0e3a9f49be04,HR,,,"[""push"", ""email""]",False,0a480ca2-7686-40a1-b1b7-0e3a9f49be04,,2025-07-06T09:30:36.175153,2025-08-19T22:56:36.175158
028d3fb7-7ac6-4d5b-95ab-d2113da99681,457bb703-92df-432e-a48d-9c17b9083612,HR,48.0,120.0,"[""push"", ""email""]",False,457bb703-92df-432e-a48d-9c17b9083612,,2025-06-04T21:07:36.175180,2025-09-01T20:52:36.175186
c97d37f6-3f10-43ae-b142-777d75171ecc,5678dcdf-3e31-4215-97cd-0f2df8706d4b,SBP,,,"[""email"", ""sms"", ""push""]",False,davistiffany@example.com,a8898975-ea0f-4713-ae25-af5c62000372,2025-07-15T06:25:36.175217,2025-09-04T08:57:36.175223
6cf6466b-e17c-4014-af67-29fdcc8a69f7,86b8c696-c2d6-48b8-af2a-6df360692c81,SBP,72.0,,"[""push"", ""email""]",True,jason57@example.net,5457b468-4601-4cc4-8fd2-89954a081ac5,2025-05-17T21:51:36.175254,2025-09-15T21:33:36.175261
784f8877-e34e-417d-a007-011de8387772,3d9ff2c6-78e3-4f56-a1fe-0b625857e41f,RR,,,"[""sms"", ""email"", ""push""]",True,3d9ff2c6-78e3-4f56-a1fe-0b625857e41f,,2025-08-01T11:55:36.175285,2025-08-21T13:43:36.175291
d17e67bc-9950-42ae-a0d6-d950e360675f,1fc5f4aa-6168-4ef4-b6db-12f7caa6c06a,TEMP,,119.39999999999999,"[""sms"", ""push""]",False,stephenwright@example.org,6b388214-096e-4512-834f-183bd91259d3,2025-05-01T07:13:36.175317,2025-09-19T05:44:36.175322
b6877fd8-4849-4b68-ac8f-33017d7367c2,06f4da23-b5c6-4be4-8bd6-e47cae86aee5,GLUCOSE,,,"[""sms"", ""email""]",False,06f4da23-b5c6-4be4-8bd6-e47cae86aee5,,2025-04-16T14:09:36.175359,2025-09-10T04:39:36.175364
cc384b4e-826c-4120-8cf3-37aea25dc627,9816c48a-7da9-4e1b-b086-ef55efb919e3,SPO2,76.0,120.0,"[""sms"", ""email"", ""push""]",False,alexbutler@example.org,5b1c42b3-0972-4988-8626-380ecb84e533,2025-07-16T06:30:36.175397,2025-09-04T16:09:36.175402
100b8f38-6508-435f-bb47-13562bb9a6e1,8002e3b5-1ffa-4e70-985d-0f810640d013,RR,,,"[""email"", ""push"", ""sms""]",True,8002e3b5-1ffa-4e70-985d-0f810640d013,,2025-04-04T15:01:36.175426,2025-09-15T01:15:36.175431
07a8a952-81f6-4de9-b2e7-94a32d44c354,6ec449d5-389d-4f3b-9720-67bccbab121a,HR,48.0,120.0,"[""email"", ""push""]",True,jcarpenter@example.net,58f1c235-01b6-49e4-9677-b56a06a0d5f3,2025-04-02T15:58:36.175488,2025-08-31T08:05:36.175494
6f5f0134-2924-4fc6-8139-e235fbcd737c,bab9a943-360a-4491-91f9-2a16cc8d1100,TEMP,,,"[""sms"", ""push""]",False,silvaryan@example.org,7f4f4380-d8bf-4c18-ae88-e3c01b7c558e,2025-07-22T22:59:36.175600,2025-08-31T14:51:36.175606
e58e11f3-970c-4649-9fb1-e506ad5e23bc,cf7e9cdb-4f04-4718-b489-a2b7adc190b8,TEMP,,,"[""email""]",True,wtapia@example.org,9ae61abe-6c37-4245-acef-f73c7af6666d,2025-08-19T07:30:36.175626,2025-09-15T22:37:36.175632
4063ef6b-3b83-4683-949d-234eee1beee8,0a697374-66e8-41f5-a2af-7eacba919dbf,BMI,,30.0,"[""push""]",True,wayne87@example.net,d59f9e8d-d045-44ea-bd34-d9b6104b4e49,2025-04-10T03:25:36.175652,2025-09-05T12:03:36.175657
4c233438-a777-4b19-9b34-f83146ef32b9,a5d50aec-d6cd-4640-b50a-33a6a3611559,TEMP,77.60000000000001,,"[""push"", ""sms""]",True,a5d50aec-d6cd-4640-b50a-33a6a3611559,,2025-07-08T21:50:36.175678,2025-08-22T00:52:36.175683
dfd8f34c-85a5-4dd1-bee6-d32c6ed9fd5c,78d4aa83-7f63-4b13-9ac5-9cdb24160f9c,HR,48.0,,"[""sms"", ""email""]",True,78d4aa83-7f63-4b13-9ac5-9cdb24160f9c,,2025-08-10T11:30:36.175703,2025-09-13T21:47:36.175708
84ba9b8c-19ea-4aa1-8071-44f7c41a1038,39e4977c-86dc-4ff7-95a5-f8672f0c497c,RR,9.600000000000001,,"[""email"", ""sms"", ""push""]",False,39e4977c-86dc-4ff7-95a5-f8672f0c497c,,2025-07-16T00:34:36.175736,2025-09-02T05:31:36.175741
8d19fc51-8ae9-48e9-9e89-3685d9c6cf6b,20a2ef91-fbd8-46f6-91f9-1f11f060f570,HR,48.0,120.0,"[""email"", ""push""]",False,20a2ef91-fbd8-46f6-91f9-1f11f060f570,,2025-04-18T12:52:36.175759,2025-08-24T00:44:36.175764
0bb2e318-5444-423e-a5b8-2c57e9cd6449,ddf75788-d054-45c5-8704-b907dda9dc94,HEIGHT,46.400000000000006,93.6,"[""sms"", ""push""]",False,ddf75788-d054-45c5-8704-b907dda9dc94,,2025-07-03T22:12:36.175784,2025-08-19T18:25:36.175789
3955642e-67cb-4022-9aec-de7ee7dd2f88,778293fb-ef0b-49b2-b6c4-72879b3fc2f7,RR,,,"[""email"", ""push""]",True,erica06@example.com,dbe9e615-1e77-48bc-bbad-9ae614fb29e0,2025-04-26T04:46:36.175884,2025-09-03T09:56:36.175901
64bd8e3c-df79-4de3-adc7-8b036c335323,c1ddf072-bfa9-429e-8bcb-abcf5c2558be,DBP,48.0,108.0,"[""sms""]",True,c1ddf072-bfa9-429e-8bcb-abcf5c2558be,,2025-05-08T15:33:36.175941,2025-09-07T19:46:36.175948
39ba5dd0-170f-4cd5-abcc-17b9ae6a2bb2,eb255403-29be-4958-a4fc-a594df497476,HEIGHT,,,"[""sms""]",False,eb255403-29be-4958-a4fc-a594df497476,,2025-06-04T03:44:36.175968,2025-09-10T22:39:36.175973
0608a48a-19f1-41e7-8ceb-24428d4c138a,06984c62-b016-4e90-874c-8746b8a52f45,HEIGHT,46.400000000000006,,"[""push""]",False,06984c62-b016-4e90-874c-8746b8a52f45,,2025-09-03T19:40:36.175993,2025-08-29T02:15:36.175998
b98460f5-95bc-4fec-bdd6-d08a31a07683,270e34d9-dcbf-4461-9a27-a76e8451635e,DBP,,,"[""email"", ""sms"", ""push""]",False,270e34d9-dcbf-4461-9a27-a76e8451635e,,2025-07-01T10:00:36.176018,2025-08-22T19:56:36.176023
35caa5d5-a1cc-4c25-8ae6-de1a1d061aee,350ade62-00db-47e8-807c-bff7565a3092,SPO2,,,"[""email""]",True,halljeffrey@example.com,4ca564f9-3822-47a2-a55b-83c232505c25,2025-06-11T12:22:36.176054,2025-09-04T01:46:36.176060
10b2c362-43e1-4337-a33f-5e4d34ecaead,77fe6f11-6ffc-4ded-9589-79ce73c3dfd0,GLUCOSE,,,"[""push"", ""email""]",True,halljeffrey@example.com,4ca564f9-3822-47a2-a55b-83c232505c25,2025-04-28T16:20:36.176081,2025-08-25T21:55:36.176086
a17e8940-8bc4-4f6c-ac38-8fa2cf41cf67,a16bb13e-0efc-4583-bb19-0c4c6ba2cbcd,SPO2,,120.0,"[""email"", ""sms""]",False,a16bb13e-0efc-4583-bb19-0c4c6ba2cbcd,,2025-04-05T18:05:36.176105,2025-09-02T16:14:36.176110
e5c0814f-f518-46fe-aa72-9bb66fb267ce,3f073584-2ff7-4afe-af2a-87c24da63d22,WEIGHT,,,"[""push"", ""sms""]",True,3f073584-2ff7-4afe-af2a-87c24da63d22,,2025-08-23T06:04:36.176128,2025-08-24T04:44:36.176133
b41b04d7-abcc-4d47-844f-1eaadc0e1adc,bc65e1ae-0854-44dd-af10-3196fd7be0a9,HEIGHT,,93.6,"[""email"", ""push""]",True,bc65e1ae-0854-44dd-af10-3196fd7be0a9,,2025-06-29T10:57:36.176154,2025-08-26T20:07:36.176159
1f30ea41-c9e5-4013-8d32-90f709e5ce0b,39e4ad7d-621f-462d-94ac-33f5a1a163d9,WEIGHT,80.0,360.0,"[""push"", ""email""]",True,39e4ad7d-621f-462d-94ac-33f5a1a163d9,,2025-08-24T14:11:36.176178,2025-09-09T13:09:36.176182
eb88414e-af93-4ad3-8182-7a376f547135,0c9f9cac-c4bf-42c3-8c9f-d2d359b28642,GLUCOSE,,168.0,"[""push"", ""email"", ""sms""]",True,daniel93@example.net,85549289-85d6-4603-808a-ae7a3c34db2d,2025-09-15T00:42:36.176205,2025-08-30T11:32:36.176210
15ef18e3-95a9-4ae9-bd91-6d395e780e9d,dc2cb6b7-be5b-444a-be23-62ac2c304edf,DBP,,,"[""email"", ""sms""]",True,dc2cb6b7-be5b-444a-be23-62ac2c304edf,,2025-08-23T08:43:36.176228,2025-09-09T03:36:36.176233
9bccbe76-3325-46ff-b307-d2f84e8537e2,29a1bb2f-5081-4862-848c-223de41e965f,TEMP,77.60000000000001,,"[""sms"", ""push"", ""email""]",False,dwilliams@example.net,cc473acb-bd7b-4eb1-afc6-ab177aa0ef6e,2025-06-22T10:46:36.176253,2025-09-18T19:00:36.176258
e47a2bbb-43eb-4870-b1e1-bdd765e26de6,3e61c767-39e6-4411-884c-3a8e4dd17e81,RR,9.600000000000001,,"[""email"", ""sms""]",True,3e61c767-39e6-4411-884c-3a8e4dd17e81,,2025-06-02T01:06:36.176276,2025-08-20T05:35:36.176282
4ec62258-3814-4963-9aad-16d4448ccef3,6c8c1415-0adf-4f86-9b8e-8e3e21d15349,HR,,,"[""sms"", ""push"", ""email""]",True,6c8c1415-0adf-4f86-9b8e-8e3e21d15349,,2025-04-13T02:56:36.176311,2025-09-03T21:29:36.176317
1ef7e10c-8511-4959-ac18-19c00cc48f17,7308a4d3-fdad-4f61-8152-616f71050688,BMI,,,"[""sms"", ""email"", ""push""]",True,7308a4d3-fdad-4f61-8152-616f71050688,,2025-06-18T02:09:36.176338,2025-08-30T02:11:36.176343
0271d458-e099-41b5-895e-30b1a6ff28b9,25dd6693-6e0a-4389-b7fe-3146064e2fdd,HEIGHT,,93.6,"[""email"", ""sms"", ""push""]",False,holly72@example.com,88baca89-3301-4c60-a700-125821bf0b2e,2025-05-01T13:59:36.176363,2025-08-21T04:34:36.176368
01b260e0-0294-4d42-a6f8-301ad327547f,bbcb3dc0-8380-4c08-9a82-60e1cb61cf30,TEMP,77.60000000000001,,"[""email""]",True,frank18@example.net,2eda3988-ce52-48b2-9851-3767b770ea37,2025-04-01T00:12:36.176387,2025-08-25T07:24:36.176392
f9508254-0f52-4006-b27d-183ed1ea204b,87a733ef-5b86-40b4-95cf-3f03bdf8bc50,HR,48.0,120.0,"[""push"", ""sms""]",False,87a733ef-5b86-40b4-95cf-3f03bdf8bc50,,2025-04-13T18:15:36.176426,2025-08-22T16:30:36.176431
75ac6b42-49a7-42d5-9d3d-19417d638da0,84ce04d9-84a8-4c12-bf81-e0747dc3a130,SBP,,168.0,"[""email""]",False,mallory61@example.net,b1e545b2-02da-4854-bfc4-3a48e944925c,2025-06-20T10:24:36.176451,2025-08-23T03:02:36.176457
45d2d491-5463-4cd8-bd6b-4fa677d1f0d9,4979f23a-2bbc-404c-9381-25c7979c7c67,GLUCOSE,,168.0,"[""push""]",True,4979f23a-2bbc-404c-9381-25c7979c7c67,,2025-06-08T22:54:36.176475,2025-09-10T00:11:36.176480
37014fc6-a802-4aac-b5f1-5a83d134700e,a848431e-ca8b-453a-858b-6b384948c9da,HEIGHT,,,"[""sms"", ""email"", ""push""]",False,a848431e-ca8b-453a-858b-6b384948c9da,,2025-05-28T01:03:36.176499,2025-09-06T04:54:36.176504
34ea390b-2dab-46a3-8601-b6c1efb3e288,699687b0-6caa-4f0e-94a9-8c386bc283a1,HEIGHT,,,"[""sms"", ""push""]",True,699687b0-6caa-4f0e-94a9-8c386bc283a1,,2025-06-20T22:30:36.176522,2025-08-30T23:31:36.176527
1dfba9d6-d5a9-49ef-960d-5304c7a6ebf0,a32b5a3d-c8f7-46d8-81de-2ed9b6cb296d,HEIGHT,46.400000000000006,,"[""sms""]",True,a32b5a3d-c8f7-46d8-81de-2ed9b6cb296d,,2025-05-13T19:38:36.176544,2025-09-09T04:03:36.176549
99cec41d-d414-4131-aaff-982b726c5c31,ff7f4b39-bf89-47c4-9d87-5a304013c0ed,GLUCOSE,,168.0,"[""push"", ""sms"", ""email""]",True,ff7f4b39-bf89-47c4-9d87-5a304013c0ed,,2025-09-07T00:33:36.176567,2025-09-02T16:04:36.176572
953d24ab-9b5e-4ab9-89c2-9e7136459ac6,1a36f416-d351-46b5-ba1f-c10d92c17e6e,HR,,,"[""push"", ""sms""]",False,joshua15@example.net,0c14230a-e7a3-4382-88d7-f3caa493edfa,2025-07-23T06:04:36.176592,2025-08-23T14:04:36.176597
c819d129-2a4a-45d2-850d-695d10675e9a,ca291ed4-967c-44c2-915b-6f297e9036fa,HEIGHT,46.400000000000006,,"[""push"", ""sms""]",False,ca291ed4-967c-44c2-915b-6f297e9036fa,,2025-06-11T04:34:36.176619,2025-09-05T03:48:36.176624
7f1af1c3-b3f4-40aa-8629-f4d0940dcbfc,ccf29b90-1b0e-40c7-a46e-fba7eaf5dd7e,HEIGHT,,,"[""email"", ""sms""]",False,ccf29b90-1b0e-40c7-a46e-fba7eaf5dd7e,,2025-09-17T04:54:36.176643,2025-08-25T13:06:36.176648
bf42b457-df64-4301-b2be-9aa05f55fe77,e7761796-0e67-40c2-b2aa-09802d6f938b,SBP,,,"[""email""]",True,e7761796-0e67-40c2-b2aa-09802d6f938b,,2025-08-11T07:33:36.176667,2025-09-13T04:39:36.176672
998c3fdf-a4dc-4df2-b0dc-ef5e3c73399c,24dd965b-3156-4de8-91fe-4ecacb8dfe78,SBP,,168.0,"[""push"", ""email"", ""sms""]",False,24dd965b-3156-4de8-91fe-4ecacb8dfe78,,2025-04-10T00:16:36.176690,2025-08-30T20:26:36.176695
8553e4a4-fc48-4762-afea-966372745e60,746b24b1-9103-431d-a967-83f00a513a0d,HR,,120.0,"[""push"", ""sms""]",True,melissa36@example.net,bc86a696-4fe0-4861-95ea-919e1c8099e0,2025-06-27T08:34:36.176714,2025-09-15T12:53:36.176719
bb3bbec6-97ff-436f-a47e-d118626694d4,b5cc2ba6-a5de-40f8-a848-8e5c69e567c3,DBP,48.0,,"[""email"", ""sms""]",True,b5cc2ba6-a5de-40f8-a848-8e5c69e567c3,,2025-07-02T15:08:36.176736,2025-09-07T14:58:36.176741
30e726f7-8eca-4be5-9433-5b6172315728,33b7909d-ece0-4d11-a7f7-107327074ce3,HEIGHT,,93.6,"[""email"", ""sms""]",False,vsmith@example.org,c52b88ce-3586-411b-a85f-2df4198258e5,2025-06-24T11:24:36.176760,2025-09-15T18:51:36.176765
4bd78f7d-5408-4c62-87f6-7c6ee62969be,feaffadc-df28-44df-99f4-a211f2c78ce1,WEIGHT,80.0,,"[""push"", ""sms""]",False,feaffadc-df28-44df-99f4-a211f2c78ce1,,2025-09-08T12:00:36.176783,2025-09-18T06:31:36.176788
20d66641-0d6e-4007-a457-bc27d0cd4982,425a35b4-947d-4fc8-9759-6a3f3d143fbe,WEIGHT,,360.0,"[""email"", ""push"", ""sms""]",False,425a35b4-947d-4fc8-9759-6a3f3d143fbe,,2025-03-31T10:42:36.176811,2025-08-29T22:51:36.176815
b91aaa3b-3b93-4286-b184-43d490077aaf,5de63d21-a73b-40af-bbb3-36e923c9a63b,BMI,14.8,30.0,"[""email""]",True,5de63d21-a73b-40af-bbb3-36e923c9a63b,,2025-04-12T11:16:36.176838,2025-09-01T11:27:36.176845
ca621181-194f-4398-b0d0-be865be216da,07881a52-260e-48c1-9fbb-1769ac60fdf0,HEIGHT,46.400000000000006,93.6,"[""email"", ""push""]",False,07881a52-260e-48c1-9fbb-1769ac60fdf0,,2025-08-01T07:25:36.176877,2025-08-29T04:26:36.176885
85baa25f-dc25-4e7d-894f-1263ae9c5266,17628315-fd54-4154-99b9-a58737dce121,RR,,24.0,"[""email""]",True,17628315-fd54-4154-99b9-a58737dce121,,2025-09-11T00:10:36.176908,2025-09-14T07:37:36.176913
2a8e2b31-3157-440b-bd2f-8ebe817f9ea4,317df2a0-c718-468d-b704-71a5294215dd,RR,9.600000000000001,,"[""email""]",False,317df2a0-c718-468d-b704-71a5294215dd,,2025-07-09T19:33:36.176933,2025-08-20T13:42:36.176937
2c323e59-de94-47ca-828e-1e1a9ae2db76,0455b8b7-b090-4cbb-a67a-0feb5e7ae9f2,BMI,,30.0,"[""email""]",False,sjackson@example.org,f7b165cf-fc07-4ed5-8e36-0edfe8703815,2025-07-27T21:20:36.176956,2025-09-12T15:34:36.176960
6fc6712b-58c8-4b42-9c1d-01df23245825,946f4a11-1dd9-48d9-a9ec-c2fac10bd892,SPO2,76.0,120.0,"[""sms"", ""push"", ""email""]",False,jjackson@example.org,f9d65d9f-ea92-4d21-a87a-3ad51b72f885,2025-06-09T03:39:36.176979,2025-09-10T22:53:36.176984
14611d8f-a563-4ebe-959b-fa41ae27c7e1,317df2a0-c718-468d-b704-71a5294215dd,HEIGHT,46.400000000000006,,"[""push"", ""email""]",False,andersonbrittany@example.net,9942d9c6-f6e8-499f-b25c-06d0f561470d,2025-08-02T10:16:36.177004,2025-09-02T05:59:36.177009
486aaf9a-08d8-49f2-9f18-d21b022c9431,5952f4e6-27ba-4e95-a3cc-2829115de12c,SBP,,168.0,"[""email"", ""sms"", ""push""]",True,omorris@example.net,eccd7177-7b15-46d1-a5c1-df9e233910cd,2025-07-23T22:31:36.177031,2025-08-28T08:43:36.177036
e52c8cb2-19cc-4856-a01d-09fb8ee23e32,be68c058-9b57-4643-ab6e-1031df8dc76e,BMI,,,"[""email"", ""sms"", ""push""]",True,be68c058-9b57-4643-ab6e-1031df8dc76e,,2025-07-27T09:36:36.177054,2025-09-10T23:09:36.177059
6aeff63a-da52-450b-9700-d1b83ed2e89a,1c87ca56-7210-4a7e-8837-de7d7bc7e199,BMI,14.8,30.0,"[""sms""]",False,1c87ca56-7210-4a7e-8837-de7d7bc7e199,,2025-08-27T18:48:36.177077,2025-09-16T22:17:36.177082
56accbde-5173-4ac6-b346-5a87a22cf784,4d1ec714-44f5-4af9-b09b-1e9a6527f6f7,SBP,,168.0,"[""email"", ""push""]",True,4d1ec714-44f5-4af9-b09b-1e9a6527f6f7,,2025-08-02T11:00:36.177103,2025-09-09T17:19:36.177108
66e2d251-2015-4a9f-999a-55c2f76e0e7f,3739b3b5-7a68-4f3c-b27e-95668f600d84,BMI,,,"[""email""]",False,3739b3b5-7a68-4f3c-b27e-95668f600d84,,2025-06-22T00:30:36.177124,2025-08-26T19:22:36.177129
e6ccffe4-8b17-4c62-bfde-9b566d20b559,404628c1-70de-416b-b2d7-47258bdddd6b,WEIGHT,80.0,,"[""sms"", ""email""]",True,404628c1-70de-416b-b2d7-47258bdddd6b,,2025-05-02T04:47:36.177148,2025-08-24T01:24:36.177153
ee735e62-9a19-410f-abae-ca0ff0dd0adc,a087bf18-774f-4317-8f70-4e78ff2c73e9,HEIGHT,46.400000000000006,,"[""push"", ""sms"", ""email""]",True,edwardscaroline@example.com,251f582b-368c-444c-93dc-aba5916398be,2025-05-30T17:14:36.177174,2025-08-25T01:06:36.177179
fb9d0e6e-b116-4f12-a2fd-4610cca38040,67e6b10c-5f90-48ab-91a0-fe7b96c9da0a,SPO2,,120.0,"[""sms"", ""email""]",True,yesenia70@example.org,7ca05120-8357-4667-a080-955b79ec85ae,2025-06-21T02:00:36.177197,2025-09-19T01:38:36.177201
5dd9adfb-53c2-48ab-b2c1-d9d9dc3376aa,86fbf723-bfe8-412c-a6b5-92acb49aa193,BMI,14.8,30.0,"[""push"", ""email"", ""sms""]",False,collinslaura@example.com,fdacd500-d966-4b10-a254-a22557ef3ff8,2025-04-24T16:44:36.177220,2025-09-07T02:34:36.177225
7d22a087-32ba-45c2-a978-95a2c406da68,9e776344-bd3a-4889-86e9-56a66483cd39,BMI,14.8,,"[""push"", ""sms""]",True,9e776344-bd3a-4889-86e9-56a66483cd39,,2025-07-29T12:54:36.177241,2025-09-13T02:53:36.177246
bab3f981-6a6f-498b-9dfb-a17546a94540,3b6c727f-8bcf-4414-807f-d1ba0fdb022e,DBP,,108.0,"[""email"", ""sms"", ""push""]",True,3b6c727f-8bcf-4414-807f-d1ba0fdb022e,,2025-04-09T21:09:36.177263,2025-09-13T03:41:36.177268
6bd35e1d-8cdf-4730-8823-5f736792610a,b2406873-5632-46d7-8294-da4491841740,GLUCOSE,56.0,168.0,"[""sms"", ""email"", ""push""]",True,lawrencesteven@example.net,4a14469f-9331-414d-a2df-85978cedb7dc,2025-06-29T09:32:36.177286,2025-09-13T03:33:36.177291
b9fae589-93e3-4706-bc6f-0c248e20cf79,bbd2f8f6-5455-444e-a09b-63744be623b8,SBP,,,"[""push"", ""sms""]",False,bbd2f8f6-5455-444e-a09b-63744be623b8,,2025-06-18T20:03:36.177307,2025-09-03T07:35:36.177312
eeb6e173-0aa9-4fc4-b104-e425875bb245,a43e2b93-f487-4063-b6b8-266600d31f7a,DBP,,,"[""push""]",False,a43e2b93-f487-4063-b6b8-266600d31f7a,,2025-08-20T04:41:36.177327,2025-09-11T04:07:36.177332
e8f58dbd-7041-4d66-93de-a7f2cb7dbcc0,fd584f55-3c35-45f3-be1e-f7d3b7f9cb74,GLUCOSE,56.0,168.0,"[""email"", ""sms""]",False,michelle11@example.org,d6be5297-971f-47af-871d-550ed1f24c2e,2025-04-15T16:41:36.177352,2025-09-06T17:44:36.177356
52877c11-a192-4adb-baf1-853e47a5f7a4,12755319-b15a-4cac-ab28-35b3c860c275,SBP,,,"[""email"", ""push""]",False,xfuentes@example.net,02981206-6b8c-49eb-ae32-8396924506a3,2025-06-04T07:49:36.177374,2025-08-29T08:31:36.177379
ce0a0a07-a861-41d3-b41a-4796d674ea57,fdb8beb9-2ffe-4acc-b153-5b9cf8e3441e,BMI,,30.0,"[""push"", ""email""]",False,fdb8beb9-2ffe-4acc-b153-5b9cf8e3441e,,2025-05-23T08:18:36.177397,2025-09-10T14:13:36.177401
beac8704-4413-461c-ad41-27b856fe41b2,ccf29b90-1b0e-40c7-a46e-fba7eaf5dd7e,TEMP,77.60000000000001,119.39999999999999,"[""email"", ""sms""]",False,gcastillo@example.com,890d5b60-8c9d-4821-91ac-75fc7919e628,2025-09-01T10:31:36.177419,2025-09-13T18:52:36.177423
e03da45c-77ab-47b2-ae9e-079de0096c1c,c2a8290e-ae1e-4634-80ad-e1fbf00ed217,TEMP,,,"[""sms"", ""email"", ""push""]",True,stonejesus@example.org,0588672e-b119-44d8-a9d4-f362edb43bdc,2025-04-26T15:31:36.177441,2025-09-15T21:25:36.177446
463a0dbe-910a-40cf-b0d9-19bcca971026,bbac2c3d-8c80-4a27-8289-7f86f0d81e96,TEMP,,,"[""email"", ""push"", ""sms""]",False,bbac2c3d-8c80-4a27-8289-7f86f0d81e96,,2025-07-10T23:07:36.177462,2025-09-08T11:27:36.177467
73ce4657-fa64-408b-86ba-75b2f94525c4,de115a2b-5094-4bfc-bb7e-612a74402e46,HR,48.0,120.0,"[""sms""]",False,banksmeredith@example.com,19352c8e-3cdb-4473-914b-4e2506f2a37a,2025-08-30T22:14:36.177484,2025-09-06T01:08:36.177488
bad21167-40dc-4dce-98aa-0cc3d398923f,38d9f3a3-d53b-438e-87c9-d20cdc11364e,HR,,120.0,"[""push""]",False,38d9f3a3-d53b-438e-87c9-d20cdc11364e,,2025-08-21T21:10:36.177504,2025-09-06T19:16:36.177509
a4979e74-ad5f-400b-bd26-ff174bcd9e75,6c8c1415-0adf-4f86-9b8e-8e3e21d15349,HEIGHT,46.400000000000006,93.6,"[""push""]",False,scottrobin@example.net,f7e5fce1-8a8b-4f14-9630-b64d46b30f97,2025-03-24T12:02:36.177526,2025-08-22T15:08:36.177530
5fa92134-c2a9-455f-be12-85a8639b9e98,c0c84f13-14c1-4872-8681-88ebce8ba9fe,DBP,48.0,108.0,"[""email"", ""push""]",True,c0c84f13-14c1-4872-8681-88ebce8ba9fe,,2025-05-24T22:52:36.177546,2025-09-15T06:53:36.177551
e1e8634e-51c6-41b4-a3b8-e5e4f065163e,7344e72f-b191-4f3d-886c-0c283f4b90f0,DBP,48.0,,"[""sms"", ""email"", ""push""]",False,johnhines@example.net,47fa91e2-06f9-474f-9554-318093ceb2f2,2025-08-10T16:39:36.177569,2025-08-26T07:11:36.177573
6de08362-4975-4067-a161-6e04d3ef6a68,065b60f7-7fa9-4904-96a2-788dd3d754c1,SBP,72.0,168.0,"[""email""]",True,065b60f7-7fa9-4904-96a2-788dd3d754c1,,2025-09-17T03:45:36.177604,2025-09-18T12:37:36.177608
144dae74-8929-472b-90e6-5ea73d107169,63c6180e-4477-4bec-a9cc-b20410425af9,TEMP,77.60000000000001,119.39999999999999,"[""push"", ""email"", ""sms""]",False,garzazachary@example.org,3f87875b-c5a6-4d59-818e-ee5d7617a805,2025-08-23T04:11:36.177628,2025-09-01T14:26:36.177633
1718fc2e-676c-4237-be5b-6d7e9036ea19,e7f16d21-4690-4a71-a6b6-21ac525ef5c5,TEMP,,,"[""push"", ""sms"", ""email""]",False,e7f16d21-4690-4a71-a6b6-21ac525ef5c5,,2025-06-08T01:51:36.177650,2025-09-10T15:40:36.177654
a871731b-19a0-4f32-8957-b22251c6820b,424e11d6-9080-4502-8d50-fa1f6a5bccbe,GLUCOSE,56.0,168.0,"[""email""]",True,424e11d6-9080-4502-8d50-fa1f6a5bccbe,,2025-05-23T15:08:36.177670,2025-08-27T09:11:36.177675
bfcb2f38-1117-423a-a230-e17f58287aa1,f6aa5609-14fe-4909-9dfa-2c895deac204,BMI,,30.0,"[""push""]",False,f6aa5609-14fe-4909-9dfa-2c895deac204,,2025-08-03T09:07:36.177691,2025-09-01T05:39:36.177697
11446801-fdc8-4802-bbd1-8d60be180b23,64d14739-2c16-44c8-af14-daa69e0d4d19,SBP,,168.0,"[""email"", ""push"", ""sms""]",False,stephaniemiller@example.org,bc6075f1-e83c-4e9f-b98a-4490a2072f84,2025-09-10T06:11:36.177715,2025-09-05T01:33:36.177720
d3eb9b67-5d4e-4875-9336-2fd2cf1cdeb4,5225654f-4bf9-48cb-b8a9-ba2afa6ce55e,SPO2,76.0,120.0,"[""push"", ""email""]",True,5225654f-4bf9-48cb-b8a9-ba2afa6ce55e,,2025-05-13T16:10:36.177736,2025-08-25T07:01:36.177741
efe2f9ce-8911-4796-bac4-901658997010,e7bfab18-c329-4713-987d-9fbc26c207b4,DBP,,108.0,"[""sms"", ""email"", ""push""]",False,dylan27@example.org,eaa861bb-7d18-4070-b45a-a3dd85d57c86,2025-08-26T21:36:36.177760,2025-08-30T18:00:36.177765
941aaa51-e5a2-4e1e-b539-d3b717d38157,cf22e650-c3c3-4f91-8e5b-74f84da3de88,SPO2,,120.0,"[""email"", ""push""]",False,cf22e650-c3c3-4f91-8e5b-74f84da3de88,,2025-05-13T10:29:36.177782,2025-09-08T04:46:36.177786
100cd26e-8dca-4d3a-9d08-dadd9de0d1a5,33b7909d-ece0-4d11-a7f7-107327074ce3,GLUCOSE,56.0,,"[""sms""]",False,whitejustin@example.org,6dc450d2-2aba-478b-bc9e-eac201effc44,2025-04-19T05:27:36.177804,2025-09-01T14:39:36.177808
9b15a20a-0e64-4882-accc-e5883f44efbb,0b61f4b0-b12f-4cb5-b901-8f1f7a4f59ee,TEMP,,119.39999999999999,"[""email"", ""sms""]",False,0b61f4b0-b12f-4cb5-b901-8f1f7a4f59ee,,2025-06-18T01:07:36.177825,2025-09-05T15:26:36.177830
15a37c59-915b-48be-9bfa-31db64e3afd9,39b9bf84-092b-404b-ab4f-3c8a94ffaba2,BMI,,30.0,"[""email""]",False,yatkins@example.net,19367e9b-9d79-48a8-89cd-3ab0c97981ab,2025-08-04T06:12:36.177848,2025-09-06T06:09:36.177852
7ab6a3a5-f3f3-4691-babe-6b66d08d919e,95a0bf52-b98d-4f33-960b-9dac11e713c7,DBP,48.0,,"[""sms"", ""push""]",True,95a0bf52-b98d-4f33-960b-9dac11e713c7,,2025-08-26T18:50:36.177869,2025-09-01T14:07:36.177874
d82e852c-18ba-4e01-a720-8158e27de13d,3c563886-eb1d-462b-bf12-ea8ce53fdaf7,RR,,,"[""email"", ""sms"", ""push""]",True,davidgilbert@example.org,f680abf5-2808-4299-b348-2b3d93bf23dd,2025-04-29T21:45:36.177895,2025-09-11T23:09:36.177899
5b0c4e40-74f7-47bc-a57f-1f7e6e6eb752,af101e88-4b3a-4e70-a801-97c4c880c7c9,DBP,,108.0,"[""email""]",False,theresaphillips@example.com,83aaa104-93e8-4c48-b8d4-c8ba7384a713,2025-07-08T04:38:36.177915,2025-09-06T22:35:36.177920
09c1a6ab-2550-4af6-bc8c-dcc14be44738,e9fc7e75-e84b-48c6-b910-4ba9d31d9b85,BMI,14.8,30.0,"[""push"", ""email""]",True,e9fc7e75-e84b-48c6-b910-4ba9d31d9b85,,2025-08-03T13:46:36.177938,2025-09-18T03:27:36.177943
bd7792c5-326a-48af-a343-3121310e1b9e,e1f47254-6121-4a22-a1fb-e57a99f73bcd,RR,9.600000000000001,,"[""sms"", ""email"", ""push""]",False,smarsh@example.com,f73f846d-a023-49cc-95ee-f0ef24fbad41,2025-08-11T10:01:36.177962,2025-09-12T05:42:36.177966
47209783-f662-4134-aaee-61b44d957269,d036bbce-95a3-4804-8864-bdbeff5bfa1b,RR,9.600000000000001,,"[""push"", ""email""]",False,d036bbce-95a3-4804-8864-bdbeff5bfa1b,,2025-07-09T14:45:36.177983,2025-09-16T10:06:36.177987
cdf59ec7-9f8d-4553-9bcb-adf95f1ca375,69ebe80c-9679-4d34-b99c-e802a86ffc66,HR,48.0,,"[""email""]",True,fluna@example.net,66faef92-0295-4721-9c1d-44af6a28998d,2025-04-06T11:45:36.178003,2025-09-18T23:36:36.178008
62a77c2a-0cc3-41d2-b078-1a3fa7c22619,00276a74-faab-4a73-b744-b8b1d443b8e4,SPO2,,,"[""push"", ""sms""]",False,thomasjo@example.com,d3743e2b-deaf-40c7-addc-bbbd1983dbf3,2025-09-09T16:00:36.178025,2025-08-24T11:09:36.178029
c742a8ce-ce26-4c82-866b-cb2b72cd4736,79f645d7-6fba-4313-ab4b-75cf9c8ce0e7,HR,48.0,,"[""push"", ""email"", ""sms""]",True,79f645d7-6fba-4313-ab4b-75cf9c8ce0e7,,2025-03-24T21:17:36.178046,2025-08-24T22:29:36.178050
c959c6ae-1527-4bff-88b0-44c35735dff9,7adec392-9fb1-4694-9131-e8f99319324f,GLUCOSE,56.0,,"[""push"", ""sms""]",True,7adec392-9fb1-4694-9131-e8f99319324f,,2025-05-16T05:28:36.178069,2025-09-14T04:35:36.178074
b9d207f5-3900-4bb0-aca9-74e30b7caa7d,7ccb3924-ecd6-4bd9-a154-5f15202ab7a2,GLUCOSE,56.0,168.0,"[""sms"", ""push"", ""email""]",True,gregory74@example.org,9ec3661e-a664-4fdb-a6d0-4cb8cfe52e96,2025-08-20T11:21:36.178092,2025-08-24T16:57:36.178096
a3554bfb-27a9-4847-9a9a-1b7321a61445,bf2e8597-e904-4585-9657-2d58fafe2214,HR,48.0,,"[""push"", ""email"", ""sms""]",False,amoses@example.org,59200dc5-ded0-45ee-8431-f1416ec12b46,2025-04-08T02:26:36.178114,2025-09-07T10:09:36.178118
658b7cb7-5f90-4d41-b59d-cb3eec5e4794,43a270c4-f721-4fbd-a983-d22c4d158f16,GLUCOSE,56.0,168.0,"[""sms"", ""push"", ""email""]",True,43a270c4-f721-4fbd-a983-d22c4d158f16,,2025-04-14T22:35:36.178135,2025-09-11T10:18:36.178139
6591aa73-12ab-4bf2-b0cb-7ae1aecd6726,7c651d5d-63ee-479b-a3e7-205ddb2e3670,SBP,72.0,,"[""push""]",False,7c651d5d-63ee-479b-a3e7-205ddb2e3670,,2025-06-16T05:18:36.178154,2025-08-24T16:14:36.178158
828f8318-2566-4d37-b672-6bb4b470e908,9fae7462-6c07-4d27-8022-e002131e1925,SPO2,76.0,120.0,"[""push""]",False,johngarrison@example.org,8f73a893-4b08-4ef0-97ca-3446d42d587a,2025-09-03T16:20:36.178175,2025-09-15T11:38:36.178179
a0c2f4c2-a2ee-4810-9697-61ee81d1a878,9cb33457-c84a-4a9e-a41d-f81666920570,WEIGHT,,360.0,"[""sms"", ""push""]",True,hannahhicks@example.net,c8cf9684-ec3f-431b-8f22-8c22e3e4da47,2025-05-07T07:54:36.178205,2025-09-15T16:44:36.178210
b176dd4c-5549-4047-979f-d1078f49cb5e,ad563605-e182-4ec0-9d33-e8f048fa0df4,SPO2,,120.0,"[""email"", ""sms"", ""push""]",True,jessicamurray@example.com,48c39344-ba8c-4443-ac66-8a4194806928,2025-09-09T06:16:36.178227,2025-09-03T18:34:36.178231
bd87e75a-732b-4488-be2e-1ad74142a822,a897bbfe-fc85-499c-8e66-9860398f6cad,TEMP,77.60000000000001,119.39999999999999,"[""push""]",False,vaguirre@example.net,4ea475fa-0131-4b31-bc2e-96198cde6b4e,2025-09-18T18:05:36.178247,2025-08-25T01:00:36.178251
ace03df0-bc9d-494b-8c64-8e4681d905b4,6223f499-7dcd-402e-964f-ee11a50fa54d,HEIGHT,46.400000000000006,,"[""push"", ""email""]",True,6223f499-7dcd-402e-964f-ee11a50fa54d,,2025-09-06T11:13:36.178267,2025-08-24T20:33:36.178272
6bc017d6-afdf-4b38-a560-b63166056f0d,b8204416-e5f7-45fa-8a04-c1aa20c125f5,WEIGHT,80.0,,"[""email"", ""sms""]",True,gardnerelizabeth@example.org,1b627d0f-15b1-40ba-b2d0-256ee076e550,2025-03-31T01:52:36.178290,2025-08-25T03:18:36.178295
ab167675-4ef0-4318-b4e7-d51f1b668ad8,526a5125-7cee-401d-b877-834a2794eac9,DBP,48.0,,"[""push"", ""sms"", ""email""]",False,526a5125-7cee-401d-b877-834a2794eac9,,2025-06-09T11:26:36.178311,2025-08-21T23:59:36.178316
93ff939f-e269-4798-b157-8922cc99ebe7,eace8e24-e14f-43ad-926c-d41852602b52,WEIGHT,80.0,,"[""sms"", ""push"", ""email""]",False,smarsh@example.com,f73f846d-a023-49cc-95ee-f0ef24fbad41,2025-05-10T07:46:36.178333,2025-08-31T10:30:36.178337
0aa1897e-dfe5-4ad7-9117-0d62ca46307e,095755e9-a8d7-4476-87fb-4cda9310498f,WEIGHT,80.0,,"[""email"", ""push""]",False,095755e9-a8d7-4476-87fb-4cda9310498f,,2025-07-13T11:24:36.178353,2025-09-06T16:56:36.178358
6486d99f-1f2b-457a-8855-872d6e63b9fe,05374ffc-0780-424d-aeff-03869da87ce4,GLUCOSE,56.0,,"[""sms"", ""email"", ""push""]",True,swright@example.net,dd23461e-6686-4d5d-8d11-6656b67351f4,2025-09-15T05:16:36.178376,2025-08-22T22:07:36.178380
7e4a5c42-a83f-471f-b8ea-d2eb94a48b47,d9260ccd-2214-4c22-8d7b-394d2ba6c65e,SPO2,76.0,120.0,"[""email"", ""push"", ""sms""]",False,d9260ccd-2214-4c22-8d7b-394d2ba6c65e,,2025-03-23T23:45:36.178397,2025-08-26T02:28:36.178401
4a57adbf-1ad6-43d4-8578-c6ee525630d8,f54a092e-e801-4678-bca9-f2dd5b178bc8,GLUCOSE,56.0,168.0,"[""push""]",True,espinozataylor@example.com,5df63152-b94c-4adc-a339-79e749491cbe,2025-06-24T15:35:36.178417,2025-08-20T18:11:36.178422
f4567cce-01f6-4d56-be30-e5519c72cce0,425a35b4-947d-4fc8-9759-6a3f3d143fbe,DBP,,,"[""sms"", ""email"", ""push""]",False,425a35b4-947d-4fc8-9759-6a3f3d143fbe,,2025-04-20T18:11:36.178438,2025-08-30T08:09:36.178442
2696d094-b84c-424e-9bcf-583672014f8d,7615add7-7447-4602-9d2d-4d11bd130ae6,HEIGHT,,93.6,"[""push"", ""sms""]",True,beckyroberts@example.com,a08fcf75-e307-4645-ab62-d1183398cff0,2025-09-15T13:35:36.178459,2025-08-29T17:53:36.178463
61dfe282-0ebb-445c-bce6-b39b024e72a6,09872e8b-24ec-403c-a69c-732deee4aa57,DBP,,,"[""email""]",True,robert42@example.com,d85c634a-d8c0-4b8a-b474-ffe4bcf33a12,2025-08-16T03:08:36.178479,2025-09-03T18:07:36.178484
f4fd211e-b1d2-42db-a522-411ecb4b2143,28cc445f-79ae-4e97-af3b-248f3d5447b8,DBP,48.0,,"[""push"", ""sms""]",True,rodriguezmichael@example.net,a390b196-4c59-4a99-9132-0d47cb68f3d8,2025-04-28T18:04:36.178501,2025-09-15T00:11:36.178506
21e382ea-ef07-4881-a830-d7f16eeaf5be,9113d9c3-7952-4130-bf46-c9f3663aaa6f,TEMP,77.60000000000001,,"[""push"", ""email"", ""sms""]",True,9113d9c3-7952-4130-bf46-c9f3663aaa6f,,2025-06-25T04:26:36.178522,2025-09-01T06:29:36.178526
82d54a12-4150-4233-85a0-191801197292,139d198a-3e44-4dd1-82ac-1301f74dcce2,WEIGHT,80.0,,"[""email""]",False,stonejesus@example.org,0588672e-b119-44d8-a9d4-f362edb43bdc,2025-08-29T14:54:36.178542,2025-08-28T11:03:36.178547
969bdae8-05eb-47be-a9c9-9aabfa5639e6,d0372fc7-bf8b-4ce7-8813-14b40b6a697f,TEMP,,119.39999999999999,"[""push"", ""sms""]",False,watsonjose@example.net,c5f8f23f-47e1-4513-973e-1819c0e393a4,2025-09-17T20:21:36.178563,2025-09-14T08:55:36.178568
8a233f88-2401-4578-8444-f7d083ee3c4d,776b75f2-be7c-46fd-a12b-adf13d0ec504,HR,,,"[""sms"", ""email""]",True,776b75f2-be7c-46fd-a12b-adf13d0ec504,,2025-06-19T05:43:36.178583,2025-09-04T00:39:36.178587
1a0bd762-6c5f-4a85-95ba-61bf2a8a4e2f,f73d21a7-7bbb-412f-83dd-274b7933f293,BMI,14.8,,"[""email"", ""push""]",True,f73d21a7-7bbb-412f-83dd-274b7933f293,,2025-06-16T10:00:36.178603,2025-09-15T00:33:36.178607
f00e2dfe-1df8-42ed-87e1-319944b83826,4bd9b45b-23d7-4dfb-9714-2cf5150cca45,RR,,24.0,"[""sms"", ""push""]",False,tsullivan@example.org,8b5c11e9-24d6-4443-9d34-d5739513cf59,2025-04-22T14:01:36.178624,2025-09-05T17:01:36.178629
f25ec266-3314-4402-a9d5-411f4de561c6,9e776344-bd3a-4889-86e9-56a66483cd39,BMI,14.8,30.0,"[""sms""]",True,lhoward@example.org,3f55438b-8d50-4b73-b035-730870558025,2025-07-09T06:36:36.178645,2025-08-22T14:45:36.178650
d3922028-f2ff-4c84-8359-867b5a7493ef,f6aa5609-14fe-4909-9dfa-2c895deac204,TEMP,77.60000000000001,,"[""email"", ""push""]",False,f6aa5609-14fe-4909-9dfa-2c895deac204,,2025-04-04T15:50:36.178665,2025-08-25T15:16:36.178670
66f5d5fd-7285-4cd7-9c96-3332c0a53cea,69ebe80c-9679-4d34-b99c-e802a86ffc66,SBP,72.0,168.0,"[""email"", ""sms""]",False,sheliacohen@example.net,20d4da54-aa33-49ff-8f1a-f1fecdfc65b7,2025-06-18T01:13:36.178687,2025-09-05T21:58:36.178692
1ff78511-3f4f-46d7-b133-9225c63a8665,0574eb2c-6c6b-4feb-9bf0-6918740d8adc,SBP,,168.0,"[""sms""]",True,kristen78@example.org,781ebbe3-0ba9-4147-9a4d-0b8e0d58d760,2025-04-30T12:03:36.178710,2025-08-26T19:59:36.178715
b3d574dd-6c4e-4cce-a3dc-168b8801dc7a,987cdbbc-80ff-44d6-a5c2-e067377ef0e4,GLUCOSE,56.0,,"[""sms""]",True,987cdbbc-80ff-44d6-a5c2-e067377ef0e4,,2025-05-25T22:38:36.178730,2025-08-24T12:01:36.178735
935d6232-b0ac-45a8-976f-285668f85bf8,62c8f545-451b-45e0-a9e7-c84696591565,WEIGHT,80.0,360.0,"[""email"", ""push""]",False,amanda14@example.net,9c144fc5-fd5c-4088-8c1d-9bc8ec30b08a,2025-08-06T04:45:36.178752,2025-08-19T22:23:36.178757
b56629ea-6249-495c-871e-8bcfc7cf7ad6,20e9af48-87bb-4187-869a-234c0a33afe4,TEMP,77.60000000000001,,"[""sms"", ""push"", ""email""]",True,20e9af48-87bb-4187-869a-234c0a33afe4,,2025-06-24T23:04:36.178774,2025-08-28T07:22:36.178778
ec52c4bd-902d-4ef6-a469-a548928b6f20,3ccb9907-d69e-4a75-976d-f39ad9d5b268,SBP,72.0,,"[""email""]",True,3ccb9907-d69e-4a75-976d-f39ad9d5b268,,2025-09-10T17:44:36.178794,2025-09-19T02:58:36.178799
eb1a29b0-ea74-4599-8dbb-76a4c9e068d8,4e067245-993b-4599-956a-fb69948951ef,SBP,,168.0,"[""push"", ""email"", ""sms""]",False,sdonovan@example.com,a305073f-4839-418c-b828-6461ac056e8e,2025-06-19T23:49:36.178819,2025-09-16T18:29:36.178823
23182794-d2f1-4527-8d6c-95123c875d71,db1fa0d3-af1c-47a3-9bb4-79948c92e197,GLUCOSE,,168.0,"[""email"", ""push""]",False,db1fa0d3-af1c-47a3-9bb4-79948c92e197,,2025-09-01T11:16:36.178839,2025-08-27T15:26:36.178843
96818e22-5fa8-466c-bce2-2ac705c0aad7,921386d4-73bb-4f05-a47b-5e406a2f37a9,HR,,120.0,"[""sms""]",False,921386d4-73bb-4f05-a47b-5e406a2f37a9,,2025-07-25T07:07:36.178858,2025-08-31T02:55:36.178863
6805c057-993a-4c3b-93b1-f1ba83ade689,274518a4-55ad-4101-aed9-834fb8bddfed,HR,48.0,,"[""sms"", ""email""]",False,274518a4-55ad-4101-aed9-834fb8bddfed,,2025-07-01T09:52:36.178879,2025-08-26T01:08:36.178883
70477c51-9fc4-4b08-bfa9-0eca63c8d8bd,b5cc2ba6-a5de-40f8-a848-8e5c69e567c3,HEIGHT,,93.6,"[""sms"", ""email""]",True,b5cc2ba6-a5de-40f8-a848-8e5c69e567c3,,2025-05-01T21:43:36.178899,2025-09-08T19:00:36.178904
77142dfa-2f3d-499c-af8c-fa8918540d5d,49f259a4-d4ff-4cea-a221-c2bdc2426f56,TEMP,,,"[""push"", ""email""]",False,gcastillo@example.com,890d5b60-8c9d-4821-91ac-75fc7919e628,2025-07-21T06:08:36.178922,2025-08-30T14:17:36.178927
8ea2e8a2-3366-4156-b03a-a84b919537b4,a32b5a3d-c8f7-46d8-81de-2ed9b6cb296d,GLUCOSE,56.0,,"[""push"", ""sms""]",True,ucampos@example.com,5f8b68d5-9a9d-4fb3-b77d-611dbd52d6e7,2025-09-06T21:25:36.178944,2025-08-22T12:49:36.178948
89fd79ab-685e-4edb-be3f-0eed0ff053a2,75bc5d30-06cf-4bcb-9a40-8e33e00de394,TEMP,77.60000000000001,,"[""email"", ""sms"", ""push""]",False,alexander69@example.com,42eb2de6-8a48-4e45-a635-0f015e2498fb,2025-09-17T16:52:36.178966,2025-09-13T22:58:36.178970
374a1dff-7501-45ce-83ea-4bb66e28c666,7344e72f-b191-4f3d-886c-0c283f4b90f0,GLUCOSE,,168.0,"[""sms"", ""push""]",True,7344e72f-b191-4f3d-886c-0c283f4b90f0,,2025-04-02T16:10:36.178986,2025-08-30T17:38:36.178991
ad6025d8-464c-4927-9b74-ecac1fb3b9f9,b9786bff-ff69-41d7-a4f2-5dd11d9a4db0,HEIGHT,,93.6,"[""sms"", ""email""]",False,b9786bff-ff69-41d7-a4f2-5dd11d9a4db0,,2025-08-27T10:12:36.179006,2025-09-02T03:29:36.179011
78ac4ba0-6c15-43e6-b6f0-6ba42188414e,a963044a-ed3e-45a6-96e3-d4cc8b1b1546,GLUCOSE,56.0,,"[""push""]",False,jhickman@example.net,0b9d447d-5653-4e53-a006-b71237656ac1,2025-05-11T08:36:36.179026,2025-09-10T03:14:36.179032
3be80224-03d4-4977-b6c4-1720a77b38ba,c2e4ef17-9d28-44bb-90f6-8afbfec57d32,WEIGHT,,,"[""push""]",False,c2e4ef17-9d28-44bb-90f6-8afbfec57d32,,2025-06-21T06:38:36.179048,2025-09-15T00:05:36.179052
cd4d22e3-4aa9-4640-8638-4ed44c828b6f,8e3ca2c2-acad-49f0-80aa-41103c442144,DBP,,108.0,"[""email"", ""push""]",False,jeremy00@example.net,a691b1f5-1c1d-41ef-96c7-293b17b121b5,2025-09-18T07:38:36.179069,2025-09-11T06:43:36.179073
fa94eb45-edd1-48ae-ad4e-4a20248643d9,b927e312-ef85-4706-8d4c-75626b036740,BMI,,,"[""sms"", ""email"", ""push""]",True,b927e312-ef85-4706-8d4c-75626b036740,,2025-08-16T11:40:36.179089,2025-08-25T09:38:36.179094
736f384e-26d1-46fe-bbc1-0151523e8fb5,07f73678-c28c-48ed-a5e2-ccf742895f62,GLUCOSE,56.0,,"[""email""]",False,hcarter@example.org,6adfcdb8-0bb6-44d3-830b-967426f7c448,2025-07-06T23:57:36.179110,2025-09-17T01:16:36.179115
0d7b53db-8a26-4cec-a5f7-9f658f184775,44079cea-c77d-4a39-bb32-a25ce82ce444,SBP,,,"[""push"", ""email"", ""sms""]",True,44079cea-c77d-4a39-bb32-a25ce82ce444,,2025-06-14T16:35:36.179132,2025-09-05T11:42:36.179137
a6252312-0fe7-43d5-a892-1c0fa751ed83,086fe6c9-644f-4e2e-9f2d-60ed0a8cd196,BMI,14.8,30.0,"[""push""]",True,086fe6c9-644f-4e2e-9f2d-60ed0a8cd196,,2025-04-06T20:17:36.179152,2025-08-20T23:57:36.179156
0c3e5b1b-1e0a-4fbe-a8bb-b85758c06b38,eb08489a-2b93-44f9-9e25-9c8e72933eab,DBP,,,"[""email"", ""sms""]",True,pvargas@example.org,8e1fcdd8-f962-4c38-bd41-69c97884ab90,2025-05-21T23:58:36.179173,2025-09-01T08:59:36.179177
590cd5b6-6998-488c-ae17-cf79357611e0,a848431e-ca8b-453a-858b-6b384948c9da,DBP,,,"[""push"", ""email"", ""sms""]",True,gina94@example.com,760c6bfa-5a48-4276-a765-c08c0d884296,2025-09-05T18:03:36.179198,2025-09-07T06:45:36.179203
ef623928-db01-4a68-b973-164c69ad4e48,ba1703fa-74be-4a04-8797-e6c01876e0b7,WEIGHT,,,"[""sms""]",False,ba1703fa-74be-4a04-8797-e6c01876e0b7,,2025-04-19T09:48:36.179218,2025-08-19T14:08:36.179222
0c939eef-bb3b-4411-9939-315d5b69817e,777de796-4c9e-461f-9a14-3555917fcf9d,DBP,,108.0,"[""sms"", ""push"", ""email""]",False,robertmorris@example.org,6ab286a5-cef3-4303-b8df-446e1963b285,2025-07-14T18:23:36.179241,2025-09-09T00:35:36.179245
242c5de5-3c0a-4dea-84b6-fe5837df23ef,640f18f3-304b-4b69-98a5-5911656e1ac2,DBP,,108.0,"[""sms""]",True,640f18f3-304b-4b69-98a5-5911656e1ac2,,2025-06-12T19:39:36.179261,2025-08-26T13:34:36.179265
a4ecdfbc-6ce6-4eec-9d21-da606ac5e4e4,c0c84f13-14c1-4872-8681-88ebce8ba9fe,SPO2,76.0,,"[""sms"", ""push""]",False,yboone@example.org,356aaf3c-3f17-4dd1-9203-6865a661d656,2025-04-08T16:33:36.179281,2025-09-17T03:02:36.179286
ba8935be-fed1-422c-b3d5-ec4ad2cffe00,0204102e-d0e4-44e2-889f-92f1e5d927c8,WEIGHT,80.0,,"[""push"", ""sms""]",False,jessica44@example.com,0e6fba97-6933-4773-b831-f74f325ac16b,2025-06-16T00:25:36.179303,2025-09-01T19:12:36.179308
93deda2c-f3a8-4b5f-be30-43eafb431212,39e75fb9-29ce-4d5c-bb81-98d262020dab,SBP,72.0,,"[""email"", ""sms""]",False,39e75fb9-29ce-4d5c-bb81-98d262020dab,,2025-08-22T16:54:36.179323,2025-09-03T07:13:36.179328
4c06fdef-3890-4ed3-b285-5cf4677522b0,6f65b2f9-d5bb-4018-b926-e2680e063b68,RR,,,"[""email"", ""push"", ""sms""]",False,johnsonlacey@example.net,029ca8b6-bec8-4952-b928-955c04df6ba4,2025-08-17T19:50:36.179346,2025-08-24T18:22:36.179351
111d0d7a-8274-4a76-ad7a-86778abfeb34,f265b0d2-ca1a-4a04-a4dc-82bcc76382d0,SPO2,76.0,,"[""email""]",True,f265b0d2-ca1a-4a04-a4dc-82bcc76382d0,,2025-04-07T05:50:36.179367,2025-09-03T02:07:36.179372
460c3067-28e8-469d-b1f4-83af98c9b58a,9fab9611-07dc-4e74-a5bb-0072f94bed7a,GLUCOSE,,168.0,"[""email""]",True,9fab9611-07dc-4e74-a5bb-0072f94bed7a,,2025-04-10T00:12:36.179389,2025-08-29T08:41:36.179393
f70c3d1f-ff4e-4378-96e6-8277e6b201e7,2814bfc5-7016-4244-aa8e-fc5c70054bc8,GLUCOSE,,,"[""email"", ""sms""]",False,2814bfc5-7016-4244-aa8e-fc5c70054bc8,,2025-04-19T07:04:36.179409,2025-08-19T22:17:36.179414
ec9cc2f3-7dd3-4457-b679-3f43d2ddf6c0,3ee2797b-58be-43b0-893e-d152053051ca,SBP,,168.0,"[""push""]",False,3ee2797b-58be-43b0-893e-d152053051ca,,2025-04-21T19:35:36.179429,2025-09-08T14:41:36.179433
9c573ee7-10d1-4156-af18-dd927e636dff,3c563886-eb1d-462b-bf12-ea8ce53fdaf7,SPO2,,120.0,"[""email""]",False,jeanking@example.net,9d69cc6d-314f-45dc-ae72-b925370ac214,2025-09-18T14:52:36.179449,2025-09-15T16:23:36.179453
fefd2502-ebec-44ec-8eec-c5b6ebc0b5a3,9589b946-822a-463b-8f77-88e71759a3fb,WEIGHT,,360.0,"[""push""]",True,lisa24@example.org,4a7e0e9e-1fa3-44f3-a7a3-dec86d038047,2025-05-04T14:40:36.179470,2025-09-09T05:12:36.179475
29b19a39-4ed9-4277-bcd0-a9203693014d,9d05d416-35fa-46ed-a2e6-aff074a18897,BMI,,30.0,"[""push"", ""sms""]",True,dpoole@example.com,8858876e-d42f-4395-a2de-b4f91a4fc8bc,2025-06-16T02:15:36.179491,2025-09-18T20:03:36.179495
b1bde08c-c5c0-4e2e-9758-1b7e717bc36e,746b24b1-9103-431d-a967-83f00a513a0d,SBP,,,"[""email"", ""push""]",False,boydrenee@example.net,9b4c9a0c-9b0d-469d-aab9-7f793ab2b0a6,2025-04-23T18:54:36.179512,2025-09-16T06:18:36.179516
bf48fd84-ca55-4c28-b862-30f4c532ea8c,44079cea-c77d-4a39-bb32-a25ce82ce444,TEMP,,119.39999999999999,"[""push"", ""email"", ""sms""]",True,44079cea-c77d-4a39-bb32-a25ce82ce444,,2025-07-17T19:55:36.179533,2025-09-05T01:02:36.179538
0b23efe2-5005-4fc6-8b2e-5a993ebd7c9f,5de63d21-a73b-40af-bbb3-36e923c9a63b,SPO2,,120.0,"[""email"", ""push"", ""sms""]",False,ewood@example.net,0c26f45f-52a3-4dd0-b6a7-91fd42a2714e,2025-06-28T15:13:36.179556,2025-08-25T13:23:36.179561
554577c8-4898-4489-8118-e59e00b19f70,4d74d9ce-8762-4295-bd5c-fa3493d0b294,BMI,,,"[""email"", ""sms""]",True,4d74d9ce-8762-4295-bd5c-fa3493d0b294,,2025-06-22T10:25:36.179577,2025-08-31T18:25:36.179588
b4f28d79-a7e7-4d87-b516-5fb8f1fee673,1e97f225-9f13-4cfc-9f48-a933e0feeadf,DBP,,108.0,"[""push"", ""email"", ""sms""]",True,curtisjacqueline@example.org,ec681dee-9324-49fc-9375-fc588402c19c,2025-07-21T06:51:36.179609,2025-09-16T23:41:36.179613
450f8906-a8b5-4bb8-9652-ca15e1784008,2dd37dae-218e-4757-9c41-00079c8833e2,SBP,72.0,168.0,"[""sms"", ""email""]",False,2dd37dae-218e-4757-9c41-00079c8833e2,,2025-06-11T09:19:36.179631,2025-08-21T01:42:36.179635
d3512478-e416-41e4-a426-56f75437e3b4,42bdb312-8097-4c59-af6c-cf8be7c22ca4,SPO2,,,"[""push""]",False,megan57@example.com,2a880e27-6038-4fdf-a191-acd59d6be979,2025-05-16T02:36:36.179652,2025-09-01T18:28:36.179657
a626eb3b-642a-4e65-9c7a-fa73a6d853ec,cca56037-db6e-44ef-a1f2-c7bfaa1de786,SPO2,,120.0,"[""push"", ""email""]",True,yatestraci@example.org,ab5e1969-2956-4f24-a2fa-5a9c52503ef4,2025-07-18T09:30:36.179673,2025-08-20T10:25:36.179678
29a83b72-8329-48e2-a6b1-1b24bfd9aa1c,1c7d9b92-8690-45ca-a4ab-2cb31b735f33,HEIGHT,46.400000000000006,93.6,"[""sms"", ""email"", ""push""]",False,patrick07@example.org,19930bdd-1acc-42ca-911d-202c2d2b10cc,2025-05-17T10:16:36.179696,2025-09-09T20:12:36.179701
ea93bff9-f555-4c1d-933d-e84788399dfa,0204102e-d0e4-44e2-889f-92f1e5d927c8,HR,,120.0,"[""email""]",True,garzazachary@example.org,3f87875b-c5a6-4d59-818e-ee5d7617a805,2025-05-02T21:10:36.179717,2025-08-21T11:36:36.179722
eb67438f-412c-4a04-86b2-9c1136467d63,274518a4-55ad-4101-aed9-834fb8bddfed,GLUCOSE,56.0,,"[""sms"", ""email"", ""push""]",False,274518a4-55ad-4101-aed9-834fb8bddfed,,2025-08-10T16:42:36.179737,2025-09-14T17:54:36.179742
44fb43c7-5b2c-445f-9e3a-74c4e2550c1e,9113d9c3-7952-4130-bf46-c9f3663aaa6f,SPO2,76.0,120.0,"[""sms""]",True,9113d9c3-7952-4130-bf46-c9f3663aaa6f,,2025-07-21T04:05:36.179759,2025-08-20T17:06:36.179763
b80416b4-2c61-425d-8092-837c7f6014be,2864d3ec-6819-44ba-a8bd-dd1e6591344f,WEIGHT,,,"[""email""]",True,2864d3ec-6819-44ba-a8bd-dd1e6591344f,,2025-08-11T21:21:36.179779,2025-09-05T20:10:36.179784
1a2bfef2-f61e-476e-ad51-1b69f2759374,5dabff35-807e-4503-b125-4685c0ad8865,WEIGHT,,,"[""sms"", ""email""]",True,5dabff35-807e-4503-b125-4685c0ad8865,,2025-04-13T21:37:36.179800,2025-08-25T21:22:36.179804
9b68e793-2bd7-4fdd-809c-a5bd439913a0,93370ce5-b3cb-450a-91b9-8ef6c784c5df,SBP,72.0,,"[""sms""]",False,93370ce5-b3cb-450a-91b9-8ef6c784c5df,,2025-03-22T19:29:36.179819,2025-09-01T01:41:36.179824
042e8abd-c558-4c15-acff-ef3fb01b1463,83ce862a-8fc0-448d-a73c-a05ef7a9ab74,TEMP,,,"[""push"", ""sms""]",False,83ce862a-8fc0-448d-a73c-a05ef7a9ab74,,2025-09-17T20:33:36.179840,2025-08-26T18:08:36.179844
ea47baee-2bb0-419a-b827-c335b9bdd6fc,a5d97650-414c-4e1f-9596-359ca80e4ce9,HEIGHT,46.400000000000006,93.6,"[""push"", ""email"", ""sms""]",False,gsharp@example.net,9d8cb4bd-3ce5-436c-9fe2-e600aec75aca,2025-04-25T13:32:36.179861,2025-08-20T17:04:36.179866
eacbbc92-2cd6-486e-b493-d8dc2061c5ac,cd89441e-09cf-4bb6-a4f8-300421dfda71,RR,,,"[""email""]",False,cd89441e-09cf-4bb6-a4f8-300421dfda71,,2025-08-13T02:57:36.179881,2025-08-28T21:28:36.179885
24c03d8b-cfc6-46f0-b391-41c6f2728217,760de1c0-5050-441d-92aa-6eb888a137b9,SBP,,,"[""sms"", ""push"", ""email""]",True,760de1c0-5050-441d-92aa-6eb888a137b9,,2025-06-09T16:46:36.179901,2025-09-19T01:10:36.179905
59827d93-e3eb-4757-97ac-d6bc1b4f7709,e7c1484d-d865-4894-867f-bb7c9e193303,BMI,,30.0,"[""email"", ""push""]",True,e7c1484d-d865-4894-867f-bb7c9e193303,,2025-04-19T03:58:36.179921,2025-09-09T15:58:36.179925
91085383-ba5c-4372-ba69-b8db4a933a53,a85cfd31-0b55-400f-93b7-75120138d5ba,DBP,48.0,108.0,"[""email""]",False,a85cfd31-0b55-400f-93b7-75120138d5ba,,2025-04-23T04:02:36.179941,2025-08-27T09:37:36.179945
47c4a879-ef51-4ecf-b32c-271b7b8b6c16,1483def4-d757-4985-8aa2-78f5a896edf2,RR,9.600000000000001,,"[""sms"", ""push"", ""email""]",False,1483def4-d757-4985-8aa2-78f5a896edf2,,2025-07-05T23:30:36.179962,2025-09-09T01:17:36.179966
f9ec6350-0b74-49c3-bae1-c62e5dd498b9,2e638a27-ad3c-4510-a012-29f2d1102590,GLUCOSE,,168.0,"[""push"", ""email""]",True,2e638a27-ad3c-4510-a012-29f2d1102590,,2025-04-23T15:24:36.179984,2025-08-29T14:07:36.179988
e529396c-5633-4042-81ad-6083aaa87396,153262f8-bb83-4018-b950-95d89ff2de07,TEMP,77.60000000000001,119.39999999999999,"[""sms"", ""push"", ""email""]",True,james23@example.com,5a249411-ba39-4f63-bc48-53b6da77e3ae,2025-07-30T09:04:36.180006,2025-09-05T22:06:36.180011
365af127-b4bc-4a92-99ae-f98d466aaa93,49380dbd-8002-420e-b011-a41c7ffe1ca9,BMI,,,"[""push"", ""email"", ""sms""]",False,49380dbd-8002-420e-b011-a41c7ffe1ca9,,2025-09-10T07:03:36.180028,2025-09-13T07:11:36.180033
debe9e6c-f6b6-443d-9a8f-a427a84cba5f,4ed3cb40-7434-444d-b481-ed3892f2b659,TEMP,,,"[""email"", ""push"", ""sms""]",True,zcollins@example.org,b7425767-4781-49f8-80f4-087159325928,2025-08-06T17:10:36.180050,2025-08-30T05:33:36.180055
ad79ba3a-3526-493c-8a90-5dda26c0d30a,3e61c767-39e6-4411-884c-3a8e4dd17e81,DBP,,108.0,"[""sms""]",True,dana36@example.com,a7c65d94-e0ce-48f5-954d-c649bdd94bc2,2025-05-14T22:51:36.180071,2025-08-29T04:03:36.180075
3f29a422-4674-4e8e-b8ed-7033ff4dd25c,6ed28207-3f83-4429-9f24-9979bdcc0592,GLUCOSE,56.0,168.0,"[""push"", ""email"", ""sms""]",False,desireewilson@example.net,851bedd7-fd67-4b7f-aeba-f28e2c91a771,2025-04-17T11:22:36.180093,2025-08-31T05:04:36.180098
e5eabaa4-d73a-411f-b469-af8bad12fe26,0a1186e3-c1ef-4f60-8c75-973fd7a07ddc,HR,,120.0,"[""push"", ""email"", ""sms""]",False,0a1186e3-c1ef-4f60-8c75-973fd7a07ddc,,2025-07-26T15:28:36.180114,2025-09-16T01:56:36.180118
2ddf96ac-ffb4-4f68-a7b9-af72351ee043,f9f6d20c-0f52-43dc-9fad-abc57a12ec2f,WEIGHT,80.0,,"[""push"", ""sms""]",False,jason57@example.net,5457b468-4601-4cc4-8fd2-89954a081ac5,2025-08-05T06:29:36.180135,2025-09-08T03:28:36.180140
e0aa90a1-ecb6-4cbd-9cf2-adbb588159f4,086fe6c9-644f-4e2e-9f2d-60ed0a8cd196,SPO2,76.0,,"[""sms""]",False,kmartinez@example.com,f3ac80a6-f062-4a05-a568-7821c6b62beb,2025-05-06T11:43:36.180156,2025-09-18T20:09:36.180160
8f44bdef-2e27-44e5-ab57-2af68957fa89,a1395839-7746-448c-aa43-b34305977f43,RR,9.600000000000001,24.0,"[""sms"", ""email""]",True,lcarlson@example.org,52aea615-00ec-4fbc-9438-caef63efddf0,2025-05-29T14:09:36.180200,2025-09-02T22:00:36.180207
79d5ccce-aac3-47e1-8c18-83e420901dde,37357c39-278c-45e0-8f27-cbede9a0c7f9,HR,,120.0,"[""push"", ""sms"", ""email""]",False,marksbrandon@example.net,8d67d05b-790b-4748-b26f-618a31579764,2025-04-21T04:21:36.180235,2025-09-14T03:02:36.180242
e28c5531-03e1-4ad3-b85f-e3253bb233e6,571383f4-5040-4495-932e-18f477828909,TEMP,77.60000000000001,,"[""sms""]",True,lwashington@example.com,6615d875-4a2d-451a-8a62-640ad4b85480,2025-04-04T13:54:36.180267,2025-08-26T09:18:36.180274
e4e753e2-0da7-4cd0-bf38-059dead8ee26,5fdcd7cd-fb6b-465b-963b-12fb7681bc73,SPO2,76.0,,"[""push""]",False,5fdcd7cd-fb6b-465b-963b-12fb7681bc73,,2025-06-25T08:50:36.180299,2025-09-08T17:58:36.180306
d54952c4-56c0-46ff-8ae1-ad0311eb6805,77e1972c-24fe-47b4-b89b-cec2c9a128b4,SPO2,,,"[""push""]",True,77e1972c-24fe-47b4-b89b-cec2c9a128b4,,2025-07-08T05:08:36.180429,2025-08-30T09:11:36.180473
9170f956-5089-4c34-bea6-6f17b5abac7c,347c95b5-b4c9-4a86-8c85-58b9ad6423d8,GLUCOSE,,168.0,"[""push""]",False,347c95b5-b4c9-4a86-8c85-58b9ad6423d8,,2025-09-16T01:42:36.180571,2025-08-25T04:38:36.180585
d7a9bb54-b364-4265-b76d-2cc0794decc4,a5c0bf16-882f-40c0-bc16-909e33c5f3bc,HR,48.0,,"[""email""]",True,a5c0bf16-882f-40c0-bc16-909e33c5f3bc,,2025-04-16T23:48:36.180639,2025-09-02T18:58:36.180651
8e517399-bb42-4a93-bfeb-37c91b1a166a,57d3140e-cc6f-41e2-a281-fb59a95b070a,BMI,,,"[""sms""]",False,danlong@example.net,f03118b0-9d64-4ba4-bc0e-7734387ecdc6,2025-04-18T10:52:36.180703,2025-09-17T11:17:36.180715
0ee69dd9-31fd-4958-8c5a-84eddedbaf61,8ae06fd9-4728-4349-a484-a5db97a55f24,SBP,72.0,,"[""email"", ""push""]",False,8ae06fd9-4728-4349-a484-a5db97a55f24,,2025-08-28T13:42:36.180778,2025-09-07T08:18:36.180790
88fa85b4-c682-4067-bf2a-8beb06c8d87e,2a037eba-7066-4be6-bef3-26209a9efb8b,SBP,72.0,,"[""push"", ""sms"", ""email""]",False,2a037eba-7066-4be6-bef3-26209a9efb8b,,2025-05-19T07:03:36.180840,2025-09-17T20:04:36.180852
5fb4ad38-0a92-4434-bd4a-b79b7317864e,ff153331-b49b-43dd-812d-c323282ffd77,HR,48.0,,"[""email"", ""push""]",False,ff153331-b49b-43dd-812d-c323282ffd77,,2025-03-25T13:30:36.180896,2025-09-10T07:58:36.180908
9e23cbf2-3833-4d12-b516-6735ff2dc656,7f968505-e645-4143-83b6-d15263b836e6,SBP,72.0,168.0,"[""email"", ""push"", ""sms""]",False,7f968505-e645-4143-83b6-d15263b836e6,,2025-07-29T16:03:36.180957,2025-09-02T20:20:36.180969
a131b924-a8de-4e6e-9a45-f98bafdfc73d,b2406873-5632-46d7-8294-da4491841740,RR,9.600000000000001,24.0,"[""email""]",True,b2406873-5632-46d7-8294-da4491841740,,2025-08-21T01:16:36.181011,2025-08-22T13:07:36.181023
b55a8014-778a-471c-a594-54bc93fb09a8,5678dcdf-3e31-4215-97cd-0f2df8706d4b,SPO2,76.0,120.0,"[""push""]",False,tina48@example.com,2e742a53-5171-49f2-8a81-5c25b07d6c9a,2025-08-10T14:31:36.181073,2025-09-01T20:50:36.181078
6b251a5f-882a-478b-bec4-236a671c5d9a,ca291ed4-967c-44c2-915b-6f297e9036fa,BMI,,,"[""sms""]",False,kmartinez@example.com,f3ac80a6-f062-4a05-a568-7821c6b62beb,2025-08-08T08:34:36.181098,2025-09-18T03:55:36.181103
87cfb825-4b03-4c80-8387-6757c7f817a8,cca56037-db6e-44ef-a1f2-c7bfaa1de786,BMI,,,"[""push"", ""sms""]",True,cca56037-db6e-44ef-a1f2-c7bfaa1de786,,2025-06-10T07:02:36.181122,2025-09-03T04:39:36.181127
7ffcea8f-a131-41e3-b77b-519e55b1f393,c818f1ec-4adc-475e-aa56-ebdd90f243c4,SBP,,168.0,"[""push"", ""email"", ""sms""]",True,lloydsharon@example.net,bde883ff-aa0f-40a4-a3db-32ab21154abd,2025-08-25T10:35:36.181150,2025-09-15T01:16:36.181156
1d948e3e-c359-4e9e-b7d0-14c3bd12b713,bfb4f04e-9096-470e-995b-15021e613cf5,GLUCOSE,56.0,168.0,"[""push"", ""email""]",False,bfb4f04e-9096-470e-995b-15021e613cf5,,2025-03-26T03:07:36.181174,2025-08-22T08:15:36.181179
a722efb4-df83-4fd8-b3f7-fc0d65289209,7308a4d3-fdad-4f61-8152-616f71050688,TEMP,77.60000000000001,119.39999999999999,"[""sms"", ""email"", ""push""]",True,7308a4d3-fdad-4f61-8152-616f71050688,,2025-06-09T03:40:36.181199,2025-08-20T02:47:36.181204
d4520a74-e741-4251-80c6-4d03a702688a,0060180d-4b2b-49c7-acc9-b7cf49d20c2c,RR,9.600000000000001,,"[""email"", ""push""]",True,0060180d-4b2b-49c7-acc9-b7cf49d20c2c,,2025-04-24T13:17:36.181222,2025-08-24T14:03:36.181227
633c5b64-6802-427c-98fe-439e057b1255,b9f48a13-5478-4662-a55d-418d9c1a1df2,SBP,,,"[""sms"", ""email""]",True,jonathanjordan@example.org,b061a369-7010-4ff4-a4e0-9a8325473e7d,2025-07-14T03:21:36.181246,2025-09-07T09:30:36.181251
b4b46702-a88f-41ae-9674-9ac7d831da33,06a83593-8469-4363-be59-aa05b87e4c23,TEMP,77.60000000000001,,"[""sms""]",False,sjackson@example.org,f7b165cf-fc07-4ed5-8e36-0edfe8703815,2025-08-04T18:57:36.181271,2025-08-23T21:12:36.181276
164fe309-d703-420c-bdde-0939de602021,71e0a3cd-d0d4-4bcb-b708-9e485b6183e1,GLUCOSE,56.0,168.0,"[""push""]",True,71e0a3cd-d0d4-4bcb-b708-9e485b6183e1,,2025-09-10T16:27:36.181294,2025-08-26T05:07:36.181299
67a6bd50-88d4-4139-b8c3-10a47b180472,bb9c8219-d169-4bf0-a5b1-7cab00d114cc,WEIGHT,80.0,360.0,"[""sms"", ""email"", ""push""]",False,omahoney@example.org,910a2e6a-6edc-4677-81e5-805f6bbe5b67,2025-04-07T08:47:36.181319,2025-09-03T13:57:36.181324
2a208d9c-340e-467d-b486-61c271ab314c,7124dde2-951a-4662-b7b4-0030f7234c0b,BMI,,,"[""push""]",True,waterskyle@example.org,86ab2c1d-fe44-4f2c-b421-f65d8cf4eedb,2025-03-24T10:15:36.181346,2025-08-24T06:37:36.181351
b45becaf-52ef-48b1-b00c-25c7233de1fc,3d8e613d-ff76-4ff3-b8e6-08448cae4658,BMI,,30.0,"[""email""]",False,3d8e613d-ff76-4ff3-b8e6-08448cae4658,,2025-04-06T07:56:36.181369,2025-08-31T05:13:36.181374
7a13928a-1ded-4013-8f60-3b2cff49cad3,d93cb049-6634-4bfa-9d34-6275fc37f1dc,WEIGHT,,360.0,"[""push"", ""sms"", ""email""]",False,zmartinez@example.org,6ce35c67-35a5-41a6-a2cf-95864eb7bdb4,2025-04-15T01:23:36.181393,2025-09-01T00:49:36.181398
af2915a8-e89b-407a-adeb-1ea7f5cae1c9,bc357742-388c-42c8-9f33-8a6eb14316db,HR,,,"[""push"", ""sms"", ""email""]",False,xvazquez@example.org,66ffa665-3763-4c5a-b235-b562aa1d8899,2025-03-26T01:22:36.181417,2025-08-28T10:58:36.181422
93ae6058-b752-48b9-93e7-5a2cc286a93a,eecc6b90-0ade-47e8-83b4-9214d920d1de,BMI,,30.0,"[""email"", ""push""]",True,eecc6b90-0ade-47e8-83b4-9214d920d1de,,2025-07-27T23:56:36.181444,2025-08-26T01:09:36.181449
0ab1240f-c4c5-4672-8c27-ad38da850301,1483def4-d757-4985-8aa2-78f5a896edf2,GLUCOSE,56.0,,"[""email""]",True,1483def4-d757-4985-8aa2-78f5a896edf2,,2025-04-21T01:16:36.181466,2025-08-30T19:16:36.181471
b24e62cb-b7a2-4130-871a-d75a855d0b61,eb25e84d-a07a-4116-905a-3efa8bd78623,DBP,,108.0,"[""push"", ""sms""]",False,eb25e84d-a07a-4116-905a-3efa8bd78623,,2025-07-19T01:49:36.181489,2025-08-28T12:48:36.181494
58ae383f-77a2-4c80-abab-a8028abf923b,a16bb13e-0efc-4583-bb19-0c4c6ba2cbcd,BMI,,,"[""push""]",True,melinda87@example.com,e9ee3eaa-6083-4f5c-b396-e823aa7a6676,2025-08-11T03:44:36.181513,2025-08-30T02:14:36.181518
b879922b-8025-4826-96ab-dc53053d25f4,2f608c48-a0a7-43ce-9890-193fb940d711,SPO2,,120.0,"[""sms"", ""push""]",False,2f608c48-a0a7-43ce-9890-193fb940d711,,2025-05-14T14:56:36.181536,2025-08-24T01:36:36.181541
2ceacc61-becc-4f5e-afe1-3b6fb81b0ed7,a72b0418-7b00-407c-a661-3a715c4f329f,SPO2,,,"[""email"", ""sms"", ""push""]",False,a72b0418-7b00-407c-a661-3a715c4f329f,,2025-08-13T21:10:36.181559,2025-09-19T08:40:36.181564
bd62a2b6-4c2b-4d79-878d-8703b6580e69,deb464ea-3385-40f9-8a56-73ab8de952a0,TEMP,,,"[""email"", ""push"", ""sms""]",False,qcallahan@example.org,a9acbae8-5164-4bb8-9034-990329eb29b6,2025-09-17T14:13:36.181583,2025-09-08T06:09:36.181588
8231b7a7-768c-4ff4-a930-540f3d108ff5,1fc5f4aa-6168-4ef4-b6db-12f7caa6c06a,DBP,48.0,108.0,"[""email"", ""push""]",True,christopher64@example.net,014efbd8-db24-4c33-8a2f-9f329a356e51,2025-04-21T04:28:36.181606,2025-08-25T02:21:36.181611
ac04fcc0-e193-43e8-98fd-ee398f790102,96ba8ee6-27c6-43c2-87da-aa9521e126fb,SPO2,76.0,120.0,"[""push""]",True,96ba8ee6-27c6-43c2-87da-aa9521e126fb,,2025-07-04T12:46:36.181628,2025-08-22T19:06:36.181633
2c3e7b53-9678-436b-8859-d0af0ea903c2,2e7613d0-3bb3-4f1e-a5a1-0bf32b72d073,GLUCOSE,,168.0,"[""push"", ""email""]",True,carolineperry@example.org,efbccbdb-2baf-420d-a5a5-95c31f59057b,2025-04-03T03:16:36.181651,2025-09-18T17:56:36.181656
9f2160d0-139b-44b8-9e10-c53bf33b79b1,ce5cb356-bc6a-44ad-9c62-d4b1bc60e35f,SPO2,,120.0,"[""email""]",False,ypeterson@example.org,c69bd4f4-3d4b-451f-a8fb-41aa3187537b,2025-05-11T02:01:36.181673,2025-09-14T10:07:36.181678
d4ba3f0d-7cde-46b3-9e43-b5cf05785146,9d05d416-35fa-46ed-a2e6-aff074a18897,HEIGHT,,93.6,"[""push"", ""email"", ""sms""]",False,9d05d416-35fa-46ed-a2e6-aff074a18897,,2025-04-22T10:40:36.181698,2025-08-31T18:29:36.181703
d7e94412-f2a4-41ff-a50e-a9e9d65d31da,f2e011f2-1336-4a2d-a053-1f295e874d10,WEIGHT,80.0,,"[""email"", ""push"", ""sms""]",False,vgraham@example.com,afe5eb31-be18-4292-9595-4f236ad71781,2025-06-11T16:51:36.181723,2025-09-06T01:43:36.181728
686fb2e9-0d3b-4741-abfa-4132dbf8e2a2,65ce759e-8655-4eb3-9b44-0a50f447465f,HR,48.0,120.0,"[""push""]",True,65ce759e-8655-4eb3-9b44-0a50f447465f,,2025-08-25T13:54:36.181746,2025-08-20T08:41:36.181751
43eb9343-2d06-4ed2-a616-65b379042e33,d13f5ce2-71e0-41b8-9d18-d6128a81b566,DBP,48.0,,"[""email"", ""sms""]",True,jessicalewis@example.com,8f221cae-e35c-4787-8a02-8719179cbbfc,2025-04-20T17:42:36.181770,2025-08-24T15:57:36.181775
b640bbd7-cd06-4adc-8c62-348a1c6cedc3,02c8cb02-3f75-4773-8768-71873b78a783,RR,9.600000000000001,24.0,"[""email"", ""sms""]",True,nicoleperez@example.net,49d47dca-64ff-4da1-bb58-80ad1372f050,2025-06-23T01:13:36.181793,2025-09-03T03:30:36.181798
dc8e483a-10ba-4bdc-bfc0-9e778371b399,cca56037-db6e-44ef-a1f2-c7bfaa1de786,TEMP,77.60000000000001,119.39999999999999,"[""sms"", ""email""]",False,glennbernard@example.org,e525fc04-1558-4b68-8124-fb9d1058118e,2025-08-01T18:45:36.181816,2025-09-12T00:57:36.181821
9bf1f554-6c87-41b7-b053-a60255e1f6d9,0b7b8331-05c3-4489-9d25-1fb5f559d90c,DBP,48.0,,"[""push"", ""sms"", ""email""]",True,zhangnatalie@example.net,1de88092-351c-4aec-9ec3-a48c3fd8ae01,2025-05-07T22:21:36.181840,2025-08-28T20:48:36.181845
b1b38d28-c897-4258-a29e-a6b7194ddb38,0b4c77aa-486f-4876-8135-7a9a7b6e9cb6,RR,,24.0,"[""email"", ""sms""]",True,ewood@example.net,0c26f45f-52a3-4dd0-b6a7-91fd42a2714e,2025-06-10T19:48:36.181863,2025-09-01T08:03:36.181868
ce44ad92-c234-4eb0-be27-494fa17099a1,af9b67bd-d48b-4914-a321-0bda6adbacd9,BMI,,30.0,"[""sms"", ""push"", ""email""]",True,af9b67bd-d48b-4914-a321-0bda6adbacd9,,2025-09-05T01:44:36.181886,2025-08-30T22:49:36.181891
5965c260-518a-43c3-b3b5-b90e6abe5247,2bf6273c-de8e-4bb0-aee9-a8e2dc5777e9,DBP,,,"[""push"", ""email""]",True,2bf6273c-de8e-4bb0-aee9-a8e2dc5777e9,,2025-06-03T19:24:36.181909,2025-08-31T22:03:36.181914
cf4ab50d-a246-4fbd-b206-2bd3209ab7c0,1b4b6aa2-b189-4ec7-92b4-80d8f678faaf,SPO2,76.0,,"[""push"", ""email"", ""sms""]",True,1b4b6aa2-b189-4ec7-92b4-80d8f678faaf,,2025-07-13T09:31:36.181931,2025-09-05T04:28:36.181936
fb56a555-df5a-4c54-bb1c-7f396770ad29,cabba6ab-c8b0-4975-9e82-4f2edf5d7435,SPO2,,120.0,"[""sms""]",True,cabba6ab-c8b0-4975-9e82-4f2edf5d7435,,2025-04-24T23:40:36.181954,2025-09-08T21:19:36.181959
0bc52c5d-9bbc-4e06-8abc-ff5bb00ad860,1483def4-d757-4985-8aa2-78f5a896edf2,BMI,14.8,30.0,"[""push"", ""sms"", ""email""]",True,1483def4-d757-4985-8aa2-78f5a896edf2,,2025-09-09T09:44:36.181978,2025-08-24T09:47:36.181983
963e4c8d-58aa-4143-8ecb-0b7b11ba7c55,e868e950-2945-4189-a7b5-60a4fd3e4500,HR,48.0,,"[""push"", ""email"", ""sms""]",True,chantrevor@example.org,4f1b57ab-ddb7-492a-bfef-e0a52d3972b2,2025-05-03T18:54:36.182002,2025-09-08T02:43:36.182007
2a5aeabc-757c-4abc-a1d5-3831b8b6b11a,cdede127-fbc7-474d-9508-f7b141c77c4f,BMI,,,"[""email"", ""push""]",True,kevin42@example.net,19490ff5-bb8f-4638-87f0-13046db26401,2025-05-15T17:59:36.182026,2025-09-17T15:16:36.182030
c91501f4-2804-4dfa-9549-ea968fa6b585,214541ea-bbf5-4a50-a569-ec9a125572ea,WEIGHT,80.0,,"[""email"", ""sms""]",False,mclaughlinjulie@example.net,ac2c6c99-b138-4169-bb81-2e5d050a1fe2,2025-08-11T15:33:36.182054,2025-09-18T02:40:36.182059
ef340c76-ee3d-4c23-901e-5a1c4b4b2201,eecc6b90-0ade-47e8-83b4-9214d920d1de,SPO2,,,"[""push""]",True,eecc6b90-0ade-47e8-83b4-9214d920d1de,,2025-08-09T13:06:36.182078,2025-09-04T10:20:36.182083
81bb4868-820e-4abb-b466-ba8c8be4d171,e02f9118-b876-49b7-8a7d-268727fcae28,BMI,14.8,30.0,"[""email"", ""push"", ""sms""]",False,john26@example.com,9e6d1605-fedd-462e-93bb-4b136b91094d,2025-08-04T07:50:36.182102,2025-09-02T11:58:36.182107
9d649b56-ef98-49d9-adb3-6c9e24b92a93,699687b0-6caa-4f0e-94a9-8c386bc283a1,DBP,,,"[""email"", ""sms"", ""push""]",True,699687b0-6caa-4f0e-94a9-8c386bc283a1,,2025-07-29T17:53:36.182126,2025-09-03T20:03:36.182130
9ac19012-ceb2-4dc2-be39-40d472374a24,e65d4e23-bc7a-42bd-bbc8-7ccb33b94a16,HR,,120.0,"[""push"", ""email"", ""sms""]",False,e65d4e23-bc7a-42bd-bbc8-7ccb33b94a16,,2025-08-30T12:43:36.182149,2025-08-20T23:53:36.182154
1d3d354b-ab2a-486a-be9d-86b4c9ae6c8c,49f259a4-d4ff-4cea-a221-c2bdc2426f56,SBP,72.0,168.0,"[""push""]",False,natalie46@example.com,6e861790-9fac-4006-9c15-f5316920ef3c,2025-09-07T02:47:36.182171,2025-09-07T03:30:36.182176
499702d5-ddd9-4838-9e25-362a8f60ccef,1637601f-ba95-41cd-abe7-a7e23e63efed,SPO2,,,"[""push"", ""sms""]",True,1637601f-ba95-41cd-abe7-a7e23e63efed,,2025-09-11T01:44:36.182194,2025-08-27T14:45:36.182199
071b1139-2815-40c1-bd2b-c71c4bd955d9,29a1bb2f-5081-4862-848c-223de41e965f,RR,,,"[""sms""]",False,29a1bb2f-5081-4862-848c-223de41e965f,,2025-08-05T15:13:36.182217,2025-09-11T20:25:36.182222
32e9796b-2588-49c7-b2af-73afd5613d08,bbd2f8f6-5455-444e-a09b-63744be623b8,HEIGHT,,,"[""push"", ""email"", ""sms""]",True,bbd2f8f6-5455-444e-a09b-63744be623b8,,2025-05-18T16:56:36.182239,2025-08-23T02:27:36.182244
90972606-e8a6-4e97-a628-70a523a7d83a,682f6715-5f93-44c0-b337-c8354a6bf4d8,TEMP,,,"[""sms""]",True,682f6715-5f93-44c0-b337-c8354a6bf4d8,,2025-03-24T12:30:36.182261,2025-09-08T10:26:36.182266
71a356d6-dcb3-4eea-8d49-d9ead4d79dd4,044ec0b2-db37-4d64-bc47-e79fbd15b633,TEMP,,119.39999999999999,"[""push"", ""sms"", ""email""]",False,pparker@example.com,8f3f2752-01a5-49b1-a34f-1e0ff7d77d72,2025-05-11T20:07:36.182285,2025-08-19T20:21:36.182290
f49bf049-2ec5-49ca-9e7c-e420d02f4bb4,20a2ef91-fbd8-46f6-91f9-1f11f060f570,TEMP,77.60000000000001,,"[""sms"", ""push""]",False,20a2ef91-fbd8-46f6-91f9-1f11f060f570,,2025-04-06T06:10:36.182308,2025-08-19T17:50:36.182313
4c1b1bbe-27eb-4078-bca1-cdc8d6d61c74,a82ffc8f-61ab-4250-8f16-206afee2d709,SBP,,,"[""email"", ""sms"", ""push""]",True,martinmorgan@example.net,c5545d51-a75a-4d56-a9a9-a83a0edad61b,2025-08-08T17:59:36.182331,2025-09-01T20:16:36.182336
f5dfaedf-6ce5-4bde-84ee-adc8b6a7a2f4,0455b8b7-b090-4cbb-a67a-0feb5e7ae9f2,WEIGHT,80.0,,"[""sms"", ""email""]",False,sanchezjennifer@example.org,871bd474-bd6b-4eac-8931-6db657bfd40e,2025-08-12T04:20:36.182355,2025-09-10T12:44:36.182360
29c7923f-9fad-473b-bdce-c45ddfa739da,da545585-8281-427a-880e-90e6cca83e23,SPO2,76.0,120.0,"[""email"", ""sms""]",False,briannamclaughlin@example.net,b44ab95a-5927-4dfd-85f1-4bc37668fa28,2025-06-04T19:43:36.182378,2025-09-19T09:45:36.182383
e846c959-3d1f-4e76-9f71-7ddec8f80e56,737998f3-1c3f-4aa6-bf66-596ebbe93f28,RR,,,"[""sms"", ""email"", ""push""]",False,737998f3-1c3f-4aa6-bf66-596ebbe93f28,,2025-08-24T06:09:36.182403,2025-09-08T12:02:36.182408
8ab4ee7c-9d82-4187-8a3d-7822a2eee0ea,457bb703-92df-432e-a48d-9c17b9083612,TEMP,,119.39999999999999,"[""email""]",True,457bb703-92df-432e-a48d-9c17b9083612,,2025-07-07T19:57:36.182425,2025-09-07T20:31:36.182430
3864d4ff-d41c-4350-a95e-1c88e94ba0a7,31b302ab-4b8e-434b-8fb5-f94565aada40,DBP,48.0,108.0,"[""push""]",False,cooperlauren@example.org,6d14a2d1-3354-4f4d-aa89-093233d38f06,2025-05-04T00:08:36.182449,2025-09-12T14:45:36.182454
6fa6067b-af7a-4dbc-9b0f-fb002aa60804,897f59b1-3d1a-47a0-8a61-0be2b92c184a,BMI,14.8,30.0,"[""push"", ""email"", ""sms""]",False,ronniejames@example.com,0c61facd-7912-4138-9097-c74555ab7399,2025-07-22T14:42:36.182474,2025-09-02T10:37:36.182479
4cccaba7-64c2-4228-825e-0adc0fd09c5a,0a529a0f-ab87-4cc6-9051-de6fc0f4a88b,HEIGHT,,93.6,"[""email"", ""sms""]",True,0a529a0f-ab87-4cc6-9051-de6fc0f4a88b,,2025-07-31T08:29:36.182497,2025-09-09T08:48:36.182502
e9a621d6-8973-4823-869d-d0bf498fba67,584724cf-24e8-4c8a-b49e-c80fe82cd498,SPO2,,,"[""sms""]",False,rgross@example.org,5d24a61d-0f42-4d83-94b1-285438164b7a,2025-04-25T20:54:36.182520,2025-08-29T08:14:36.182525
a34e71e6-ad34-4c63-a10f-b3504f517959,4cd63ad1-f730-465c-bcb4-04d353bf30be,SPO2,,120.0,"[""sms"", ""push""]",False,4cd63ad1-f730-465c-bcb4-04d353bf30be,,2025-08-03T09:21:36.182543,2025-09-06T16:41:36.182547
cc3dd458-2d36-45e9-803e-1a3c630532e6,bd638e85-0e46-4966-86c7-4d06c935848d,HR,,120.0,"[""email"", ""sms"", ""push""]",True,bd638e85-0e46-4966-86c7-4d06c935848d,,2025-05-28T12:36:36.182565,2025-09-14T04:46:36.182570
e81e0085-3935-4ce3-901c-eb67bada21ab,fc615670-56ef-4ded-8699-5731c73e5436,HEIGHT,,93.6,"[""sms""]",True,dgarcia@example.org,3e27cdd1-bf53-4733-8894-d2f689a2d948,2025-06-29T12:40:36.182589,2025-09-16T00:50:36.182594
269c2f17-dece-4853-8b1c-6522605f4114,5148d8b7-4c3a-4ee0-9a68-bddf11380145,DBP,48.0,,"[""push""]",False,5148d8b7-4c3a-4ee0-9a68-bddf11380145,,2025-04-13T22:00:36.182611,2025-09-07T23:31:36.182616
27be6742-c881-46b8-94ce-1e332aa8706f,24b94ea6-10f7-4b2e-a22e-41a7c430cfae,DBP,,,"[""sms""]",False,chambersashley@example.net,c5889bbb-2a76-4926-82fc-cece150cd28b,2025-06-01T15:51:36.182634,2025-09-06T05:07:36.182638
997b7fa2-884a-4caf-ac58-72b7defaa8b1,3179ac40-e805-40ae-bf08-fd91134a5338,GLUCOSE,56.0,,"[""sms"", ""email""]",False,vickiesnyder@example.net,84b68a9e-2500-423f-98f9-812a259a6819,2025-04-30T20:06:36.182657,2025-08-20T04:38:36.182662
aafe0c44-49b0-41e7-b57e-cb63dafdd6ac,35365065-ae05-4cf9-b302-4c8308eb057f,DBP,,108.0,"[""sms""]",True,fred06@example.org,a256ccf4-028a-4c98-8d2b-b41d44efab8a,2025-09-19T09:35:36.182682,2025-08-30T14:06:36.182687
c83bba8d-ce4b-46d6-8e8e-5022f94ff1e6,404628c1-70de-416b-b2d7-47258bdddd6b,HR,,120.0,"[""push"", ""sms"", ""email""]",True,ucampos@example.com,5f8b68d5-9a9d-4fb3-b77d-611dbd52d6e7,2025-08-13T23:21:36.182706,2025-09-02T21:40:36.182711
19549040-127d-49c9-9ab8-6f19e1e49d81,96fd2993-b03d-48f1-8c5a-338e0f58918f,HR,48.0,120.0,"[""push"", ""email""]",True,alicia08@example.com,93fd939d-ef72-453c-bef6-3f1fbf287fe5,2025-06-10T06:06:36.182729,2025-09-18T23:55:36.182734
6b59da8e-d6f9-4074-9097-244f8789d7c3,064006cb-81ff-4666-b369-4dd2a1b381dd,BMI,,,"[""push""]",True,064006cb-81ff-4666-b369-4dd2a1b381dd,,2025-07-29T16:11:36.182753,2025-09-17T20:41:36.182758
e1c5be65-6d63-47fb-8f3a-e8590aa84b2a,01c452a9-2f5f-4dd0-9544-20e065b48626,WEIGHT,,,"[""email"", ""sms""]",True,01c452a9-2f5f-4dd0-9544-20e065b48626,,2025-04-26T01:33:36.182777,2025-09-06T13:45:36.182782
ad4cc58d-a463-47fd-a88a-ddc14af28d9f,6e36dadf-0b32-4b42-bc04-9da93fbec9cc,TEMP,,,"[""sms""]",False,6e36dadf-0b32-4b42-bc04-9da93fbec9cc,,2025-04-01T09:41:36.182799,2025-09-10T20:00:36.182804
e0f75988-c3df-4e97-bf3f-cc0806c169c9,ac2858a0-80af-4f62-af6c-cad9867b33ae,BMI,,,"[""sms"", ""push"", ""email""]",False,ac2858a0-80af-4f62-af6c-cad9867b33ae,,2025-09-19T08:58:36.182821,2025-08-31T16:00:36.182826
7ef76d93-f821-4749-a19f-3de32f243ca8,cca56037-db6e-44ef-a1f2-c7bfaa1de786,DBP,48.0,108.0,"[""push"", ""email""]",True,cca56037-db6e-44ef-a1f2-c7bfaa1de786,,2025-07-05T20:42:36.182844,2025-09-01T05:15:36.182849
dc4a1af8-6c4c-4f11-9a28-b338669a3aa8,eb9e9cd8-1f46-48e9-a6c2-86ccc30ca2df,SPO2,,,"[""sms""]",True,ricky35@example.net,7f5a27a9-6996-4983-b37d-c25f5a16fb1f,2025-04-14T19:30:36.182867,2025-09-05T17:43:36.182871
ae423afb-94cb-4612-a5dc-4256eba269cd,bac68f5b-431c-4d1c-ac22-0e9721bb7ed3,WEIGHT,,,"[""email"", ""push"", ""sms""]",True,bac68f5b-431c-4d1c-ac22-0e9721bb7ed3,,2025-05-21T15:54:36.182889,2025-09-14T12:39:36.182894
5987ffae-bc0a-4a7a-a290-6b53558558bb,deb464ea-3385-40f9-8a56-73ab8de952a0,HEIGHT,,,"[""push""]",True,holtthomas@example.com,31217479-34f1-4e0d-81c6-13994a299cb4,2025-08-25T03:39:36.182913,2025-09-01T04:54:36.182917
625ef94f-7b94-4470-99f5-04628ff3fa7f,9007c31c-c649-4822-a81d-0c9a5771e9b0,SPO2,,,"[""sms"", ""email""]",True,9007c31c-c649-4822-a81d-0c9a5771e9b0,,2025-08-26T00:54:36.182934,2025-09-13T01:01:36.182939
1ff77d55-47dd-4c91-a0fb-081b2f7c3f3c,8a86028d-dac0-4088-ade0-c8444e8535fb,RR,9.600000000000001,24.0,"[""push"", ""email""]",False,8a86028d-dac0-4088-ade0-c8444e8535fb,,2025-06-30T00:37:36.182956,2025-09-09T09:33:36.182961
398a1d3c-9ffc-4330-8b97-5a972ec99b0f,34c6a29a-5deb-4966-b1de-674fa1f75efe,SBP,72.0,168.0,"[""push"", ""sms"", ""email""]",True,daniel93@example.net,85549289-85d6-4603-808a-ae7a3c34db2d,2025-05-17T04:47:36.182981,2025-09-11T21:37:36.182986
5c8d7611-c5b3-4193-a79d-df50e00bbdfb,bc94e23e-c4dc-44fd-beb4-6c65019beaab,RR,9.600000000000001,24.0,"[""email"", ""sms"", ""push""]",False,bc94e23e-c4dc-44fd-beb4-6c65019beaab,,2025-04-08T17:17:36.183004,2025-09-08T08:54:36.183009
81bd6a5e-3e37-4bc8-bd34-6d5281bbf91f,f4a742fb-099d-4465-a5bb-cc48133b4cd9,SPO2,76.0,,"[""email""]",False,f4a742fb-099d-4465-a5bb-cc48133b4cd9,,2025-09-07T05:14:36.183026,2025-08-29T18:38:36.183031
bd8c87b5-7c31-4a55-bf9a-45d8184bec80,096d9a94-524d-45e4-a8cf-a3bdc7b69fd4,SPO2,76.0,120.0,"[""sms""]",False,barbaralee@example.net,23fac335-e822-492e-b783-8295748069de,2025-04-08T21:22:36.183125,2025-09-01T06:24:36.183139
151d7a24-9a91-4178-89a4-54844414f748,74f9dc7c-4c6d-4408-aeac-0d5a9a715372,HEIGHT,46.400000000000006,93.6,"[""push"", ""email""]",False,74f9dc7c-4c6d-4408-aeac-0d5a9a715372,,2025-05-24T03:04:36.183191,2025-09-05T00:57:36.183199
9b9e1116-5904-4c75-86be-fbcd9c14ebe7,c6d86fbe-d743-433f-baea-ddac2aa314ae,TEMP,,119.39999999999999,"[""push"", ""sms""]",True,nicholasflores@example.com,547ced2e-fd1d-44d8-9b42-53f4e8ebb307,2025-05-31T16:14:36.183235,2025-08-24T17:14:36.183241
c7221b0a-29f5-4a00-81b7-83176b6d039e,424e11d6-9080-4502-8d50-fa1f6a5bccbe,BMI,14.8,30.0,"[""push"", ""sms"", ""email""]",False,424e11d6-9080-4502-8d50-fa1f6a5bccbe,,2025-07-12T20:22:36.183264,2025-08-26T15:47:36.183270
da302cb2-cdcf-45c2-93a0-730579c088b5,f0848943-2d3a-4569-8339-1ecc557ebee7,TEMP,77.60000000000001,,"[""sms"", ""push"", ""email""]",False,f0848943-2d3a-4569-8339-1ecc557ebee7,,2025-05-11T00:29:36.183292,2025-09-11T04:14:36.183297
619a4bfb-d4f0-4df7-a8c3-3232c60c2f28,4404547c-b9d7-4d90-ac5d-c07298be66cf,HR,48.0,120.0,"[""sms"", ""push""]",True,harrisstacey@example.net,2e808acb-6f34-434f-a53e-dae6cca0662e,2025-04-01T19:01:36.183317,2025-09-17T11:28:36.183322
c444ff50-779a-4ff3-84f1-c5eb6dbf16c1,0fff45ca-3569-4555-aaea-e91f91c9bc95,SPO2,76.0,,"[""email"", ""push"", ""sms""]",True,yboyd@example.net,58c24e94-afc1-4181-8808-1f6ac50975ed,2025-09-05T21:52:36.183345,2025-09-13T14:38:36.183353
08dcfbc2-616a-4702-ab4d-11befc9f6fa2,0621b438-c169-4d57-9a93-36152b4c1d4a,RR,9.600000000000001,24.0,"[""sms"", ""email""]",True,shawn29@example.net,e592de78-e983-409e-b981-5f3856f0e9c8,2025-08-02T08:46:36.183750,2025-09-03T12:03:36.183769
b00974ba-170c-43d8-ada5-5dd8afc4628a,e7761796-0e67-40c2-b2aa-09802d6f938b,HR,48.0,,"[""sms"", ""email""]",False,e7761796-0e67-40c2-b2aa-09802d6f938b,,2025-09-13T18:11:36.183841,2025-09-12T15:51:36.183853
1e434d6c-fb49-4ecb-a794-cb51d149a4f1,0d22ec5b-c65a-4a7f-9404-f7bb5d340796,HEIGHT,46.400000000000006,,"[""sms"", ""email"", ""push""]",False,0d22ec5b-c65a-4a7f-9404-f7bb5d340796,,2025-04-16T05:52:36.183974,2025-08-25T17:56:36.183991
62222697-041b-439e-a756-8d9a22e21333,a1395839-7746-448c-aa43-b34305977f43,SPO2,76.0,120.0,"[""email""]",True,a1395839-7746-448c-aa43-b34305977f43,,2025-09-17T18:13:36.184041,2025-09-05T11:46:36.184048
fd82a3ab-538a-49ff-8423-7339e2ae0a0b,4dfb5996-09c7-44f0-afce-00c8d1298f6a,TEMP,77.60000000000001,119.39999999999999,"[""email"", ""sms"", ""push""]",False,4dfb5996-09c7-44f0-afce-00c8d1298f6a,,2025-04-09T19:24:36.184077,2025-08-21T03:51:36.184084
55f2469e-f9a0-4e92-9acd-216c8e663028,e08d169d-a67c-4016-abd7-480c6b1a1b59,SBP,,,"[""email"", ""sms""]",False,bbrown@example.net,1f57973c-a127-4ca3-aa51-ba7168ebedf6,2025-04-07T01:35:36.184111,2025-08-23T22:18:36.184118
272f610f-0f8d-4f56-8bb1-c90869f1b9ba,578c8098-72d0-4791-a2a6-94b6a3fbe280,HEIGHT,46.400000000000006,93.6,"[""email""]",False,edwardserin@example.net,03870111-26b7-4a54-a031-25da9363c7e1,2025-04-23T02:12:36.184146,2025-09-11T16:49:36.184153
99d20a79-03f7-4e3a-8fa0-69186ef3a631,93c9b97d-d67d-4b8d-9f8c-0afbfe096470,TEMP,77.60000000000001,119.39999999999999,"[""push"", ""sms"", ""email""]",True,93c9b97d-d67d-4b8d-9f8c-0afbfe096470,,2025-06-15T20:04:36.184182,2025-09-06T17:53:36.184189
d986533a-7f37-4108-a3c5-87ac7fb9fc28,84ed47d9-98cc-42fe-bdeb-294d3bece82f,WEIGHT,80.0,,"[""email"", ""sms""]",False,sjackson@example.org,f7b165cf-fc07-4ed5-8e36-0edfe8703815,2025-07-14T13:51:36.184224,2025-09-04T14:35:36.184230
509bcc16-4c05-4afd-8283-299470f971f7,0a480ca2-7686-40a1-b1b7-0e3a9f49be04,SPO2,76.0,120.0,"[""sms""]",False,dianaramirez@example.net,f1d43901-f4d5-4916-9d54-94ab2d2440df,2025-08-28T08:24:36.184255,2025-09-03T13:17:36.184262
b3cced9f-d894-4a0c-aa39-b753851d21a6,feaffadc-df28-44df-99f4-a211f2c78ce1,HEIGHT,46.400000000000006,,"[""sms"", ""email""]",True,christina80@example.org,2ab618ec-402e-4264-9d24-bfb13aeffa28,2025-07-31T13:53:36.184287,2025-08-23T18:19:36.184294
37cf4ec0-33c7-48ed-aaa5-69e209bd5886,cb1f4177-bea8-4840-a7aa-25c457d104fe,RR,9.600000000000001,,"[""email"", ""sms""]",True,lisa04@example.net,c7c30fa5-b057-4aff-9c9f-931884c4fa78,2025-07-26T02:45:36.184331,2025-09-16T10:13:36.184343
a5629740-513f-4d3c-a131-68f28259c53c,2bf6273c-de8e-4bb0-aee9-a8e2dc5777e9,HR,48.0,120.0,"[""push"", ""sms"", ""email""]",True,2bf6273c-de8e-4bb0-aee9-a8e2dc5777e9,,2025-06-20T15:51:36.184376,2025-09-03T14:56:36.184382
e0a78e99-ae44-45ce-8137-46d48400afd1,83ce862a-8fc0-448d-a73c-a05ef7a9ab74,DBP,48.0,,"[""email"", ""sms""]",False,erik74@example.com,d6df2aee-1843-438f-9e3f-f042a4485ce9,2025-03-24T19:02:36.184409,2025-09-16T15:53:36.184416
230ad982-04a1-4c41-8272-f814310422e7,9431263f-1fed-4abd-b4cf-fe6cbb514612,TEMP,77.60000000000001,,"[""push"", ""sms"", ""email""]",False,carmengomez@example.net,afce909c-f28b-41f1-8a3d-c82f3a5b188c,2025-06-18T06:38:36.184442,2025-09-07T22:35:36.184449
7efc9b1b-a9dd-4d70-861f-33c0a75325ee,ce4f3092-64e6-4bab-a1fd-2247ae2e3847,DBP,,,"[""sms""]",True,ce4f3092-64e6-4bab-a1fd-2247ae2e3847,,2025-04-07T07:37:36.184494,2025-08-26T19:32:36.184499
eb1df1a4-078a-4bca-b25d-b52697b29076,52ee8e14-d01f-4b96-bfbe-02d0f0141f7c,BMI,,30.0,"[""sms""]",False,williemartinez@example.org,e2c21c5b-eb15-40ed-b08e-f4af638973d2,2025-06-07T09:08:36.184518,2025-08-27T04:25:36.184524
b982980a-a249-47c9-b257-e362a63fe01f,1f24a6d2-1138-4046-b8a1-1756e854e943,SBP,72.0,168.0,"[""email""]",False,1f24a6d2-1138-4046-b8a1-1756e854e943,,2025-09-09T00:29:36.184544,2025-08-23T16:08:36.184549
f8dd3395-0a0f-473c-af10-56bbb1df5b67,3ccb9907-d69e-4a75-976d-f39ad9d5b268,HR,,,"[""sms""]",False,3ccb9907-d69e-4a75-976d-f39ad9d5b268,,2025-04-01T01:50:36.184566,2025-09-18T10:28:36.184572
44e0999c-20d5-4e55-a0bf-290c5a807ee7,bf523ab4-cf35-4e67-99ad-8d01c056dad5,BMI,,30.0,"[""push""]",True,zsmith@example.com,58ceaad2-61fa-4fe9-a729-883497a4c722,2025-08-16T23:24:36.184590,2025-09-12T19:12:36.184595
c6f3fb2c-769a-45b2-9961-efb6818734f1,1ce354d8-f188-4470-8cea-c72bfecc3201,SPO2,76.0,,"[""sms"", ""email"", ""push""]",False,1ce354d8-f188-4470-8cea-c72bfecc3201,,2025-07-22T04:59:36.184614,2025-09-15T23:21:36.184619
c7c83806-6897-4007-a367-a9f34f035c0d,7236eedf-cd41-40bb-af49-1d068124e9d5,GLUCOSE,,168.0,"[""sms""]",True,barbaralee@example.net,23fac335-e822-492e-b783-8295748069de,2025-05-29T03:50:36.184638,2025-08-22T23:43:36.184643
7f050f2c-5c86-4cfb-a69f-a1b4534ac3a7,8f0f9fa7-6b40-40a4-9ad1-3fdcc2b1762c,DBP,48.0,108.0,"[""sms"", ""email""]",True,8f0f9fa7-6b40-40a4-9ad1-3fdcc2b1762c,,2025-04-08T18:26:36.184662,2025-09-07T04:54:36.184667
90a37035-6b14-424c-bece-08c12e38a3f2,5facd978-1585-49f7-8be5-b607d215f8d8,BMI,14.8,30.0,"[""email""]",True,5facd978-1585-49f7-8be5-b607d215f8d8,,2025-06-23T07:41:36.184685,2025-08-27T07:16:36.184690
ac410c80-2f9e-4b02-9c7a-4720d3ac0e28,195c568a-66ee-4f52-a64f-95da82f8edf5,WEIGHT,80.0,,"[""email""]",True,195c568a-66ee-4f52-a64f-95da82f8edf5,,2025-04-02T23:59:36.184707,2025-09-18T07:28:36.184712
0c83a9cd-6477-4aaf-95ea-3640366c8a4f,961bcea4-71c8-4bdf-b00f-fdd72072d696,TEMP,77.60000000000001,,"[""sms""]",True,moorepatricia@example.com,d0472fe4-0eb8-4839-8e36-b8e698a44ec3,2025-08-24T07:50:36.184731,2025-09-17T16:15:36.184735
444c6b99-8ed3-4c6a-828e-6ce4aa1dc465,3a9b77e2-3f38-4beb-89de-e715a5785fed,HEIGHT,46.400000000000006,93.6,"[""email"", ""sms""]",False,friedmanmichelle@example.com,803f2bd6-4d39-4ab7-add0-9c986ff05f1b,2025-06-16T07:35:36.184754,2025-09-15T03:20:36.184760
4210464b-1e5c-4e86-b9c2-0c7a5b312019,3ccb9907-d69e-4a75-976d-f39ad9d5b268,RR,,,"[""email"", ""push""]",True,3ccb9907-d69e-4a75-976d-f39ad9d5b268,,2025-05-23T00:48:36.184780,2025-08-27T01:49:36.184785
7f596457-c48f-4c24-bec4-23e69154a15b,ded7f639-19fd-4cdc-bdf9-989f60306639,DBP,48.0,,"[""sms""]",True,andersonbrittany@example.net,9942d9c6-f6e8-499f-b25c-06d0f561470d,2025-05-31T15:05:36.184804,2025-09-15T09:49:36.184809
60659e3d-3dad-49e5-b729-62e4badc922a,231e663d-ca28-4d76-a4b5-930a1f36d6f1,DBP,,108.0,"[""sms"", ""email""]",False,231e663d-ca28-4d76-a4b5-930a1f36d6f1,,2025-05-20T03:37:36.184828,2025-08-27T07:21:36.184833
854c204a-f436-45f2-8de8-31bccdbe1d27,e0cbf0a3-5079-4679-9f9b-fca61025d696,GLUCOSE,,,"[""email"", ""sms""]",False,e0cbf0a3-5079-4679-9f9b-fca61025d696,,2025-05-07T09:27:36.184850,2025-08-30T01:56:36.184855
1c99c14b-fb4b-457e-adda-25565c0d29ce,e7761796-0e67-40c2-b2aa-09802d6f938b,SPO2,,120.0,"[""sms""]",False,jeremyyates@example.net,f9ce7a90-e3f6-4d3a-9b7f-ff7419b3fed7,2025-07-31T22:12:36.184874,2025-09-01T15:31:36.184879
cfa59373-ef50-4ca0-9dec-7c3b2e7423e6,2e1152aa-6ba9-4e28-8c78-c7077604cba4,WEIGHT,,360.0,"[""sms""]",False,2e1152aa-6ba9-4e28-8c78-c7077604cba4,,2025-08-03T19:20:36.184896,2025-09-13T06:29:36.184901
32a61a8a-d547-49d1-b85c-1f5175057306,eb25e84d-a07a-4116-905a-3efa8bd78623,HR,,,"[""push"", ""sms""]",True,eb25e84d-a07a-4116-905a-3efa8bd78623,,2025-08-19T21:45:36.184919,2025-08-24T03:45:36.184924
69571d4e-4e4a-4b26-a60c-8199551453a5,ae79c967-981f-4871-943e-92237f56c0c9,GLUCOSE,,168.0,"[""email""]",False,ae79c967-981f-4871-943e-92237f56c0c9,,2025-04-15T21:56:36.184941,2025-08-30T00:51:36.184946
6f0a4ba6-3561-48ea-acee-77bb9cff139a,0a1186e3-c1ef-4f60-8c75-973fd7a07ddc,HEIGHT,,93.6,"[""push"", ""sms""]",False,0a1186e3-c1ef-4f60-8c75-973fd7a07ddc,,2025-04-27T20:04:36.184966,2025-09-16T15:39:36.184971
672cb5a6-8406-4051-ab2a-dba9aebc1c57,4007d0d4-596d-45ca-af99-1a6bd3e3d7e4,HR,48.0,,"[""email"", ""sms"", ""push""]",False,whitelevi@example.org,dba41460-2ccb-4bf8-b09b-c1217867eeab,2025-08-04T13:21:36.184990,2025-09-05T01:12:36.184995
50ebb124-af6e-40c3-a21a-c58b74410bc7,567bf8b8-f6ea-4007-9329-c8452438a08c,HEIGHT,46.400000000000006,,"[""sms"", ""email"", ""push""]",True,567bf8b8-f6ea-4007-9329-c8452438a08c,,2025-08-24T00:29:36.185015,2025-08-24T11:12:36.185020
4af2d1f7-9a9a-4b4e-b9bb-d35b0b289e01,cf22e650-c3c3-4f91-8e5b-74f84da3de88,SBP,72.0,168.0,"[""sms"", ""email""]",True,cf22e650-c3c3-4f91-8e5b-74f84da3de88,,2025-06-07T10:06:36.185038,2025-09-11T05:01:36.185043
76e8b5c6-47af-4305-ab35-e5ab3513c11c,4fc28a26-22db-4cc5-acb1-c202647760c4,BMI,14.8,,"[""sms"", ""push""]",False,4fc28a26-22db-4cc5-acb1-c202647760c4,,2025-09-09T15:14:36.185061,2025-09-05T10:26:36.185066
2baeb7f0-9aa0-460b-90bf-68770efb847c,eb9e9cd8-1f46-48e9-a6c2-86ccc30ca2df,DBP,48.0,108.0,"[""sms"", ""push""]",False,robertbradley@example.com,2715933e-8b7e-43db-841b-a67e4cb3b018,2025-08-04T22:05:36.185142,2025-08-21T14:00:36.185149
d27e3750-b9a7-4cc6-8911-c4267faf02e8,f6c924c9-aa91-4cbd-82e1-b20d956522b2,SPO2,76.0,,"[""email"", ""push"", ""sms""]",True,elizabethjohnson@example.org,5fb387c1-4fa6-4a2d-ac9e-c9a0a85158d8,2025-04-24T04:14:36.185189,2025-08-26T01:23:36.185195
084c6a48-f919-43ec-9210-4a0d719cbd47,7236eedf-cd41-40bb-af49-1d068124e9d5,BMI,14.8,30.0,"[""email"", ""sms""]",True,7236eedf-cd41-40bb-af49-1d068124e9d5,,2025-08-03T15:44:36.185213,2025-08-28T12:09:36.185218
5f6275ef-7284-4079-bede-6e45df5c502a,1be13f79-332f-478e-9b36-54a264e5b8c4,BMI,14.8,,"[""sms""]",True,cynthia35@example.net,94a137f8-7c03-47da-bf78-386d4a1cf045,2025-09-18T05:30:36.185237,2025-08-23T01:02:36.185242
67d6e3c9-edca-4917-a805-86ad27ec841d,e0656080-332d-4f03-bdd1-6353b5da6cf8,BMI,,,"[""email"", ""push""]",False,e0656080-332d-4f03-bdd1-6353b5da6cf8,,2025-07-23T03:40:36.185270,2025-08-30T05:25:36.185275
97036ac9-b586-445e-a975-9db2b2991a7e,179f50e8-c1d7-41c9-b239-c702d0e11891,RR,,,"[""email""]",False,alexander69@example.com,42eb2de6-8a48-4e45-a635-0f015e2498fb,2025-08-18T08:52:36.185294,2025-09-09T07:05:36.185299
ba15fedf-861d-4ee5-bfc4-b3ebd0898a92,8ec0c650-94ce-46f0-af4c-d921cccb8fee,DBP,48.0,,"[""push"", ""email"", ""sms""]",True,8ec0c650-94ce-46f0-af4c-d921cccb8fee,,2025-08-13T10:55:36.185317,2025-08-23T18:49:36.185322
05a48168-774a-4e00-b796-ded8ce8515d2,bd638e85-0e46-4966-86c7-4d06c935848d,WEIGHT,80.0,360.0,"[""email"", ""sms"", ""push""]",True,kgarrison@example.com,b5b416c1-9fdc-4b5f-abb2-fc20e877543a,2025-04-19T12:58:36.185343,2025-09-07T10:56:36.185348
a42fcd68-34d9-40ac-ac86-298219080f81,d005ab04-7080-4482-880f-391c4a351436,BMI,14.8,,"[""sms"", ""push"", ""email""]",True,salinaszachary@example.net,a633e9d2-5a4e-4f58-82d5-24ceda0141b7,2025-04-02T03:23:36.185367,2025-09-16T11:02:36.185372
ab9c351b-9427-4481-8a59-fa77b6d38539,4a49479f-45df-40f9-8566-ee3e05568651,SBP,72.0,,"[""email""]",False,4a49479f-45df-40f9-8566-ee3e05568651,,2025-04-01T00:09:36.185389,2025-09-07T11:24:36.185393
2118bc58-5908-4910-8625-dc9984cb4a41,d9d10b5c-141e-4e4d-9a23-72eb69b15093,SBP,72.0,,"[""sms"", ""email"", ""push""]",False,d9d10b5c-141e-4e4d-9a23-72eb69b15093,,2025-08-01T13:55:36.185411,2025-08-19T23:31:36.185416
b2598a01-af73-4543-9266-9dfdd6a1fac5,69e260b5-2853-4d61-8076-32b6283d7ddf,DBP,,108.0,"[""push"", ""email"", ""sms""]",False,blakejackson@example.net,25838fff-fbb5-48c4-8f35-b846120e96c0,2025-07-16T17:54:36.185435,2025-08-23T15:45:36.185440
75a46649-c87b-4676-9a04-b394e2dc2491,8f5cf468-8f03-42a4-978a-39d9c7f8a7e0,RR,9.600000000000001,,"[""email""]",True,8f5cf468-8f03-42a4-978a-39d9c7f8a7e0,,2025-04-02T15:27:36.185457,2025-09-12T13:17:36.185461
6407a1be-bd49-40d1-ac4b-8c05e831076f,2aa3bfed-5909-429e-8628-c868a4044c68,SBP,,168.0,"[""push"", ""email""]",True,elizabethjohnson@example.org,5fb387c1-4fa6-4a2d-ac9e-c9a0a85158d8,2025-06-27T22:01:36.185479,2025-08-22T11:16:36.185484
34d89cb4-8796-417a-9750-3725bae889d9,b51ddf46-8156-4f32-8481-d92e0cb8afbd,DBP,,,"[""email"", ""push"", ""sms""]",True,b51ddf46-8156-4f32-8481-d92e0cb8afbd,,2025-04-10T14:53:36.185502,2025-09-09T03:00:36.185507
53545cf5-12d7-4dfc-ab5d-b64e733af140,4cd63ad1-f730-465c-bcb4-04d353bf30be,SBP,,,"[""email"", ""sms"", ""push""]",True,4cd63ad1-f730-465c-bcb4-04d353bf30be,,2025-07-10T18:24:36.185525,2025-08-29T16:55:36.185530
77182c5d-b5e0-495f-a65a-7c2b32d32dfc,d93cb049-6634-4bfa-9d34-6275fc37f1dc,WEIGHT,,360.0,"[""email""]",True,fflowers@example.com,9bb5d51e-eac1-4e7a-812a-8fb5069b397f,2025-04-12T10:44:36.185548,2025-08-31T22:23:36.185553
b2690b7b-428d-4117-88b0-305dd0a46265,cb1f4177-bea8-4840-a7aa-25c457d104fe,DBP,48.0,108.0,"[""push"", ""sms""]",True,cb1f4177-bea8-4840-a7aa-25c457d104fe,,2025-04-12T09:15:36.185571,2025-08-26T12:53:36.185577
d7c7217e-3401-485f-b1ce-410fd5a4ce33,2ca2f316-32c0-4863-8517-71964508ec7f,RR,9.600000000000001,,"[""push""]",True,2ca2f316-32c0-4863-8517-71964508ec7f,,2025-03-28T22:26:36.185595,2025-08-20T10:34:36.185600
cfcddbfa-f2bc-4de7-a6bb-6c65187852f0,a4aa2dfb-b4c3-4b89-8cc5-ae5a6a43f32e,SBP,,168.0,"[""email"", ""sms""]",False,jolsen@example.net,a86254ef-a939-4226-ac0a-117c1ba1fd65,2025-04-01T14:26:36.185617,2025-09-02T05:08:36.185622
8a916e7a-6bbb-4471-a50a-096de79243c0,0e579057-f34b-45d7-9b84-c85b85bce8e7,HR,,120.0,"[""sms"", ""push"", ""email""]",False,rogersbenjamin@example.net,a8623d3b-b26b-4eb3-82eb-6237c8f04b6b,2025-08-21T06:33:36.185640,2025-09-10T08:39:36.185645
7d9e0853-3c70-4114-a5c5-d352adb90610,578c8098-72d0-4791-a2a6-94b6a3fbe280,SBP,,168.0,"[""push"", ""email""]",True,gavin84@example.org,6110f2ff-99b7-4b90-bdf3-16edb65c4fb3,2025-08-25T04:33:36.185662,2025-09-03T07:36:36.185667
e9d361da-5eec-44aa-b21e-baaa3a70fd45,060b1432-f719-4470-883e-83b73a3e0713,SPO2,,,"[""email"", ""push"", ""sms""]",True,jefferywalker@example.org,abf85bee-d9fc-4c7f-9131-53953d0b232f,2025-07-18T07:05:36.185686,2025-09-03T10:23:36.185690
1774cf82-50f7-4918-88b4-591abeea1e3c,4ed11be8-53da-4aa4-89e5-cf26d016ea35,WEIGHT,,360.0,"[""push""]",False,stephaniewilson@example.org,eba34fe0-fe48-4b5c-bfa6-c12d3a2138ed,2025-09-10T21:03:36.185718,2025-08-20T11:47:36.185724
7f1e646b-cc12-45b0-af6b-3dbb09fbe160,76dd9c31-9dd8-4158-a0fe-c63f6b44f9af,HR,48.0,,"[""email"", ""push""]",True,kirstenbenson@example.net,c607e3cf-7a70-4d55-bce3-7cf120066ff0,2025-04-30T19:21:36.185742,2025-08-26T20:17:36.185747
c46e43d4-2311-45c4-bbaa-c69b270a2764,122ecd18-9b83-4bf8-b719-c39d9c74ade8,TEMP,,,"[""email"", ""push""]",True,122ecd18-9b83-4bf8-b719-c39d9c74ade8,,2025-04-08T14:23:36.185764,2025-09-17T10:06:36.185769
69aac66a-b40f-4277-a6a9-b9b3381e2b4e,9bf2f7f8-d290-44f2-90b9-a0aa7b4f2181,GLUCOSE,56.0,168.0,"[""email""]",True,pli@example.org,3a758b3d-9c1d-4f45-b907-8720a5a633b8,2025-07-27T16:11:36.185786,2025-08-23T09:37:36.185791
7ab71c4e-7ed3-4e58-86ca-7fa279ce6cfd,4a49479f-45df-40f9-8566-ee3e05568651,WEIGHT,,360.0,"[""email"", ""sms""]",True,4a49479f-45df-40f9-8566-ee3e05568651,,2025-05-19T02:59:36.185809,2025-08-22T17:55:36.185814
c934e9a8-dc48-4466-8323-c3c4f4b71276,77e1972c-24fe-47b4-b89b-cec2c9a128b4,SBP,72.0,168.0,"[""push""]",True,77e1972c-24fe-47b4-b89b-cec2c9a128b4,,2025-09-03T22:33:36.185830,2025-09-01T09:52:36.185835
7e1156cd-ef5b-4fa7-a4fb-da6a138530d9,274518a4-55ad-4101-aed9-834fb8bddfed,HEIGHT,46.400000000000006,93.6,"[""push""]",True,274518a4-55ad-4101-aed9-834fb8bddfed,,2025-05-15T00:12:36.185851,2025-09-07T09:32:36.185856
2a8557f9-3127-4be3-a0ba-751dc1be1cce,44bfe9cb-1abd-442e-9e06-8a381010a9c2,BMI,,,"[""push""]",True,44bfe9cb-1abd-442e-9e06-8a381010a9c2,,2025-05-25T06:36:36.185872,2025-08-25T16:21:36.185876
2a92bb16-1c36-4326-a68a-c18b2de907f5,4e42031f-e6ba-4506-a935-b8e7689ed50a,SPO2,76.0,120.0,"[""sms"", ""email""]",True,4e42031f-e6ba-4506-a935-b8e7689ed50a,,2025-06-18T12:40:36.185894,2025-08-28T17:47:36.185898
a0b5f004-dc50-407f-a122-440249a02b79,4163304f-d09a-4c77-b3f8-9ae3a0cd2a28,TEMP,,119.39999999999999,"[""email"", ""push""]",True,jeremynelson@example.com,9b55be8a-2c97-483d-a9d5-50359222ab5d,2025-04-19T00:08:36.185920,2025-08-27T01:38:36.185924
1094f05f-1e6e-4558-87d3-02e0c7233ca3,6c9d9026-ad9c-43c7-ba05-5800620e0e47,BMI,14.8,30.0,"[""email"", ""sms""]",True,6c9d9026-ad9c-43c7-ba05-5800620e0e47,,2025-08-17T16:16:36.185941,2025-09-14T03:50:36.185945
dfb13617-2414-4a41-95e9-f6777e9cbe20,e3ab53b3-410a-45ae-9699-4add4886d6df,WEIGHT,80.0,,"[""email""]",False,e3ab53b3-410a-45ae-9699-4add4886d6df,,2025-04-27T11:27:36.185964,2025-09-05T03:18:36.185969
cf8feb58-1b65-4620-b3be-e546fffca15b,6bd70e8e-9862-476e-a38d-2e94458ecfcc,WEIGHT,,,"[""sms"", ""push""]",True,6bd70e8e-9862-476e-a38d-2e94458ecfcc,,2025-05-24T05:45:36.185986,2025-09-15T23:51:36.185991
bfb9f414-ba72-4a53-ab0a-8e5d0ebdc7fa,0ca37008-13a8-42ec-b962-5467466cda00,HR,48.0,120.0,"[""push"", ""sms""]",True,espinozataylor@example.com,5df63152-b94c-4adc-a339-79e749491cbe,2025-08-23T16:55:36.186009,2025-09-02T17:55:36.186013
f5fe467d-b7c1-4a9e-a4be-dd020766888f,961e8b29-a0a9-4a8b-a530-0436e532b9df,HR,,120.0,"[""push""]",True,christine97@example.net,15f5eda9-37e8-4c64-a775-aa85ffefbb2d,2025-04-04T00:04:36.186031,2025-09-06T08:01:36.186036
2cf16059-2208-4a22-8b52-92bdeae77d3b,0dc702ed-6bd8-4eb8-bdd3-d3ae7a9499d4,HR,,120.0,"[""sms"", ""push""]",False,0dc702ed-6bd8-4eb8-bdd3-d3ae7a9499d4,,2025-05-01T15:40:36.186053,2025-09-02T08:23:36.186057
0a2e4208-1a30-406f-a8bf-2fc5b39ae505,c2e4ef17-9d28-44bb-90f6-8afbfec57d32,SPO2,,,"[""email"", ""sms""]",True,c2e4ef17-9d28-44bb-90f6-8afbfec57d32,,2025-04-04T12:03:36.186075,2025-09-16T14:53:36.186079
df5b73ce-e71f-4104-a23f-5f7b32e11417,94cc471a-9a82-4b24-9ecb-000a89e8ff8a,HEIGHT,46.400000000000006,93.6,"[""sms""]",False,94cc471a-9a82-4b24-9ecb-000a89e8ff8a,,2025-09-07T22:12:36.186095,2025-09-12T00:55:36.186100
afd72c53-1dfb-4120-a63b-757ac0bd4b74,93587e88-c412-49a8-8ec9-4f20d5666a01,BMI,14.8,,"[""sms"", ""push"", ""email""]",True,93587e88-c412-49a8-8ec9-4f20d5666a01,,2025-05-24T05:42:36.186117,2025-09-14T01:37:36.186121
764b04e3-4941-46e3-afbd-c1d4f9372d10,89a1775c-79e8-4c54-a52b-4cf79fa41af1,GLUCOSE,56.0,,"[""email"", ""sms""]",True,pcaldwell@example.net,78e12262-669f-4a3f-8ac1-4be5b2898fa9,2025-08-03T09:12:36.186143,2025-08-21T18:42:36.186149
14816fe1-387c-4a3e-9829-accaf4e90f67,55bc32ab-8edd-446b-9384-640579a277a1,WEIGHT,,,"[""push""]",True,hcarter@example.org,6adfcdb8-0bb6-44d3-830b-967426f7c448,2025-04-29T05:33:36.186167,2025-09-18T17:11:36.186172
a82958d2-7334-43f4-95b7-76ab49374746,de2d814f-38d1-4707-ab70-a63b66ab4e97,BMI,,30.0,"[""email""]",True,de2d814f-38d1-4707-ab70-a63b66ab4e97,,2025-05-26T20:24:36.186187,2025-08-25T14:24:36.186192
322a9629-8a1f-4f7f-a9bf-598a93a992f2,839e6fb8-6234-4741-a452-c20eec828644,SPO2,,120.0,"[""push""]",True,gregory74@example.org,9ec3661e-a664-4fdb-a6d0-4cb8cfe52e96,2025-04-11T12:48:36.186208,2025-08-31T07:07:36.186212
3727bdaa-2e1f-43a6-9d58-b2268dea1e46,94cc471a-9a82-4b24-9ecb-000a89e8ff8a,RR,9.600000000000001,24.0,"[""email"", ""push"", ""sms""]",False,philliphayden@example.net,170b51b8-7d90-4b32-a596-c6a5364a706b,2025-07-14T23:01:36.186230,2025-09-10T11:54:36.186234
801f1c7f-80a2-4a47-b0c1-ab82a9abdafe,78e453a7-6007-4463-9145-d8bf354429f3,TEMP,77.60000000000001,,"[""push"", ""email"", ""sms""]",True,graveslisa@example.com,bed2da0d-a600-46e7-8ba7-d07ea458a41d,2025-06-22T19:43:36.186254,2025-08-24T13:08:36.186259
d46c1f17-2bc8-4210-a792-3c208bbdaff0,b9b24464-ce4f-4b3c-9646-231ffd5b0580,HR,,,"[""sms"", ""email"", ""push""]",True,b9b24464-ce4f-4b3c-9646-231ffd5b0580,,2025-06-06T12:31:36.186276,2025-09-01T20:46:36.186281
9776160e-b740-4ba6-a549-2612ff435340,c818f1ec-4adc-475e-aa56-ebdd90f243c4,SPO2,,,"[""email""]",True,fernandezsusan@example.org,b2d303b0-3f76-4b41-8d43-481528a4c2f3,2025-08-01T02:10:36.186298,2025-09-15T02:55:36.186302
854643e3-7d07-4d50-8993-c80ebf052118,0439584f-e330-4e12-867e-d0e085dcea13,WEIGHT,80.0,,"[""sms""]",False,0439584f-e330-4e12-867e-d0e085dcea13,,2025-04-07T13:26:36.186319,2025-09-04T03:46:36.186323
48c8664e-7ea5-4137-97c4-93f111ba9d05,03906226-0c04-4e02-9563-a8b058490531,WEIGHT,,,"[""push"", ""email""]",True,03906226-0c04-4e02-9563-a8b058490531,,2025-04-18T13:32:36.186339,2025-08-23T16:31:36.186344
d9acb688-758a-437e-98ec-dc7ce54fecdf,8f5cf468-8f03-42a4-978a-39d9c7f8a7e0,HR,,,"[""sms"", ""push""]",False,8f5cf468-8f03-42a4-978a-39d9c7f8a7e0,,2025-08-30T04:38:36.186359,2025-09-03T02:40:36.186363
a6a2d670-245f-4c90-844b-fdf50ad8ffe9,76d9ec4c-31a8-4641-b628-7f3e4b880199,SBP,,,"[""push"", ""sms"", ""email""]",True,znolan@example.net,87dde43d-9e6d-42db-bb41-e3b923422ff3,2025-06-11T04:46:36.186380,2025-08-22T02:51:36.186385
08009ea4-87e1-4807-ab8d-0b1bf4ad4404,c94edd15-d9da-44f3-ba16-2d6544867e7e,SPO2,76.0,,"[""sms"", ""push"", ""email""]",True,ashleyramirez@example.net,6406c7e2-a13a-4036-a960-3152ae9adbc5,2025-07-22T09:40:36.186402,2025-09-18T16:58:36.186407
72c9b517-3391-4824-958e-b2265759cbd1,37c90c84-6de8-4a5f-abb0-dcff4c0425d3,WEIGHT,80.0,360.0,"[""sms""]",False,gina94@example.com,760c6bfa-5a48-4276-a765-c08c0d884296,2025-04-16T02:40:36.186424,2025-08-21T19:28:36.186429
49828647-0e6a-47e8-bc64-4810d48e8913,fc615670-56ef-4ded-8699-5731c73e5436,TEMP,77.60000000000001,119.39999999999999,"[""email""]",True,fc615670-56ef-4ded-8699-5731c73e5436,,2025-04-22T22:59:36.186444,2025-09-15T15:05:36.186449
147dd47a-ef64-4af6-82ae-0f3c53aef03d,777de796-4c9e-461f-9a14-3555917fcf9d,RR,9.600000000000001,,"[""sms"", ""email""]",True,nelsongabriela@example.com,80b943c5-d08f-414d-b4a3-aa97cf9073f8,2025-05-15T22:21:36.186467,2025-08-31T15:36:36.186472
f2295e59-7524-4e82-8b1e-a0f0c7d36c64,c2526f2d-724a-444c-a1ba-7243aa8e46ff,TEMP,77.60000000000001,119.39999999999999,"[""email""]",False,c2526f2d-724a-444c-a1ba-7243aa8e46ff,,2025-05-08T09:12:36.186487,2025-09-14T04:39:36.186492
e5101359-96b6-4798-a5a5-3cfca44a5da7,6ec449d5-389d-4f3b-9720-67bccbab121a,BMI,,30.0,"[""push"", ""sms"", ""email""]",True,isaacbrooks@example.com,0f5decc2-5430-4f6d-a698-162582ed7127,2025-06-25T07:19:36.186509,2025-09-13T19:56:36.186514
4fc88ce5-4903-46a5-ac87-58d3877af320,0b6af8ae-42f6-4c6c-8485-59ed2eee23c0,SPO2,76.0,,"[""email"", ""push"", ""sms""]",True,browndevin@example.net,ecd01056-77a6-4d42-827a-1a3cb1c65edd,2025-09-09T22:39:36.186531,2025-09-04T16:12:36.186536
b11dd8ff-ef59-4b32-8153-bbb8d6869fc9,7344e72f-b191-4f3d-886c-0c283f4b90f0,GLUCOSE,,168.0,"[""sms"", ""push""]",True,carl66@example.org,5a174ac7-19d5-4281-8505-406b6bcf12f8,2025-04-04T19:37:36.186553,2025-09-05T10:06:36.186558
4df5ad5f-ce5a-44e2-8cfe-23ef7a10e9bc,9d05d416-35fa-46ed-a2e6-aff074a18897,WEIGHT,80.0,360.0,"[""push"", ""sms"", ""email""]",False,9d05d416-35fa-46ed-a2e6-aff074a18897,,2025-03-23T15:50:36.186575,2025-09-02T13:36:36.186579
f0ac6f5b-1e83-4145-8cc3-f286929ba878,270e34d9-dcbf-4461-9a27-a76e8451635e,RR,9.600000000000001,24.0,"[""email""]",False,foleyjennifer@example.org,aa1b5570-e799-45e8-98ac-8f7ffefe36d4,2025-08-08T03:02:36.186595,2025-08-22T17:17:36.186600
cc4ce1e6-23e7-4b3d-b051-35211f50b870,cbb4460f-e451-4595-9ddf-5b360e4d2ad0,HEIGHT,,,"[""email"", ""push"", ""sms""]",False,harrisonvincent@example.com,0cc3b1e0-ae53-41c3-83ae-84acd4835455,2025-04-22T21:50:36.186617,2025-09-09T12:29:36.186622
9afc1a3b-dd53-4836-895f-ecfa4a0d80c7,c1956e52-8637-4fac-aecc-f10c1ece3b3e,BMI,14.8,30.0,"[""push""]",True,nkirby@example.org,354dae6f-54b5-458f-b205-d2969f529fc8,2025-05-13T15:56:36.186640,2025-08-21T20:41:36.186645
16c2554c-b9bd-4049-9150-bb84cdebf220,aff177a3-5218-4a92-861d-e4b80d6836ff,HEIGHT,,93.6,"[""push""]",True,isaacbrooks@example.com,0f5decc2-5430-4f6d-a698-162582ed7127,2025-05-06T06:11:36.186663,2025-08-21T20:38:36.186668
fb4a0856-b979-4d34-b602-28a667a915f8,de31ada5-4eca-403f-b880-8f8a7337b2dc,TEMP,77.60000000000001,119.39999999999999,"[""email"", ""push"", ""sms""]",True,cassandra33@example.net,1a6ee802-a7cf-4220-b8a5-d90aa53937a0,2025-03-31T21:39:36.186687,2025-09-10T15:50:36.186692
07c5fa17-852a-4561-bff0-83172825533a,864271fb-19a6-484f-a1da-661775a3c059,RR,9.600000000000001,,"[""sms"", ""push"", ""email""]",True,bryan79@example.net,89d27443-d40c-406d-b640-819a2f1f2116,2025-05-28T07:30:36.186709,2025-08-29T07:16:36.186714
31ca2f95-8e5d-4872-95c3-4bf815884804,cbb4460f-e451-4595-9ddf-5b360e4d2ad0,SBP,,,"[""push""]",True,uhubbard@example.com,d23ecbee-393a-4b73-8d15-77f2ac08fb4f,2025-04-04T02:09:36.186730,2025-09-10T08:12:36.186735
03365d3e-52f2-4584-90b2-94741782817b,b51f8f89-ad13-4e0b-849d-b691b140d3ec,RR,,,"[""email"", ""push""]",False,b51f8f89-ad13-4e0b-849d-b691b140d3ec,,2025-05-17T23:32:36.186752,2025-09-02T21:32:36.186756
0bbe97f7-d2cd-45c9-a0b7-18927828cab3,571383f4-5040-4495-932e-18f477828909,BMI,,30.0,"[""email"", ""push""]",True,zfernandez@example.net,413e6855-c2d3-4967-90b2-426580d3dde0,2025-07-23T16:08:36.186774,2025-08-30T17:49:36.186778
40c1b81a-a157-4e76-8b78-90e927c4f11a,0f75b9d3-c5ca-44db-8eba-0a4075c2a5c0,DBP,,108.0,"[""push""]",True,henrybarnett@example.org,e4e97deb-44bc-4001-af88-bf55cc9edf10,2025-06-29T13:46:36.186795,2025-08-30T16:10:36.186799
9f78e897-225b-4571-b34c-b020223ef06d,2a037eba-7066-4be6-bef3-26209a9efb8b,GLUCOSE,,168.0,"[""push""]",True,hannah26@example.org,c18d7c70-277f-4048-a6fa-67c8ac86015f,2025-04-27T18:25:36.186817,2025-08-30T16:08:36.186821
6c9bb53c-59b6-490f-9e3c-b6a7d32b0f2a,875b2f67-2a83-4a8e-be67-5b9f29df21e8,WEIGHT,,,"[""push""]",False,dmcgee@example.net,720cd0ee-016b-4433-ba3a-56f43a71f384,2025-06-02T06:26:36.186837,2025-08-26T10:20:36.186842
3886c203-d99d-4254-be56-4956ec534586,22be4486-af15-4bb9-9c6e-3e123844454c,SPO2,76.0,,"[""email"", ""sms"", ""push""]",False,erivers@example.com,39494237-d076-438a-8356-1590840bc549,2025-03-31T04:13:36.186860,2025-08-25T14:58:36.186864
2713ee4a-83b0-4a26-b64d-f73c7f453ccc,da51202a-6de8-45fd-97cd-9aee34b644e0,WEIGHT,,360.0,"[""email"", ""push""]",False,kparrish@example.com,08e5be9d-44ea-42b6-8346-ad9902de0a49,2025-06-30T21:13:36.186883,2025-09-18T15:56:36.186887
85721745-de54-47b5-86e6-54313926d4d8,a77560fb-ca7a-424d-89f1-3114a5248522,DBP,,,"[""email"", ""push"", ""sms""]",False,melanie49@example.org,93e8d8aa-73b7-4d1a-a1b2-a912fc2d8445,2025-08-06T11:40:36.186907,2025-08-29T16:57:36.186911
0e1305b0-8058-4a3f-9761-a2a8eb99cc63,0f8fb356-d752-40ab-8a66-f42bf47c9694,DBP,48.0,108.0,"[""push"", ""sms"", ""email""]",True,0f8fb356-d752-40ab-8a66-f42bf47c9694,,2025-07-21T06:00:36.186928,2025-08-29T15:39:36.186933
3f134baf-81d8-47d8-a5f5-0f478047efc2,436dc078-7238-4250-ba1e-9a19c3221b3f,SBP,72.0,168.0,"[""sms"", ""push"", ""email""]",False,436dc078-7238-4250-ba1e-9a19c3221b3f,,2025-05-24T01:04:36.186951,2025-09-01T13:35:36.186955
5be1ffe1-7ff5-42ec-89eb-38d7db095125,1740bd44-c7ce-4161-8247-ebd005744306,HEIGHT,46.400000000000006,,"[""push"", ""email"", ""sms""]",False,1740bd44-c7ce-4161-8247-ebd005744306,,2025-08-03T02:26:36.186974,2025-09-01T01:52:36.186979
2781ff75-d63b-40cb-ba10-8e32704811b5,5042d50e-692d-406c-a343-9ae66ea9e13d,SPO2,,,"[""push"", ""email"", ""sms""]",False,janetmoore@example.net,f95ced1e-ad95-4d86-950b-8d144b3acd32,2025-04-02T20:18:36.186997,2025-08-27T04:39:36.187002
b2e4f739-dece-474f-a433-22b1289a29a6,a85cfd31-0b55-400f-93b7-75120138d5ba,DBP,48.0,,"[""push"", ""sms"", ""email""]",False,a85cfd31-0b55-400f-93b7-75120138d5ba,,2025-06-03T23:25:36.187019,2025-09-10T18:52:36.187023
fbf15f6f-7b6f-4fbb-8edf-9cad8a16303f,95a0bf52-b98d-4f33-960b-9dac11e713c7,HR,48.0,,"[""push""]",False,gillmary@example.com,6f083d72-12d7-41d8-a1d7-14ce51f83d04,2025-08-18T09:22:36.187039,2025-08-28T10:20:36.187043
90c64f60-5d04-4f7c-8751-6c9a2f9edd79,d996c6dd-f2c9-4168-a800-25d98179efac,BMI,14.8,,"[""sms"", ""push"", ""email""]",False,d996c6dd-f2c9-4168-a800-25d98179efac,,2025-08-25T09:47:36.187060,2025-08-30T10:07:36.187064
724a434e-1294-453e-8a19-66d1b7e56435,4ed11be8-53da-4aa4-89e5-cf26d016ea35,SPO2,,,"[""sms"", ""email""]",True,4ed11be8-53da-4aa4-89e5-cf26d016ea35,,2025-06-21T04:37:36.187080,2025-08-19T19:03:36.187084
8ab0dc06-b1aa-4a1e-a6c4-db4420928d6c,52ee8e14-d01f-4b96-bfbe-02d0f0141f7c,WEIGHT,80.0,,"[""email""]",True,kathyfowler@example.com,ed600c1c-0297-4aea-9ac5-5bc66b45e75e,2025-05-17T23:49:36.187101,2025-08-25T16:28:36.187105
bbae293e-a5ef-46d1-92ce-9cf6201b8d6e,5678dcdf-3e31-4215-97cd-0f2df8706d4b,BMI,14.8,30.0,"[""push""]",False,petersrussell@example.org,ba402224-217c-41f1-bc9d-75f6acfad6ed,2025-06-20T14:11:36.187123,2025-08-20T02:26:36.187128
423bd30f-b0ce-4de0-8105-011a375010c3,973a4f65-30ea-41c5-b27b-2b2e86b17a9d,DBP,,,"[""sms""]",True,973a4f65-30ea-41c5-b27b-2b2e86b17a9d,,2025-06-30T19:42:36.187143,2025-09-04T09:08:36.187148
e53e5444-9cf2-4eaf-baad-c1672872f5f8,e0656080-332d-4f03-bdd1-6353b5da6cf8,DBP,48.0,108.0,"[""push"", ""email""]",False,e0656080-332d-4f03-bdd1-6353b5da6cf8,,2025-04-04T03:42:36.187164,2025-08-26T19:59:36.187168
2fd326d8-790a-42b0-8c6f-68bed055b3b6,1f9cce66-db19-4da4-9562-a0e951ca9b8c,DBP,,108.0,"[""sms""]",True,1f9cce66-db19-4da4-9562-a0e951ca9b8c,,2025-07-26T16:50:36.187184,2025-09-02T23:14:36.187188
d9f6a3fa-5d0d-451b-b6a8-27a6ea904294,56a026f3-c9b2-40be-acec-0fde747eb380,HR,48.0,,"[""email""]",True,56a026f3-c9b2-40be-acec-0fde747eb380,,2025-03-29T03:55:36.187204,2025-09-06T06:11:36.187208
fda029a5-9b53-4906-be84-0056302adc1f,bdd919f4-a355-4858-b37e-03be643b274c,GLUCOSE,,,"[""push""]",False,bdd919f4-a355-4858-b37e-03be643b274c,,2025-04-11T08:40:36.187223,2025-08-26T09:26:36.187228
a7107c64-9a8b-4808-bd63-46c933a627e1,2814bfc5-7016-4244-aa8e-fc5c70054bc8,RR,9.600000000000001,,"[""push"", ""email"", ""sms""]",False,kristen78@example.org,781ebbe3-0ba9-4147-9a4d-0b8e0d58d760,2025-06-19T13:51:36.187246,2025-09-15T03:29:36.187251
0a260dbd-ed60-446a-a8a9-1cf71122a549,619ef1cd-9b62-4a03-a449-f739b18731c1,SPO2,76.0,120.0,"[""sms"", ""email""]",True,swright@example.net,dd23461e-6686-4d5d-8d11-6656b67351f4,2025-03-29T03:00:36.187269,2025-08-28T19:50:36.187273
c8e4c0e4-9d66-4410-9cba-00b445a10da4,961e8b29-a0a9-4a8b-a530-0436e532b9df,BMI,14.8,,"[""sms"", ""push"", ""email""]",True,vaguirre@example.net,4ea475fa-0131-4b31-bc2e-96198cde6b4e,2025-04-21T22:13:36.187293,2025-08-31T10:18:36.187297
42dd0dcd-bcf2-4248-ac5a-00b0dda19e30,00203f32-8e9b-418f-934c-0757bdd7015a,GLUCOSE,,168.0,"[""sms"", ""push"", ""email""]",True,00203f32-8e9b-418f-934c-0757bdd7015a,,2025-08-08T09:59:36.187313,2025-09-19T02:26:36.187318
ff2bd422-bd39-497d-bce1-d8cd2ce366ab,5148d8b7-4c3a-4ee0-9a68-bddf11380145,HEIGHT,,93.6,"[""email""]",True,5148d8b7-4c3a-4ee0-9a68-bddf11380145,,2025-08-14T06:49:36.187335,2025-08-26T08:29:36.187340
a704e479-71c9-4cb5-99f7-2b8dd2a1fb09,4a7bbd7a-6127-46fd-854b-a6ba99fdf4bb,SBP,72.0,168.0,"[""sms""]",True,jason06@example.org,dd9c02c8-2c10-40d2-8e55-cc76a0ca591f,2025-07-09T22:23:36.187356,2025-09-10T17:53:36.187360
d3781417-4c37-4d89-a337-fb42192bcd17,a7944fc6-e26b-4041-a3bf-06ca7e1f725a,SPO2,76.0,,"[""email"", ""push""]",False,lovechristina@example.org,992de8ef-99f4-49eb-9b85-50e6d8680bd8,2025-04-12T21:09:36.187377,2025-09-02T05:34:36.187381
fc14137a-d03f-422e-a847-b20e2f1cb4ad,d1dc563d-2e91-4834-9980-55098d8f5b0d,SPO2,76.0,,"[""push""]",True,d1dc563d-2e91-4834-9980-55098d8f5b0d,,2025-09-06T15:39:36.187400,2025-09-16T05:02:36.187404
d0808673-c73b-4a73-872b-26e8fbf10c58,feaffadc-df28-44df-99f4-a211f2c78ce1,DBP,48.0,108.0,"[""push""]",False,billyjohns@example.net,d480fb5c-7740-4444-9505-64b6eb59202b,2025-09-04T15:39:36.187421,2025-08-31T09:02:36.187425
3e730e04-83cc-49b8-ad34-e2f1bc607d70,a897bbfe-fc85-499c-8e66-9860398f6cad,SPO2,,120.0,"[""sms""]",True,nealdavid@example.com,2ef4c2fa-3020-45be-8fee-2340bfa90251,2025-04-14T05:42:36.187442,2025-08-21T18:09:36.187446
c8fa0b1c-87f4-441e-8146-bfc4a697768e,74f9f65b-650f-4a32-9877-22fd9d24f0ae,SBP,,,"[""push"", ""sms"", ""email""]",True,afitzpatrick@example.org,b8285cbd-846c-4eb2-b4be-d6f5f75ad51a,2025-05-10T09:27:36.187465,2025-09-14T00:17:36.187470
86de1217-69ab-42ac-964a-5bce9599583d,d7862b7c-a46b-4da5-bb51-568bb283eb0c,SPO2,,120.0,"[""push"", ""email"", ""sms""]",False,d7862b7c-a46b-4da5-bb51-568bb283eb0c,,2025-07-31T01:50:36.187486,2025-09-13T14:22:36.187490
a8fe01af-abde-4a92-a56f-1ab233f33f84,4c50e546-c2a0-4a11-9249-b35e3b5bbbe1,RR,9.600000000000001,24.0,"[""email"", ""push""]",False,4c50e546-c2a0-4a11-9249-b35e3b5bbbe1,,2025-04-08T07:13:36.187506,2025-08-24T13:52:36.187511
858000c5-a666-4aed-b4d3-4341a7699fe6,08259cc2-9d25-42cc-aa47-7356413acde3,HEIGHT,46.400000000000006,93.6,"[""push"", ""sms"", ""email""]",True,raymond29@example.org,6dfedd13-79ac-4b02-aa6e-9dfbc4f1c93c,2025-08-15T04:51:36.187529,2025-08-26T12:17:36.187534
0a1a7ed4-993d-48c3-b6ad-b10eab56ddff,e2eb012e-ed49-4b93-b2c2-ee88e5a6218a,SBP,,,"[""email"", ""push"", ""sms""]",True,e2eb012e-ed49-4b93-b2c2-ee88e5a6218a,,2025-03-26T06:07:36.187552,2025-09-16T06:15:36.187557
401be6c3-7e5a-463a-a7e2-43d8ec81ad87,9bf2f7f8-d290-44f2-90b9-a0aa7b4f2181,DBP,,,"[""push"", ""sms"", ""email""]",False,cody90@example.org,f1fbd950-dba3-4547-bc85-de940a95271d,2025-04-13T08:37:36.187574,2025-08-26T20:20:36.187578
88614a05-913a-4f7b-984c-6e3c5eb8ae42,d32c72c6-39bb-4952-aad6-5ac73399ca49,RR,,24.0,"[""sms"", ""email""]",False,ryantraci@example.org,4a879dcf-2f10-4db0-98d7-aef1e4ac99f4,2025-03-29T10:54:36.187595,2025-08-31T01:03:36.187600
f30a30b2-2698-4c41-9eb4-64d966819ebd,7fd8be21-0b95-4043-bd65-23e39ef5cfdb,WEIGHT,80.0,,"[""sms"", ""email""]",False,nicole01@example.org,901ffa29-975a-4d6f-b858-8dcd63cc68aa,2025-06-30T06:09:36.187618,2025-08-26T20:35:36.187623
57f08bd1-7451-4bde-b672-74905f53b330,0204102e-d0e4-44e2-889f-92f1e5d927c8,SBP,,,"[""sms""]",False,james60@example.org,4e832134-08bf-4a30-804f-af513ab28ea7,2025-06-15T04:42:36.187640,2025-08-28T05:36:36.187645
19217539-9c68-406a-a047-163c56d4e930,e0f927c0-4403-47fb-a8c3-d8e5c86f7d13,WEIGHT,80.0,,"[""sms"", ""email""]",False,ronaldhodges@example.org,16fd32c4-fc1c-4731-8549-b43e1ea99cf8,2025-09-18T03:54:36.187662,2025-08-25T07:43:36.187666
4eb8e8ca-9471-40ef-8e6c-2508a1c14705,38d9f3a3-d53b-438e-87c9-d20cdc11364e,HEIGHT,,,"[""sms"", ""email""]",False,jenniferdillon@example.net,cbb912d6-e9ef-4f15-a41a-3b1011fdb178,2025-08-08T16:39:36.187684,2025-09-16T19:57:36.187688
4510d21f-e9cf-4119-a82a-d11dab5e7d4c,1f767f5a-3ea5-422c-89dd-617af71cfb3a,SPO2,,120.0,"[""sms"", ""push"", ""email""]",False,1f767f5a-3ea5-422c-89dd-617af71cfb3a,,2025-06-06T07:02:36.187710,2025-08-20T12:37:36.187715
c53e9ffe-0d8a-4856-88a4-c59eb333cb43,ac868fd3-1637-4e2e-88da-7f1ebae383e0,SPO2,76.0,,"[""sms"", ""email"", ""push""]",True,lwilliams@example.com,8e6e0938-dfe6-4d6e-a95b-6739adb1d0dc,2025-07-23T22:03:36.187734,2025-09-18T20:00:36.187738
f3951282-2cf6-438f-bc3c-1f40692915a8,5148d8b7-4c3a-4ee0-9a68-bddf11380145,HEIGHT,46.400000000000006,,"[""push"", ""email""]",True,troy19@example.net,6acc7b2c-1281-4d76-b290-8b1af6df3860,2025-08-09T15:12:36.187757,2025-09-09T09:06:36.187761
9a787fc9-a048-4bb2-8c3c-8c7556ef1b11,00276a74-faab-4a73-b744-b8b1d443b8e4,RR,9.600000000000001,24.0,"[""email"", ""sms""]",False,00276a74-faab-4a73-b744-b8b1d443b8e4,,2025-09-07T22:57:36.187779,2025-09-07T03:19:36.187784
d0f983e5-9218-41e9-a469-2a203233b7d3,eb08489a-2b93-44f9-9e25-9c8e72933eab,TEMP,,,"[""email""]",False,eb08489a-2b93-44f9-9e25-9c8e72933eab,,2025-05-23T07:12:36.187800,2025-09-10T10:00:36.187804
a8123fa9-a844-4e14-92ef-fbcbae83f918,3a85c854-2d86-4b51-8f35-43046279bd15,BMI,,,"[""sms"", ""email"", ""push""]",False,3a85c854-2d86-4b51-8f35-43046279bd15,,2025-05-15T10:53:36.187821,2025-08-30T05:28:36.187825
43d97e84-bbd9-4b5d-b45b-4ce860b02f9a,948058ce-e1b2-4102-b82d-97e237a068d9,BMI,14.8,,"[""sms"", ""email""]",True,david33@example.net,95f56679-b542-4e0a-99f2-14ec5679b886,2025-05-02T22:59:36.187842,2025-09-09T16:12:36.187846
4b790794-ab02-4aae-aa28-54584f0c3c96,024b8cae-0d0a-4a40-bfb0-292ba00da303,DBP,,108.0,"[""sms""]",False,024b8cae-0d0a-4a40-bfb0-292ba00da303,,2025-08-07T00:51:36.187862,2025-09-16T15:09:36.187867
146cdd51-2537-4d88-9f21-f7d1f3608eeb,37357c39-278c-45e0-8f27-cbede9a0c7f9,HEIGHT,46.400000000000006,,"[""email""]",False,37357c39-278c-45e0-8f27-cbede9a0c7f9,,2025-04-25T09:16:36.187882,2025-08-25T10:20:36.187887
c056ac4e-b46c-41ef-bb1e-b7a07bb6712f,cdc89887-bed6-4f26-b855-8728c9007ce9,HEIGHT,46.400000000000006,93.6,"[""sms"", ""push""]",False,cdc89887-bed6-4f26-b855-8728c9007ce9,,2025-04-24T19:28:36.187903,2025-08-21T21:14:36.187908
6eb84b37-4248-4a99-bab2-7d5c0fa8000f,24b19896-ddb5-48cd-9345-c284bade0435,DBP,,,"[""sms"", ""push"", ""email""]",True,susan40@example.net,78c02980-c326-48fd-a18c-19779d83f537,2025-07-08T20:31:36.187926,2025-09-13T21:16:36.187931
7d2b8b1f-6c34-4f2b-9eec-52e3cb473544,6bd70e8e-9862-476e-a38d-2e94458ecfcc,GLUCOSE,,168.0,"[""email""]",True,6bd70e8e-9862-476e-a38d-2e94458ecfcc,,2025-05-06T04:25:36.187946,2025-08-26T05:40:36.187950
464175ab-367e-43e2-9e0c-1b947fb51c31,ee20db7c-e0d5-42f5-98fe-ec7a5899e8b4,GLUCOSE,56.0,168.0,"[""sms""]",False,ee20db7c-e0d5-42f5-98fe-ec7a5899e8b4,,2025-09-15T01:38:36.187968,2025-08-23T01:04:36.187973
e9e88d10-291c-49d0-9a44-d8d9a8e67d54,024b8cae-0d0a-4a40-bfb0-292ba00da303,RR,9.600000000000001,,"[""sms"", ""push"", ""email""]",True,keithdavis@example.com,0dce65bf-5ffd-4474-844c-396041462d8f,2025-09-06T10:51:36.187992,2025-08-22T10:24:36.187996
c4164a35-8c3f-4ca9-a55e-6193170e579b,cd89441e-09cf-4bb6-a4f8-300421dfda71,HEIGHT,46.400000000000006,,"[""sms"", ""email"", ""push""]",True,reynoldssharon@example.net,6ba0af3a-2a06-4ae6-9e70-0eb5a945a7ef,2025-09-01T20:09:36.188014,2025-09-14T03:43:36.188018
239afdc2-aaa1-41c4-b4ae-0db13d97d724,8440224b-da11-4a9f-8ba3-9450c2fa8438,BMI,14.8,,"[""push"", ""sms"", ""email""]",False,rwhite@example.org,84768eaa-6402-4e2b-b093-4e79a1424e0d,2025-06-05T05:49:36.188036,2025-09-15T09:39:36.188041
f95d3975-1288-4333-beae-9ada4dbf218a,d5fb9233-39e5-4219-9239-691fd24443ad,WEIGHT,,360.0,"[""sms"", ""email"", ""push""]",False,d5fb9233-39e5-4219-9239-691fd24443ad,,2025-08-04T20:32:36.188057,2025-08-24T13:20:36.188061
015323cd-d3e8-4918-9929-f4c744a1bdc7,7615add7-7447-4602-9d2d-4d11bd130ae6,SBP,,,"[""push"", ""email"", ""sms""]",True,billydavis@example.net,0569de7a-3c34-4dff-8042-74fb7df1ecc4,2025-06-16T09:45:36.188079,2025-09-19T04:52:36.188083
8ffc1a47-a003-418f-a1f1-537a615db2a0,407fcd2b-a86d-4340-a7a4-c292771b2130,HEIGHT,,,"[""sms"", ""email""]",True,407fcd2b-a86d-4340-a7a4-c292771b2130,,2025-04-09T21:31:36.188099,2025-09-13T22:24:36.188103
0609d8f2-f586-452d-887c-ee29cf0be815,5dabff35-807e-4503-b125-4685c0ad8865,SPO2,76.0,120.0,"[""sms"", ""email"", ""push""]",False,zmartinez@example.org,6ce35c67-35a5-41a6-a2cf-95864eb7bdb4,2025-04-03T05:05:36.188121,2025-09-05T06:54:36.188126
7949cded-4352-490f-9935-d9f9b02ce720,8d76678e-eeee-4250-b7e2-c3c77bd8bad7,HR,48.0,120.0,"[""email"", ""sms"", ""push""]",False,8d76678e-eeee-4250-b7e2-c3c77bd8bad7,,2025-08-14T16:39:36.188142,2025-09-05T02:45:36.188147
3cb04e98-a509-415f-8bec-e02631e898a7,d005ab04-7080-4482-880f-391c4a351436,SBP,,,"[""email"", ""push""]",True,d005ab04-7080-4482-880f-391c4a351436,,2025-05-23T02:07:36.188162,2025-08-20T05:50:36.188216
ffe1bf86-de3c-4e2c-ac00-62ea1719eabe,17f11598-6d83-41f3-bc3c-4b4270139df6,SPO2,76.0,,"[""sms"", ""email""]",False,chaselisa@example.org,8dc2fdb5-b126-441b-8d11-8705862dcf2a,2025-09-09T15:03:36.188236,2025-08-24T01:13:36.188240
554ee505-044a-42b2-9586-7210adaf3ac0,a8048d0a-2358-43db-8049-3f1a2add9bb5,GLUCOSE,,168.0,"[""sms""]",True,a8048d0a-2358-43db-8049-3f1a2add9bb5,,2025-08-16T23:54:36.188258,2025-09-14T23:31:36.188263
871e1da1-ca68-4d06-8cb8-eae0902bc13d,274518a4-55ad-4101-aed9-834fb8bddfed,SPO2,76.0,,"[""push""]",True,274518a4-55ad-4101-aed9-834fb8bddfed,,2025-05-07T03:11:36.188278,2025-09-04T01:19:36.188282
3ef3fec0-c2b2-4df5-a361-ecb1a50563c0,41268cbb-7d4e-409b-86c8-5deadaad3b6e,DBP,48.0,,"[""sms""]",False,41268cbb-7d4e-409b-86c8-5deadaad3b6e,,2025-09-13T07:24:36.188298,2025-08-31T05:19:36.188302
f1ed811f-d3dd-4b97-9ba4-08b928a200f7,b9b29dd1-e53a-439b-bbf3-a74bdb427a35,SBP,,,"[""sms"", ""push"", ""email""]",True,smithjohn@example.org,7a8ca729-2ef9-4ed6-b8c1-d69a72cd18b3,2025-09-13T04:15:36.188322,2025-09-06T02:56:36.188326
95d06a5d-29db-4249-8802-fb67c25ccb24,0574eb2c-6c6b-4feb-9bf0-6918740d8adc,DBP,48.0,108.0,"[""email""]",False,0574eb2c-6c6b-4feb-9bf0-6918740d8adc,,2025-07-31T13:14:36.188342,2025-09-19T05:49:36.188347
c8926c82-6aa7-4698-a3b8-5124913a5166,48b246c1-b0fc-4015-8d92-53f88e2ae50d,RR,9.600000000000001,24.0,"[""sms"", ""email"", ""push""]",False,48b246c1-b0fc-4015-8d92-53f88e2ae50d,,2025-04-15T03:35:36.188363,2025-09-09T15:52:36.188367
f78e05b7-bb94-46a1-b8f8-4502fac5b987,b2406873-5632-46d7-8294-da4491841740,TEMP,,,"[""sms""]",False,b2406873-5632-46d7-8294-da4491841740,,2025-07-21T21:12:36.188383,2025-09-03T08:41:36.188387
de8eec91-e164-494d-b847-9101631dec96,ea61d5c5-a19b-4709-a652-a2fd6e73efc7,WEIGHT,,360.0,"[""push"", ""email"", ""sms""]",False,julia17@example.org,14c1f18e-37a7-40aa-b445-355bf5384fe1,2025-09-17T13:41:36.188405,2025-09-03T00:23:36.188410
5b0ecab3-7955-4919-80ef-54cd818adc6e,bd835801-8731-462e-8df1-142f7ac239b5,SBP,72.0,168.0,"[""push""]",True,bd835801-8731-462e-8df1-142f7ac239b5,,2025-06-18T13:27:36.188425,2025-09-12T11:18:36.188429
64c26ba4-008a-4151-99f0-3625f5a76c27,e868e950-2945-4189-a7b5-60a4fd3e4500,SPO2,,,"[""push"", ""email""]",False,ncummings@example.net,0fd428ef-004a-46b8-bd3a-b6519ea6c9dc,2025-08-29T12:10:36.188447,2025-08-20T04:53:36.188451
861ca85c-9d4d-4a9d-a31f-3b224c7c3ab0,3f35297d-45a0-4694-95ab-5a1eec0f3b86,SBP,,168.0,"[""email""]",False,gblair@example.com,e118e33a-1d7c-4bfc-887b-ba0834f30144,2025-07-13T02:54:36.188468,2025-09-05T07:12:36.188473
585bea0c-3c19-4e04-9665-11f4b47de9b5,322853ea-6bcd-421f-944f-b53fec97ebec,HEIGHT,46.400000000000006,93.6,"[""sms""]",True,322853ea-6bcd-421f-944f-b53fec97ebec,,2025-05-25T17:16:36.188488,2025-09-10T11:45:36.188492
34345801-3189-42b1-b290-923d4b224f9e,d6aed232-1b64-4284-a4bf-0e239c0f5fdc,HEIGHT,,93.6,"[""sms"", ""email""]",False,d6aed232-1b64-4284-a4bf-0e239c0f5fdc,,2025-03-27T14:38:36.188508,2025-08-31T21:26:36.188512
350f2dd8-5c32-477d-ac51-07b8f9345426,10bf0748-fd1e-4d01-acb7-49426d1f7014,GLUCOSE,56.0,,"[""push"", ""sms"", ""email""]",False,jenniferrice@example.com,246f526a-750e-4508-9302-6f0c6b2e29e0,2025-03-30T09:09:36.188531,2025-08-31T22:41:36.188535
d9f6e0cf-8e98-441e-a0ef-24f1510f2a06,0621b438-c169-4d57-9a93-36152b4c1d4a,HEIGHT,,,"[""sms"", ""push""]",False,0621b438-c169-4d57-9a93-36152b4c1d4a,,2025-04-14T21:27:36.188551,2025-08-28T17:14:36.188555
3fcec8a3-08fe-4367-8d59-007753265508,0c72e95b-1a68-4317-bd9c-cb3829f9a371,TEMP,,119.39999999999999,"[""push"", ""email""]",True,tracywilkins@example.net,4cf46812-3e41-4858-823b-ca0917c430a2,2025-08-25T18:00:36.188573,2025-08-31T07:31:36.188578
51678d27-7e5a-4e37-96c4-844a104a7bf0,514bb647-7fe8-4f4c-97d0-62a90d8163f4,SBP,72.0,,"[""sms""]",True,bradydavid@example.com,e2ca2189-761c-4fe2-a873-5467819e8f57,2025-08-25T21:41:36.188595,2025-09-06T14:14:36.188599
4503b71e-36fd-4f47-986e-d81978a6292a,0143c4a6-be0b-44e8-9390-6540bc9272e5,GLUCOSE,,168.0,"[""push"", ""email"", ""sms""]",False,renee99@example.com,455b35ed-bfc5-47d7-8f06-343f3e3d3a82,2025-08-14T11:47:36.188617,2025-08-27T18:54:36.188621
86fe3a8a-4dcd-49aa-8f78-855ef1765891,cd317fcb-598d-49eb-b91c-64cb31eacd93,SPO2,76.0,120.0,"[""email"", ""push""]",False,jenniferrice@example.com,246f526a-750e-4508-9302-6f0c6b2e29e0,2025-04-26T05:14:36.188638,2025-09-09T10:24:36.188644
6dee2aa3-0571-40e0-b53c-593483d62780,3c563886-eb1d-462b-bf12-ea8ce53fdaf7,HR,48.0,120.0,"[""email"", ""push""]",True,pricejoshua@example.com,0a9b2106-4c35-48b2-aaed-5f049344227e,2025-08-09T16:43:36.188663,2025-08-21T12:33:36.188667
7c844ba4-c8e3-454d-bcd1-31350fd98187,fd584f55-3c35-45f3-be1e-f7d3b7f9cb74,RR,9.600000000000001,,"[""push"", ""sms""]",False,wrightdrew@example.org,fa51f3d0-44ac-4a82-9cb2-abc3ab68f135,2025-08-26T12:57:36.188686,2025-09-12T22:41:36.188690
ac528a9f-bbce-416e-b6de-7b445bcb95ec,d27bc237-e257-49da-9a5c-835ee9db8c40,HR,48.0,,"[""push""]",True,d27bc237-e257-49da-9a5c-835ee9db8c40,,2025-03-23T11:18:36.188706,2025-08-26T20:19:36.188710
c28bc5d9-4dac-4809-aa82-f4e0ea71e9bc,4a7bbd7a-6127-46fd-854b-a6ba99fdf4bb,BMI,14.8,,"[""email""]",True,christensenkendra@example.org,b4935c4b-c3f9-4164-b2f8-425f1a7d4452,2025-03-23T03:49:36.188728,2025-08-31T04:25:36.188732
08dcc627-5fde-4d79-bcb2-857b05df81b3,bbcb3dc0-8380-4c08-9a82-60e1cb61cf30,SBP,,,"[""push"", ""sms"", ""email""]",True,katherinemccarty@example.com,ce104e6d-99ce-4521-8697-b2ef16d314ea,2025-09-05T09:06:36.188749,2025-09-02T22:50:36.188754
70c2187b-6c4c-4677-8a85-ceb1b9a532a4,c1956e52-8637-4fac-aecc-f10c1ece3b3e,RR,9.600000000000001,24.0,"[""push""]",True,c1956e52-8637-4fac-aecc-f10c1ece3b3e,,2025-04-01T00:58:36.188770,2025-09-06T18:40:36.188774
9c3b9838-0fce-4a59-9e1b-eeac8e183c2b,b56a4cdf-7980-4b46-8ea4-60b34411e466,GLUCOSE,,168.0,"[""sms""]",True,b56a4cdf-7980-4b46-8ea4-60b34411e466,,2025-08-25T17:28:36.188789,2025-09-15T22:15:36.188794
8c1b7a96-740b-41ea-b68c-e1b4bc7e0570,961bcea4-71c8-4bdf-b00f-fdd72072d696,RR,9.600000000000001,,"[""push"", ""email"", ""sms""]",False,sarawilliams@example.com,8a6348ab-a919-4613-9783-27d0a7b00fed,2025-05-02T19:38:36.188812,2025-09-05T23:42:36.188816
1fb159cf-33e9-4ccc-949b-be7b79981b27,fe30bcb6-3344-4cbf-93d5-b5b672806f1e,SPO2,,120.0,"[""sms"", ""email"", ""push""]",False,fe30bcb6-3344-4cbf-93d5-b5b672806f1e,,2025-03-29T18:00:36.188833,2025-08-21T10:48:36.188838
62bf7189-d9f3-477b-b43a-922f3e2872f2,15db0124-4da9-4556-a40b-e2b510cd63ea,HR,,,"[""email"", ""push"", ""sms""]",True,15db0124-4da9-4556-a40b-e2b510cd63ea,,2025-08-10T23:58:36.188854,2025-08-24T12:59:36.188858
9f3dcc88-2f55-45ac-8e20-087e40b717e5,a398b5ed-c3c6-4128-b82c-930f7d23e347,HR,,120.0,"[""push""]",False,melissa36@example.net,bc86a696-4fe0-4861-95ea-919e1c8099e0,2025-05-21T01:58:36.188875,2025-08-28T09:34:36.188879
ff8bc39c-e8ee-43d7-9168-c6b35c311d69,526a5125-7cee-401d-b877-834a2794eac9,TEMP,77.60000000000001,,"[""email"", ""push""]",False,pparker@example.com,8f3f2752-01a5-49b1-a34f-1e0ff7d77d72,2025-05-16T18:47:36.188898,2025-09-03T22:16:36.188903
b9c600a0-0fc7-4dba-92d4-7e121c6c5a36,1f9cce66-db19-4da4-9562-a0e951ca9b8c,GLUCOSE,,,"[""email""]",False,cheryl69@example.net,bd0a9752-9c65-4e21-bcd4-ac81a1f4c030,2025-06-25T21:11:36.188919,2025-09-06T05:56:36.188924
306c688f-80fc-4c79-9dfa-bddbcbce5c14,9f968c65-62e4-43ff-aa14-f470ae3df30c,HR,,120.0,"[""email"", ""sms"", ""push""]",False,9f968c65-62e4-43ff-aa14-f470ae3df30c,,2025-08-01T18:45:36.188940,2025-09-11T22:44:36.188945
33677770-3174-460b-98ff-4fad4dd684ae,d8b85f63-fe7f-4163-bf36-a73998ec1fb9,GLUCOSE,56.0,168.0,"[""push""]",True,danielgriffin@example.net,a411e543-d194-4c12-b558-79d665914f95,2025-08-21T07:37:36.188961,2025-08-19T12:28:36.188965
ec3c41dc-1f61-4b78-8058-2323d751e48c,65ce759e-8655-4eb3-9b44-0a50f447465f,RR,,24.0,"[""email"", ""sms""]",False,65ce759e-8655-4eb3-9b44-0a50f447465f,,2025-08-30T13:52:36.188983,2025-08-30T17:01:36.188987
4577803b-23d8-4110-8e6c-3848cf407ff9,457bb703-92df-432e-a48d-9c17b9083612,BMI,,,"[""push"", ""email""]",False,kyle94@example.org,f7b77cc8-8313-4973-8642-f74a521202ea,2025-08-15T10:27:36.189004,2025-08-30T18:40:36.189008
9ad82cd3-15a8-464a-b819-9754804eed55,e94817a7-945d-4f8b-bd05-4211cd06101f,DBP,,,"[""push""]",False,e94817a7-945d-4f8b-bd05-4211cd06101f,,2025-04-28T18:57:36.189023,2025-09-14T12:18:36.189028
878ca29b-34a3-4f9a-8f9b-4ad8d83f2196,5446a119-ed12-4e35-a360-711c72d69dbe,SBP,72.0,,"[""push"", ""sms""]",True,aaroncox@example.com,12da8b2f-d258-48ac-ad09-af78d92be197,2025-06-26T20:53:36.189045,2025-09-06T01:48:36.189050
77132553-c7b6-42f4-bb19-edd7b014b6b9,f9eaf92b-d1b4-442d-8cb1-8d20826442c5,TEMP,,,"[""email""]",True,f9eaf92b-d1b4-442d-8cb1-8d20826442c5,,2025-06-02T20:43:36.189101,2025-09-12T19:08:36.189107
4c4dc8a7-5fba-46fb-a86f-d2d31fa63c4c,49380dbd-8002-420e-b011-a41c7ffe1ca9,BMI,,,"[""email""]",True,49380dbd-8002-420e-b011-a41c7ffe1ca9,,2025-05-22T02:14:36.189125,2025-08-21T07:08:36.189129
6af4d591-b85a-42ce-87e6-78a360c5c9b9,9816c48a-7da9-4e1b-b086-ef55efb919e3,DBP,48.0,108.0,"[""sms"", ""email"", ""push""]",True,ymorgan@example.com,af0e32f6-112d-4c5a-a0da-d1e5e825f90a,2025-04-13T23:29:36.189154,2025-09-03T05:58:36.189163
a8aea6d3-5cdc-40c2-81c9-91bbb1fc8f1a,28fe2332-58bd-4baa-9e3f-a9de6d0d576a,DBP,,,"[""email""]",False,martinramirez@example.org,b8f14f80-7863-4954-97a7-7a2611752487,2025-03-29T13:10:36.189191,2025-08-25T02:04:36.189198
b655b64a-0638-4620-a37c-5e62c1723fc3,4f484f02-708d-4a5a-900d-82045801d687,WEIGHT,,360.0,"[""email"", ""sms""]",True,pbarajas@example.com,7bba007e-aeb4-410f-9b00-868137195741,2025-08-25T23:32:36.189227,2025-08-21T13:10:36.189286
4e1e744f-797d-4212-8711-f94bae2ecfbe,5678dcdf-3e31-4215-97cd-0f2df8706d4b,RR,,,"[""push"", ""sms"", ""email""]",True,ucarlson@example.com,b6a16c45-d732-470c-afb9-b895a6ce2c5a,2025-04-20T03:32:36.189363,2025-08-19T16:21:36.189372
f15afcd9-adfb-47af-9d51-9e0aa9d35d3a,d69c9134-f64e-4843-95ba-d14c1dbe1c53,SBP,,168.0,"[""email""]",False,d69c9134-f64e-4843-95ba-d14c1dbe1c53,,2025-04-30T03:44:36.189406,2025-09-06T22:44:36.189415
19f2497b-38da-44c9-9f58-67df7d89c8f4,1eef293d-f2cc-4864-a7c9-949a86b59a15,GLUCOSE,56.0,,"[""sms""]",True,jeremyyates@example.net,f9ce7a90-e3f6-4d3a-9b7f-ff7419b3fed7,2025-06-25T01:35:36.189445,2025-08-25T22:11:36.189453
9d3bb1e0-98f7-4b34-8f4b-9460af8208a9,ddf75788-d054-45c5-8704-b907dda9dc94,GLUCOSE,,168.0,"[""sms""]",False,millsjeff@example.net,f9dd4ae6-9041-4377-bef3-ae4d8be8cc21,2025-07-21T18:49:36.189500,2025-09-14T08:04:36.189508
ee32061d-de6d-4361-8092-91bbcd5ed898,77fe6f11-6ffc-4ded-9589-79ce73c3dfd0,GLUCOSE,56.0,168.0,"[""sms""]",False,henrybarnett@example.org,e4e97deb-44bc-4001-af88-bf55cc9edf10,2025-07-14T11:35:36.189536,2025-09-16T20:22:36.189544
d7398ea7-8776-47fe-8e97-f5d734ce0a97,b92de0ce-c08f-47a7-a48d-2634e5b1a324,DBP,,,"[""sms""]",True,b92de0ce-c08f-47a7-a48d-2634e5b1a324,,2025-06-10T17:11:36.189571,2025-08-27T00:27:36.189579
bc7efd6b-fec9-4d37-9c33-a5b37ed02bfe,5977c14d-e7e1-4443-a700-5ec925a76a92,BMI,14.8,30.0,"[""push"", ""email"", ""sms""]",True,dgarcia@example.org,3e27cdd1-bf53-4733-8894-d2f689a2d948,2025-05-27T22:27:36.189610,2025-08-26T17:14:36.189618
83237ff5-0b01-4fed-a7cf-ab2829ce9192,3994b743-3644-4afa-b8f3-34096ef61acd,SBP,72.0,,"[""email""]",True,3994b743-3644-4afa-b8f3-34096ef61acd,,2025-08-07T14:34:36.189654,2025-09-11T23:46:36.189662
e0851026-2a00-494d-b058-cb7b9ce05e92,ab32b3cb-bc0d-45ea-875e-cf0441e47c3e,SPO2,76.0,120.0,"[""sms"", ""email""]",False,davisjennifer@example.org,5bc0c7d4-7c1a-4c07-a9ef-a3bc6576b43e,2025-03-23T20:20:36.189694,2025-08-26T23:18:36.189706
ac625cbb-42f6-4fb1-bee1-51ef9bf7f25f,d13f5ce2-71e0-41b8-9d18-d6128a81b566,WEIGHT,,360.0,"[""sms"", ""email""]",True,d13f5ce2-71e0-41b8-9d18-d6128a81b566,,2025-07-13T07:00:36.189735,2025-09-12T10:55:36.189743
7a5a09ad-ac54-4ff8-bad2-fab259a4ec53,3d8e613d-ff76-4ff3-b8e6-08448cae4658,BMI,14.8,30.0,"[""push""]",False,3d8e613d-ff76-4ff3-b8e6-08448cae4658,,2025-03-23T02:57:36.189769,2025-09-14T15:42:36.189776
7964ff69-9135-4c4f-a1f0-6a00ec00521f,142d1f6d-067a-4b2c-ad66-0c515f71920a,GLUCOSE,,,"[""push""]",False,mariecasey@example.com,45d7c642-48ac-495f-aae1-022c0a198a35,2025-06-06T00:09:36.189803,2025-09-18T21:37:36.189811
0f7356df-00ee-488b-87fb-d22a7a0b4c15,219d5d8a-341e-43a3-a4a9-48756400f8f4,BMI,,30.0,"[""push""]",False,219d5d8a-341e-43a3-a4a9-48756400f8f4,,2025-09-16T09:57:36.189838,2025-08-31T02:38:36.189846
7290898c-2049-4740-aa42-8cb45d7a802f,05374ffc-0780-424d-aeff-03869da87ce4,GLUCOSE,,,"[""sms""]",True,stevengreene@example.org,0d68d4d3-9c5a-4fff-b0d3-419a38a5db77,2025-08-12T01:59:36.189874,2025-08-20T21:03:36.189882
77a77426-21fc-4df4-b184-a5e7e7148df4,6b8e4e4f-d94a-4d15-a7ac-409568621f3e,GLUCOSE,56.0,,"[""push"", ""sms""]",False,6b8e4e4f-d94a-4d15-a7ac-409568621f3e,,2025-05-15T17:27:36.189911,2025-08-20T02:16:36.189919
794cd201-ad7b-458b-9efd-7a9cc3253d44,3c502e67-b81a-417d-9520-ed28d452601f,BMI,14.8,30.0,"[""email"", ""push""]",True,3c502e67-b81a-417d-9520-ed28d452601f,,2025-06-09T08:57:36.189951,2025-08-26T10:19:36.189961
6c4769f2-19c2-4edb-adc2-a34ee58bb9eb,5ed271ed-cf3e-412a-996e-67c71423c987,HR,48.0,120.0,"[""push""]",True,ggray@example.com,5d2d807d-5c23-4796-9a83-8981ceaa99b9,2025-09-03T15:40:36.189993,2025-08-29T07:46:36.190001
4f9645fc-4b67-42dc-92ee-3195fa81ac15,d1b8efbd-84b5-426e-8db1-475130ff0bd4,WEIGHT,,,"[""sms""]",True,d1b8efbd-84b5-426e-8db1-475130ff0bd4,,2025-06-08T07:17:36.190037,2025-08-25T02:14:36.190047
2deb7a3e-a3cd-4cdb-8be8-4b210561f558,5de63d21-a73b-40af-bbb3-36e923c9a63b,SBP,72.0,,"[""sms""]",False,5de63d21-a73b-40af-bbb3-36e923c9a63b,,2025-09-07T03:05:36.190077,2025-09-02T09:40:36.190085
5683b218-9fb9-481a-bb8f-1eddf5c1b9d6,634b940d-6fed-4194-a1b9-e785ea4b3c60,WEIGHT,80.0,,"[""push"", ""email"", ""sms""]",False,634b940d-6fed-4194-a1b9-e785ea4b3c60,,2025-06-08T11:10:36.190115,2025-09-13T17:38:36.190124
fc2ff63b-4337-409a-83d1-313aa825f03c,350ade62-00db-47e8-807c-bff7565a3092,SPO2,,,"[""email"", ""sms"", ""push""]",False,danielletucker@example.com,06c484d1-2621-448a-8a8e-e4c4ffb3e8af,2025-05-12T17:23:36.190158,2025-09-06T09:48:36.190168
037154b4-ab63-48f0-b097-c480f0bfe4a0,7c651d5d-63ee-479b-a3e7-205ddb2e3670,HEIGHT,,93.6,"[""email"", ""sms""]",True,teresamiller@example.org,0174b79b-e9ed-4307-8aad-aa679df1e9cf,2025-08-22T09:58:36.190201,2025-08-30T09:26:36.190212
1f47597c-5af6-40dd-9a31-4d63d27786d2,b29b101a-a5ad-4c56-bd71-14497abb2101,RR,,24.0,"[""push"", ""email"", ""sms""]",True,ltate@example.org,76d41c83-50bf-48ca-88de-ab319defb1f9,2025-08-24T16:37:36.190247,2025-09-17T20:44:36.190253
b5a69778-5b66-4e44-b09f-e82f01cb564d,92a4dd3b-1d7c-4ddd-a726-e3c8bd767458,HEIGHT,46.400000000000006,,"[""push"", ""email"", ""sms""]",True,whitejustin@example.org,6dc450d2-2aba-478b-bc9e-eac201effc44,2025-08-01T00:36:36.190280,2025-08-21T11:25:36.190286
5ef5cf91-e868-431a-80af-5aa508f9b3b0,5148d8b7-4c3a-4ee0-9a68-bddf11380145,DBP,,108.0,"[""sms""]",False,5148d8b7-4c3a-4ee0-9a68-bddf11380145,,2025-07-26T09:42:36.190307,2025-09-09T01:32:36.190313
61b1173a-8b70-48ae-9bcb-59cb0455b443,461c9c43-c7f1-4d03-9a19-3e3856406d96,DBP,48.0,108.0,"[""push""]",False,461c9c43-c7f1-4d03-9a19-3e3856406d96,,2025-07-02T13:38:36.190333,2025-08-28T05:10:36.190339
750257c3-b4f5-4890-9240-c6fa47a34004,ab3abfc4-35be-425e-adb2-a3759b3a9f19,HEIGHT,46.400000000000006,,"[""email""]",True,amanda46@example.com,29e0d55d-e532-46aa-839f-46dcfb1b4602,2025-06-12T14:42:36.190360,2025-09-14T18:17:36.190366
92aa5fe8-7c25-4baf-8697-98152e8b92d3,de2d814f-38d1-4707-ab70-a63b66ab4e97,RR,9.600000000000001,,"[""email"", ""sms"", ""push""]",True,de2d814f-38d1-4707-ab70-a63b66ab4e97,,2025-09-10T15:51:36.190389,2025-08-23T19:41:36.190395
e22681eb-bae6-4f20-bd90-d5fab59336be,fc615670-56ef-4ded-8699-5731c73e5436,BMI,14.8,30.0,"[""email"", ""push""]",False,fc615670-56ef-4ded-8699-5731c73e5436,,2025-09-14T17:27:36.190417,2025-09-06T15:21:36.190422
b5f7c791-a878-40d2-96f0-e245ca971425,0c72e95b-1a68-4317-bd9c-cb3829f9a371,HR,48.0,120.0,"[""push"", ""sms""]",False,0c72e95b-1a68-4317-bd9c-cb3829f9a371,,2025-04-25T23:46:36.190443,2025-08-29T18:50:36.190449
eabaabbf-1c3d-45c6-99ee-85ec334f7903,73d2ac84-1829-4858-8a49-6d1dfaa58c2e,TEMP,,119.39999999999999,"[""email"", ""sms""]",True,73d2ac84-1829-4858-8a49-6d1dfaa58c2e,,2025-05-02T09:17:36.190469,2025-09-10T21:38:36.190475
9f408cfe-03ed-4d21-84b0-c741d359dc26,737998f3-1c3f-4aa6-bf66-596ebbe93f28,HR,48.0,,"[""email"", ""sms""]",True,igarcia@example.net,63ce48e1-2bd9-43e8-93b2-67b07bee47d0,2025-08-06T14:26:36.190499,2025-08-19T11:10:36.190505
ce3fb63d-b292-4979-aabb-e08aaae62db5,9cb33457-c84a-4a9e-a41d-f81666920570,TEMP,77.60000000000001,,"[""push"", ""email""]",True,klewis@example.com,4a20720d-f6aa-456d-be5d-fdabcda1ce64,2025-06-06T05:59:36.190527,2025-09-18T08:01:36.190532
a3f76ec8-c42c-4608-a7ae-5005fd32a2a5,9848c0c0-cd4b-4274-8655-99ac44b27401,RR,,24.0,"[""sms""]",True,hkelley@example.org,faa4ad9f-cfec-43b7-a38a-7498689bbe9a,2025-05-17T19:47:36.190553,2025-09-08T00:33:36.190559
7f2bc99b-02f9-43ac-9297-e8a9578230af,51463b25-8dde-4feb-8cb7-ae4931d348f9,GLUCOSE,,,"[""email""]",True,yware@example.com,c4cdb055-2e9f-4244-9ef9-db87b7b0f990,2025-06-17T10:42:36.190579,2025-09-16T09:19:36.190584
e5a044f9-51fa-495e-aa09-69053a3750cc,3c502e67-b81a-417d-9520-ed28d452601f,HR,48.0,120.0,"[""sms"", ""email"", ""push""]",True,3c502e67-b81a-417d-9520-ed28d452601f,,2025-04-11T22:12:36.190605,2025-09-14T22:20:36.190611
1bc7846e-b2f4-4cfb-a44c-495c4809d8b5,15dfb1d0-8bc9-431c-8cf5-d6aa7d6e93ff,DBP,,108.0,"[""sms"", ""email"", ""push""]",True,justin16@example.com,933bec3d-047a-407c-b55a-e5cd80eb85ab,2025-04-16T06:25:36.190634,2025-09-07T03:43:36.190639
13027370-4484-4de1-aa4b-14990e0ad75f,a684dcce-35be-4f57-8a07-bad0feb6a5f4,SPO2,,120.0,"[""push""]",True,a684dcce-35be-4f57-8a07-bad0feb6a5f4,,2025-08-09T02:47:36.190660,2025-09-19T00:35:36.190666
3f198eba-abf1-47e4-9281-277e6b4a0bc0,fa54d738-aabc-4804-844a-13454887c224,WEIGHT,80.0,360.0,"[""sms"", ""email""]",False,halljeffrey@example.com,4ca564f9-3822-47a2-a55b-83c232505c25,2025-08-12T04:41:36.190687,2025-09-07T16:00:36.190694
65685653-a50d-4ce7-b5e2-3446135a496b,967ff395-921d-414a-9078-0bfc1a66c6e9,WEIGHT,,360.0,"[""push"", ""sms"", ""email""]",False,967ff395-921d-414a-9078-0bfc1a66c6e9,,2025-07-16T17:34:36.190721,2025-09-07T03:02:36.190736
1377318c-98c1-468d-ab92-ae035732aea4,65e34f8b-e096-4b8c-a2ac-e8114f0fa1b2,DBP,48.0,108.0,"[""email"", ""sms"", ""push""]",True,gardnerrichard@example.net,5cc4bedd-3b21-4db7-8a06-87650c5f8ec0,2025-04-07T00:14:36.190769,2025-08-26T08:56:36.190775
cb9df928-fbe4-402c-8c78-748574c0ce66,4e067245-993b-4599-956a-fb69948951ef,HEIGHT,,,"[""email""]",False,4e067245-993b-4599-956a-fb69948951ef,,2025-07-07T13:27:36.190795,2025-09-12T19:21:36.190801
efa8dba0-1453-44e0-9ebe-3999fa29368e,24b94ea6-10f7-4b2e-a22e-41a7c430cfae,RR,,24.0,"[""push"", ""sms""]",True,pricejoshua@example.com,0a9b2106-4c35-48b2-aaed-5f049344227e,2025-04-26T05:41:36.190821,2025-08-23T03:39:36.190827
7f7ba8d6-9071-41e5-b380-5775fbdc15e0,b4f556e3-0368-4670-b80f-6dcddf789b7a,SPO2,76.0,120.0,"[""push""]",False,b4f556e3-0368-4670-b80f-6dcddf789b7a,,2025-04-21T10:24:36.190856,2025-08-19T10:19:36.190865
ce1fbd8d-2151-4fca-9718-8fac97c52511,724a91be-38f1-4253-ae15-f73f553e3aa8,GLUCOSE,56.0,,"[""sms""]",False,fwilliams@example.org,b13eeb5d-579b-4d5e-99cd-9150dc8d9f08,2025-04-12T09:16:36.190909,2025-09-14T08:40:36.190918
419b8a9b-d374-4e2a-b0e1-88679e9818e9,fb8bd72e-1bfe-495f-a23c-f7d3298d9ec5,TEMP,77.60000000000001,,"[""push"", ""sms""]",True,cmoon@example.net,f3a93ce1-4f84-4f02-9b32-cfb1b7e9083c,2025-08-08T20:28:36.190949,2025-09-10T02:34:36.190958
31bd2a68-e3d8-4ec3-9bed-8d7dc2aa7207,69a9f5c7-b243-4842-af0c-f257d25c8205,SPO2,76.0,120.0,"[""email"", ""sms""]",False,waretabitha@example.com,676b8333-1692-4a11-9790-e104a0f2a6be,2025-06-28T10:13:36.190992,2025-09-07T05:13:36.191001
2f193153-e9b3-487d-b797-697a00f42de7,6b8e4e4f-d94a-4d15-a7ac-409568621f3e,SPO2,76.0,120.0,"[""email"", ""sms""]",True,llambert@example.org,e9a64b10-5c0c-41ff-97b5-3e7dc2f76809,2025-05-05T12:26:36.191084,2025-08-31T06:38:36.191120
75bdef87-cb93-4153-abf5-d4156af1694d,cdede127-fbc7-474d-9508-f7b141c77c4f,HEIGHT,,,"[""email""]",True,jacksonkristen@example.net,1babe1ea-5233-4ffc-bed9-d95093fd3fa7,2025-03-23T20:24:36.191227,2025-08-22T13:42:36.191258
6d183b1a-6dce-4b60-8dc5-77ced64bdc5e,ec4f602c-2962-4224-9cdf-e73abe5390f7,DBP,48.0,108.0,"[""push""]",True,wpowell@example.net,ce3cbc44-dba5-4392-a75a-c9fa2b85c24c,2025-05-14T01:55:36.191331,2025-08-26T12:01:36.191343
1dd28b9a-828f-4e60-849c-528985eee2eb,21073e26-26ed-4762-a161-8def7d868954,TEMP,,119.39999999999999,"[""email"", ""sms""]",True,patriciaowen@example.net,e45885c9-9fad-4600-80ce-343c77ca9d19,2025-03-28T18:26:36.191386,2025-08-20T14:54:36.191392
222a6b53-e8ef-4278-8d28-9ac69728c5db,13df5bb2-35e8-4869-90cf-3e414c705be7,SBP,72.0,168.0,"[""push""]",False,13df5bb2-35e8-4869-90cf-3e414c705be7,,2025-06-05T15:10:36.191415,2025-08-20T01:22:36.191421
a9144869-cfd7-4106-af38-b84409ec9630,b9b24464-ce4f-4b3c-9646-231ffd5b0580,WEIGHT,,360.0,"[""push"", ""email""]",True,b9b24464-ce4f-4b3c-9646-231ffd5b0580,,2025-07-10T06:13:36.191444,2025-09-16T11:14:36.191450
55a6ceba-97f8-41cd-a9f9-e66900f249b2,ab4cbdb5-5497-4ae4-94ab-037ad3e64fa9,TEMP,77.60000000000001,,"[""push"", ""sms""]",False,ab4cbdb5-5497-4ae4-94ab-037ad3e64fa9,,2025-08-02T18:26:36.191471,2025-08-20T17:56:36.191476
6719993e-8f62-4536-8b7d-4d1acef6ba9e,bb9c8219-d169-4bf0-a5b1-7cab00d114cc,WEIGHT,80.0,,"[""push"", ""email"", ""sms""]",True,bb9c8219-d169-4bf0-a5b1-7cab00d114cc,,2025-05-23T07:21:36.191498,2025-08-30T00:33:36.191507
fc26af56-3c59-4aca-977b-276ad3dbec2c,e5a572c4-cd9b-4b46-bc44-fa0f4e4f7858,HR,,120.0,"[""sms"", ""push"", ""email""]",True,jennifer53@example.com,b84eff67-0837-4fde-aee2-3635bac494cb,2025-04-08T00:15:36.191531,2025-09-18T04:57:36.191537
8e85430c-e6c3-4092-a649-1b207ae66c7e,f38e7ba9-c756-4636-a1e4-825754bab827,HEIGHT,46.400000000000006,93.6,"[""email"", ""sms""]",True,f38e7ba9-c756-4636-a1e4-825754bab827,,2025-08-03T14:59:36.191564,2025-08-31T12:22:36.191574
a268f564-cf28-4ff4-b5fa-576f006c525f,c4213633-c0bf-4a17-b39a-ea462e509d1e,TEMP,,,"[""sms"", ""email""]",True,carloswerner@example.net,0fc75aad-27df-4100-93e1-dcc082b66f34,2025-05-08T02:28:36.191636,2025-09-03T01:24:36.191645
2f5e75ba-718b-462d-afe3-fa9d7e63f507,d69c9134-f64e-4843-95ba-d14c1dbe1c53,WEIGHT,,,"[""email""]",False,xalvarez@example.net,d77aa4ba-48f1-4022-a35c-d68dffa455ac,2025-05-27T01:59:36.191679,2025-08-28T01:01:36.191687
9ef4bde0-856a-4e90-8b1b-6b8fcf523214,7be9f328-5a2f-4624-80c3-644ad00556a6,SBP,72.0,168.0,"[""push"", ""sms""]",False,santiagoronald@example.com,fe1e40e4-7594-4e73-8664-6899ee881d56,2025-07-08T14:25:36.191723,2025-09-05T03:51:36.191734
69b510ee-a7f0-4767-8458-ad480bea501d,cd61aa4c-3b66-4617-b220-388154e338a0,DBP,48.0,108.0,"[""push"", ""sms"", ""email""]",False,cd61aa4c-3b66-4617-b220-388154e338a0,,2025-07-19T15:05:36.191771,2025-09-10T01:23:36.191806
0f2546fd-7b4e-4677-989b-462394dea71c,9bf2f7f8-d290-44f2-90b9-a0aa7b4f2181,SPO2,,,"[""email"", ""sms""]",True,9bf2f7f8-d290-44f2-90b9-a0aa7b4f2181,,2025-08-21T19:42:36.191856,2025-09-10T20:12:36.191881
31059e91-2e33-446c-9ec4-c23952c51599,43604cf0-3140-442c-8d9e-0128afc3d4c7,GLUCOSE,56.0,,"[""push"", ""email"", ""sms""]",True,millerlindsey@example.org,c22b4026-7c02-43d9-ac3a-d1eac463301b,2025-07-10T00:38:36.191917,2025-08-25T09:31:36.191924
6230d790-fc21-4199-b975-49ed099d5aa7,86555182-f0ae-47b4-b168-af30e2f67bbb,HR,48.0,,"[""email"", ""sms""]",False,86555182-f0ae-47b4-b168-af30e2f67bbb,,2025-04-18T10:22:36.191947,2025-09-06T00:54:36.191952
2a69f4ba-d66f-4511-ac4e-81a184267184,05f6c970-0aab-4a35-879a-c1d1ff4ba97c,HEIGHT,46.400000000000006,93.6,"[""push"", ""email""]",True,qbrown@example.net,46ed4a5f-4dc0-4838-9ff9-8fc42480287e,2025-08-26T09:24:36.191989,2025-09-01T18:43:36.191996
f8dfcb89-d9a6-492a-b130-d42f18e3c481,f99434d7-6f04-43fa-9ed5-87322e07b2fa,RR,,24.0,"[""email"", ""sms""]",True,kevin18@example.com,5fc641b9-f3eb-4e6c-acdb-2cfa73ecd638,2025-09-10T16:39:36.192021,2025-08-28T21:01:36.192030
0a4e2f7e-5c1d-4367-bcee-d89d85355336,44773fdd-7572-44d5-9853-d89c0173a7a5,RR,,24.0,"[""sms"", ""push"", ""email""]",True,cynthia35@example.net,94a137f8-7c03-47da-bf78-386d4a1cf045,2025-08-25T23:03:36.192068,2025-08-29T14:55:36.192089
fde90a4d-54e4-4d41-843c-bf13bfdda525,05a180c7-c582-4b8e-bcd5-876a77b723b2,GLUCOSE,56.0,168.0,"[""email""]",True,johnsonsandra@example.net,5ea83ad3-6652-4dce-8c4c-db1f5700629f,2025-06-17T12:43:36.192126,2025-08-20T17:19:36.192133
fb02d533-3a06-4bb1-aa27-82fd3c41a489,96b9754a-8a86-4669-854e-c27b0e103a15,BMI,,,"[""push"", ""email""]",True,96b9754a-8a86-4669-854e-c27b0e103a15,,2025-04-23T03:17:36.192154,2025-09-18T10:04:36.192160
5427cf3d-a86a-4342-9bcb-25b7389a8ea2,6b3bf23c-1bc5-4d3a-abc2-9d2498c8a40e,HR,48.0,,"[""push"", ""sms""]",True,julieryan@example.org,32866027-13c2-41ee-afa3-2d1d13127b2c,2025-04-06T08:25:36.192184,2025-09-04T05:02:36.192193
51cac4c9-bafb-4bf6-8020-fc51b10cae52,34183e9d-17f1-400e-a0b5-4c94f6bd7455,HEIGHT,46.400000000000006,,"[""email"", ""push"", ""sms""]",False,marshtimothy@example.com,810d28e8-cd29-4f21-be96-7b14025b8785,2025-06-17T22:18:36.192229,2025-09-01T07:12:36.192283
e4254d9e-28fb-457a-8959-d3c11f31eaa7,65298604-36dc-4e7d-a555-1784c3638103,TEMP,,119.39999999999999,"[""email"", ""sms""]",True,rritter@example.com,e804c07a-090c-4453-a07f-26e1a6cb403c,2025-06-08T17:44:36.192377,2025-08-29T13:06:36.192387
ee0f4402-1fd7-4a00-a4bb-6f9334b2f461,5194d2c2-d527-48ed-9fa7-b49004c85adb,BMI,,,"[""push"", ""email"", ""sms""]",True,5194d2c2-d527-48ed-9fa7-b49004c85adb,,2025-09-03T12:27:36.192439,2025-09-05T20:50:36.192456
63c1b694-0481-47ba-90d2-aeb4711362de,d8b85f63-fe7f-4163-bf36-a73998ec1fb9,HEIGHT,,93.6,"[""sms"", ""email"", ""push""]",False,gking@example.org,07a862c9-97be-4c19-990a-7fca116af485,2025-07-03T17:40:36.192528,2025-09-16T04:35:36.192541
45d5f0a7-18d3-45ae-bdd5-0a266b76806d,640f18f3-304b-4b69-98a5-5911656e1ac2,SBP,72.0,,"[""email"", ""push"", ""sms""]",True,640f18f3-304b-4b69-98a5-5911656e1ac2,,2025-05-02T01:52:36.192579,2025-09-13T14:47:36.192589
f572a9d1-ea35-4cdd-856a-67f4af327b10,b4a62db9-4aad-4520-88ed-1287b84ef66a,DBP,,108.0,"[""sms""]",False,b4a62db9-4aad-4520-88ed-1287b84ef66a,,2025-07-18T19:03:36.192647,2025-09-16T00:09:36.192659
708351c4-d73a-4676-9a53-3d8662292e37,60a11f9c-5e1f-4f1a-b034-d5566ed9e1e1,HEIGHT,,93.6,"[""sms"", ""email"", ""push""]",True,beckyroberts@example.com,a08fcf75-e307-4645-ab62-d1183398cff0,2025-07-04T22:10:36.192703,2025-09-06T10:24:36.192712
bdc0c0e4-8e5f-4f98-b8f1-bf50b6075d48,f255cb0c-29dc-402f-befd-fe1d15772a2b,BMI,,30.0,"[""push""]",False,blakejackson@example.net,25838fff-fbb5-48c4-8f35-b846120e96c0,2025-08-02T04:52:36.192748,2025-08-31T11:04:36.192758
e7c48137-98cc-4fd9-bf76-ba0f379987d6,c5d7a1f2-a586-4e96-b745-1b74a49613a4,HR,48.0,,"[""sms"", ""push""]",False,c5d7a1f2-a586-4e96-b745-1b74a49613a4,,2025-04-22T12:17:36.192788,2025-09-05T08:19:36.192797
0e32be05-f100-4d73-ab28-c18d2aae3203,86555182-f0ae-47b4-b168-af30e2f67bbb,SPO2,,,"[""sms"", ""push"", ""email""]",True,dcurry@example.net,81f52c7f-ecb7-4ea9-8484-a31ea465d768,2025-08-28T20:00:36.192834,2025-08-21T19:52:36.192843
1af0bba7-e21a-4218-8cde-e1626d2786d7,6894269f-866c-488e-94d2-eb4ceba55715,SPO2,,,"[""sms"", ""email""]",True,6894269f-866c-488e-94d2-eb4ceba55715,,2025-05-08T17:33:36.192877,2025-09-19T06:50:36.192886
93d0894b-7327-4f9a-bd4a-c547ac7e840a,2b4afc49-a086-4a16-b800-97077da3c8f1,RR,9.600000000000001,,"[""push"", ""email""]",False,2b4afc49-a086-4a16-b800-97077da3c8f1,,2025-07-02T07:12:36.192960,2025-09-16T12:48:36.192975
a7b4403e-6c85-46ca-b59a-34a1308c3291,4505104b-86c6-47ab-a955-f02c4e24710a,SBP,,168.0,"[""push"", ""email"", ""sms""]",True,4505104b-86c6-47ab-a955-f02c4e24710a,,2025-09-16T12:32:36.193021,2025-09-17T06:58:36.193030
3924ced5-3012-455a-9437-41b98304c12f,875b2f67-2a83-4a8e-be67-5b9f29df21e8,RR,9.600000000000001,24.0,"[""email"", ""push"", ""sms""]",True,875b2f67-2a83-4a8e-be67-5b9f29df21e8,,2025-04-08T02:12:36.193070,2025-09-02T13:45:36.193094
3383cb24-7b5e-455f-acf6-57e18ca05041,1a36f416-d351-46b5-ba1f-c10d92c17e6e,DBP,,,"[""email"", ""sms""]",True,john90@example.net,f5313235-83f3-461b-860f-f78a3cc60301,2025-07-02T00:42:36.193158,2025-09-19T05:57:36.193171
53b81b97-1096-4d52-81ac-9c0880085676,df23d3ce-db4a-425d-b6dc-a2171c75ada0,TEMP,77.60000000000001,,"[""email""]",True,raymond39@example.com,5624a21a-3f74-4b4f-a929-55c64868efa0,2025-07-15T02:42:36.193205,2025-09-07T06:00:36.193211
f82000aa-c8cc-4b74-84a4-bb9f28e27616,c28b72c2-25a2-48e7-afbc-a8035b5ed3d5,SPO2,76.0,120.0,"[""email""]",True,kevin07@example.com,89410af1-5331-4c89-bbe5-5a1bd79e0f7d,2025-04-27T14:35:36.193233,2025-09-12T11:34:36.193238
a3d62825-c6c9-40f7-913a-11ce042c05ec,214541ea-bbf5-4a50-a569-ec9a125572ea,TEMP,77.60000000000001,,"[""push"", ""sms""]",True,214541ea-bbf5-4a50-a569-ec9a125572ea,,2025-06-22T02:09:36.193260,2025-08-19T13:35:36.193266
cb0d2943-2285-4c63-b14a-ab4bbf98c50f,e8d06a00-44de-4d35-ab07-4035d3d89e1f,DBP,,,"[""push""]",False,e8d06a00-44de-4d35-ab07-4035d3d89e1f,,2025-07-06T14:14:36.193285,2025-09-12T02:34:36.193290
92e135f2-8490-453a-90f7-d5e030c9037c,1740bd44-c7ce-4161-8247-ebd005744306,GLUCOSE,,,"[""sms"", ""push""]",False,1740bd44-c7ce-4161-8247-ebd005744306,,2025-09-13T01:43:36.193310,2025-08-23T21:44:36.193316
30814a7b-ff15-4b6f-8f8f-1bcf77d40bb2,336740a1-4a9e-4c3c-b8e2-280ec234e161,WEIGHT,,360.0,"[""push"", ""sms"", ""email""]",False,megan50@example.net,4933f163-e196-4d4d-b198-a84510a3ac4b,2025-04-09T11:22:36.193337,2025-09-05T04:24:36.193343
cda22676-7ae1-4533-80c7-96fbb14bddb1,7828044b-c4eb-4e80-8a6c-99ceb7b821eb,GLUCOSE,56.0,168.0,"[""email"", ""push""]",False,7828044b-c4eb-4e80-8a6c-99ceb7b821eb,,2025-06-16T07:12:36.193362,2025-08-28T18:43:36.193367
e91ad26d-ded4-402c-89a1-b21fd01a3eee,d6aed232-1b64-4284-a4bf-0e239c0f5fdc,RR,9.600000000000001,,"[""email"", ""push"", ""sms""]",True,christensenkendra@example.org,b4935c4b-c3f9-4164-b2f8-425f1a7d4452,2025-05-07T17:13:36.193388,2025-09-02T21:29:36.193394
c60d85dc-5633-4a25-bdd8-2020a6edf10f,f170b157-d4bb-485d-9392-947c46856723,DBP,48.0,108.0,"[""sms"", ""email"", ""push""]",True,f170b157-d4bb-485d-9392-947c46856723,,2025-06-23T03:22:36.193415,2025-08-20T19:52:36.193423
f100a770-eddf-4591-9e6d-347d246be831,a6d4b0b1-f272-4e6f-bd86-4339f4ecf491,TEMP,,119.39999999999999,"[""sms""]",True,zhorton@example.com,332f4657-84f6-43d9-ad49-70992ef7bcca,2025-06-09T17:27:36.193461,2025-09-12T20:56:36.193469
cd1d89b2-be4e-4382-a1c5-be917e03d455,0a529a0f-ab87-4cc6-9051-de6fc0f4a88b,HEIGHT,,,"[""sms"", ""push""]",True,0a529a0f-ab87-4cc6-9051-de6fc0f4a88b,,2025-07-24T11:31:36.193526,2025-09-11T09:00:36.193538
e682c9ed-62d6-41d5-ab22-4ccdf9c7ac1b,93a00776-1a90-4d4b-83dc-e2643b721314,BMI,,30.0,"[""email"", ""push"", ""sms""]",True,vgreen@example.org,fb78f49b-0861-4ae9-a48b-9e442594d1ef,2025-04-30T17:11:36.193576,2025-08-22T08:39:36.193585
9d009f1c-53c1-47d6-acc7-de60af49ac25,6bd70e8e-9862-476e-a38d-2e94458ecfcc,DBP,,108.0,"[""email"", ""sms""]",True,ngallagher@example.com,56094dbe-c8f9-4a55-81f6-9be96d3f8521,2025-04-27T11:42:36.193611,2025-09-04T22:49:36.193617
6125e5d4-4807-445b-9837-06243bfd9e58,f126e7d9-b0db-4d51-ba04-3681f1e11016,SPO2,76.0,120.0,"[""sms"", ""push"", ""email""]",False,gomezgrant@example.net,f5982700-b49c-442f-a189-0493dd796fe6,2025-07-18T01:42:36.193642,2025-09-16T11:53:36.193647
5e5c6190-c50d-4133-9fc4-fa7af74b02df,b1a7293a-f050-4edc-b740-928c78bd7659,DBP,,,"[""email"", ""push""]",False,b1a7293a-f050-4edc-b740-928c78bd7659,,2025-08-21T18:14:36.193668,2025-08-28T19:03:36.193673
3ddaa5fb-a3f4-4aa2-ac59-17995540bd94,389775b2-2522-4295-9e38-1d7e3b408f3a,WEIGHT,,360.0,"[""sms"", ""push""]",False,aaron33@example.org,d30abdac-e8eb-491e-ada0-33782a470426,2025-08-18T15:14:36.193695,2025-09-14T20:26:36.193700
e44c53db-976d-411d-9574-244afdfa5698,f6a0845f-4040-4af5-8f0e-a22c3464de4c,WEIGHT,,,"[""push""]",True,f6a0845f-4040-4af5-8f0e-a22c3464de4c,,2025-06-28T13:59:36.193718,2025-09-18T04:54:36.193724
cab73c42-def6-4245-9afb-79eeac3105b6,214541ea-bbf5-4a50-a569-ec9a125572ea,TEMP,77.60000000000001,119.39999999999999,"[""push"", ""email""]",True,214541ea-bbf5-4a50-a569-ec9a125572ea,,2025-07-12T05:15:36.193742,2025-09-09T06:45:36.193747
22d3e60d-0e21-43ca-b52e-9e343cc97481,e749d9fc-fa5f-4b16-98c9-b67d170c2025,DBP,48.0,108.0,"[""email"", ""sms"", ""push""]",True,justin16@example.com,933bec3d-047a-407c-b55a-e5cd80eb85ab,2025-06-04T10:21:36.193768,2025-09-06T03:42:36.193774
af0d2365-70e2-40d8-9560-adc082908161,376c5839-adc1-4513-9b09-3334af668f8a,GLUCOSE,,,"[""email""]",True,christopher99@example.org,85bf798d-5d18-4d04-b161-d194acb32fde,2025-07-03T11:27:36.193792,2025-09-06T08:13:36.193797
3f9cf77e-3f56-4f29-a0a4-6ba32c260757,76d9ec4c-31a8-4641-b628-7f3e4b880199,SBP,72.0,168.0,"[""email"", ""push"", ""sms""]",False,76d9ec4c-31a8-4641-b628-7f3e4b880199,,2025-05-30T19:00:36.193817,2025-08-20T04:37:36.193822
bfe5480f-9031-44c4-9144-76653559876f,436dc078-7238-4250-ba1e-9a19c3221b3f,TEMP,,119.39999999999999,"[""sms"", ""email""]",True,436dc078-7238-4250-ba1e-9a19c3221b3f,,2025-06-17T03:10:36.193841,2025-08-30T11:49:36.193848
73b7a349-f2df-477b-bb10-b45c40b5726f,8db35857-563d-46a3-b65d-ba88e60e6e49,SBP,72.0,168.0,"[""push"", ""sms""]",False,8db35857-563d-46a3-b65d-ba88e60e6e49,,2025-07-09T17:20:36.193870,2025-09-13T13:07:36.193875
7cef7c06-ce6b-468d-93af-131863b2ed10,aabc2e07-3d0c-42e8-b84b-5f63f8325f65,SBP,72.0,168.0,"[""push""]",False,aabc2e07-3d0c-42e8-b84b-5f63f8325f65,,2025-05-19T10:57:36.193893,2025-08-27T00:26:36.193898
daad2809-cfbb-4618-986f-2c24fd8dd2d7,eb08489a-2b93-44f9-9e25-9c8e72933eab,HR,,120.0,"[""email""]",False,robertmorris@example.org,6ab286a5-cef3-4303-b8df-446e1963b285,2025-05-05T10:25:36.193917,2025-08-21T21:30:36.193922
bf5a9be4-26d7-461b-8bac-a652741df707,b51ddf46-8156-4f32-8481-d92e0cb8afbd,TEMP,77.60000000000001,,"[""email""]",True,ksherman@example.com,5595c913-b380-4739-899f-8b7fc3abbf19,2025-07-05T02:08:36.193941,2025-08-21T15:00:36.193947
b40aa932-92af-40a0-8c58-ca020883af49,bbd2f8f6-5455-444e-a09b-63744be623b8,DBP,,108.0,"[""email"", ""sms"", ""push""]",True,bbd2f8f6-5455-444e-a09b-63744be623b8,,2025-09-13T15:01:36.193966,2025-09-02T02:24:36.193971
fde17c4f-041f-41f1-b9ac-0a2bccb280be,57cae453-dd0a-4033-8910-6f67b39c1a07,HEIGHT,,93.6,"[""push"", ""sms"", ""email""]",False,barbarawelch@example.com,7446493d-cef7-4cd8-b53e-65dcaa0cbf2a,2025-04-25T17:43:36.193992,2025-09-05T00:14:36.193997
79df687a-0dd1-4bb0-817b-c3737fd1d1b1,2f608c48-a0a7-43ce-9890-193fb940d711,BMI,,30.0,"[""push"", ""sms""]",False,pcaldwell@example.net,78e12262-669f-4a3f-8ac1-4be5b2898fa9,2025-04-09T02:54:36.194016,2025-09-04T19:15:36.194022
4a6b65e8-c7cd-4673-8e42-dcea40660055,9df60e63-7f12-4a1f-a530-881a6d65b632,SPO2,,120.0,"[""push"", ""sms""]",False,wellssherry@example.net,f5af3591-1573-49e0-b2c7-4dc079dd9e67,2025-09-16T09:03:36.194041,2025-09-04T09:16:36.194053
fb971a1e-de6e-48f3-8eea-58f8a7f7cb68,5f7e0167-72e2-4274-ae1f-da09e01276f4,TEMP,,119.39999999999999,"[""email"", ""push"", ""sms""]",True,zmartinez@example.org,b92d46fa-cbdc-4f0a-9d39-2d09a8ec9d84,2025-05-31T22:46:36.194076,2025-08-21T21:53:36.194082
5eab11d5-8559-4cdc-b674-a519036750c3,27a4a82b-6e8b-4963-95b2-51682be75a86,GLUCOSE,56.0,168.0,"[""push""]",False,christopher64@example.net,014efbd8-db24-4c33-8a2f-9f329a356e51,2025-07-28T20:27:36.194102,2025-08-28T09:52:36.194107
7374d0e4-2ad4-4cb3-bef0-52df58414ed2,19d7f340-f1ab-4b56-a4f9-5180d31de6a2,GLUCOSE,,168.0,"[""push"", ""email"", ""sms""]",False,19d7f340-f1ab-4b56-a4f9-5180d31de6a2,,2025-09-03T16:23:36.194128,2025-08-27T19:43:36.194133
62736063-baa1-4d43-a219-88bd74b527bf,78e453a7-6007-4463-9145-d8bf354429f3,TEMP,77.60000000000001,,"[""push"", ""email"", ""sms""]",False,ucarlson@example.com,b6a16c45-d732-470c-afb9-b895a6ce2c5a,2025-07-05T10:56:36.194153,2025-09-06T11:34:36.194158
927a3d31-e62c-4776-91ce-7616a81482e0,06a83593-8469-4363-be59-aa05b87e4c23,SPO2,,120.0,"[""sms"", ""email""]",False,06a83593-8469-4363-be59-aa05b87e4c23,,2025-07-24T06:23:36.194176,2025-08-31T05:42:36.194181
f892399a-5788-49a6-a20e-0d0dd36427e0,0cb6ead3-cf74-4da2-bbed-454cc36b3c93,DBP,48.0,,"[""push"", ""email""]",False,robert42@example.com,d85c634a-d8c0-4b8a-b474-ffe4bcf33a12,2025-07-22T01:37:36.194200,2025-09-02T02:27:36.194205
abc288cd-8400-463e-9b0f-f82be8615ed3,d32c72c6-39bb-4952-aad6-5ac73399ca49,HR,48.0,120.0,"[""sms"", ""push""]",True,d32c72c6-39bb-4952-aad6-5ac73399ca49,,2025-04-14T04:15:36.194223,2025-09-02T10:18:36.194228
0e2fbc0b-07ed-405a-a3b3-2280175ee561,c16dc6c3-1dcb-41f2-909a-6acc9e35a652,GLUCOSE,56.0,168.0,"[""email""]",False,c16dc6c3-1dcb-41f2-909a-6acc9e35a652,,2025-07-12T12:55:36.194246,2025-09-14T12:52:36.194251
ccd40063-fe55-40c1-bc8a-46d3bdbd0f63,08581660-6192-4bcf-8beb-bdbf90991bc4,SPO2,,,"[""email"", ""push""]",False,jenniferdillon@example.net,cbb912d6-e9ef-4f15-a41a-3b1011fdb178,2025-08-24T05:10:36.194270,2025-08-31T12:20:36.194275
15c25f65-5cbf-41a1-a00d-306079108964,df23d3ce-db4a-425d-b6dc-a2171c75ada0,BMI,,30.0,"[""push""]",False,df23d3ce-db4a-425d-b6dc-a2171c75ada0,,2025-04-19T14:02:36.194292,2025-09-15T15:19:36.194297
a0accd61-b7a2-4379-97b6-2e8fb0e86303,d7a10f2f-f690-48d3-a7f9-6463654fd0ac,TEMP,77.60000000000001,,"[""email"", ""push"", ""sms""]",False,billydavis@example.net,0569de7a-3c34-4dff-8042-74fb7df1ecc4,2025-06-25T00:13:36.194317,2025-09-16T04:52:36.194322
8572ccb0-dec9-47a6-befa-82c39a859b88,1796ed75-cbc7-48db-984e-499bc19a1c12,SBP,72.0,168.0,"[""email"", ""sms""]",True,1796ed75-cbc7-48db-984e-499bc19a1c12,,2025-08-10T20:17:36.194340,2025-09-06T21:29:36.194344
e9edb5f5-c422-470c-9cd8-3140eb75e5bb,fe30bcb6-3344-4cbf-93d5-b5b672806f1e,DBP,48.0,108.0,"[""email""]",False,fe30bcb6-3344-4cbf-93d5-b5b672806f1e,,2025-08-24T08:34:36.194363,2025-09-14T15:05:36.194368
5493e03b-258a-43d0-90b3-be913a888afd,4e067245-993b-4599-956a-fb69948951ef,WEIGHT,,360.0,"[""push"", ""sms""]",True,martinmorgan@example.net,c5545d51-a75a-4d56-a9a9-a83a0edad61b,2025-07-27T01:09:36.194387,2025-09-09T17:45:36.194392
5eaeb912-92aa-4838-be62-16a33ecf6cf5,ee9c8d74-8988-4f32-bcd1-0be203e38113,WEIGHT,80.0,,"[""push"", ""email"", ""sms""]",True,wpowell@example.net,ce3cbc44-dba5-4392-a75a-c9fa2b85c24c,2025-05-16T05:17:36.194413,2025-09-08T15:08:36.194419
da1e408f-7af4-49b5-b194-3b56d11d633e,315576b4-6a1b-4ff7-a5f1-9b166d884c0b,TEMP,77.60000000000001,,"[""email"", ""push"", ""sms""]",True,315576b4-6a1b-4ff7-a5f1-9b166d884c0b,,2025-04-29T08:37:36.194438,2025-09-05T11:19:36.194443
4a3f776d-bdb4-4ccd-af04-55a7b1cacaae,8141cfc4-6f9b-4f51-8f45-72a6dc4b233d,BMI,,,"[""email"", ""sms"", ""push""]",True,8141cfc4-6f9b-4f51-8f45-72a6dc4b233d,,2025-05-21T14:35:36.194464,2025-09-03T07:46:36.194471
32fed5f6-2297-475b-a49f-3cd07c84bcdd,967d93be-013e-4dd4-b13f-71572a60fb8d,GLUCOSE,56.0,,"[""sms"", ""email"", ""push""]",False,regina11@example.com,090ae25a-a309-4b69-b95b-32c3fba30701,2025-07-25T22:03:36.194491,2025-09-10T02:33:36.194497
3d1216f6-108d-4a2b-93da-0cc1f0742752,9816c48a-7da9-4e1b-b086-ef55efb919e3,SPO2,76.0,120.0,"[""sms"", ""push""]",False,9816c48a-7da9-4e1b-b086-ef55efb919e3,,2025-07-19T04:51:36.194516,2025-09-03T23:38:36.194521
d432e760-073f-432b-99f4-107af13220a9,0549a23c-a408-4728-9013-4e7459434172,BMI,14.8,30.0,"[""email""]",False,lwilliams@example.com,8e6e0938-dfe6-4d6e-a95b-6739adb1d0dc,2025-03-31T20:09:36.194540,2025-09-10T17:56:36.194546
997583fe-15ea-4055-82bd-6bcb84c2a1fd,ded7f639-19fd-4cdc-bdf9-989f60306639,RR,,24.0,"[""sms"", ""email"", ""push""]",False,ded7f639-19fd-4cdc-bdf9-989f60306639,,2025-07-21T06:59:36.194567,2025-09-17T20:07:36.194572
b3cda78c-2e49-40f7-abc7-cfb08be4ad00,e76bfcaa-80cb-44d4-b60b-1f912b26eb8b,BMI,,30.0,"[""email"", ""push"", ""sms""]",True,lucasteresa@example.com,8afd2782-cc03-49ec-a446-e8dc0ddb24b4,2025-03-27T14:34:36.194594,2025-09-05T10:57:36.194600
7a9ee015-ffa1-4d1f-abd6-fb4fc0a940cd,9f73f2b0-46a4-4a6d-b1a6-d900c43b749e,BMI,14.8,,"[""email""]",False,keithdavis@example.com,0dce65bf-5ffd-4474-844c-396041462d8f,2025-05-22T18:02:36.194623,2025-08-20T15:47:36.194630
e7092c1b-57b7-4b62-a2da-c3b81dfd4639,a29d21a0-72fe-47c0-a57e-321c91d92870,TEMP,77.60000000000001,,"[""email"", ""sms"", ""push""]",False,a29d21a0-72fe-47c0-a57e-321c91d92870,,2025-09-16T11:16:36.194650,2025-08-26T21:13:36.194655
db680c8a-814d-47bd-babf-13b9e507daa8,c95af266-7d78-4398-829f-56a339d9fae4,DBP,,,"[""push""]",False,christophercook@example.com,93ac4c24-ca83-4e47-b41f-144d8adff0b7,2025-05-23T21:30:36.194675,2025-08-21T15:05:36.194680
08a61505-2539-461e-b1bb-6f15875b1d8e,227cc742-c310-4a5a-89ec-b4e7b8eaabed,DBP,48.0,,"[""sms"", ""push"", ""email""]",True,petersrussell@example.org,ba402224-217c-41f1-bc9d-75f6acfad6ed,2025-08-27T15:39:36.194700,2025-08-30T09:37:36.194705
926ca9e7-d7e3-4d2b-9b00-4e2995ddecc0,5194d2c2-d527-48ed-9fa7-b49004c85adb,HR,,120.0,"[""email"", ""push""]",True,5194d2c2-d527-48ed-9fa7-b49004c85adb,,2025-08-17T01:54:36.194725,2025-08-22T01:37:36.194730
1087d7ac-937c-4a7d-b4ec-376a7229015c,99ca3906-5f19-4c72-a935-6c294aa620f0,HEIGHT,,93.6,"[""push"", ""email"", ""sms""]",True,99ca3906-5f19-4c72-a935-6c294aa620f0,,2025-07-23T06:39:36.194749,2025-08-19T15:49:36.194755
a3713171-3444-462a-8a42-f0784fb66587,24b19896-ddb5-48cd-9345-c284bade0435,WEIGHT,,,"[""email"", ""sms"", ""push""]",False,daviddecker@example.com,221acab7-427b-489a-a3e9-b4fc290127a9,2025-05-03T22:39:36.194775,2025-09-03T21:18:36.194780
06767557-0dc0-425e-8641-f7daced55a7f,472788de-8d2d-476b-8430-007af30abfb0,RR,,,"[""sms"", ""email""]",True,dmcgee@example.net,720cd0ee-016b-4433-ba3a-56f43a71f384,2025-08-27T15:57:36.194799,2025-09-12T17:47:36.194804
c0a147c9-9ec5-4564-b53a-b4f15167497e,682f6715-5f93-44c0-b337-c8354a6bf4d8,HR,48.0,120.0,"[""push""]",False,682f6715-5f93-44c0-b337-c8354a6bf4d8,,2025-07-19T07:22:36.194825,2025-09-07T04:13:36.194831
577cd311-3f4a-4d55-a21a-3641e7642cb9,e5ba0e93-9dfa-4bcc-968d-5acce2cda358,BMI,14.8,30.0,"[""sms"", ""email""]",True,e5ba0e93-9dfa-4bcc-968d-5acce2cda358,,2025-07-24T23:29:36.194850,2025-09-01T01:16:36.194856
c81ed4a7-2681-429f-8e7d-501d7f14e3d0,b86c8789-9d25-49f1-bb6a-84111d4f074b,SBP,,168.0,"[""email"", ""push"", ""sms""]",True,b86c8789-9d25-49f1-bb6a-84111d4f074b,,2025-03-24T12:25:36.194877,2025-08-24T05:44:36.194882
78f4bc00-b5c0-440c-8610-998a3f5f6b47,ac7ec31c-bdd6-4e24-abbe-994887ae7b27,BMI,,,"[""email"", ""sms""]",True,eduardodavis@example.com,fa5d0bce-8bf2-4384-9150-8f94959944a2,2025-05-07T02:07:36.194903,2025-08-19T10:20:36.194909
86989a35-df94-497a-bff1-9f9b1eb7beb2,461c9c43-c7f1-4d03-9a19-3e3856406d96,WEIGHT,,360.0,"[""push""]",False,461c9c43-c7f1-4d03-9a19-3e3856406d96,,2025-04-11T17:32:36.194926,2025-09-02T01:45:36.194931
de05a5fd-5641-49cf-8538-f569b17138c3,967d93be-013e-4dd4-b13f-71572a60fb8d,SBP,72.0,168.0,"[""push"", ""sms""]",True,967d93be-013e-4dd4-b13f-71572a60fb8d,,2025-05-04T11:33:36.194951,2025-09-01T12:16:36.194957
6be1d6b9-7b3b-4d5f-8a0f-2a97856cf4ec,f37af226-0246-4cd9-92c0-5f9290db8454,SPO2,,,"[""sms"", ""push""]",True,f37af226-0246-4cd9-92c0-5f9290db8454,,2025-09-13T06:29:36.194976,2025-08-25T02:49:36.194981
11a5a982-bbab-46cf-8771-a31a56b89711,28081bca-36ca-486f-8193-bff424a1dcad,TEMP,77.60000000000001,119.39999999999999,"[""email"", ""push""]",True,28081bca-36ca-486f-8193-bff424a1dcad,,2025-06-30T02:58:36.194999,2025-08-23T21:37:36.195004
98593e97-76fc-470a-89b8-f2ee08e97a2a,1f24a6d2-1138-4046-b8a1-1756e854e943,BMI,,30.0,"[""email"", ""sms"", ""push""]",True,1f24a6d2-1138-4046-b8a1-1756e854e943,,2025-04-20T10:46:36.195024,2025-08-21T22:36:36.195029
c39e3c91-f510-407b-a3c0-9b8446d7b340,127fa447-f8d2-4789-80a0-5b572025f5cc,BMI,14.8,30.0,"[""email"", ""sms""]",True,127fa447-f8d2-4789-80a0-5b572025f5cc,,2025-09-18T17:11:36.195052,2025-08-31T19:07:36.195058
45a23a37-79ae-4d5f-a1b9-26b320fc2f62,e3deda11-fbfd-476d-a489-e1a14fa1d054,DBP,,,"[""sms""]",True,e3deda11-fbfd-476d-a489-e1a14fa1d054,,2025-05-14T01:28:36.195077,2025-09-05T07:32:36.195082
60a0c000-edf0-424a-b58d-b55266be2b5e,9fae7462-6c07-4d27-8022-e002131e1925,SBP,,,"[""sms"", ""email""]",False,9fae7462-6c07-4d27-8022-e002131e1925,,2025-07-14T17:01:36.195100,2025-08-23T11:34:36.195105
b964cdd8-7f2b-44ac-8882-79bc6e1d7bf9,b9f48a13-5478-4662-a55d-418d9c1a1df2,SBP,,168.0,"[""email""]",True,joanna88@example.org,5ae1b9c1-321a-4e1f-ac91-96a7b486e9ed,2025-05-22T22:08:36.195127,2025-09-12T22:00:36.195132
f7236650-32b9-4264-9edd-b1e693f59c09,89ddd2eb-453f-4a32-b4e0-0fe9415372cb,HR,48.0,,"[""push"", ""email""]",False,89ddd2eb-453f-4a32-b4e0-0fe9415372cb,,2025-04-18T04:34:36.195151,2025-09-12T20:00:36.195156
f5341c94-8340-4b9f-bf9e-91adcead7b46,a684dcce-35be-4f57-8a07-bad0feb6a5f4,HR,48.0,,"[""push""]",False,a684dcce-35be-4f57-8a07-bad0feb6a5f4,,2025-09-14T06:51:36.195174,2025-08-22T12:19:36.195179
02714b6a-f2b1-4f02-9da1-d2eb8574eb39,20e9af48-87bb-4187-869a-234c0a33afe4,SPO2,76.0,,"[""sms""]",True,20e9af48-87bb-4187-869a-234c0a33afe4,,2025-08-27T06:37:36.195198,2025-08-20T02:18:36.195204
556f48cc-f8ed-48e8-a01c-ac73fcbcd822,0a697374-66e8-41f5-a2af-7eacba919dbf,DBP,48.0,,"[""push""]",True,0a697374-66e8-41f5-a2af-7eacba919dbf,,2025-04-11T16:07:36.195225,2025-09-15T16:13:36.195230
21769cb7-2820-463c-8659-0098dafd7e92,f255cb0c-29dc-402f-befd-fe1d15772a2b,SPO2,76.0,,"[""email""]",False,f255cb0c-29dc-402f-befd-fe1d15772a2b,,2025-09-15T16:12:36.195248,2025-08-29T01:30:36.195254
7ca21f23-e7fb-407f-a992-213f9d5bf396,aff177a3-5218-4a92-861d-e4b80d6836ff,WEIGHT,,,"[""push"", ""sms""]",True,aff177a3-5218-4a92-861d-e4b80d6836ff,,2025-07-19T18:13:36.195273,2025-09-16T00:32:36.195278
eca3317e-f5ad-4713-9c57-ab45841dbbda,db1fa0d3-af1c-47a3-9bb4-79948c92e197,GLUCOSE,,168.0,"[""email"", ""sms""]",True,linda01@example.com,4f7fec56-f00d-461e-8bb6-d149fda394c5,2025-04-23T12:20:36.195302,2025-09-13T05:04:36.195307
092d4de3-07b1-461a-ae5d-83437fb58ad1,3addbd64-f043-4751-af4f-ac98c9e473fa,DBP,48.0,,"[""sms""]",False,3addbd64-f043-4751-af4f-ac98c9e473fa,,2025-04-16T14:24:36.195325,2025-08-27T06:09:36.195330
2b0ad1bd-f6f8-49ec-9c63-b3b7ae774601,cabba6ab-c8b0-4975-9e82-4f2edf5d7435,HEIGHT,46.400000000000006,93.6,"[""push"", ""email"", ""sms""]",False,cabba6ab-c8b0-4975-9e82-4f2edf5d7435,,2025-08-22T10:52:36.195350,2025-08-30T05:52:36.195355
fc38f4d4-02f4-47f0-a00e-e11e6ca9a74e,ded7f639-19fd-4cdc-bdf9-989f60306639,RR,9.600000000000001,,"[""email""]",False,ded7f639-19fd-4cdc-bdf9-989f60306639,,2025-09-18T18:26:36.195375,2025-09-18T09:13:36.195380
6b9a3347-0dab-4b39-8c9c-996b45623c62,61850ab2-0b71-41e7-84f3-aa80860a6810,BMI,14.8,30.0,"[""email"", ""sms"", ""push""]",False,61850ab2-0b71-41e7-84f3-aa80860a6810,,2025-09-06T08:59:36.195400,2025-09-06T19:55:36.195405
b58f2020-add4-4747-a016-b6055fc43fc9,ea2bde4d-d85f-45a6-965c-e1d5c538ab81,HEIGHT,,93.6,"[""email""]",False,cynthia35@example.net,94a137f8-7c03-47da-bf78-386d4a1cf045,2025-05-19T08:31:36.195425,2025-08-19T15:11:36.195431
f0f6d460-906b-4e26-bc9f-d631527177c4,e0abbb93-20dd-4a71-a94d-4e9d1c72891e,WEIGHT,,,"[""push""]",False,ojones@example.org,67ce36d6-bfe1-4e74-9f12-812e838330a4,2025-06-08T11:38:36.195450,2025-08-25T14:53:36.195456
1c2ea882-f332-41bb-a3ef-50d1493f7b3f,d8b85f63-fe7f-4163-bf36-a73998ec1fb9,HEIGHT,46.400000000000006,,"[""sms"", ""email""]",False,d8b85f63-fe7f-4163-bf36-a73998ec1fb9,,2025-07-14T13:59:36.195475,2025-09-14T04:06:36.195480
51f7feed-1eea-426f-9de2-bf7f75a63bd7,e65d4e23-bc7a-42bd-bbc8-7ccb33b94a16,WEIGHT,,,"[""push"", ""email""]",False,droach@example.org,986a7fc0-c3cd-4aaa-8535-74f63b417f09,2025-07-07T00:52:36.195500,2025-08-20T17:30:36.195510
16fb39b1-0357-4df9-9031-acf9265cb39a,7ec3e3ae-39b7-403b-afb7-129a3c88c843,SPO2,76.0,,"[""email"", ""sms"", ""push""]",False,7ec3e3ae-39b7-403b-afb7-129a3c88c843,,2025-06-08T14:55:36.195529,2025-09-11T23:46:36.195535
46c0becf-7724-4a63-ab61-3289468c3acf,d7a10f2f-f690-48d3-a7f9-6463654fd0ac,GLUCOSE,,168.0,"[""email"", ""push""]",True,andrewsdebbie@example.com,7cfd50cd-d637-49b7-a685-ad6b3d63cfb2,2025-09-18T15:05:36.195557,2025-08-24T21:13:36.195563
bfffca5b-8642-43fd-92bf-2ed26f960f73,43604cf0-3140-442c-8d9e-0128afc3d4c7,WEIGHT,,360.0,"[""sms"", ""email"", ""push""]",True,43604cf0-3140-442c-8d9e-0128afc3d4c7,,2025-04-14T17:26:36.195584,2025-09-06T12:57:36.195589
41c37686-83e6-4994-a85f-42cce9715601,faca7811-8caf-41ab-9c10-fedc92548579,TEMP,77.60000000000001,,"[""sms""]",True,hamiltonkendra@example.net,03c1fb29-028e-4c17-bb45-3d517d20595e,2025-09-13T15:17:36.195611,2025-09-10T05:44:36.195617
fdb73140-5f0c-45ed-ab10-19509ba237e9,ab3abfc4-35be-425e-adb2-a3759b3a9f19,SPO2,76.0,120.0,"[""push"", ""sms"", ""email""]",True,kgarrison@example.com,b5b416c1-9fdc-4b5f-abb2-fc20e877543a,2025-04-12T14:58:36.195644,2025-09-19T00:05:36.195650
761c153f-d46b-47ee-b808-e547fcccb4ed,5dabff35-807e-4503-b125-4685c0ad8865,TEMP,,,"[""email"", ""push""]",False,5dabff35-807e-4503-b125-4685c0ad8865,,2025-04-20T11:43:36.195670,2025-09-04T05:42:36.195676
4f582ff1-7b2e-49b6-8e22-50e363356833,c3880a95-25a8-454b-90f6-2455f64d794a,HEIGHT,,93.6,"[""push""]",True,theresaphillips@example.com,83aaa104-93e8-4c48-b8d4-c8ba7384a713,2025-07-07T22:36:36.195698,2025-08-20T10:19:36.195704
35b48007-f50a-42e5-a598-fb93daf7476f,0719e7a7-baa3-43a1-92c4-b38d0c2275a1,TEMP,,,"[""sms""]",True,barrettashley@example.com,892743f2-c2fb-445b-9558-cb6c708b73c6,2025-08-04T17:13:36.195723,2025-09-07T11:10:36.195728
4616383f-6196-430d-9338-c001b79b7806,dd6fb6f6-65a4-42aa-931e-833f4d096b4d,GLUCOSE,56.0,168.0,"[""email"", ""push"", ""sms""]",False,dd6fb6f6-65a4-42aa-931e-833f4d096b4d,,2025-06-06T14:41:36.195748,2025-09-03T20:29:36.195753
ec7f4e0f-7e5d-46de-9e72-415b5e63785e,d60d927b-7225-4635-b06a-aa7988525810,DBP,,,"[""push"", ""sms"", ""email""]",True,d60d927b-7225-4635-b06a-aa7988525810,,2025-07-29T06:57:36.195773,2025-09-13T03:05:36.195779
f8b02e6e-0cb2-4ca7-b49a-9fb330f52365,ddf01d95-50b2-42c1-8028-def2d497e2c3,RR,9.600000000000001,24.0,"[""sms""]",True,matthewvaughn@example.org,7970d5b6-ed86-4498-b28a-ea70043ae72a,2025-05-12T11:47:36.195799,2025-08-22T16:46:36.195804
d05d2195-d457-4ef7-9ae1-5f1764577a19,886003ca-3340-4acc-b9f6-2a2af9d85aab,WEIGHT,,360.0,"[""push"", ""email"", ""sms""]",True,886003ca-3340-4acc-b9f6-2a2af9d85aab,,2025-06-19T17:34:36.195824,2025-08-21T14:18:36.195830
a58404cc-cb34-4df5-ae49-922ab8329936,79f645d7-6fba-4313-ab4b-75cf9c8ce0e7,HR,48.0,120.0,"[""push""]",False,lauramassey@example.org,51592cc0-e396-45ec-8e78-a0da6a060af6,2025-04-09T07:53:36.195850,2025-08-25T12:20:36.195855
f556d2f6-6edf-4e45-91ab-7f73d82e644e,11af21e9-5c62-46e4-8d08-6f58bc88399b,DBP,,108.0,"[""email""]",True,nathan39@example.com,2a2cdad6-5060-4c03-bc4f-6eaa0b4b648a,2025-05-21T22:36:36.195874,2025-09-02T10:08:36.195880
693e8a74-543c-469f-b5ca-25fd16de86e1,7ae992dc-4e8a-4d80-a1f2-ba6a29658ecf,RR,9.600000000000001,,"[""email"", ""sms"", ""push""]",True,7ae992dc-4e8a-4d80-a1f2-ba6a29658ecf,,2025-07-29T21:41:36.195904,2025-09-10T14:18:36.195910
904b7095-bf2c-4c92-8c5d-225d78fc0ce1,e03eef80-26ad-4030-9b3a-60328de70ed2,HR,,,"[""push"", ""sms""]",True,wendy00@example.com,6611c0ef-f0f9-40c9-be2b-37fd7cc41131,2025-07-03T02:36:36.195932,2025-09-14T13:33:36.195938
dbf9aeb7-1a1f-47fd-8a96-6b7ab4ab5a75,c4213633-c0bf-4a17-b39a-ea462e509d1e,SBP,,,"[""sms""]",False,c4213633-c0bf-4a17-b39a-ea462e509d1e,,2025-06-27T11:26:36.195958,2025-08-24T19:58:36.195963
696a00cd-b6fb-4063-953d-2af745b79641,57d81564-2f2c-4a41-9ab4-ac9987f09f71,GLUCOSE,,168.0,"[""push""]",True,ericharris@example.net,befa2e38-0239-4745-a60b-09d9021e045a,2025-08-28T09:36:36.195983,2025-08-31T11:02:36.195989
e6c900ad-7ff4-4272-a8c6-a9bb879594a8,832f8ef4-8ae5-44ac-b8e8-6f46bb82b842,HEIGHT,,,"[""sms""]",True,johnhines@example.net,47fa91e2-06f9-474f-9554-318093ceb2f2,2025-06-29T22:39:36.196007,2025-08-20T22:40:36.196012
01e00fca-8149-49cb-8670-77978fa63b24,d9260ccd-2214-4c22-8d7b-394d2ba6c65e,RR,,24.0,"[""sms"", ""email"", ""push""]",False,sfoster@example.com,77d36d61-78e3-4bfc-84ce-54cc123afca8,2025-09-04T21:58:36.196032,2025-09-11T06:12:36.196037
668f8699-5e43-4d8c-a9cf-c891a5d29985,e7406794-f25c-44ae-9bf0-59c170a155ab,HEIGHT,,93.6,"[""email"", ""push"", ""sms""]",False,smithcrystal@example.com,06b9f39d-5ae6-4afc-9afd-2a69360b4859,2025-04-19T17:05:36.196066,2025-09-09T05:31:36.196071
d66886dc-258c-4766-962b-3c8b0b9059c0,d8fdbec2-3457-465a-a250-355331b28f41,WEIGHT,80.0,,"[""push"", ""email""]",True,d8fdbec2-3457-465a-a250-355331b28f41,,2025-04-13T10:29:36.196090,2025-09-06T11:47:36.196095
67d62273-fe46-406a-a327-111750649246,8ef62fed-4105-4e32-9c8f-c2721d354abd,RR,,24.0,"[""email""]",True,patricialopez@example.net,34a74d66-4a39-4979-b42f-ecb324877c97,2025-07-10T04:02:36.196113,2025-09-16T01:44:36.196118
824f60bf-31e3-4351-96d2-70d6bd202645,331e90ce-4ad0-43cc-b384-ded32b22eb74,BMI,,,"[""push"", ""sms"", ""email""]",True,331e90ce-4ad0-43cc-b384-ded32b22eb74,,2025-04-24T03:29:36.196136,2025-09-12T18:40:36.196141
5c770ec0-479b-4dee-8f6b-61d401a7046f,f7c680c4-3d7a-45c0-a090-3b32f7d53ecd,SPO2,76.0,,"[""sms""]",False,xgarcia@example.net,2d2464d2-9ebb-4479-8256-f440e7b61740,2025-04-04T20:26:36.196160,2025-08-29T05:34:36.196166
9d99d76c-0c0f-479d-8e9f-6e8488dd5a46,1c7d9b92-8690-45ca-a4ab-2cb31b735f33,SBP,,168.0,"[""email"", ""sms""]",True,1c7d9b92-8690-45ca-a4ab-2cb31b735f33,,2025-07-07T05:09:36.196183,2025-09-09T23:36:36.196188
3e50b0c9-f126-45d8-a50f-5f6cdc825db2,dbaeb6b8-5979-45f6-86b9-df2f0abdeedd,DBP,48.0,,"[""push"", ""email""]",True,paulthomas@example.org,5b07afbd-0497-46d0-ad2f-d591e77a4e62,2025-06-16T18:02:36.196206,2025-09-14T08:25:36.196211
3b4007f6-021f-4d68-abc4-7a263e63171d,064006cb-81ff-4666-b369-4dd2a1b381dd,TEMP,,119.39999999999999,"[""email""]",False,064006cb-81ff-4666-b369-4dd2a1b381dd,,2025-07-29T20:27:36.196228,2025-09-10T01:50:36.196233
2b91f1af-baac-4abc-9286-0ae6213b6a0d,db1fa0d3-af1c-47a3-9bb4-79948c92e197,GLUCOSE,,,"[""email""]",False,cheryl26@example.net,711b011b-f80e-4df5-aa8d-4f6f10061d81,2025-06-26T15:15:36.196250,2025-09-04T19:53:36.196255
7847cbb0-e865-48e7-bfe6-f5b1b47a0625,5d2f4f16-6fc0-4901-a897-64527c3846c6,SBP,,168.0,"[""sms"", ""push"", ""email""]",False,5d2f4f16-6fc0-4901-a897-64527c3846c6,,2025-08-11T13:19:36.196274,2025-09-05T10:06:36.196279
a49a91f5-f7a8-4782-bfc6-056a00ede702,2814bfc5-7016-4244-aa8e-fc5c70054bc8,SPO2,76.0,120.0,"[""email""]",False,alawson@example.org,2071d862-bcca-4b24-ab28-2ac9397fee03,2025-07-05T19:45:36.196298,2025-08-29T13:51:36.196303
1e482027-aa60-4fbe-9f79-0b544da86219,e4fa6521-7959-4357-b434-78aad1fd9a3b,HEIGHT,,93.6,"[""email"", ""push"", ""sms""]",True,e4fa6521-7959-4357-b434-78aad1fd9a3b,,2025-07-05T06:21:36.196321,2025-09-05T14:08:36.196326
a3058eaf-bd6b-4d56-bca5-52f739db2858,35cb4e82-9850-4e7d-953b-3178ee7458d9,DBP,,,"[""email"", ""sms""]",True,tcrawford@example.net,5e4625d0-3c21-436e-a354-6be47af92d93,2025-08-22T09:42:36.196345,2025-08-24T17:25:36.196349
fefbd896-1a03-42cf-8703-7e8ba8b2fdd3,760de1c0-5050-441d-92aa-6eb888a137b9,BMI,14.8,,"[""email""]",False,760de1c0-5050-441d-92aa-6eb888a137b9,,2025-07-29T22:08:36.196367,2025-08-31T04:08:36.196371
95b2226a-83fb-4c15-b2cb-4b3ee6ea4f3c,49c5bf12-c14b-4b4a-9742-83d68f7e3936,TEMP,77.60000000000001,119.39999999999999,"[""sms"", ""email""]",False,49c5bf12-c14b-4b4a-9742-83d68f7e3936,,2025-05-31T05:08:36.196391,2025-08-25T22:09:36.196397
2aab1dbb-4163-4a3c-8d66-47a061ef44d9,2dea5f5d-3876-4d9a-9dcc-66e1fe796938,HR,,,"[""push"", ""email"", ""sms""]",True,ghatfield@example.com,58749f8d-03fd-4a05-9d88-4e6a3fc62991,2025-04-18T12:44:36.196416,2025-09-11T03:06:36.196421
787be750-de6e-4539-8dea-7f62136d0909,26147c61-1c38-40a2-852d-ae2172e524bd,HR,,120.0,"[""email"", ""sms""]",True,26147c61-1c38-40a2-852d-ae2172e524bd,,2025-05-14T07:34:36.196439,2025-08-29T00:00:36.196444
a1ab92e1-1890-42d7-84b6-6779af8ad46b,682f6715-5f93-44c0-b337-c8354a6bf4d8,HEIGHT,,93.6,"[""push""]",True,682f6715-5f93-44c0-b337-c8354a6bf4d8,,2025-03-31T21:21:36.196461,2025-09-13T06:19:36.196466
8949dfe1-9487-4668-907b-9cd76210533f,be412543-1401-4de1-9b1d-c587d70753fb,BMI,,,"[""push""]",True,igarcia@example.net,63ce48e1-2bd9-43e8-93b2-67b07bee47d0,2025-05-31T13:08:36.196484,2025-09-08T05:52:36.196489
4cab158a-51f4-4b4e-a753-98b60ee32131,28cc445f-79ae-4e97-af3b-248f3d5447b8,SPO2,76.0,120.0,"[""email"", ""push"", ""sms""]",False,28cc445f-79ae-4e97-af3b-248f3d5447b8,,2025-05-27T14:42:36.196507,2025-09-16T16:37:36.196512
4038fac6-3223-4523-928a-e886a2f1613d,be412543-1401-4de1-9b1d-c587d70753fb,DBP,48.0,,"[""email""]",False,be412543-1401-4de1-9b1d-c587d70753fb,,2025-07-21T11:47:36.196529,2025-08-31T17:03:36.196534
3da7e866-c51b-4bfd-9e50-7843629080a3,8b35eab3-017a-48bb-8f0c-d3be0acb9b9f,GLUCOSE,,168.0,"[""push""]",False,carl66@example.org,5a174ac7-19d5-4281-8505-406b6bcf12f8,2025-05-12T12:27:36.196553,2025-09-01T16:52:36.196558
4d91687f-082f-4b84-ab70-75bac4223386,219d5d8a-341e-43a3-a4a9-48756400f8f4,HR,48.0,120.0,"[""sms"", ""push""]",True,johnfrank@example.net,980f9feb-2485-47ef-9c75-4555aa3183aa,2025-09-10T16:28:36.196577,2025-09-02T23:31:36.196582
2cd6a9e5-f8b6-41bc-be07-3143898b1f0c,bb98965e-179c-4599-9d7e-e063c71b3046,WEIGHT,80.0,360.0,"[""sms"", ""push""]",True,bb98965e-179c-4599-9d7e-e063c71b3046,,2025-06-14T09:32:36.196601,2025-08-23T14:46:36.196606
b95b6a8d-3891-4939-b8da-94fa19a5a623,d9f10a5d-4864-4332-bb02-0aec13c1cb65,WEIGHT,80.0,360.0,"[""sms"", ""push"", ""email""]",True,stephaniemiller@example.org,bc6075f1-e83c-4e9f-b98a-4490a2072f84,2025-04-14T06:44:36.196628,2025-08-30T18:07:36.196633
1b2c3974-3cce-4c57-803b-3057f6a118b5,f8482590-7e57-4542-9872-6f4780a1b5b2,SBP,,168.0,"[""push""]",True,kmartinez@example.com,f3ac80a6-f062-4a05-a568-7821c6b62beb,2025-04-28T04:07:36.196651,2025-08-21T22:14:36.196656
5ae0a75f-dd55-4d60-9be1-7ed9e5e0989b,3f152243-d60b-426e-9c79-e4a397c38b91,HR,,120.0,"[""sms"", ""email"", ""push""]",False,wellsryan@example.org,d367bb84-b3db-4ea2-8687-7bd15c2f6459,2025-09-08T11:24:36.196675,2025-09-08T14:22:36.196680
e954d6e8-362d-4a32-b8ba-1b3f99d1bdd2,ef48cfa2-b4b3-42bb-aed2-708163af69af,RR,,,"[""sms"", ""push""]",False,ef48cfa2-b4b3-42bb-aed2-708163af69af,,2025-09-05T13:38:36.196698,2025-09-02T18:33:36.196703
c00c1ced-ff3f-4818-949f-34df94454699,3ccb9907-d69e-4a75-976d-f39ad9d5b268,GLUCOSE,,168.0,"[""push"", ""sms"", ""email""]",False,ppatel@example.com,95ac92f8-1b9a-4256-addc-cfe72e6be87e,2025-05-22T15:09:36.196722,2025-09-05T06:49:36.196727
44025e6f-10dc-445e-9e9e-af70555c3256,c54c6627-81f5-4d69-b338-c3b4b38aac0d,SBP,72.0,168.0,"[""sms"", ""email"", ""push""]",True,jefferywalker@example.org,abf85bee-d9fc-4c7f-9131-53953d0b232f,2025-04-07T11:38:36.196745,2025-09-05T03:25:36.196752
93cded92-c7a5-4d59-a8b3-ac8172768253,63c6180e-4477-4bec-a9cc-b20410425af9,BMI,,30.0,"[""sms""]",True,joseph20@example.com,e0c67dbb-f163-416a-b4d4-9bd55a29c652,2025-09-11T09:54:36.196770,2025-09-12T22:42:36.196774
d95d2447-db13-48a8-810c-abc61376c5cb,0ca37008-13a8-42ec-b962-5467466cda00,SPO2,76.0,120.0,"[""email""]",False,lorihenderson@example.com,da321f70-5a60-4989-9ed8-a50fdc2fdcf7,2025-05-05T04:59:36.196793,2025-09-13T22:52:36.196798
80b33741-b008-4ccb-870e-f02f67bfa707,54b76076-8cba-4d58-ad5d-eb9d8080301c,TEMP,77.60000000000001,119.39999999999999,"[""email"", ""push"", ""sms""]",True,54b76076-8cba-4d58-ad5d-eb9d8080301c,,2025-04-10T16:46:36.196815,2025-09-05T09:53:36.196820
e59147bb-4e0e-4762-9877-8befcaeeb19d,43a270c4-f721-4fbd-a983-d22c4d158f16,RR,,,"[""push"", ""sms""]",False,43a270c4-f721-4fbd-a983-d22c4d158f16,,2025-04-08T14:45:36.196838,2025-08-21T01:56:36.196843
f91ce7ab-2595-439a-ac71-5f33f0bd81e1,a5c0bf16-882f-40c0-bc16-909e33c5f3bc,WEIGHT,80.0,360.0,"[""push"", ""email"", ""sms""]",True,nicoleperez@example.net,49d47dca-64ff-4da1-bb58-80ad1372f050,2025-04-05T09:56:36.196866,2025-09-11T06:52:36.196871
0e708916-52a2-4eed-aa2f-8099c16633de,03ec32f2-4065-4360-b8ac-a399f145df5d,RR,,24.0,"[""email""]",False,murphygeorge@example.org,93633730-7ab3-4be1-99d6-6a43b8892206,2025-08-28T09:06:36.196889,2025-08-20T19:04:36.196894
6dd38ac0-a74d-461b-8255-a7eba58d7269,39e75fb9-29ce-4d5c-bb81-98d262020dab,BMI,,,"[""push""]",True,39e75fb9-29ce-4d5c-bb81-98d262020dab,,2025-04-19T02:04:36.196911,2025-09-03T22:47:36.196916
1932da64-434c-45f9-9319-2be98c3d7a2d,4f484f02-708d-4a5a-900d-82045801d687,BMI,14.8,,"[""sms"", ""push"", ""email""]",True,4f484f02-708d-4a5a-900d-82045801d687,,2025-06-18T10:32:36.196934,2025-08-26T14:55:36.196939
dc7aae00-14e5-42bd-8b95-4cb7ee224b1e,b51ddf46-8156-4f32-8481-d92e0cb8afbd,HEIGHT,,93.6,"[""email""]",True,b51ddf46-8156-4f32-8481-d92e0cb8afbd,,2025-06-01T21:46:36.196955,2025-09-19T01:07:36.196960
9e64b2e1-8c2a-4557-a46d-04d9e18a5c02,71e0a3cd-d0d4-4bcb-b708-9e485b6183e1,GLUCOSE,,168.0,"[""sms""]",True,71e0a3cd-d0d4-4bcb-b708-9e485b6183e1,,2025-09-10T10:11:36.196977,2025-09-13T18:24:36.196982
20c9ba0f-27d3-4e31-89f6-6d4d06b402b5,0f8fb356-d752-40ab-8a66-f42bf47c9694,SPO2,76.0,120.0,"[""sms"", ""email"", ""push""]",False,0f8fb356-d752-40ab-8a66-f42bf47c9694,,2025-08-07T18:17:36.197000,2025-09-15T02:50:36.197005
f80df4ac-4e29-4ed8-9160-422341f8c47d,e1f47254-6121-4a22-a1fb-e57a99f73bcd,BMI,,,"[""push""]",True,e1f47254-6121-4a22-a1fb-e57a99f73bcd,,2025-09-14T21:23:36.197021,2025-08-29T11:11:36.197026
f4b744b5-c4a5-4eb6-91af-c070eea25f72,779b5764-0d23-417b-af24-04fef9aa6d2e,GLUCOSE,56.0,168.0,"[""push"", ""sms"", ""email""]",True,nunezjill@example.net,35fac0af-2cce-43fd-95fc-5db6d71d1a94,2025-05-18T15:45:36.197049,2025-08-25T06:48:36.197054
2da05ee1-fe19-4106-bda9-04e6840340e8,e5bfbb6c-2656-4719-9fec-178f4a2f08ad,SPO2,76.0,,"[""email""]",False,vincent74@example.org,c534be4d-43a9-490b-8f20-84a86ec5806b,2025-07-23T06:49:36.197073,2025-08-29T09:12:36.197078
25e93b0c-9b4a-425e-9fab-134731bd127f,a7944fc6-e26b-4041-a3bf-06ca7e1f725a,TEMP,,119.39999999999999,"[""push"", ""sms"", ""email""]",True,a7944fc6-e26b-4041-a3bf-06ca7e1f725a,,2025-09-08T00:24:36.197098,2025-09-15T13:55:36.197104
c11a3fae-c85f-4a2b-9918-b35f68757e42,832b1578-980d-4658-8598-106b60c2f6ff,DBP,,108.0,"[""push""]",False,832b1578-980d-4658-8598-106b60c2f6ff,,2025-07-04T21:08:36.197122,2025-08-20T14:38:36.197127
de0871e0-df8b-499f-9537-469b7f2b8f30,a897bbfe-fc85-499c-8e66-9860398f6cad,RR,9.600000000000001,24.0,"[""push""]",False,a897bbfe-fc85-499c-8e66-9860398f6cad,,2025-07-06T03:45:36.197143,2025-08-21T07:10:36.197148
4adb11d5-65c7-4054-a823-454b6717788e,ff5b161d-b006-45aa-825f-c37099730164,SBP,72.0,,"[""email"", ""push""]",True,ff5b161d-b006-45aa-825f-c37099730164,,2025-08-20T04:03:36.197165,2025-08-20T20:32:36.197170
dc97befc-dd23-4208-bbd1-ec4eba560a81,71a629f7-3bad-4af4-9f54-cd2b318f25b0,HEIGHT,,,"[""sms"", ""email"", ""push""]",False,71a629f7-3bad-4af4-9f54-cd2b318f25b0,,2025-03-29T21:17:36.197188,2025-08-25T23:13:36.197194
a09d1141-3df7-4c8d-b54c-313d592a79fa,bd1fad42-a6dc-4db3-9d83-de71891b81e7,BMI,,,"[""sms"", ""push"", ""email""]",True,hannah26@example.org,c18d7c70-277f-4048-a6fa-67c8ac86015f,2025-04-29T23:19:36.197212,2025-08-30T11:22:36.197217
d96d5de7-2b2f-413f-b644-a82b4f883630,2ca2f316-32c0-4863-8517-71964508ec7f,RR,9.600000000000001,24.0,"[""push"", ""sms"", ""email""]",True,osbornkelly@example.net,a45ac6ff-4a73-4e03-a2e6-8d781a7593ad,2025-05-24T10:34:36.197235,2025-09-05T21:05:36.197240
7d0dbab7-c4bc-4884-a203-96a736d6b4e6,4d74d9ce-8762-4295-bd5c-fa3493d0b294,SBP,,,"[""email"", ""sms""]",False,patrick07@example.org,19930bdd-1acc-42ca-911d-202c2d2b10cc,2025-07-18T09:42:36.197258,2025-09-08T13:13:36.197263
21bec76d-150e-46a7-ab20-c909a1e8f3ec,51463b25-8dde-4feb-8cb7-ae4931d348f9,WEIGHT,,360.0,"[""push""]",False,jennifer74@example.net,ee5145da-be0e-48e8-ba6b-c55afeccc1d4,2025-08-28T17:26:36.197280,2025-09-04T22:56:36.197285
33331d9c-ae71-4172-be1e-fb6f61bfa28b,a77560fb-ca7a-424d-89f1-3114a5248522,TEMP,77.60000000000001,119.39999999999999,"[""push"", ""sms"", ""email""]",False,fhughes@example.org,b60ec849-0e80-4a00-98cd-0d51d349c04a,2025-08-25T09:12:36.197304,2025-09-08T18:10:36.197309
7655e596-b1e3-4ef5-afaf-d0e2b676c4cd,ef479c73-23d1-49d8-81f2-aae7901290d5,HEIGHT,46.400000000000006,93.6,"[""email"", ""sms""]",False,ef479c73-23d1-49d8-81f2-aae7901290d5,,2025-08-31T19:14:36.197327,2025-09-02T09:09:36.197332
b043dff4-312b-4594-b086-915d56d9a4af,e03eef80-26ad-4030-9b3a-60328de70ed2,TEMP,,,"[""push"", ""sms"", ""email""]",True,e03eef80-26ad-4030-9b3a-60328de70ed2,,2025-07-18T21:11:36.197350,2025-09-16T13:56:36.197355
a7e69890-9468-460a-8eff-586353ac2acb,f9eaf92b-d1b4-442d-8cb1-8d20826442c5,RR,9.600000000000001,24.0,"[""email"", ""sms"", ""push""]",False,f9eaf92b-d1b4-442d-8cb1-8d20826442c5,,2025-04-14T21:47:36.197374,2025-09-09T16:52:36.197378
29cb8e41-6792-46a6-85d0-50c4b8ee8560,e21a7c8b-8095-4a67-b695-3782e70e5c6e,SPO2,76.0,,"[""email"", ""sms""]",False,moorepatricia@example.com,d0472fe4-0eb8-4839-8e36-b8e698a44ec3,2025-07-03T15:43:36.197397,2025-08-22T08:57:36.197402
e9b398ef-d81b-4398-ba3c-8662b828627f,b907c78a-1dda-40c0-b536-6f05e737c03a,TEMP,77.60000000000001,,"[""email"", ""sms""]",True,b907c78a-1dda-40c0-b536-6f05e737c03a,,2025-05-27T11:08:36.197420,2025-09-02T04:51:36.197425
b5ac164a-f43a-48c9-874c-ae4c626b761c,ec4f602c-2962-4224-9cdf-e73abe5390f7,BMI,,30.0,"[""sms"", ""email""]",False,jesse84@example.net,d0666870-b167-4bca-8eea-3ea391575cc5,2025-08-10T02:23:36.197443,2025-09-09T08:39:36.197448
93ab4ac7-b0a9-4367-aa4c-e7c8e0f8de02,0e579057-f34b-45d7-9b84-c85b85bce8e7,SPO2,,120.0,"[""email""]",False,rose88@example.com,dc7fdf9e-2260-4891-b8ad-3dd2b75d3ef0,2025-07-18T06:44:36.197469,2025-09-09T02:35:36.197474
0112d537-93cc-41a6-bef7-fd68c57e90c7,4b7dcf7f-75d6-4132-8e58-0400f1e426a9,BMI,14.8,30.0,"[""email""]",False,robertsbrandy@example.com,bb70198d-d0df-4fac-ab80-e0a8da96c402,2025-05-09T03:50:36.197492,2025-09-05T06:09:36.197497
d13f0c46-a758-4610-aead-bc264dc684b5,471b4ee6-60ad-4fc1-98ba-f52e624ac122,SPO2,,120.0,"[""sms"", ""email""]",False,sherryclark@example.net,440e8b8a-5274-41da-ade5-6bca252c009e,2025-07-31T06:16:36.197516,2025-08-28T11:57:36.197520
52f2f42d-8a38-44eb-afd1-99b818c5928b,ddf75788-d054-45c5-8704-b907dda9dc94,TEMP,,119.39999999999999,"[""sms"", ""email""]",True,ewood@example.net,0c26f45f-52a3-4dd0-b6a7-91fd42a2714e,2025-05-31T01:05:36.197539,2025-08-23T06:48:36.197544
8e45fa83-ff2a-4a79-b8e0-e751e043be55,8a86028d-dac0-4088-ade0-c8444e8535fb,SBP,72.0,,"[""push"", ""sms""]",True,jason46@example.net,5f87a98b-ffe8-46c2-8a80-4b7d0a9bba24,2025-08-19T19:45:36.197566,2025-08-21T15:55:36.197571
cfdf6ec7-016e-4f74-9a93-692401124b74,7adec392-9fb1-4694-9131-e8f99319324f,HEIGHT,,93.6,"[""email"", ""push"", ""sms""]",True,7adec392-9fb1-4694-9131-e8f99319324f,,2025-07-23T02:39:36.197590,2025-08-31T15:48:36.197594
5252609d-5d14-4927-baee-99db8a785ab7,93f0ec16-6a47-401f-b9b1-9da852b29837,SBP,72.0,168.0,"[""email""]",True,kellybooth@example.com,7d7e1dd9-561c-462c-bf94-45d8318fcda8,2025-08-20T12:28:36.197613,2025-09-07T14:54:36.197618
fff2174c-a7b4-4ed6-a7e8-ff6dcb3efa96,d1b8efbd-84b5-426e-8db1-475130ff0bd4,SBP,,,"[""email"", ""push"", ""sms""]",False,d1b8efbd-84b5-426e-8db1-475130ff0bd4,,2025-05-18T16:39:36.197637,2025-08-19T14:44:36.197642
27eb8ef4-b983-46ec-8dcb-0c51dcf56bba,93a3393d-2968-4da3-8ebc-bd99e2f5fc3c,BMI,14.8,30.0,"[""email"", ""sms""]",False,bowenjonathan@example.net,45b1c521-3663-4b62-a304-7bf54ae61139,2025-05-20T13:38:36.197661,2025-08-23T14:52:36.197665
6d0e1e27-00fb-4b12-9ed8-bd203f162046,347c95b5-b4c9-4a86-8c85-58b9ad6423d8,BMI,,30.0,"[""push""]",False,eric85@example.org,4a4f24e4-6c7d-4117-ad56-8c96da69fb73,2025-07-28T02:38:36.197683,2025-08-19T13:22:36.197688
e220b13c-802d-481d-9bea-9d0d47a1194d,e65d4e23-bc7a-42bd-bbc8-7ccb33b94a16,HR,48.0,,"[""sms"", ""email"", ""push""]",True,kathyfowler@example.com,ed600c1c-0297-4aea-9ac5-5bc66b45e75e,2025-05-20T08:23:36.197707,2025-08-27T21:44:36.197712
aa954958-8027-41d4-9dd5-57cdb5acfe89,d21ee451-d565-4d8b-8092-958cea28f138,DBP,,,"[""push""]",True,psmith@example.com,fd42cd9f-39bd-4d82-bb03-b871315239c3,2025-05-17T17:25:36.197738,2025-08-29T19:21:36.197743
24b7c6b3-2a8e-432c-995f-c0b51b45482d,1e301232-d508-4a9c-aeeb-b013ea52c51e,HEIGHT,46.400000000000006,,"[""push""]",False,bakerricky@example.org,601b5332-8dce-4615-8130-7b8864bb7a45,2025-03-28T22:57:36.197761,2025-09-06T10:31:36.197766
f6cff7be-45e0-4c1e-8872-5c42f480f7be,897f59b1-3d1a-47a0-8a61-0be2b92c184a,GLUCOSE,56.0,168.0,"[""sms"", ""email""]",False,tiffany50@example.net,772be3e7-9f7a-480e-a3ad-130e9d593d4d,2025-06-14T22:32:36.197784,2025-08-31T01:23:36.197789
0f213f5e-bd10-47df-85fc-8b6c0e957b49,0ac4168a-02fe-4260-8ae5-c3e83b950d2b,SPO2,,,"[""push"", ""sms"", ""email""]",True,thompsonjustin@example.org,95de4e06-4376-4c8d-a446-b2dba85a7814,2025-04-15T08:10:36.197810,2025-09-14T10:59:36.197815
0fc160d9-104b-4f8c-9c2a-f150f431cc84,a85cfd31-0b55-400f-93b7-75120138d5ba,TEMP,77.60000000000001,,"[""push"", ""sms"", ""email""]",False,hernandezanna@example.com,db837da9-2ed3-4ab3-8ece-ac9134a8e2f6,2025-06-26T17:12:36.197836,2025-09-06T14:31:36.197841
d55e364e-da89-4ecd-9576-622616d9449e,830819b0-7be7-4617-9b13-429a9aff5c75,TEMP,,,"[""push"", ""email"", ""sms""]",False,830819b0-7be7-4617-9b13-429a9aff5c75,,2025-08-15T02:15:36.197861,2025-09-16T01:51:36.197865
7bc13322-8513-41fc-9141-0fafca5de194,2c8bdd48-1d1c-417a-a51a-e79529fd1b84,HR,,120.0,"[""email"", ""push"", ""sms""]",False,2c8bdd48-1d1c-417a-a51a-e79529fd1b84,,2025-04-09T14:51:36.197884,2025-09-05T02:55:36.197889
5264f861-8c21-4039-9fd5-021a4a3bbc0b,63c6180e-4477-4bec-a9cc-b20410425af9,BMI,14.8,30.0,"[""push"", ""sms""]",True,63c6180e-4477-4bec-a9cc-b20410425af9,,2025-07-31T02:59:36.197907,2025-08-22T18:32:36.197912
ee1c09d4-06ad-4ae9-997d-1ae95e837d8d,d036bbce-95a3-4804-8864-bdbeff5bfa1b,DBP,48.0,108.0,"[""push""]",False,morrismary@example.com,c915351b-5604-44d8-bc1e-350b09643245,2025-07-03T18:40:36.197930,2025-09-11T13:25:36.197935
f0f8e089-dc53-4d18-9776-1d4015c4c55c,b3d8a5e0-0d34-4c41-a75b-6cea7d75e68c,HR,48.0,,"[""sms"", ""push""]",True,fhughes@example.org,b60ec849-0e80-4a00-98cd-0d51d349c04a,2025-07-03T07:55:36.197953,2025-08-19T11:23:36.197958
1ff97b15-b78e-4e8f-b8fd-900f52644f80,5678dcdf-3e31-4215-97cd-0f2df8706d4b,BMI,14.8,30.0,"[""push""]",True,rebecca55@example.org,b7159a89-fcd2-44b1-9670-f007e15c2df5,2025-07-05T20:32:36.197976,2025-08-27T20:52:36.197982
bbe3f86d-9dba-43c1-9556-94c194f0b1c2,7ccb3924-ecd6-4bd9-a154-5f15202ab7a2,HR,,,"[""push"", ""sms""]",False,7ccb3924-ecd6-4bd9-a154-5f15202ab7a2,,2025-05-14T20:14:36.198000,2025-09-12T15:40:36.198005
cf5c7415-8c77-4f8c-bfcb-f6606072298a,bd1fad42-a6dc-4db3-9d83-de71891b81e7,HEIGHT,46.400000000000006,93.6,"[""email"", ""push""]",False,bd1fad42-a6dc-4db3-9d83-de71891b81e7,,2025-03-28T05:07:36.198026,2025-08-28T10:10:36.198031
9f9a1b3a-a61a-4dd5-a221-75ecf96d44c1,2fb23d36-827b-4b59-8a7d-98d85dfc0181,RR,9.600000000000001,,"[""email"", ""sms"", ""push""]",False,xvazquez@example.org,66ffa665-3763-4c5a-b235-b562aa1d8899,2025-08-31T19:31:36.198059,2025-09-06T17:37:36.198065
317dd99e-8d50-495a-a4ca-95f8866f42ef,d007e7ea-1498-40b8-b16b-7a8fbbaa79ce,SPO2,76.0,120.0,"[""sms""]",True,barbaralee@example.net,23fac335-e822-492e-b783-8295748069de,2025-04-23T15:52:36.198085,2025-08-20T05:24:36.198090
95f9e35c-02f4-455d-8871-681bccc13cd7,a305304d-2789-43cf-9ce4-0e9df420d73a,HR,,120.0,"[""sms""]",False,a305304d-2789-43cf-9ce4-0e9df420d73a,,2025-04-26T23:45:36.198108,2025-09-16T14:06:36.198113
5dc8a830-a7a2-4d30-a732-418d5a3549f5,90b39d8a-b041-4599-b068-a67b4caf8a9a,SPO2,,,"[""sms"", ""push""]",False,90b39d8a-b041-4599-b068-a67b4caf8a9a,,2025-06-15T13:59:36.198131,2025-09-09T16:08:36.198136
20370cca-8f48-4e3f-bc92-19c6e253fd33,39e4ad7d-621f-462d-94ac-33f5a1a163d9,HR,,120.0,"[""email"", ""push""]",True,christopher64@example.net,014efbd8-db24-4c33-8a2f-9f329a356e51,2025-09-08T04:54:36.198155,2025-09-08T06:05:36.198159
aa3dbdd6-f1d7-4b06-bd1d-c6bd7774b836,514bb647-7fe8-4f4c-97d0-62a90d8163f4,SPO2,,,"[""push""]",True,kaiserhunter@example.org,2b2dd892-1da9-4ee7-8120-3d7fc1b8cb6e,2025-08-29T09:02:36.198177,2025-08-31T14:01:36.198185
616781e2-3e06-4e1b-ba9c-51c92cb50fd6,b56a4cdf-7980-4b46-8ea4-60b34411e466,BMI,,,"[""email""]",False,christophercook@example.com,93ac4c24-ca83-4e47-b41f-144d8adff0b7,2025-06-07T05:13:36.198213,2025-09-08T09:29:36.198221
1a89809b-46a0-4b8e-bc2a-8562c2cc74cd,39e75fb9-29ce-4d5c-bb81-98d262020dab,RR,,,"[""push""]",False,39e75fb9-29ce-4d5c-bb81-98d262020dab,,2025-05-23T00:59:36.198250,2025-09-03T22:49:36.198258
ea0f173c-e460-47ff-b419-702e8e53e719,db9082f2-94ea-4f9e-9ee9-d9477b55ae32,DBP,,108.0,"[""sms""]",True,jeffrey62@example.net,14e0e53e-9fc3-432a-b227-15d53fdf5622,2025-09-16T15:50:36.198289,2025-09-05T02:24:36.198297
1a920823-8168-48bc-b59c-40bfd6d202b6,bc4e7eda-4ec6-4df1-9583-51e1ace92734,DBP,,,"[""push"", ""sms"", ""email""]",False,bc4e7eda-4ec6-4df1-9583-51e1ace92734,,2025-05-07T12:20:36.198328,2025-08-22T19:31:36.198336
e3f4b226-1d39-494d-ba49-1705c86c8693,a05bac2f-f608-4882-a6b5-f9d9db87cfb8,BMI,,,"[""sms""]",True,a05bac2f-f608-4882-a6b5-f9d9db87cfb8,,2025-06-08T00:20:36.198367,2025-08-20T12:17:36.198376
82afd7c0-32b5-439a-a025-f74e2ed05522,56a026f3-c9b2-40be-acec-0fde747eb380,RR,,24.0,"[""email"", ""sms"", ""push""]",True,56a026f3-c9b2-40be-acec-0fde747eb380,,2025-06-21T13:31:36.198407,2025-09-04T17:47:36.198415
d9f08b66-25d4-4263-a317-c0aebfe64558,8b35eab3-017a-48bb-8f0c-d3be0acb9b9f,RR,9.600000000000001,,"[""sms"", ""push""]",True,russell21@example.com,88fbf6ac-fc41-4b52-a157-9a1389f08bd9,2025-05-17T08:49:36.198646,2025-09-16T08:32:36.198664
ea7a9236-ba1a-4eb4-8b66-79388d34f686,20a2ef91-fbd8-46f6-91f9-1f11f060f570,HEIGHT,46.400000000000006,93.6,"[""sms"", ""email""]",True,20a2ef91-fbd8-46f6-91f9-1f11f060f570,,2025-08-12T15:27:36.198709,2025-08-31T15:49:36.198715
4d717164-711c-4e79-b8ed-08d7ed364035,515ac831-fcf6-4f57-9f81-5c623204bee3,DBP,,108.0,"[""sms"", ""email"", ""push""]",True,pweber@example.com,374ed3a1-33e2-4ba8-99ef-6e1cd2bc37f7,2025-09-07T05:10:36.198742,2025-09-09T21:57:36.198748
ed4e1e18-0610-4e7e-ba92-46b770c79f12,9007c31c-c649-4822-a81d-0c9a5771e9b0,GLUCOSE,56.0,168.0,"[""push"", ""email"", ""sms""]",False,9007c31c-c649-4822-a81d-0c9a5771e9b0,,2025-08-05T03:40:36.198769,2025-09-18T00:51:36.198775
c2b8108a-f736-48f8-b22f-021ce8e004a7,1c87ca56-7210-4a7e-8837-de7d7bc7e199,HEIGHT,,,"[""sms"", ""push""]",False,nunezjill@example.net,35fac0af-2cce-43fd-95fc-5db6d71d1a94,2025-06-28T12:25:36.198795,2025-09-15T05:23:36.198801
f16816d3-fe47-4d98-a7f1-57312339267b,4404547c-b9d7-4d90-ac5d-c07298be66cf,TEMP,,,"[""email""]",True,4404547c-b9d7-4d90-ac5d-c07298be66cf,,2025-08-23T13:53:36.198819,2025-08-26T20:01:36.198825
12cfe8f4-49a2-4416-b59c-59ac2e54ef7c,6c42f8ba-fb7b-4f72-969c-7222aa2cc5a0,BMI,,,"[""email""]",False,osbornkelly@example.net,a45ac6ff-4a73-4e03-a2e6-8d781a7593ad,2025-04-09T07:49:36.198845,2025-08-20T13:34:36.198851
ba155a26-a346-496b-9d03-3d085b9839cb,8ae900de-bd5f-4aac-8df4-5cfe6e04a2d8,SBP,72.0,,"[""sms""]",False,stacyjohnson@example.net,927033ce-3c4c-4231-9187-39031dacf16f,2025-08-24T02:10:36.198871,2025-09-13T16:28:36.198876
7f71aa4c-0692-4a74-9474-a0905e2b3ab7,cd80d6a6-98a4-4eac-99d0-bf494d66efc6,SPO2,,120.0,"[""sms""]",True,cd80d6a6-98a4-4eac-99d0-bf494d66efc6,,2025-04-20T13:27:36.198903,2025-09-01T12:32:36.198909
af68c5aa-dbad-4cbd-9261-f8e6f6bd690b,d6b942a4-2b81-4fc7-89f3-fdb7219675de,DBP,,108.0,"[""email""]",True,d6b942a4-2b81-4fc7-89f3-fdb7219675de,,2025-06-15T11:54:36.198930,2025-09-06T10:57:36.198935
f38d6d92-641e-4308-b031-737f3fe16aa0,4abb45cd-5c85-459d-98ff-a71a4d327430,DBP,48.0,,"[""push""]",True,4abb45cd-5c85-459d-98ff-a71a4d327430,,2025-04-21T02:55:36.199007,2025-08-25T08:30:36.199018
e05918ea-96b0-4200-b49b-5b6fed26fc41,bd8fc2b8-0bc0-4980-9eb4-f9f0eb1abbc7,SPO2,76.0,120.0,"[""email"", ""sms""]",False,greenechristina@example.net,5b6e3a4a-21b4-4efd-823e-0b1331d1066b,2025-05-20T17:41:36.199045,2025-08-23T21:01:36.199051
d120ca16-235f-43d0-8ca6-1a2a2abc85df,9e24bba0-03be-4fa8-95bd-40e05ce15608,RR,9.600000000000001,24.0,"[""email""]",True,cooperlaura@example.org,935fc881-619d-4ce2-9771-744d0bc22cd9,2025-09-07T13:16:36.199151,2025-09-07T09:17:36.199169
f5853273-58e7-4d3d-9065-cfff1c9326c0,fa54d738-aabc-4804-844a-13454887c224,SPO2,,,"[""push"", ""email"", ""sms""]",True,bbrown@example.net,1f57973c-a127-4ca3-aa51-ba7168ebedf6,2025-05-29T06:45:36.199219,2025-08-26T07:57:36.199228
